surface,species,dE_star,n_sites
Ag12,C1,-153.46731130650733,8
Ag12,C1H1,-171.53824398199504,4
Ag12,C1H2,-188.9842157974781,4
Ag12,C1H3,-206.9765538329375,4
Ag12,H1,-16.12071224997635,8
Ag12,H1N1,-291.84083111871587,6
Ag12,H1O1,-459.5998861353437,6
Ag12,H1S1,-349.01984359512426,4
Ag12,H2O1,-476.74207046952506,4
Ag12,N1,-273.6654611519625,8
Ag12,O1,-441.7422364226586,8
Ag12,S1,-332.7715835616182,8
Ag3Al9,C1,-156.5883450610454,5
Ag3Al9,C1H1,-174.33773931712494,9
Ag3Al9,C1H2,-190.8049851392043,9
Ag3Al9,C1H3,-207.86657261974506,9
Ag3Al9,H1,-16.12613983259871,6
Ag3Al9,H1N1,-294.864802683338,9
Ag3Al9,H1S1,-349.6433818439582,9
Ag3Al9,H2O1,-476.78852819308304,9
Ag3Al9,N1,-277.98654210549284,6
Ag3Al9,O1,-445.6236038623174,5
Ag3Al9,S1,-334.03757319558827,4
Ag3Au9,C1,-154.410990534132,9
Ag3Au9,C1H1,-172.41614785253114,9
Ag3Au9,C1H2,-189.4894506501696,9
Ag3Au9,C1H3,-207.24381479339718,9
Ag3Au9,H1,-16.13738044710408,9
Ag3Au9,H1N1,-291.92085857414713,9
Ag3Au9,H1O1,-459.0588635508793,36
Ag3Au9,H1S1,-349.05781680919245,9
Ag3Au9,H2O1,-476.816077814452,9
Ag3Au9,N1,-274.11504341842374,9
Ag3Au9,O1,-441.41689058642805,9
Ag3Au9,S1,-332.72347954932775,9
Ag3Bi9,C1,-154.74708513909718,4
Ag3Bi9,C1H1,-172.26882555633347,9
Ag3Bi9,C1H2,-189.8516583875462,7
Ag3Bi9,C1H3,-207.61197393253678,8
Ag3Bi9,H1,-15.89954710166785,4
Ag3Bi9,H1N1,-292.61922540747764,9
Ag3Bi9,H1O1,-460.3958966658465,54
Ag3Bi9,H1S1,-349.3788281440793,9
Ag3Bi9,H2O1,-476.94802676721156,9
Ag3Bi9,N1,-275.03678346778906,4
Ag3Bi9,O1,-442.87849972969707,4
Ag3Bi9,S1,-333.0019841175381,4
Ag3Cd9,C1,-153.49935692877625,5
Ag3Cd9,H1,-15.68271264510986,5
Ag3Cd9,N1,-274.3732506072374,5
Ag3Cd9,O1,-442.710441134499,5
Ag3Cd9,S1,-332.88988165154296,4
Ag3Cr9,C1,-157.93839664629922,5
Ag3Cr9,H1,-17.323505621840013,5
Ag3Cr9,N1,-278.92528668470914,5
Ag3Cr9,O1,-446.10901032380934,5
Ag3Cr9,S1,-335.51190991944895,5
Ag3Cu9,C1,-155.23032679894823,9
Ag3Cu9,C1H1,-173.04212859518157,9
Ag3Cu9,C1H2,-189.92443482552335,9
Ag3Cu9,C1H3,-207.270618006507,4
Ag3Cu9,H1,-16.512618491709873,9
Ag3Cu9,H1N1,-293.2312197709398,9
Ag3Cu9,H1O1,-460.1010762879232,54
Ag3Cu9,H1S1,-349.70312838287646,9
Ag3Cu9,H2O1,-476.79098102721764,9
Ag3Cu9,N1,-275.49400995621545,9
Ag3Cu9,O1,-443.07018855460046,9
Ag3Cu9,S1,-333.7346522607986,9
Ag3Ga9,C1,-155.51577544020984,7
Ag3Ga9,C1H1,-172.92496413150366,9
Ag3Ga9,C1H2,-189.94539521028491,9
Ag3Ga9,C1H3,-207.38706545020978,9
Ag3Ga9,H1,-15.785217247837863,8
Ag3Ga9,H1N1,-293.03766723834997,9
Ag3Ga9,H1S1,-349.2460146856538,9
Ag3Ga9,H2O1,-476.7668234409066,9
Ag3Ga9,N1,-275.9419849822807,7
Ag3Ga9,O1,-443.4610625324858,6
Ag3Ga9,S1,-333.0858252484177,7
Ag3Hf9,C1,-158.0980680127068,5
Ag3Hf9,H1,-17.54053368739187,6
Ag3Hf9,N1,-279.94017198134316,5
Ag3Hf9,O1,-447.5308251311544,5
Ag3Hf9,S1,-335.9170969491897,5
Ag3Hg9,C1,-154.03433790573763,5
Ag3Hg9,H1,-15.988995682429959,5
Ag3Hg9,N1,-274.2044895501531,5
Ag3Hg9,O1,-441.88008031356367,5
Ag3Hg9,S1,-332.40304210252,5
Ag3In9,C1,-154.7203264166019,8
Ag3In9,H1,-15.7624248566608,9
Ag3In9,N1,-275.22875461080184,9
Ag3In9,O1,-443.15307633466,9
Ag3In9,S1,-332.98508026982745,7
Ag3Ir9,C1,-158.2682741303288,9
Ag3Ir9,C1H1,-175.34846494556405,9
Ag3Ir9,C1H2,-191.7731000534768,6
Ag3Ir9,C1H3,-207.97499950806377,8
Ag3Ir9,H1,-16.80476997709775,9
Ag3Ir9,H1N1,-294.3832399658786,9
Ag3Ir9,H1O1,-459.87270991900004,18
Ag3Ir9,H1S1,-351.02825461262546,9
Ag3Ir9,H2O1,-476.82455252783984,9
Ag3Ir9,N1,-277.7032035709926,9
Ag3Ir9,O1,-443.66534288104594,9
Ag3Ir9,S1,-334.96846837901103,9
Ag3La9,C1,-158.5819622015406,7
Ag3La9,H1,-17.19630274258816,7
Ag3La9,N1,-279.2246547651557,7
Ag3La9,O1,-446.98692467073124,7
Ag3La9,S1,-335.7489548150261,7
Ag3Mo9,C1,-157.8674466363991,9
Ag3Mo9,H1,-17.41873226784446,9
Ag3Mo9,N1,-278.74874344394993,9
Ag3Mo9,O1,-445.8707364260699,9
Ag3Mo9,S1,-335.4804428112002,9
Ag3Nb9,C1,-158.27027539155824,7
Ag3Nb9,H1,-17.498158487753244,8
Ag3Nb9,N1,-279.425021572486,7
Ag3Nb9,O1,-446.5410479144666,7
Ag3Nb9,S1,-335.61928821708716,7
Ag3Os9,C1,-158.32617070332344,9
Ag3Os9,C1H1,-175.58498370904272,9
Ag3Os9,C1H2,-191.75773079175997,9
Ag3Os9,C1H3,-207.91084962299647,9
Ag3Os9,H1,-16.84061634940008,9
Ag3Os9,H1N1,-295.1588697140978,9
Ag3Os9,H1O1,-460.1683628292085,18
Ag3Os9,H1S1,-351.7353029658625,9
Ag3Os9,H2O1,-476.85838716253784,9
Ag3Os9,N1,-278.2813554084569,9
Ag3Os9,O1,-444.70552102293004,9
Ag3Os9,S1,-335.34147304928047,9
Ag3Pb9,C1,-154.14802108101867,5
Ag3Pb9,H1,-15.805474082277215,5
Ag3Pb9,N1,-274.6154614479892,5
Ag3Pb9,O1,-442.6962736635396,5
Ag3Pb9,S1,-332.849022942326,5
Ag3Pd9,C1,-156.6419766577892,7
Ag3Pd9,C1H1,-173.73223051489185,9
Ag3Pd9,C1H2,-190.29293247428723,9
Ag3Pd9,C1H3,-207.60061426823086,9
Ag3Pd9,H1,-16.750056183613196,8
Ag3Pd9,H1N1,-292.9014945345916,9
Ag3Pd9,H1O1,-459.56000050521106,36
Ag3Pd9,H1S1,-349.8540474797992,9
Ag3Pd9,H2O1,-476.8383148212888,9
Ag3Pd9,N1,-275.7144745474361,7
Ag3Pd9,O1,-442.3081323888764,7
Ag3Pd9,S1,-333.792718224664,6
Ag3Pt9,C1,-157.3634183364702,8
Ag3Pt9,C1H1,-174.54196320205665,9
Ag3Pt9,C1H2,-190.80636013043113,9
Ag3Pt9,C1H3,-207.95164846716943,9
Ag3Pt9,H1,-16.761393398533983,9
Ag3Pt9,H1N1,-293.34860845642106,9
Ag3Pt9,H1O1,-459.606147338709,36
Ag3Pt9,H1S1,-350.06343594933423,9
Ag3Pt9,H2O1,-476.818892968171,9
Ag3Pt9,N1,-276.28121297810867,9
Ag3Pt9,O1,-442.4298580247196,8
Ag3Pt9,S1,-334.2589033809345,9
Ag3Re9,C1,-158.06488427431032,7
Ag3Re9,H1,-17.127948970824946,7
Ag3Re9,H1O1,-461.16825968743797,36
Ag3Re9,N1,-278.39133293748455,7
Ag3Re9,O1,-445.29281153154443,7
Ag3Re9,S1,-335.4860667239627,7
Ag3Rh9,C1,-157.84097472188296,7
Ag3Rh9,C1H1,-174.86682209057471,9
Ag3Rh9,C1H2,-191.09699254031148,9
Ag3Rh9,C1H3,-207.76766182447318,9
Ag3Rh9,H1,-16.90974591770646,7
Ag3Rh9,H1N1,-294.15187816780235,9
Ag3Rh9,H1O1,-459.92924034445605,36
Ag3Rh9,H1S1,-351.1349231013155,9
Ag3Rh9,H2O1,-476.8786522964365,9
Ag3Rh9,N1,-277.40576749879256,7
Ag3Rh9,O1,-443.5880028218744,7
Ag3Rh9,S1,-334.84968374952587,7
Ag3Ru9,C1,-158.05442095299077,7
Ag3Ru9,C1H1,-175.17244375521113,9
Ag3Ru9,C1H2,-191.49874508524954,6
Ag3Ru9,C1H3,-208.04912427011004,4
Ag3Ru9,H1,-16.889446225352003,7
Ag3Ru9,H1N1,-294.9151777577208,9
Ag3Ru9,H1O1,-460.5897538298741,54
Ag3Ru9,H1S1,-351.4419181244957,9
Ag3Ru9,H2O1,-476.8684794566507,9
Ag3Ru9,N1,-278.0355771552713,7
Ag3Ru9,O1,-444.6076256204542,7
Ag3Ru9,S1,-335.239219607618,7
Ag3Sc9,C1,-157.71504098158402,7
Ag3Sc9,H1,-17.628786055713135,7
Ag3Sc9,N1,-279.8347855569955,7
Ag3Sc9,O1,-447.78412719591506,7
Ag3Sc9,S1,-336.1251637618079,7
Ag3Sn9,C1,-154.73941343365004,7
Ag3Sn9,C1H1,-172.19562257991856,9
Ag3Sn9,C1H2,-189.6322817074506,9
Ag3Sn9,C1H3,-207.419892583428,8
Ag3Sn9,H1,-15.762809353520424,7
Ag3Sn9,H1N1,-292.59641383227427,9
Ag3Sn9,H1S1,-349.2561131023249,9
Ag3Sn9,H2O1,-476.76371685328195,9
Ag3Sn9,N1,-275.2531848551844,7
Ag3Sn9,O1,-443.0453822489071,7
Ag3Sn9,S1,-332.90433661076895,7
Ag3Ta9,C1,-158.60572236559165,7
Ag3Ta9,H1,-17.49626389515106,7
Ag3Ta9,N1,-279.8260462128965,7
Ag3Ta9,O1,-446.798459034253,7
Ag3Ta9,S1,-335.71936692495365,7
Ag3Tc9,C1,-157.8751365734788,7
Ag3Tc9,H1,-17.12050026266661,7
Ag3Tc9,H1O1,-461.36091900635074,16
Ag3Tc9,N1,-278.2217211164825,6
Ag3Tc9,O1,-445.1788441333629,7
Ag3Tc9,S1,-335.35701265426906,7
Ag3Ti9,C1,-157.99601647951204,4
Ag3Ti9,H1,-17.573060951152,3
Ag3Ti9,N1,-279.75675732193486,3
Ag3Ti9,O1,-447.4075809640344,3
Ag3Ti9,S1,-335.83514646525146,3
Ag3Tl9,C1,-154.10062837431542,7
Ag3Tl9,H1,-15.815990601859085,7
Ag3Tl9,N1,-274.51159804480267,7
Ag3Tl9,O1,-442.7169203010526,7
Ag3Tl9,S1,-332.89588910876046,7
Ag3V9,C1,-158.18788898125786,5
Ag3V9,H1,-17.509474205679,6
Ag3V9,N1,-279.4961782528444,6
Ag3V9,O1,-446.72561905769544,5
Ag3V9,S1,-335.5298726981637,4
Ag3W9,C1,-158.21610011136727,8
Ag3W9,H1,-17.50776288174893,10
Ag3W9,N1,-279.0822292935518,9
Ag3W9,O1,-446.0288268110926,9
Ag3W9,S1,-335.5678542117057,9
Ag3Y9,C1,-157.43232395509403,6
Ag3Y9,H1,-17.542311679211707,5
Ag3Y9,N1,-279.54615400016337,5
Ag3Y9,O1,-447.5668761330671,5
Ag3Y9,S1,-336.12680868996176,5
Ag3Zn9,C1,-154.57338752881333,5
Ag3Zn9,H1,-15.930075145050068,4
Ag3Zn9,H1O1,-460.2212934607087,18
Ag3Zn9,N1,-275.49939522513887,3
Ag3Zn9,O1,-443.564350823086,4
Ag3Zn9,S1,-333.4236401570961,3
Ag3Zr9,C1,-157.9762641441339,5
Ag3Zr9,H1,-17.497939708224294,5
Ag3Zr9,N1,-279.6766355790496,5
Ag3Zr9,O1,-447.26331450625,5
Ag3Zr9,S1,-335.81936359049723,5
Ag6Al6,C1,-155.5581317279357,10
Ag6Al6,C1H1,-173.57212458267531,10
Ag6Al6,C1H2,-189.91534976079492,10
Ag6Al6,C1H3,-207.75263270505093,10
Ag6Al6,H1,-16.102357627325546,9
Ag6Al6,H1N1,-294.35489794900786,10
Ag6Al6,H1S1,-349.59304241648715,10
Ag6Al6,H2O1,-476.8509067531122,10
Ag6Al6,N1,-276.88580489276137,9
Ag6Al6,O1,-445.06513551542594,10
Ag6Al6,S1,-333.8636227915449,10
Ag6Au6,C1,-154.12649034564674,14
Ag6Au6,C1H1,-172.12565381252352,10
Ag6Au6,C1H2,-189.1981632622701,10
Ag6Au6,C1H3,-207.21980782208993,10
Ag6Au6,H1,-16.13925571962318,14
Ag6Au6,H1N1,-291.87914406690834,10
Ag6Au6,H1O1,-459.263492341197,58
Ag6Au6,H1S1,-349.1426745573772,10
Ag6Au6,H2O1,-476.8264860327181,10
Ag6Au6,N1,-273.98714515225583,14
Ag6Au6,O1,-441.535446232112,14
Ag6Au6,S1,-332.7299290554729,14
Ag6Bi6,C1,-154.4777044118382,10
Ag6Bi6,C1H1,-172.02912755081343,10
Ag6Bi6,C1H2,-189.42659412217472,9
Ag6Bi6,C1H3,-207.4360485262514,10
Ag6Bi6,H1,-15.9059397360179,12
Ag6Bi6,H1N1,-292.21989467571257,10
Ag6Bi6,H1O1,-459.85031086836534,60
Ag6Bi6,H1S1,-349.34883330775483,10
Ag6Bi6,H2O1,-476.7856852837431,10
Ag6Bi6,N1,-274.8735774786692,10
Ag6Bi6,O1,-442.42568733591906,10
Ag6Bi6,S1,-332.8703744907252,10
Ag6Cd6,C1,-153.5784781090697,10
Ag6Cd6,H1,-15.940881465874554,10
Ag6Cd6,N1,-274.174940028126,10
Ag6Cd6,O1,-442.4611463541805,10
Ag6Cd6,S1,-332.8525204214893,10
Ag6Cr6,C1,-157.09912123994582,9
Ag6Cr6,H1,-17.245261192329053,10
Ag6Cr6,N1,-277.9756874844679,9
Ag6Cr6,O1,-445.3319608216334,9
Ag6Cr6,S1,-334.7571934802909,9
Ag6Cu6,C1,-154.94210871909308,14
Ag6Cu6,C1H1,-172.8237308446187,10
Ag6Cu6,C1H2,-189.7542194560374,10
Ag6Cu6,C1H3,-207.28508915649581,10
Ag6Cu6,H1,-16.406887707293208,14
Ag6Cu6,H1N1,-293.01352366591163,10
Ag6Cu6,H1O1,-460.0663483035023,66
Ag6Cu6,H1S1,-349.6947693178663,10
Ag6Cu6,H2O1,-476.79586506245687,10
Ag6Cu6,N1,-275.14756414081785,14
Ag6Cu6,O1,-442.85961992735247,14
Ag6Cu6,S1,-333.64667309477954,15
Ag6Ga6,C1,-155.0030310619186,8
Ag6Ga6,C1H1,-172.66805941557686,9
Ag6Ga6,C1H2,-189.679773327538,10
Ag6Ga6,C1H3,-207.42356625630782,10
Ag6Ga6,H1,-15.882822304869478,10
Ag6Ga6,H1N1,-293.0132048845553,9
Ag6Ga6,H1S1,-349.26393202136387,11
Ag6Ga6,H2O1,-476.7757721766029,10
Ag6Ga6,N1,-275.49509419380047,8
Ag6Ga6,O1,-443.3544820726238,8
Ag6Ga6,S1,-333.0783173555028,8
Ag6Hf6,C1,-157.01193161221454,10
Ag6Hf6,H1,-17.247407762341027,10
Ag6Hf6,N1,-278.7837051741735,10
Ag6Hf6,O1,-446.7012622840557,10
Ag6Hf6,S1,-335.4741901794114,10
Ag6Hg6,C1,-154.20303066224733,10
Ag6Hg6,H1,-15.959759771605604,10
Ag6Hg6,N1,-274.3204339914373,10
Ag6Hg6,O1,-442.21453856196604,10
Ag6Hg6,S1,-332.7231814486149,10
Ag6In6,C1,-154.4505707164717,10
Ag6In6,H1,-15.800096024373488,11
Ag6In6,N1,-274.9394924301523,10
Ag6In6,O1,-442.9834504997925,10
Ag6In6,S1,-332.92332131300645,8
Ag6Ir6,C1,-157.33433290459652,10
Ag6Ir6,C1H1,-174.67697302733723,10
Ag6Ir6,C1H2,-190.436436333046,7
Ag6Ir6,C1H3,-207.80264178632206,10
Ag6Ir6,H1,-16.774573504422733,11
Ag6Ir6,H1N1,-293.7076585848263,10
Ag6Ir6,H1O1,-459.99529176103533,20
Ag6Ir6,H1S1,-350.256613645106,10
Ag6Ir6,H2O1,-476.84341110532114,10
Ag6Ir6,N1,-276.9253871159599,10
Ag6Ir6,O1,-443.29861342800723,10
Ag6Ir6,S1,-334.21360322964756,10
Ag6La6,C1,-157.1599822210992,10
Ag6La6,H1,-17.016519986580533,10
Ag6La6,N1,-278.34562869714136,10
Ag6La6,O1,-446.6161352792187,10
Ag6La6,S1,-335.168013538605,8
Ag6Mo6,C1,-157.64725946522958,10
Ag6Mo6,H1,-17.442019225927652,11
Ag6Mo6,N1,-278.35291889899963,10
Ag6Mo6,O1,-445.36267186157784,10
Ag6Mo6,S1,-335.40015208562545,10
Ag6Nb6,C1,-156.9805038244158,8
Ag6Nb6,H1,-17.118283487281587,10
Ag6Nb6,N1,-278.12376938643865,10
Ag6Nb6,O1,-445.61699829888676,10
Ag6Nb6,S1,-335.1000355560609,8
Ag6Os6,C1,-156.70560612514237,10
Ag6Os6,C1H1,-174.09733544832125,10
Ag6Os6,C1H2,-190.50760961233755,10
Ag6Os6,C1H3,-207.41867677879782,10
Ag6Os6,H1,-16.59851693926612,10
Ag6Os6,H1N1,-293.3798131108779,10
Ag6Os6,H1O1,-459.86732995629427,20
Ag6Os6,H1S1,-349.55427204493026,10
Ag6Os6,H2O1,-476.79447238383,10
Ag6Os6,N1,-277.1262376056402,10
Ag6Os6,O1,-443.9062195476581,10
Ag6Os6,S1,-333.6713110980709,9
Ag6Pb6,C1,-154.2121056587639,8
Ag6Pb6,H1,-15.85618943501322,12
Ag6Pb6,N1,-274.5521142987491,10
Ag6Pb6,O1,-442.5101060284287,10
Ag6Pb6,S1,-332.93480016317335,8
Ag6Pd6,C1,-155.7036897740545,14
Ag6Pd6,C1H1,-173.04333201863483,10
Ag6Pd6,C1H2,-190.07251659144094,3
Ag6Pd6,C1H3,-207.51781234009832,2
Ag6Pd6,H1,-16.65856865386013,16
Ag6Pd6,H1N1,-292.518951321872,10
Ag6Pd6,H1O1,-459.59625872180914,58
Ag6Pd6,H1S1,-349.8500351612456,10
Ag6Pd6,H2O1,-476.8364505693753,10
Ag6Pd6,N1,-275.02027690628165,14
Ag6Pd6,O1,-442.1282032356321,14
Ag6Pd6,S1,-333.4108782901603,14
Ag6Pt6,C1,-156.58117853493604,14
Ag6Pt6,C1H1,-173.8747599339913,20
Ag6Pt6,C1H2,-189.97257829431328,20
Ag6Pt6,C1H3,-207.78117526981077,20
Ag6Pt6,H1,-16.798885107164097,14
Ag6Pt6,H1N1,-292.9837617590383,20
Ag6Pt6,H1O1,-459.5263351253234,80
Ag6Pt6,H1S1,-349.9879148351247,22
Ag6Pt6,H2O1,-476.8387723807027,24
Ag6Pt6,N1,-275.7679602911667,14
Ag6Pt6,O1,-442.4377529995836,14
Ag6Pt6,S1,-333.7742629198983,14
Ag6Re6,C1,-158.6323589089734,14
Ag6Re6,H1,-17.915769963256025,14
Ag6Re6,H1O1,-462.2776140651622,60
Ag6Re6,N1,-279.1269003176494,14
Ag6Re6,O1,-446.0355511522139,14
Ag6Re6,S1,-336.03306955425796,14
Ag6Rh6,C1,-157.1696043024931,14
Ag6Rh6,C1H1,-174.29069981417706,10
Ag6Rh6,C1H2,-190.78284486883058,10
Ag6Rh6,C1H3,-207.7177164178429,10
Ag6Rh6,H1,-16.75469790148054,16
Ag6Rh6,H1N1,-293.54715863176534,10
Ag6Rh6,H1O1,-460.08146436329116,60
Ag6Rh6,H1S1,-350.42045910174784,10
Ag6Rh6,H2O1,-476.85173166621826,10
Ag6Rh6,N1,-276.7177967746684,14
Ag6Rh6,O1,-443.18079657140333,14
Ag6Rh6,S1,-334.188757603486,14
Ag6Ru6,C1,-156.95876954789856,14
Ag6Ru6,C1H1,-174.29977916451753,10
Ag6Ru6,C1H2,-190.49907285699737,10
Ag6Ru6,C1H3,-207.51831711127306,10
Ag6Ru6,H1,-16.681075461579894,17
Ag6Ru6,H1N1,-293.7895519248559,10
Ag6Ru6,H1O1,-460.2145782353982,60
Ag6Ru6,H1S1,-350.1656542883138,10
Ag6Ru6,H2O1,-476.8243733408817,11
Ag6Ru6,N1,-276.9151795816433,14
Ag6Ru6,O1,-443.6240394017732,14
Ag6Ru6,S1,-334.22200365595927,14
Ag6Sc6,C1,-157.39881504066216,8
Ag6Sc6,H1,-17.237174513269565,9
Ag6Sc6,N1,-278.38402015018437,8
Ag6Sc6,O1,-446.73282980230215,8
Ag6Sc6,S1,-335.3678604724446,8
Ag6Sn6,C1,-154.54291894230118,8
Ag6Sn6,C1H1,-172.0418547232257,10
Ag6Sn6,C1H2,-189.45872396367486,10
Ag6Sn6,C1H3,-207.28118364263355,10
Ag6Sn6,H1,-15.777296694286633,11
Ag6Sn6,H1N1,-292.41530520158267,10
Ag6Sn6,H1S1,-349.1993968230963,10
Ag6Sn6,H2O1,-476.78004409176356,10
Ag6Sn6,N1,-274.8573141869347,10
Ag6Sn6,O1,-442.75760853094835,10
Ag6Sn6,S1,-332.82487692085124,8
Ag6Ta6,C1,-157.3138613723495,10
Ag6Ta6,H1,-17.209853875698172,10
Ag6Ta6,N1,-278.5935371935193,10
Ag6Ta6,O1,-445.98802143619105,10
Ag6Ta6,S1,-335.29839321086183,10
Ag6Tc6,C1,-157.49567355335603,8
Ag6Tc6,H1,-16.98604214819352,12
Ag6Tc6,H1O1,-460.9164786029796,20
Ag6Tc6,N1,-277.4834930072175,8
Ag6Tc6,O1,-444.4584903658106,9
Ag6Tc6,S1,-334.6785962551876,8
Ag6Ti6,C1,-157.03731126178172,8
Ag6Ti6,H1,-17.149350588180823,8
Ag6Ti6,N1,-278.62389285278186,8
Ag6Ti6,O1,-446.3522068969469,8
Ag6Ti6,S1,-335.27978497811273,8
Ag6Tl6,C1,-154.21559021253051,8
Ag6Tl6,H1,-15.864128084140248,10
Ag6Tl6,N1,-274.4353699788335,10
Ag6Tl6,O1,-442.54334078816464,10
Ag6Tl6,S1,-332.9703374141609,8
Ag6V6,C1,-157.08313509614527,8
Ag6V6,H1,-17.648544377589133,9
Ag6V6,N1,-278.3074343905755,8
Ag6V6,O1,-445.7400423262734,8
Ag6V6,S1,-335.06487953655596,8
Ag6W6,C1,-158.33918577217992,10
Ag6W6,H1,-17.924838429047668,10
Ag6W6,N1,-279.12766604599165,10
Ag6W6,O1,-446.0008468416927,10
Ag6W6,S1,-335.8879306995077,10
Ag6Y6,C1,-157.2330352627905,11
Ag6Y6,H1,-17.262670899668592,10
Ag6Y6,N1,-278.38712564937305,10
Ag6Y6,O1,-446.6726787661537,10
Ag6Y6,S1,-335.3697085335807,10
Ag6Zn6,C1,-155.1261692406988,8
Ag6Zn6,H1,-16.019538011787517,9
Ag6Zn6,H1O1,-460.1852823234731,20
Ag6Zn6,N1,-275.41925661118876,8
Ag6Zn6,O1,-443.2027848661819,8
Ag6Zn6,S1,-333.462412161316,8
Ag6Zr6,C1,-156.90513944778286,8
Ag6Zr6,H1,-17.182978144253866,11
Ag6Zr6,N1,-278.5384006711829,8
Ag6Zr6,O1,-446.35429945236683,8
Ag6Zr6,S1,-335.34027656473336,8
Ag9Al3,C1,-154.51303227122844,9
Ag9Al3,C1H1,-172.72671641068882,9
Ag9Al3,C1H2,-190.01802497891185,9
Ag9Al3,C1H3,-207.76441700300347,8
Ag9Al3,H1,-16.21111254888092,9
Ag9Al3,H1N1,-293.3943635820542,9
Ag9Al3,H1S1,-349.5731457247239,9
Ag9Al3,H2O1,-476.8762899401554,9
Ag9Al3,N1,-275.3921725766122,9
Ag9Al3,O1,-443.80948566309235,9
Ag9Al3,S1,-333.48145509592723,9
Ag9Au3,C1,-153.80702298468532,9
Ag9Au3,C1H1,-171.8210445474324,9
Ag9Au3,C1H2,-189.20676559705316,6
Ag9Au3,C1H3,-207.1903997992631,8
Ag9Au3,H1,-16.11824798705493,9
Ag9Au3,H1N1,-291.80716723544174,9
Ag9Au3,H1O1,-459.5219542285704,54
Ag9Au3,H1S1,-349.24944400030654,9
Ag9Au3,H2O1,-476.80856624799344,9
Ag9Au3,N1,-273.81886573667,9
Ag9Au3,O1,-441.6007543697269,9
Ag9Au3,S1,-332.7174393023961,9
Ag9Bi3,C1,-154.111323944795,5
Ag9Bi3,C1H1,-171.4069178978025,9
Ag9Bi3,C1H2,-189.0756207406739,9
Ag9Bi3,C1H3,-207.2708529767915,9
Ag9Bi3,H1,-16.02084225341241,8
Ag9Bi3,H1N1,-291.8730655879772,9
Ag9Bi3,H1O1,-459.7580372017328,54
Ag9Bi3,H1S1,-349.32719223022286,9
Ag9Bi3,H2O1,-476.77502699285833,9
Ag9Bi3,N1,-273.87591413082555,6
Ag9Bi3,O1,-442.0376657913439,6
Ag9Bi3,S1,-332.75703703607724,6
Ag9Cr3,C1,-156.9168132675186,9
Ag9Cr3,H1,-16.764856999529,9
Ag9Cr3,N1,-278.00482053626183,9
Ag9Cr3,O1,-445.3579706868404,9
Ag9Cr3,S1,-334.68041479196836,9
Ag9Cu3,C1,-154.14839578177634,9
Ag9Cu3,C1H1,-172.18191634191317,9
Ag9Cu3,C1H2,-189.46110727272753,9
Ag9Cu3,C1H3,-207.27620627234865,9
Ag9Cu3,H1,-16.281506494146015,9
Ag9Cu3,H1N1,-292.4430371392227,9
Ag9Cu3,H1O1,-459.8671236940063,54
Ag9Cu3,H1S1,-349.39333221985,9
Ag9Cu3,H2O1,-476.784183487478,9
Ag9Cu3,N1,-274.41846409026766,9
Ag9Cu3,O1,-442.337617419922,9
Ag9Cu3,S1,-333.19885480626544,9
Ag9Ga3,C1,-154.34656037181412,10
Ag9Ga3,C1H1,-172.36947039704683,9
Ag9Ga3,C1H2,-189.7278943469355,9
Ag9Ga3,C1H3,-207.4748929127818,9
Ag9Ga3,H1,-16.09107973323262,13
Ag9Ga3,H1N1,-292.7114754002105,6
Ag9Ga3,H1S1,-349.21652380416344,9
Ag9Ga3,H2O1,-476.78174942919577,9
Ag9Ga3,N1,-274.8621774054627,12
Ag9Ga3,O1,-442.8807431722453,10
Ag9Ga3,S1,-333.031950517965,11
Ag9Hf3,C1,-155.73143667795375,2
Ag9Hf3,H1,-16.756108811729064,2
Ag9Hf3,N1,-277.16571479289996,2
Ag9Hf3,O1,-445.64896514419524,2
Ag9Hf3,S1,-334.8210138354989,2
Ag9Hg3,C1,-153.3329990450584,5
Ag9Hg3,H1,-16.066168527635455,5
Ag9Hg3,N1,-273.6145297408293,5
Ag9Hg3,O1,-441.6967399412315,5
Ag9Hg3,S1,-332.66087459058326,5
Ag9Ir3,C1,-156.8844830141752,5
Ag9Ir3,C1H1,-173.97759433869942,9
Ag9Ir3,C1H2,-191.1400404053711,8
Ag9Ir3,C1H3,-208.1908939473724,7
Ag9Ir3,H1,-17.007551114467788,5
Ag9Ir3,H1N1,-293.288340547384,9
Ag9Ir3,H1O1,-460.1611266419641,18
Ag9Ir3,H1S1,-350.22518313617184,9
Ag9Ir3,H2O1,-476.8909152426422,9
Ag9Ir3,N1,-276.4888389663174,5
Ag9Ir3,O1,-443.1428104319275,5
Ag9Ir3,S1,-333.96579813654535,5
Ag9La3,C1,-156.23554797260294,7
Ag9La3,H1,-16.418174717204238,9
Ag9La3,N1,-277.3958196971362,7
Ag9La3,O1,-444.7365157415552,9
Ag9La3,S1,-334.12348075896443,7
Ag9Mo3,C1,-157.25657896028133,9
Ag9Mo3,H1,-16.891628442288493,9
Ag9Mo3,N1,-278.41695000637264,9
Ag9Mo3,O1,-445.7825329021798,9
Ag9Mo3,S1,-334.906566018195,9
Ag9Nb3,C1,-156.63953742934245,9
Ag9Nb3,H1,-16.830259424597898,9
Ag9Nb3,N1,-278.05976793947775,9
Ag9Nb3,O1,-446.03626830823487,9
Ag9Nb3,S1,-334.9653326751941,8
Ag9Os3,C1,-157.67185991681617,6
Ag9Os3,C1H1,-175.03859313488647,9
Ag9Os3,C1H2,-192.32447670555848,9
Ag9Os3,C1H3,-208.92541885942046,8
Ag9Os3,H1,-17.065207955165533,5
Ag9Os3,H1N1,-294.3716545831412,9
Ag9Os3,H1O1,-460.7636669543208,18
Ag9Os3,H1S1,-351.8120318573492,9
Ag9Os3,H2O1,-477.0598481396228,9
Ag9Os3,N1,-278.01917045954906,7
Ag9Os3,O1,-444.501941503564,6
Ag9Os3,S1,-334.57096652436303,6
Ag9Pb3,C1,-153.4002838176093,5
Ag9Pb3,H1,-16.11275237596419,5
Ag9Pb3,N1,-273.88350365790393,5
Ag9Pb3,O1,-442.0530679788426,5
Ag9Pb3,S1,-332.8266734164208,5
Ag9Pd3,C1,-154.3565728005051,9
Ag9Pd3,C1H1,-172.0200545951593,9
Ag9Pd3,C1H2,-189.42767835975974,9
Ag9Pd3,C1H3,-207.3886147303565,6
Ag9Pd3,H1,-16.328250209342514,9
Ag9Pd3,H1N1,-291.90611993624043,9
Ag9Pd3,H1O1,-459.50103057917295,54
Ag9Pd3,H1S1,-349.4652912278543,9
Ag9Pd3,H2O1,-476.79126456983795,9
Ag9Pd3,N1,-274.13431751372264,9
Ag9Pd3,O1,-441.7474450896916,9
Ag9Pd3,S1,-332.91003440243367,9
Ag9Pt3,C1,-155.19008578814828,9
Ag9Pt3,C1H1,-172.704871519898,9
Ag9Pt3,C1H2,-190.02610295032355,6
Ag9Pt3,C1H3,-207.83915252456063,8
Ag9Pt3,H1,-16.68598793270212,9
Ag9Pt3,H1N1,-292.28073415987456,9
Ag9Pt3,H1O1,-459.50301442512136,54
Ag9Pt3,H1S1,-349.64538841140893,9
Ag9Pt3,H2O1,-476.82671828188177,9
Ag9Pt3,N1,-274.7947035137986,9
Ag9Pt3,O1,-442.0301834771308,9
Ag9Pt3,S1,-333.1916263742605,9
Ag9Re3,C1,-159.59716396657313,9
Ag9Re3,H1,-17.095284153532702,9
Ag9Re3,H1O1,-463.6120476766373,36
Ag9Re3,N1,-278.65097702343337,9
Ag9Re3,O1,-445.6477819932261,9
Ag9Re3,S1,-335.03773454847396,9
Ag9Rh3,C1,-156.22000360563106,9
Ag9Rh3,C1H1,-173.32621149709303,9
Ag9Rh3,C1H2,-190.42064026076696,9
Ag9Rh3,C1H3,-207.84746478599845,9
Ag9Rh3,H1,-16.728012241554097,9
Ag9Rh3,H1N1,-292.85076952182135,9
Ag9Rh3,H1O1,-459.89890631825256,36
Ag9Rh3,H1S1,-349.93042575260915,9
Ag9Rh3,H2O1,-476.8159793092418,9
Ag9Rh3,N1,-275.7471375960158,9
Ag9Rh3,O1,-442.69994856094127,9
Ag9Rh3,S1,-333.61360350814357,9
Ag9Ru3,C1,-157.25815096192673,9
Ag9Ru3,C1H1,-174.23434313340113,9
Ag9Ru3,C1H2,-190.9946781451581,9
Ag9Ru3,C1H3,-208.01613645368343,9
Ag9Ru3,H1,-16.854578918639163,9
Ag9Ru3,H1N1,-293.6505567202912,9
Ag9Ru3,H1O1,-460.78104577674094,52
Ag9Ru3,H1S1,-350.48595785511134,9
Ag9Ru3,H2O1,-477.0439293439995,10
Ag9Ru3,N1,-277.290428646862,9
Ag9Ru3,O1,-443.7476019420792,9
Ag9Ru3,S1,-334.16332312299346,9
Ag9Sc3,C1,-154.87473496532766,5
Ag9Sc3,H1,-16.55123511894635,6
Ag9Sc3,N1,-276.1756368904171,5
Ag9Sc3,O1,-444.7964099022356,5
Ag9Sc3,S1,-334.18774003379076,5
Ag9Sn3,C1,-153.73756824032898,9
Ag9Sn3,C1H1,-171.82238103454438,9
Ag9Sn3,C1H2,-189.26949640844396,6
Ag9Sn3,C1H3,-207.29639140478685,9
Ag9Sn3,H1,-16.08542371103249,9
Ag9Sn3,H1N1,-292.2598623481608,9
Ag9Sn3,H1S1,-349.1970162351863,9
Ag9Sn3,H2O1,-476.77464535320905,9
Ag9Sn3,N1,-274.24618922718946,9
Ag9Sn3,O1,-442.41635587210476,9
Ag9Sn3,S1,-332.66481411867426,9
Ag9Ta3,C1,-156.69828639893967,5
Ag9Ta3,H1,-16.938461138714047,5
Ag9Ta3,N1,-278.49263779031025,6
Ag9Ta3,O1,-446.2897517368692,5
Ag9Ta3,S1,-335.2445809305282,5
Ag9Tc3,C1,-157.50704151714308,5
Ag9Tc3,H1,-16.904279422815307,6
Ag9Tc3,H1O1,-460.9931268127111,18
Ag9Tc3,N1,-278.21589760822826,5
Ag9Tc3,O1,-444.94478772801085,5
Ag9Tc3,S1,-334.60267009952804,5
Ag9Ti3,C1,-155.8135300216527,5
Ag9Ti3,H1,-16.679955985244305,5
Ag9Ti3,N1,-277.29652739827,5
Ag9Ti3,O1,-445.52600030192843,5
Ag9Ti3,S1,-334.5996840583175,5
Ag9Tl3,C1,-153.50280325055064,2
Ag9Tl3,H1,-16.102560624254693,5
Ag9Tl3,N1,-273.8387927691365,3
Ag9Tl3,O1,-442.2709129301511,4
Ag9Tl3,S1,-333.20080042022164,4
Ag9V3,C1,-156.48153412075771,5
Ag9V3,H1,-16.740819687540352,5
Ag9V3,N1,-277.88710585840454,5
Ag9V3,O1,-445.6848441701659,5
Ag9V3,S1,-334.7416123779476,5
Ag9W3,C1,-157.3903110750325,5
Ag9W3,H1,-17.039165436290205,5
Ag9W3,N1,-278.63185789695126,6
Ag9W3,O1,-446.22880150237324,5
Ag9W3,S1,-335.3087882316104,5
Ag9Y3,C1,-154.99178078737168,5
Ag9Y3,H1,-16.491495110749383,6
Ag9Y3,N1,-275.9401431797669,5
Ag9Y3,O1,-444.55261032483395,5
Ag9Y3,S1,-334.1333002589454,5
Ag9Zn3,C1,-153.85956952749257,7
Ag9Zn3,H1,-16.06378521858278,6
Ag9Zn3,H1O1,-459.98479360913916,18
Ag9Zn3,N1,-274.37904717622587,6
Ag9Zn3,O1,-442.53515410727414,6
Ag9Zn3,S1,-333.05198122579895,5
Ag9Zr3,C1,-157.44041934179404,5
Ag9Zr3,H1,-16.707759624878236,5
Ag9Zr3,N1,-278.30270818137797,5
Ag9Zr3,O1,-445.5699828780125,5
Ag9Zr3,S1,-334.6896342809414,5
Al12,C1,-156.4552982650016,8
Al12,C1H1,-174.22106547469616,4
Al12,C1H2,-190.69220279678007,4
Al12,C1H3,-207.86017100563345,4
Al12,H1,-16.15636460511314,8
Al12,H1N1,-294.9902406322269,4
Al12,H1O1,-460.93223916440184,4
Al12,H1S1,-349.66374126531036,4
Al12,H2O1,-476.76982608106664,4
Al12,N1,-277.90541871157166,8
Al12,O1,-445.74440757647585,8
Al12,S1,-334.24543156901063,8
Al3Au9,C1,-155.1206605681473,5
Al3Au9,C1H1,-173.0538127552427,9
Al3Au9,C1H2,-190.31781782905819,9
Al3Au9,C1H3,-207.8734613176257,9
Al3Au9,H1,-16.176132178861735,5
Al3Au9,H1N1,-293.41020019929056,9
Al3Au9,H1S1,-349.5722817632832,9
Al3Au9,H2O1,-477.14173603736344,9
Al3Au9,N1,-275.54599540029085,5
Al3Au9,O1,-443.5411948878118,5
Al3Au9,S1,-333.350876644512,5
Al3Bi9,C1H1,-173.22341124266677,8
Al3Bi9,C1H2,-190.76318818147047,9
Al3Bi9,C1H3,-208.21439941286735,9
Al3Bi9,H1N1,-293.6120385982613,9
Al3Bi9,H1S1,-349.9658134770325,9
Al3Bi9,H2O1,-477.0937554287084,9
Al3Cd9,C1,-155.35275176735922,3
Al3Cd9,H1,-16.138233251871497,5
Al3Cd9,N1,-276.143456299691,4
Al3Cd9,O1,-444.1386925225779,5
Al3Cd9,S1,-333.5028571214516,3
Al3Cr9,C1,-157.60881590238932,5
Al3Cr9,H1,-17.395527488137304,5
Al3Cr9,N1,-278.42914465199283,5
Al3Cr9,O1,-445.564510804772,5
Al3Cr9,S1,-335.1526695834691,5
Al3Cu9,C1,-154.9548237824347,7
Al3Cu9,C1H1,-173.11577076333924,9
Al3Cu9,C1H2,-190.10731831872545,9
Al3Cu9,C1H3,-207.63352208319702,9
Al3Cu9,H1,-16.500169555700268,10
Al3Cu9,H1N1,-293.62816773787927,9
Al3Cu9,H1S1,-349.57665354421624,9
Al3Cu9,H2O1,-476.91521147095045,9
Al3Cu9,N1,-275.7052886645324,7
Al3Cu9,O1,-443.80573756708327,8
Al3Cu9,S1,-333.6952764359521,7
Al3Ga9,C1,-155.93968499050243,7
Al3Ga9,C1H1,-173.42483494014596,9
Al3Ga9,C1H2,-190.38760686525347,9
Al3Ga9,C1H3,-207.85021150307875,9
Al3Ga9,H1,-16.137982907137484,9
Al3Ga9,H1N1,-293.78083339745353,9
Al3Ga9,H1S1,-349.57133399078157,9
Al3Ga9,H2O1,-476.77461487644905,9
Al3Ga9,N1,-276.4744185655436,9
Al3Ga9,O1,-444.30058406580065,9
Al3Ga9,S1,-333.50506342045264,7
Al3Hf9,C1,-157.7673435743418,9
Al3Hf9,H1,-17.497461059982015,9
Al3Hf9,N1,-279.69847217037386,9
Al3Hf9,O1,-447.32457277360663,9
Al3Hf9,S1,-335.71150065810434,9
Al3Hg9,C1,-154.9868608331144,6
Al3Hg9,H1,-16.224703274554486,5
Al3Hg9,N1,-275.3156432806263,5
Al3Hg9,O1,-443.8527489062453,5
Al3Hg9,S1,-333.3040342880431,5
Al3In9,C1,-155.55150412328294,5
Al3In9,H1,-16.20366139169346,5
Al3In9,N1,-276.0779107427443,5
Al3In9,O1,-444.29308460841276,5
Al3In9,S1,-333.5037204026048,5
Al3Ir9,C1,-157.75944955188243,9
Al3Ir9,C1H1,-174.8979702814031,9
Al3Ir9,C1H2,-190.94853022319876,9
Al3Ir9,C1H3,-207.7835811643199,9
Al3Ir9,H1,-16.753177737518854,9
Al3Ir9,H1N1,-293.91933838893965,9
Al3Ir9,H1S1,-350.24171554849454,9
Al3Ir9,H2O1,-476.9301442620781,9
Al3Ir9,N1,-277.13584458471087,9
Al3Ir9,O1,-443.56688760434554,9
Al3Ir9,S1,-334.5511977260903,9
Al3La9,C1,-157.5672880652437,9
Al3La9,H1,-17.137987250336664,9
Al3La9,N1,-278.8437118539259,9
Al3La9,O1,-446.7819301594045,9
Al3La9,S1,-335.3703788860239,9
Al3Mo9,C1,-157.59479142726195,9
Al3Mo9,H1,-17.35499681215515,9
Al3Mo9,N1,-278.21984734059515,9
Al3Mo9,O1,-445.40215857281873,9
Al3Mo9,S1,-335.2073148042655,9
Al3Nb9,C1,-157.83507937557442,9
Al3Nb9,H1,-17.45090047739359,9
Al3Nb9,N1,-278.9408367660726,9
Al3Nb9,O1,-446.18143314985355,9
Al3Nb9,S1,-335.38042668951675,8
Al3Os9,C1,-158.05841136637173,5
Al3Os9,C1H1,-175.4459789805005,9
Al3Os9,C1H2,-191.37013632985327,7
Al3Os9,C1H3,-207.69249894813038,2
Al3Os9,H1,-16.78029102434448,5
Al3Os9,H1N1,-294.7487155183444,9
Al3Os9,H1S1,-350.9487915212885,9
Al3Os9,H2O1,-476.91205086871923,9
Al3Os9,N1,-278.0373554192083,5
Al3Os9,O1,-444.3438598261928,5
Al3Os9,S1,-335.0550400362117,5
Al3Pb9,C1,-155.25305918902814,7
Al3Pb9,H1,-16.261966543617746,7
Al3Pb9,N1,-276.09148786272635,7
Al3Pb9,O1,-444.29163451376735,7
Al3Pb9,S1,-333.5116723853098,7
Al3Pd9,C1,-155.84398323373898,6
Al3Pd9,C1H1,-173.25210619117934,9
Al3Pd9,C1H2,-189.98830960349733,9
Al3Pd9,C1H3,-207.44219421730304,9
Al3Pd9,H1,-16.694615574073396,5
Al3Pd9,H1N1,-293.2950359083843,9
Al3Pd9,H1S1,-349.80138011843883,9
Al3Pd9,H2O1,-476.866151930928,9
Al3Pd9,N1,-275.5159806996635,6
Al3Pd9,O1,-443.29087478255315,5
Al3Pd9,S1,-333.5989403818239,5
Al3Pt9,C1,-156.5786561757086,5
Al3Pt9,C1H1,-174.09465349432503,9
Al3Pt9,C1H2,-190.70800689641692,9
Al3Pt9,C1H3,-207.8436056675382,9
Al3Pt9,H1,-16.67252809378988,4
Al3Pt9,H1N1,-293.4939462263901,9
Al3Pt9,H1S1,-349.9894755440473,9
Al3Pt9,H2O1,-477.037469089355,9
Al3Pt9,N1,-275.90679086685486,5
Al3Pt9,O1,-443.1745863893775,5
Al3Pt9,S1,-333.80282412446104,5
Al3Re9,C1,-157.80941972087385,9
Al3Re9,H1,-17.004099078305444,9
Al3Re9,N1,-278.1951834864849,9
Al3Re9,O1,-445.0606803316077,9
Al3Re9,S1,-335.2785357034845,9
Al3Rh9,C1,-157.4997581181342,6
Al3Rh9,C1H1,-174.50625710443637,9
Al3Rh9,C1H2,-190.73948325652964,9
Al3Rh9,C1H3,-207.6104676463874,9
Al3Rh9,H1,-16.806028911774774,5
Al3Rh9,H1N1,-293.79098718929527,9
Al3Rh9,H1S1,-350.1555847157106,9
Al3Rh9,H2O1,-476.8550143115099,9
Al3Rh9,N1,-276.97266907234007,5
Al3Rh9,O1,-443.6967162460787,5
Al3Rh9,S1,-334.32231420481185,5
Al3Ru9,C1,-157.7780549274321,3
Al3Ru9,C1H1,-175.06776523501685,9
Al3Ru9,C1H2,-191.27163071208997,9
Al3Ru9,C1H3,-207.81774328802567,9
Al3Ru9,H1,-16.90383914262202,3
Al3Ru9,H1N1,-294.6481412911817,9
Al3Ru9,H1S1,-351.6051892848882,9
Al3Ru9,H2O1,-476.8655189941346,9
Al3Ru9,N1,-277.79941173161933,3
Al3Ru9,O1,-444.24067575520166,3
Al3Ru9,S1,-334.9770588768406,3
Al3Sc9,C1,-157.1415232427953,7
Al3Sc9,H1,-17.602526389997365,7
Al3Sc9,N1,-279.4094695863223,7
Al3Sc9,O1,-447.52752384606174,7
Al3Sc9,S1,-335.8281559967927,7
Al3Sn9,C1,-155.55224644983537,7
Al3Sn9,C1H1,-172.96812682858945,9
Al3Sn9,C1H2,-190.6097445484229,9
Al3Sn9,C1H3,-207.8349655089296,9
Al3Sn9,H1,-16.190972451284324,7
Al3Sn9,H1N1,-293.5004734210379,9
Al3Sn9,H1S1,-349.6764272124674,9
Al3Sn9,H2O1,-476.89360372737065,10
Al3Sn9,N1,-276.43135233281646,7
Al3Sn9,O1,-444.33557518431917,7
Al3Sn9,S1,-333.3796354037222,7
Al3Ta9,C1,-158.0742674397552,7
Al3Ta9,H1,-17.490606104220205,7
Al3Ta9,N1,-279.2361906231781,7
Al3Ta9,O1,-446.3705148520676,6
Al3Ta9,S1,-335.446132793626,7
Al3Tc9,C1,-157.62502844490155,3
Al3Tc9,H1,-17.013691499287233,3
Al3Tc9,N1,-278.0043216155427,3
Al3Tc9,O1,-444.90856515832274,3
Al3Tc9,S1,-335.1734295563947,3
Al3Ti9,C1,-157.6385640675162,3
Al3Ti9,H1,-17.53972850254104,3
Al3Ti9,N1,-279.4348530454772,4
Al3Ti9,O1,-447.13244625359766,3
Al3Ti9,S1,-335.56714059316073,3
Al3Tl9,C1,-155.25641652956983,7
Al3Tl9,H1,-16.306741379146843,7
Al3Tl9,N1,-275.9326049461597,7
Al3Tl9,O1,-444.2507499537387,7
Al3Tl9,S1,-333.60325052897315,7
Al3V9,C1,-157.79356840948822,5
Al3V9,H1,-17.502850546672562,5
Al3V9,N1,-279.027838091024,7
Al3V9,O1,-446.3157964326492,7
Al3V9,S1,-335.25180555294355,4
Al3W9,C1,-157.7194896346773,7
Al3W9,H1,-17.384184966998873,7
Al3W9,N1,-278.39961349765144,7
Al3W9,O1,-445.4680993751099,7
Al3W9,S1,-335.3023719233497,7
Al3Y9,C1,-157.6939683498622,3
Al3Y9,H1,-17.557996729041406,3
Al3Y9,N1,-279.1459040678492,4
Al3Y9,O1,-447.3869639869299,4
Al3Y9,S1,-335.90869325750464,3
Al3Zn9,C1,-155.54713383897615,3
Al3Zn9,H1,-16.000736033987778,5
Al3Zn9,N1,-276.4164768216506,4
Al3Zn9,O1,-444.33360671281116,5
Al3Zn9,S1,-333.6409600647312,3
Al3Zr9,C1,-157.6823407894808,5
Al3Zr9,H1,-17.500249546545092,5
Al3Zr9,N1,-279.43962973179987,5
Al3Zr9,O1,-447.0757271171806,5
Al3Zr9,S1,-335.64629959728154,5
Al6Au6,C1,-155.7131099469807,10
Al6Au6,C1H1,-173.5647483928533,10
Al6Au6,C1H2,-190.82314424805554,10
Al6Au6,C1H3,-208.00318165805038,10
Al6Au6,H1,-16.198211223620092,10
Al6Au6,H1N1,-294.2706750424095,10
Al6Au6,H1S1,-349.75613438991604,10
Al6Au6,H2O1,-476.97551625142296,10
Al6Au6,N1,-276.6525615635601,10
Al6Au6,O1,-444.97883978166465,10
Al6Au6,S1,-333.67282813271777,10
Al6Bi6,C1,-156.14447568857213,8
Al6Bi6,C1H1,-173.72657843835077,10
Al6Bi6,C1H2,-191.39219755115118,10
Al6Bi6,C1H3,-208.3868663883204,10
Al6Bi6,H1,-16.466746221070935,8
Al6Bi6,H1N1,-295.03084042512455,10
Al6Bi6,H1S1,-350.0586070171539,9
Al6Bi6,H2O1,-478.0415390854141,10
Al6Bi6,N1,-277.1674669339027,7
Al6Bi6,O1,-445.98956513799203,7
Al6Bi6,S1,-334.1436754153874,8
Al6Cd6,C1,-156.26368263872246,10
Al6Cd6,H1,-16.213654772418522,11
Al6Cd6,N1,-277.3323037012615,10
Al6Cd6,O1,-445.2887842467371,10
Al6Cd6,S1,-334.0117113603046,10
Al6Cr6,C1,-157.05358217270623,10
Al6Cr6,H1,-17.016530462969968,10
Al6Cr6,N1,-277.7231489711412,10
Al6Cr6,O1,-445.062724450765,10
Al6Cr6,S1,-334.4477170510181,10
Al6Cu6,C1,-155.1243143767133,10
Al6Cu6,C1H1,-173.3011280434439,10
Al6Cu6,C1H2,-190.4379786742793,4
Al6Cu6,C1H3,-207.73520190888667,3
Al6Cu6,H1,-16.127252370024507,10
Al6Cu6,H1N1,-294.1237919379564,10
Al6Cu6,H1S1,-349.5731698067975,10
Al6Cu6,H2O1,-476.85721258315607,10
Al6Cu6,N1,-276.5063573831285,10
Al6Cu6,O1,-444.700719030021,10
Al6Cu6,S1,-333.710849919109,10
Al6Ga6,C1,-156.2916126752316,10
Al6Ga6,C1H1,-173.91378269112465,10
Al6Ga6,C1H2,-190.35671963159984,10
Al6Ga6,C1H3,-207.86327541635546,10
Al6Ga6,H1,-16.162051784340292,10
Al6Ga6,H1N1,-294.4605374392195,10
Al6Ga6,H1S1,-349.6787448060277,10
Al6Ga6,H2O1,-476.7884483276648,10
Al6Ga6,N1,-277.2238226622794,10
Al6Ga6,O1,-445.1179170285395,10
Al6Ga6,S1,-333.95153039163415,10
Al6Hf6,C1,-157.2987670816583,10
Al6Hf6,H1,-17.174996092964648,10
Al6Hf6,N1,-278.8366056010291,10
Al6Hf6,O1,-446.5057969272384,10
Al6Hf6,S1,-335.2720750406679,10
Al6Hg6,C1,-156.43040202567317,10
Al6Hg6,H1,-16.370043221428205,10
Al6Hg6,N1,-277.0886012684987,10
Al6Hg6,O1,-445.4502170060314,10
Al6Hg6,S1,-333.95422445469376,10
Al6In6,C1,-156.3224005873417,10
Al6In6,H1,-16.29769481852054,11
Al6In6,N1,-277.13395067239617,10
Al6In6,O1,-445.1757025790939,10
Al6In6,S1,-333.8909326806206,10
Al6Ir6,C1,-155.95645999231783,10
Al6Ir6,C1H1,-173.5201002263184,10
Al6Ir6,C1H2,-190.58466272745864,9
Al6Ir6,C1H3,-207.78868193822746,10
Al6Ir6,H1,-16.897749234913135,10
Al6Ir6,H1N1,-293.9562650531843,10
Al6Ir6,H1S1,-350.033490773787,10
Al6Ir6,H2O1,-477.0041184091169,10
Al6Ir6,N1,-276.30738924093384,10
Al6Ir6,O1,-444.11903597127093,10
Al6Ir6,S1,-333.84698221396866,10
Al6La6,C1,-157.6021960529797,10
Al6La6,H1,-17.149615763119073,10
Al6La6,N1,-278.7628830232352,10
Al6La6,O1,-446.5404922580092,10
Al6La6,S1,-335.30865680062743,10
Al6Mo6,C1,-156.8530993088225,10
Al6Mo6,H1,-17.047076601926165,10
Al6Mo6,N1,-277.7393771601928,10
Al6Mo6,O1,-445.0590567643885,10
Al6Mo6,S1,-334.5438169103345,10
Al6Nb6,C1,-156.99288269111275,10
Al6Nb6,H1,-17.04707401684209,10
Al6Nb6,N1,-278.1158312815405,10
Al6Nb6,O1,-445.6562165698233,10
Al6Nb6,S1,-334.8997347363347,10
Al6Os6,C1,-157.69878340423747,10
Al6Os6,C1H1,-174.75338762733736,10
Al6Os6,C1H2,-191.13772253968637,9
Al6Os6,C1H3,-207.9538587118259,8
Al6Os6,H1,-16.929100830831885,10
Al6Os6,H1N1,-294.1995382263631,10
Al6Os6,H1S1,-350.403897029013,10
Al6Os6,H2O1,-477.3579254480719,10
Al6Os6,N1,-277.39751469423936,10
Al6Os6,O1,-444.22457532359476,10
Al6Os6,S1,-334.397432454487,10
Al6Pb6,C1,-156.0152546770405,10
Al6Pb6,H1,-16.477190766538115,10
Al6Pb6,N1,-277.0365098360835,10
Al6Pb6,O1,-445.47103970119315,10
Al6Pb6,S1,-333.7325226979028,10
Al6Pd6,C1,-155.8078583529168,10
Al6Pd6,C1H1,-173.55411894603094,10
Al6Pd6,C1H2,-190.4336889356673,10
Al6Pd6,C1H3,-207.77406874480585,10
Al6Pd6,H1,-16.278179494296637,11
Al6Pd6,H1N1,-294.18344786297166,10
Al6Pd6,H1S1,-349.7027920501823,10
Al6Pd6,H2O1,-477.0219790090887,10
Al6Pd6,N1,-276.5411962539547,10
Al6Pd6,O1,-444.635634978149,10
Al6Pd6,S1,-333.88343335928585,9
Al6Pt6,C1,-155.6933784283101,10
Al6Pt6,C1H1,-173.44129061636704,10
Al6Pt6,C1H2,-190.27044172129536,10
Al6Pt6,C1H3,-207.76143164208406,10
Al6Pt6,H1,-16.30241408882648,10
Al6Pt6,H1N1,-294.0292195896691,10
Al6Pt6,H1S1,-349.6104729405415,10
Al6Pt6,H2O1,-477.2965738456696,10
Al6Pt6,N1,-276.2404285559751,10
Al6Pt6,O1,-444.2886820786189,10
Al6Pt6,S1,-333.7484127855132,10
Al6Re6,C1,-156.91608454665766,10
Al6Re6,H1,-17.088361849582725,10
Al6Re6,N1,-277.441799452743,10
Al6Re6,O1,-444.62356849814387,10
Al6Re6,S1,-334.5329021521502,10
Al6Rh6,C1,-155.76080320342408,10
Al6Rh6,C1H1,-173.39280020243496,10
Al6Rh6,C1H2,-190.2445949883313,6
Al6Rh6,C1H3,-207.55689741131573,6
Al6Rh6,H1,-16.664177464306704,10
Al6Rh6,H1N1,-294.0497693546531,10
Al6Rh6,H1S1,-349.9853071682064,10
Al6Rh6,H2O1,-476.9367887377921,10
Al6Rh6,N1,-276.37836578192764,10
Al6Rh6,O1,-444.3277622517835,10
Al6Rh6,S1,-333.8460601562292,10
Al6Ru6,C1,-157.44360579484783,10
Al6Ru6,C1H1,-174.37543470296805,10
Al6Ru6,C1H2,-190.87266012299006,10
Al6Ru6,C1H3,-207.7518211255301,9
Al6Ru6,H1,-16.93917815867826,10
Al6Ru6,H1N1,-294.16274326522034,10
Al6Ru6,H1S1,-350.3709335667736,10
Al6Ru6,H2O1,-476.8042092972646,10
Al6Ru6,N1,-277.1800234909315,10
Al6Ru6,O1,-444.2412418880449,10
Al6Ru6,S1,-334.29924874739663,10
Al6Sc6,C1,-157.4547391964952,10
Al6Sc6,H1,-17.16507808777351,10
Al6Sc6,N1,-278.53622974697646,10
Al6Sc6,O1,-446.67052607357437,10
Al6Sc6,S1,-335.2178352694955,10
Al6Sn6,C1,-156.28639883803044,8
Al6Sn6,C1H1,-173.64940028691854,10
Al6Sn6,C1H2,-190.7819604988581,10
Al6Sn6,C1H3,-207.9510477758722,10
Al6Sn6,H1,-16.298827084201548,9
Al6Sn6,H1N1,-294.2107422415593,10
Al6Sn6,H1S1,-349.76147135863175,10
Al6Sn6,H2O1,-477.4518800979422,10
Al6Sn6,N1,-277.09377646554094,8
Al6Sn6,O1,-445.28888397645824,9
Al6Sn6,S1,-333.759839661936,9
Al6Ta6,C1,-157.27098589141497,10
Al6Ta6,H1,-17.113396866967378,11
Al6Ta6,N1,-278.3996871044492,10
Al6Ta6,O1,-445.80407438605107,10
Al6Ta6,S1,-335.02263998566923,10
Al6Tc6,C1,-157.93593986649648,10
Al6Tc6,H1,-17.049097047174655,10
Al6Tc6,N1,-278.0985226644916,10
Al6Tc6,O1,-445.1321115748233,10
Al6Tc6,S1,-334.7830134100386,10
Al6Ti6,C1,-157.03550918788096,10
Al6Ti6,H1,-17.199341301766253,11
Al6Ti6,N1,-278.6035781941573,10
Al6Ti6,O1,-446.28307909737305,10
Al6Ti6,S1,-335.0707819578329,9
Al6Tl6,C1,-156.01173202734208,9
Al6Tl6,H1,-16.571882300682773,9
Al6Tl6,N1,-277.13371257278595,9
Al6Tl6,O1,-445.44191426858924,9
Al6Tl6,S1,-334.06628746418573,9
Al6V6,C1,-157.01975420479357,10
Al6V6,H1,-17.112998084134233,10
Al6V6,N1,-278.132987242725,10
Al6V6,O1,-445.630485349182,10
Al6V6,S1,-334.7171806369406,10
Al6W6,C1,-157.00975402122276,10
Al6W6,H1,-17.246085561198925,10
Al6W6,N1,-277.947740304784,10
Al6W6,O1,-445.1353323142175,10
Al6W6,S1,-334.6137530240612,10
Al6Y6,C1,-157.9215517112225,10
Al6Y6,H1,-17.227415966784974,10
Al6Y6,N1,-279.06182728638123,10
Al6Y6,O1,-446.7248114238173,10
Al6Y6,S1,-335.39429742032553,10
Al6Zn6,C1,-156.03405406975799,8
Al6Zn6,H1,-16.186873600534454,10
Al6Zn6,N1,-277.2854271945034,8
Al6Zn6,O1,-445.22177975144587,6
Al6Zn6,S1,-333.966041406311,6
Al6Zr6,C1,-157.38584650327903,10
Al6Zr6,H1,-17.140451377203135,10
Al6Zr6,N1,-278.6171334089722,10
Al6Zr6,O1,-446.3198985487652,10
Al6Zr6,S1,-335.1812909251894,10
Al9Au3,C1,-156.5047353629816,5
Al9Au3,C1H1,-174.5472454758974,9
Al9Au3,C1H2,-190.92526408182403,9
Al9Au3,C1H3,-207.98563861492948,9
Al9Au3,H1,-16.225012531930588,5
Al9Au3,H1N1,-295.1483428541933,9
Al9Au3,H1S1,-349.7220782545537,9
Al9Au3,H2O1,-476.85569826964365,9
Al9Au3,N1,-278.1556077940195,5
Al9Au3,O1,-445.8847316489646,5
Al9Au3,S1,-334.22350436377747,5
Al9Bi3,C1,-156.89450836827382,1
Al9Bi3,C1H1,-174.33979840254142,9
Al9Bi3,C1H2,-191.14655004866836,9
Al9Bi3,C1H3,-208.0770400206493,9
Al9Bi3,H1,-16.145620462306397,1
Al9Bi3,H1N1,-294.6638429399536,8
Al9Bi3,H1S1,-349.84752368657064,9
Al9Bi3,H2O1,-478.1149198882249,9
Al9Bi3,N1,-277.6786586306298,1
Al9Bi3,O1,-445.20680246971096,1
Al9Bi3,S1,-334.2928289016527,3
Al9Cd3,C1,-157.06306438758202,6
Al9Cd3,H1,-16.157351698063394,5
Al9Cd3,N1,-277.92641419902066,4
Al9Cd3,O1,-445.6537709466984,5
Al9Cd3,S1,-334.1635282968273,5
Al9Cr3,C1,-156.3351767402346,6
Al9Cr3,H1,-16.40803262627287,7
Al9Cr3,N1,-277.1032012643991,7
Al9Cr3,O1,-445.07957441993676,5
Al9Cr3,S1,-333.98829025009945,6
Al9Cu3,C1,-156.15740381704381,8
Al9Cu3,C1H1,-174.2036759037801,9
Al9Cu3,C1H2,-190.7217735436825,9
Al9Cu3,C1H3,-207.8904316971748,9
Al9Cu3,H1,-16.152806444559246,9
Al9Cu3,H1N1,-294.8877353492062,9
Al9Cu3,H1S1,-349.7210849029834,9
Al9Cu3,H2O1,-476.80353785636544,9
Al9Cu3,N1,-277.83182470756583,9
Al9Cu3,O1,-445.67261986412996,9
Al9Cu3,S1,-334.04378541846745,7
Al9Ga3,C1,-156.51636741323819,5
Al9Ga3,C1H1,-174.38805085292552,9
Al9Ga3,C1H2,-190.76950407972254,9
Al9Ga3,C1H3,-207.88511051105888,9
Al9Ga3,H1,-16.167777739789017,4
Al9Ga3,H1N1,-295.05833439921116,9
Al9Ga3,H1S1,-349.68979153942564,9
Al9Ga3,H2O1,-476.810122330975,9
Al9Ga3,N1,-277.9848111893625,3
Al9Ga3,O1,-445.7442055319516,4
Al9Ga3,S1,-334.3197371507049,3
Al9Hf3,C1,-156.31237659380804,9
Al9Hf3,H1,-16.63847141419592,9
Al9Hf3,N1,-277.9498687792293,9
Al9Hf3,O1,-445.5721132572535,9
Al9Hf3,S1,-334.4640640177586,9
Al9Hg3,C1,-158.0773058628738,9
Al9Hg3,H1,-16.238886255994657,9
Al9Hg3,N1,-278.7428338116597,9
Al9Hg3,O1,-445.72345902866437,9
Al9Hg3,S1,-334.2882342594894,9
Al9In3,C1,-156.9677155624595,5
Al9In3,H1,-16.18396388725523,5
Al9In3,N1,-277.80362704709205,5
Al9In3,O1,-445.5585947778063,5
Al9In3,S1,-334.2124617120917,5
Al9Ir3,C1,-155.40277254952161,5
Al9Ir3,C1H1,-173.76956154030267,9
Al9Ir3,C1H2,-190.42955008417994,9
Al9Ir3,C1H3,-207.6282083802107,9
Al9Ir3,H1,-16.477313898050852,5
Al9Ir3,H1N1,-294.75787378169844,9
Al9Ir3,H1S1,-349.58352591526636,9
Al9Ir3,H2O1,-477.5438364798356,9
Al9Ir3,N1,-277.31961693776066,5
Al9Ir3,O1,-445.4687338085241,5
Al9Ir3,S1,-333.96902608694836,5
Al9La3,C1,-157.15020149733755,5
Al9La3,H1,-16.730508613903112,5
Al9La3,N1,-277.80424052774015,5
Al9La3,O1,-445.66871761562743,5
Al9La3,S1,-334.5391667569438,5
Al9Mo3,C1,-156.08521977089276,6
Al9Mo3,H1,-16.311587726609105,6
Al9Mo3,N1,-276.8787957845061,6
Al9Mo3,O1,-445.18869111683944,5
Al9Mo3,S1,-333.9297729854379,6
Al9Nb3,C1,-156.26181240030928,5
Al9Nb3,H1,-16.423084603258758,5
Al9Nb3,N1,-277.31302008197235,5
Al9Nb3,O1,-444.9304127702526,5
Al9Nb3,S1,-334.0769721501165,5
Al9Os3,C1,-155.9588642541421,6
Al9Os3,C1H1,-173.73800885225683,9
Al9Os3,C1H2,-190.5339615246412,9
Al9Os3,C1H3,-207.79171396667334,9
Al9Os3,H1,-16.920089781066054,5
Al9Os3,H1N1,-294.8590357747562,9
Al9Os3,H1S1,-349.7384665826012,9
Al9Os3,H2O1,-477.6949539477373,9
Al9Os3,N1,-277.2571918462654,5
Al9Os3,O1,-445.56180204756674,5
Al9Os3,S1,-334.1108228395333,5
Al9Pb3,C1,-156.835753956404,9
Al9Pb3,H1,-16.265008504220532,9
Al9Pb3,N1,-277.7034084727138,9
Al9Pb3,O1,-445.4191088159405,9
Al9Pb3,S1,-334.16898186632534,9
Al9Pd3,C1,-156.18828860167378,9
Al9Pd3,C1H1,-174.2487063902554,9
Al9Pd3,C1H2,-190.67576371950054,9
Al9Pd3,C1H3,-207.86969498998587,8
Al9Pd3,H1,-16.11360313987825,9
Al9Pd3,H1N1,-294.8810299199922,9
Al9Pd3,H1S1,-349.7140884480232,9
Al9Pd3,H2O1,-476.8431546380216,10
Al9Pd3,N1,-277.8804638317124,9
Al9Pd3,O1,-445.554479600225,8
Al9Pd3,S1,-334.0450225840359,6
Al9Pt3,C1,-155.9041750869619,9
Al9Pt3,C1H1,-174.18527066796014,9
Al9Pt3,C1H2,-190.64797422978518,9
Al9Pt3,C1H3,-207.86861279324876,9
Al9Pt3,H1,-16.102991244399163,9
Al9Pt3,H1N1,-294.9903383210949,9
Al9Pt3,H1S1,-349.65716155269,9
Al9Pt3,H2O1,-477.14418982390634,9
Al9Pt3,N1,-277.7538796032786,9
Al9Pt3,O1,-445.672575509574,9
Al9Pt3,S1,-334.1405669229498,9
Al9Re3,C1,-156.25469948062528,10
Al9Re3,H1,-16.816305154832662,10
Al9Re3,N1,-277.06142063349944,10
Al9Re3,O1,-445.47390778105546,10
Al9Re3,S1,-334.0627918898135,10
Al9Rh3,C1,-155.56064048147346,3
Al9Rh3,C1H1,-173.79762477654458,9
Al9Rh3,C1H2,-190.4254417094462,9
Al9Rh3,C1H3,-207.63534837522639,9
Al9Rh3,H1,-16.044468537464127,2
Al9Rh3,H1N1,-294.69557195776997,9
Al9Rh3,H1S1,-349.57102065169965,9
Al9Rh3,H2O1,-476.94067724454544,9
Al9Rh3,N1,-277.38835411792024,2
Al9Rh3,O1,-445.40983953014256,2
Al9Rh3,S1,-333.9218067167549,2
Al9Ru3,C1,-155.49101566597528,6
Al9Ru3,C1H1,-173.75819099144428,9
Al9Ru3,C1H2,-190.44474437670397,9
Al9Ru3,C1H3,-207.64484664482188,9
Al9Ru3,H1,-16.422035740468345,6
Al9Ru3,H1N1,-294.7644861479803,9
Al9Ru3,H1S1,-349.6947155753951,9
Al9Ru3,H2O1,-477.4155290905219,9
Al9Ru3,N1,-277.29226364653186,6
Al9Ru3,O1,-445.4713104544662,6
Al9Ru3,S1,-334.02700932820335,5
Al9Sc3,C1,-156.5247966836223,5
Al9Sc3,H1,-16.69382889296503,4
Al9Sc3,N1,-277.8170649808426,4
Al9Sc3,O1,-445.8572428450407,4
Al9Sc3,S1,-334.5759712420777,4
Al9Sn3,C1,-156.73400256477362,3
Al9Sn3,C1H1,-174.35114895103834,9
Al9Sn3,C1H2,-190.82527925323484,9
Al9Sn3,C1H3,-207.89960179748232,9
Al9Sn3,H1,-16.166344516203935,5
Al9Sn3,H1N1,-294.88722894535204,9
Al9Sn3,H1S1,-349.63218286287247,9
Al9Sn3,H2O1,-476.9851338429362,10
Al9Sn3,N1,-277.940140845556,3
Al9Sn3,O1,-445.580608379184,4
Al9Sn3,S1,-334.2085940220468,3
Al9Ta3,C1,-156.4812176523601,6
Al9Ta3,H1,-16.465873960159115,6
Al9Ta3,N1,-277.60758222386085,6
Al9Ta3,O1,-445.03685975828466,6
Al9Ta3,S1,-334.13128688865345,6
Al9Tc3,C1,-155.8815817470513,3
Al9Tc3,H1,-16.293309976123965,2
Al9Tc3,N1,-277.1145002473222,2
Al9Tc3,O1,-445.41899792955155,2
Al9Tc3,S1,-334.0223682906271,2
Al9Ti3,C1,-156.3049306067851,9
Al9Ti3,H1,-16.617169798680152,9
Al9Ti3,N1,-277.81709559365027,9
Al9Ti3,O1,-445.4519811200489,9
Al9Ti3,S1,-334.3311781770517,9
Al9Tl3,C1,-157.0569006009655,9
Al9Tl3,H1,-16.334907202297472,9
Al9Tl3,N1,-277.8175312479061,9
Al9Tl3,O1,-445.55767680177087,9
Al9Tl3,S1,-334.2439292285062,8
Al9V3,C1,-156.3917613163585,2
Al9V3,H1,-16.478590111953963,2
Al9V3,N1,-277.3533295294046,2
Al9V3,O1,-445.02440973382454,2
Al9V3,S1,-334.0919903849863,2
Al9W3,C1,-156.37595259078716,6
Al9W3,H1,-16.478340583563295,6
Al9W3,N1,-277.08238169854667,6
Al9W3,O1,-445.1473968894252,6
Al9W3,S1,-333.9131692792871,5
Al9Y3,C1,-157.07159352374038,9
Al9Y3,H1,-16.747471238206344,9
Al9Y3,N1,-277.7807347901298,9
Al9Y3,O1,-445.82310874906216,8
Al9Y3,S1,-334.63691249681415,9
Al9Zn3,C1,-156.51567665225957,9
Al9Zn3,H1,-16.13769827606302,8
Al9Zn3,N1,-278.0287502272331,9
Al9Zn3,O1,-445.75949615277204,9
Al9Zn3,S1,-334.1805199012524,9
Al9Zr3,C1,-156.18726844689263,9
Al9Zr3,H1,-16.64027838614311,9
Al9Zr3,N1,-277.7646889173493,8
Al9Zr3,O1,-445.43179204196076,9
Al9Zr3,S1,-334.3699172555198,9
Au12,C1,-154.33486655170782,8
Au12,C1H1,-172.35669696528203,4
Au12,C1H2,-189.42253867357795,4
Au12,C1H3,-207.26821687398842,4
Au12,H1,-16.136464375864307,8
Au12,H1N1,-291.8110211837411,4
Au12,H1O1,-458.8895533680625,4
Au12,H1S1,-349.03076502008844,4
Au12,H2O1,-476.75510975650104,4
Au12,N1,-273.9750077865974,8
Au12,O1,-441.2890041572173,8
Au12,S1,-332.65244572837037,8
Au3Bi9,C1,-154.9687150578393,4
Au3Bi9,C1H1,-172.54217887352934,9
Au3Bi9,C1H2,-190.21203915261867,9
Au3Bi9,C1H3,-207.85387225055456,9
Au3Bi9,H1,-16.204883454945957,4
Au3Bi9,H1N1,-292.6178396677533,9
Au3Bi9,H1O1,-460.29565468968576,36
Au3Bi9,H1S1,-349.5257392762651,9
Au3Bi9,H2O1,-477.3240494520687,9
Au3Bi9,N1,-275.03623434207475,4
Au3Bi9,O1,-442.887038525907,4
Au3Bi9,S1,-333.1231682468497,4
Au3Cd9,C1,-154.2069422986824,9
Au3Cd9,H1,-15.77798867977981,9
Au3Cd9,N1,-274.461218480541,9
Au3Cd9,O1,-442.7929902688775,9
Au3Cd9,S1,-332.94931090573664,8
Au3Cr9,C1,-157.6126663132054,5
Au3Cr9,H1,-17.328752248755336,6
Au3Cr9,N1,-278.61260475441304,5
Au3Cr9,O1,-445.87725464096366,5
Au3Cr9,S1,-335.29399911659493,5
Au3Cu9,C1,-154.86190928771248,10
Au3Cu9,C1H1,-172.83970705626416,9
Au3Cu9,C1H2,-189.8219514476732,9
Au3Cu9,C1H3,-207.2795968107821,9
Au3Cu9,H1,-16.51053940592101,9
Au3Cu9,H1N1,-293.0214296613776,9
Au3Cu9,H1O1,-460.01548056700994,36
Au3Cu9,H1S1,-349.5863184835398,9
Au3Cu9,H2O1,-476.81571195739525,9
Au3Cu9,N1,-275.1499822804544,9
Au3Cu9,O1,-442.84793944083503,9
Au3Cu9,S1,-333.50711706360016,8
Au3Ga9,C1,-155.44573007277359,7
Au3Ga9,C1H1,-172.86054961573245,9
Au3Ga9,C1H2,-190.04038879080326,8
Au3Ga9,C1H3,-207.48134119441238,8
Au3Ga9,H1,-15.829513843302266,7
Au3Ga9,H1N1,-293.1222423963263,9
Au3Ga9,H1S1,-349.17058581803576,10
Au3Ga9,H2O1,-476.80081630981294,9
Au3Ga9,N1,-275.78832855621295,7
Au3Ga9,O1,-443.523547489036,7
Au3Ga9,S1,-332.98953871901904,7
Au3Hf9,C1,-158.1405126013742,9
Au3Hf9,H1,-17.539575982733368,9
Au3Hf9,N1,-280.0065918400469,9
Au3Hf9,O1,-447.5873245356415,9
Au3Hf9,S1,-335.93583715713976,9
Au3Hg9,C1,-154.56028388691266,5
Au3Hg9,H1,-16.32645548252549,5
Au3Hg9,N1,-274.46481038321144,5
Au3Hg9,O1,-441.91744004698194,5
Au3Hg9,S1,-332.5970140985846,4
Au3In9,C1,-154.7860964674619,5
Au3In9,H1,-15.928919613637845,5
Au3In9,N1,-275.0531214547809,5
Au3In9,O1,-443.24999729748015,5
Au3In9,S1,-332.83856914498756,5
Au3Ir9,C1,-157.99544572073137,9
Au3Ir9,C1H1,-175.32520574309456,9
Au3Ir9,C1H2,-191.24398789172847,9
Au3Ir9,C1H3,-208.00055671190785,9
Au3Ir9,H1,-16.80731845925402,9
Au3Ir9,H1N1,-294.31293241675667,9
Au3Ir9,H1O1,-459.7959259244599,18
Au3Ir9,H1S1,-350.2549651794652,9
Au3Ir9,H2O1,-476.8910151084201,9
Au3Ir9,N1,-277.41753492569114,9
Au3Ir9,O1,-443.4252115342497,9
Au3Ir9,S1,-334.9719317078925,9
Au3La9,C1,-157.54850704021374,9
Au3La9,H1,-17.237906499492965,9
Au3La9,N1,-279.4733253163249,9
Au3La9,O1,-447.1075256600816,9
Au3La9,S1,-335.8890141207521,9
Au3Mo9,C1,-157.8531029717342,9
Au3Mo9,H1,-17.42519701236597,9
Au3Mo9,N1,-278.60824072872856,9
Au3Mo9,O1,-445.775321613346,9
Au3Mo9,S1,-335.39646562339476,9
Au3Nb9,C1,-158.21119036136952,9
Au3Nb9,H1,-17.500367371838365,9
Au3Nb9,N1,-279.3903722289542,9
Au3Nb9,O1,-446.5435524502391,9
Au3Nb9,S1,-335.60447814930376,9
Au3Os9,C1H1,-175.42959106062335,9
Au3Os9,C1H2,-191.69437085316167,9
Au3Os9,C1H3,-207.8404515960283,9
Au3Os9,H1N1,-295.0126226757384,9
Au3Os9,H1O1,-460.10086948140815,18
Au3Os9,H1S1,-351.68611253907875,9
Au3Os9,H2O1,-476.91756988158886,9
Au3Pb9,C1,-154.1768968491815,3
Au3Pb9,H1,-16.102662939054426,3
Au3Pb9,N1,-274.7000417761192,3
Au3Pb9,O1,-442.78718648886934,4
Au3Pb9,S1,-332.798538070012,3
Au3Pd9,C1,-156.51235142115183,9
Au3Pd9,C1H1,-173.82585454644504,9
Au3Pd9,C1H2,-190.36608946346678,9
Au3Pd9,C1H3,-207.6347543507145,9
Au3Pd9,H1,-16.7743354048107,9
Au3Pd9,H1N1,-292.9466779490467,9
Au3Pd9,H1O1,-459.42896231746636,54
Au3Pd9,H1S1,-349.82843734981,9
Au3Pd9,H2O1,-476.8660275748989,9
Au3Pd9,N1,-275.66354449688515,9
Au3Pd9,O1,-442.30175145541943,9
Au3Pd9,S1,-333.7869420642055,9
Au3Pt9,C1,-157.16733092742652,7
Au3Pt9,C1H1,-174.51088358392371,9
Au3Pt9,C1H2,-190.78862116534947,9
Au3Pt9,C1H3,-207.9863193076999,9
Au3Pt9,H1,-16.74361688174031,9
Au3Pt9,H1N1,-293.2595730805333,9
Au3Pt9,H1O1,-459.40846139692076,36
Au3Pt9,H1S1,-349.92994288659975,9
Au3Pt9,H2O1,-476.82988432640195,9
Au3Pt9,N1,-276.0714183786695,7
Au3Pt9,O1,-442.28437494597165,8
Au3Pt9,S1,-334.0355283961544,9
Au3Re9,C1,-157.85970812699452,7
Au3Re9,H1,-17.128654425952845,7
Au3Re9,H1O1,-461.58973286648325,54
Au3Re9,N1,-278.2337522216876,7
Au3Re9,O1,-445.2191586148947,7
Au3Re9,S1,-335.4035765022236,7
Au3Rh9,C1,-157.6035054647691,7
Au3Rh9,C1H1,-174.84484223131585,9
Au3Rh9,C1H2,-191.1275842583418,9
Au3Rh9,C1H3,-207.7958630224275,9
Au3Rh9,H1,-16.88253589441956,7
Au3Rh9,H1N1,-294.17347802009317,9
Au3Rh9,H1O1,-459.8963747071466,36
Au3Rh9,H1S1,-350.3307427609725,9
Au3Rh9,H2O1,-476.9217019302341,9
Au3Rh9,N1,-277.14403153771855,7
Au3Rh9,O1,-443.463263933445,7
Au3Rh9,S1,-334.82451022620444,7
Au3Ru9,C1,-157.81953106294895,7
Au3Ru9,C1H1,-175.00276962014323,5
Au3Ru9,C1H2,-191.4659425783393,9
Au3Ru9,C1H3,-208.09079129348902,9
Au3Ru9,H1,-16.849718421253783,7
Au3Ru9,H1N1,-294.746364726896,5
Au3Ru9,H1O1,-460.4304427421812,36
Au3Ru9,H1S1,-351.2818579074046,9
Au3Ru9,H2O1,-476.9282798741151,9
Au3Ru9,N1,-277.7874977714164,7
Au3Ru9,O1,-444.391176204972,7
Au3Ru9,S1,-335.149292514674,7
Au3Sc9,C1,-157.54950420137538,7
Au3Sc9,H1,-17.63440153294505,7
Au3Sc9,N1,-279.7143119169232,7
Au3Sc9,O1,-447.7253208102993,7
Au3Sc9,S1,-336.06276969128885,7
Au3Sn9,C1,-154.5569191992945,3
Au3Sn9,C1H1,-172.30958358343196,9
Au3Sn9,C1H2,-190.0483200928502,7
Au3Sn9,C1H3,-207.67892210026548,5
Au3Sn9,H1,-16.03581273230884,3
Au3Sn9,H1N1,-292.5273951503441,9
Au3Sn9,H1S1,-349.3704409152924,9
Au3Sn9,H2O1,-476.8418479473694,9
Au3Sn9,N1,-275.34937614474984,3
Au3Sn9,O1,-443.10797128898776,3
Au3Sn9,S1,-332.8587994483205,3
Au3Ta9,C1,-158.6602059507677,7
Au3Ta9,H1,-17.590689165903314,7
Au3Ta9,N1,-279.88534553272984,5
Au3Ta9,O1,-446.882046146864,6
Au3Ta9,S1,-335.8160608087783,7
Au3Tc9,C1,-157.68155383626072,7
Au3Tc9,H1,-17.10449411850641,7
Au3Tc9,H1O1,-461.32706872510244,17
Au3Tc9,N1,-278.04751778263017,7
Au3Tc9,O1,-445.0669113303411,7
Au3Tc9,S1,-335.2420890480462,7
Au3Ti9,C1,-157.92211729983683,6
Au3Ti9,H1,-17.56085759788766,5
Au3Ti9,N1,-279.7172282969914,5
Au3Ti9,O1,-447.38583961255426,7
Au3Ti9,S1,-335.7799857247919,5
Au3Tl9,C1,-154.16530221457288,7
Au3Tl9,H1,-15.94058295699142,7
Au3Tl9,N1,-274.37668318725264,7
Au3Tl9,O1,-442.98145100730835,7
Au3Tl9,S1,-332.75882944993646,7
Au3V9,C1,-158.06438508147403,7
Au3V9,H1,-17.47912807039029,7
Au3V9,N1,-279.4164083531505,7
Au3V9,O1,-446.70981373354516,7
Au3V9,S1,-335.4914011075962,6
Au3W9,C1,-158.17004634079785,7
Au3W9,H1,-17.491214142588433,7
Au3W9,N1,-278.90929196932484,7
Au3W9,O1,-445.92217641796015,7
Au3W9,S1,-335.4899760474218,7
Au3Y9,C1,-157.32232982712048,6
Au3Y9,H1,-17.541228666135794,5
Au3Y9,N1,-279.45838817138247,6
Au3Y9,O1,-447.55370786413005,5
Au3Y9,S1,-336.09184559917594,5
Au3Zn9,C1,-154.4355870400541,3
Au3Zn9,H1,-16.00706240862928,3
Au3Zn9,H1O1,-460.3090081320843,18
Au3Zn9,N1,-275.48242607010616,3
Au3Zn9,O1,-443.581680256837,3
Au3Zn9,S1,-333.39542086355505,3
Au3Zr9,C1,-157.9976011344479,3
Au3Zr9,H1,-17.505394538948167,3
Au3Zr9,N1,-279.7162274622897,3
Au3Zr9,O1,-447.29938074653546,3
Au3Zr9,S1,-335.82444327557823,3
Au6Bi6,C1,-154.88851208897177,8
Au6Bi6,C1H1,-172.36978781783546,20
Au6Bi6,C1H2,-189.85858300445398,20
Au6Bi6,C1H3,-207.52261242820896,20
Au6Bi6,H1,-16.12308862012287,7
Au6Bi6,H1N1,-292.461566458951,20
Au6Bi6,H1O1,-459.94187894381685,80
Au6Bi6,H1S1,-349.48651828418224,27
Au6Bi6,H2O1,-476.9093421115067,21
Au6Bi6,N1,-274.9286447480299,8
Au6Bi6,O1,-442.648999598463,8
Au6Bi6,S1,-332.91892286491566,8
Au6Cd6,C1,-154.4985348622431,8
Au6Cd6,H1,-15.943530358039425,9
Au6Cd6,N1,-274.2487756692244,8
Au6Cd6,O1,-442.3110291767516,8
Au6Cd6,S1,-332.78026589785804,8
Au6Cr6,C1,-156.35429001626107,8
Au6Cr6,H1,-16.60990599187062,10
Au6Cr6,N1,-277.0627711344787,9
Au6Cr6,O1,-444.6150777300354,10
Au6Cr6,S1,-334.16468328401606,7
Au6Cu6,C1,-154.6826296701911,15
Au6Cu6,C1H1,-172.58408984695416,10
Au6Cu6,C1H2,-189.60108861784101,9
Au6Cu6,C1H3,-207.2348449688725,10
Au6Cu6,H1,-16.294080330400902,15
Au6Cu6,H1N1,-292.63926672775415,10
Au6Cu6,H1O1,-459.8166967819416,60
Au6Cu6,H1S1,-349.5585783824863,10
Au6Cu6,H2O1,-476.84485426106403,10
Au6Cu6,N1,-274.7092031687862,14
Au6Cu6,O1,-442.3381560692651,14
Au6Cu6,S1,-333.2375715714006,14
Au6Hf6,C1,-156.99781910825914,8
Au6Hf6,H1,-17.236822534017847,8
Au6Hf6,N1,-278.74074615428617,8
Au6Hf6,O1,-446.7326151044799,8
Au6Hf6,S1,-335.3616361405002,8
Au6Hg6,C1,-154.82035383101174,9
Au6Hg6,H1,-15.999595196728478,10
Au6Hg6,N1,-274.6112541598741,9
Au6Hg6,O1,-442.1166160841567,9
Au6Hg6,S1,-332.8788104279047,9
Au6In6,C1,-154.84328241517142,8
Au6In6,H1,-16.052446643097937,9
Au6In6,N1,-274.84894736667775,10
Au6In6,O1,-442.85556488692964,10
Au6In6,S1,-332.8259374845402,8
Au6Ir6,C1,-157.2760948287323,8
Au6Ir6,C1H1,-174.67380589437016,10
Au6Ir6,C1H2,-190.51931390882237,10
Au6Ir6,C1H3,-207.82735897473685,10
Au6Ir6,H1,-16.711126353344298,9
Au6Ir6,H1N1,-293.5645804481719,10
Au6Ir6,H1O1,-459.73169386101654,20
Au6Ir6,H1S1,-350.1375695550814,10
Au6Ir6,H2O1,-476.8977331909264,10
Au6Ir6,N1,-276.71360390858536,8
Au6Ir6,O1,-442.88737281775684,8
Au6Ir6,S1,-334.1367241313201,8
Au6La6,C1,-156.57416643342367,8
Au6La6,H1,-16.924984020566626,8
Au6La6,N1,-277.80967042333214,8
Au6La6,O1,-446.3468353697681,8
Au6La6,S1,-334.883559337366,8
Au6Mo6,C1,-157.37524345150086,8
Au6Mo6,H1,-16.98449545313997,10
Au6Mo6,N1,-277.92707135394085,8
Au6Mo6,O1,-444.9012903308976,10
Au6Mo6,S1,-335.0093079042017,8
Au6Nb6,C1,-157.06779073284633,8
Au6Nb6,H1,-17.081170561108593,12
Au6Nb6,N1,-278.1237518350972,9
Au6Nb6,O1,-445.4859991594749,10
Au6Nb6,S1,-334.9083578878235,8
Au6Os6,C1,-157.17861127054857,8
Au6Os6,C1H1,-174.15961509496628,10
Au6Os6,C1H2,-190.75954484928297,10
Au6Os6,C1H3,-207.84422010058188,10
Au6Os6,H1,-16.586885841403273,8
Au6Os6,H1N1,-293.6259761330184,10
Au6Os6,H1O1,-459.75111544202446,12
Au6Os6,H1S1,-349.6633156792668,10
Au6Os6,H2O1,-476.7950151148834,10
Au6Os6,N1,-276.97100047027925,8
Au6Os6,O1,-443.2673652353478,8
Au6Os6,S1,-333.55867923459664,8
Au6Pb6,C1,-154.54637111451302,10
Au6Pb6,H1,-15.956778628442407,11
Au6Pb6,N1,-274.54694780935097,10
Au6Pb6,O1,-442.54421087216906,10
Au6Pb6,S1,-332.7255982276765,10
Au6Pd6,C1,-155.73545756809108,12
Au6Pd6,C1H1,-173.19814343189137,10
Au6Pd6,C1H2,-190.0982684927294,10
Au6Pd6,C1H3,-207.56378189142924,8
Au6Pd6,H1,-16.585224994592863,14
Au6Pd6,H1N1,-292.38696903516757,10
Au6Pd6,H1O1,-459.36465242945997,60
Au6Pd6,H1S1,-349.6984861207966,9
Au6Pd6,H2O1,-476.8654413056356,10
Au6Pd6,N1,-274.9627629253482,12
Au6Pd6,O1,-441.83378517801975,12
Au6Pd6,S1,-333.2716067540023,12
Au6Pt6,C1,-156.45500220514077,12
Au6Pt6,C1H1,-173.90547478352528,10
Au6Pt6,C1H2,-190.16016690789183,10
Au6Pt6,C1H3,-207.87935271828974,9
Au6Pt6,H1,-16.706388851413067,15
Au6Pt6,H1N1,-292.7825863654325,10
Au6Pt6,H1O1,-459.30811166366766,58
Au6Pt6,H1S1,-349.85717012215173,10
Au6Pt6,H2O1,-476.8408188128269,10
Au6Pt6,N1,-275.56930439959615,12
Au6Pt6,O1,-442.0272986622658,12
Au6Pt6,S1,-333.5835617321718,11
Au6Re6,C1,-157.58685155361673,12
Au6Re6,H1,-17.147639672421064,13
Au6Re6,H1O1,-461.1098101791249,60
Au6Re6,N1,-277.83715378498164,12
Au6Re6,O1,-444.50811426993823,12
Au6Re6,S1,-334.7990679904651,11
Au6Rh6,C1,-157.09338181485873,12
Au6Rh6,C1H1,-174.3291135805557,10
Au6Rh6,C1H2,-190.55448203738706,10
Au6Rh6,C1H3,-207.7873982411911,10
Au6Rh6,H1,-16.70126658051595,11
Au6Rh6,H1N1,-293.4232279214302,10
Au6Rh6,H1O1,-459.8919880960093,60
Au6Rh6,H1S1,-350.2261696848873,10
Au6Rh6,H2O1,-476.9287000178774,10
Au6Rh6,N1,-276.51648260301226,12
Au6Rh6,O1,-442.8376212922376,11
Au6Rh6,S1,-334.0924551554235,12
Au6Ru6,C1,-156.61155895656702,8
Au6Ru6,C1H1,-173.95694239497243,10
Au6Ru6,C1H2,-190.04214283659894,8
Au6Ru6,C1H3,-207.08063928102274,9
Au6Ru6,H1,-16.585685003035906,9
Au6Ru6,H1N1,-293.3050407178889,10
Au6Ru6,H1O1,-459.8708775044106,60
Au6Ru6,H1S1,-349.6860554164232,10
Au6Ru6,H2O1,-476.7299479340727,10
Au6Ru6,N1,-276.42940644675764,10
Au6Ru6,O1,-442.93496294305805,11
Au6Ru6,S1,-333.6980446500347,11
Au6Sc6,C1,-157.05707856341178,8
Au6Sc6,H1,-17.082510313593957,8
Au6Sc6,N1,-277.89169587462675,8
Au6Sc6,O1,-446.37301680275414,8
Au6Sc6,S1,-335.0169317176187,8
Au6Sn6,C1,-154.77952192500743,8
Au6Sn6,C1H1,-172.53749144054382,10
Au6Sn6,C1H2,-189.9243632595826,9
Au6Sn6,C1H3,-207.39783381115558,8
Au6Sn6,H1,-15.920148704335588,8
Au6Sn6,H1N1,-292.7207440057209,10
Au6Sn6,H1S1,-349.14739682093204,10
Au6Sn6,H2O1,-476.80594592777925,10
Au6Sn6,N1,-275.0930649091024,8
Au6Sn6,O1,-442.9996245381917,8
Au6Sn6,S1,-332.7517742183845,8
Au6Ta6,C1,-157.27142181778618,8
Au6Ta6,H1,-17.17512208167318,8
Au6Ta6,N1,-278.44704538875885,8
Au6Ta6,O1,-445.7907489713725,8
Au6Ta6,S1,-335.05514180679165,8
Au6Tc6,C1,-156.744579357568,8
Au6Tc6,H1,-16.71289046736638,10
Au6Tc6,H1O1,-459.7926933481176,20
Au6Tc6,N1,-276.73468552007034,8
Au6Tc6,O1,-443.41675165106426,8
Au6Tc6,S1,-333.64345385200795,8
Au6Ti6,C1,-156.92984969730242,8
Au6Ti6,H1,-17.086975293517753,11
Au6Ti6,N1,-278.4567406687711,8
Au6Ti6,O1,-446.1819962894442,8
Au6Ti6,S1,-335.04051010962576,8
Au6Tl6,C1,-154.33698454977275,8
Au6Tl6,H1,-16.180835802624642,10
Au6Tl6,N1,-274.22615307707747,8
Au6Tl6,O1,-442.2894652434952,9
Au6Tl6,S1,-332.70301563626344,8
Au6V6,C1,-157.07930890346324,8
Au6V6,H1,-17.007704994834057,10
Au6V6,N1,-278.1729457993606,8
Au6V6,O1,-445.4963507780667,8
Au6V6,S1,-334.80388685443177,8
Au6W6,C1,-157.90027417778037,8
Au6W6,H1,-17.116959109229356,10
Au6W6,N1,-278.2335501771704,10
Au6W6,O1,-445.1747922222494,10
Au6W6,S1,-334.97538728153086,8
Au6Y6,C1,-156.72384156192493,10
Au6Y6,H1,-17.1566152113337,10
Au6Y6,N1,-277.61477201570597,10
Au6Y6,O1,-446.3721676715213,10
Au6Y6,S1,-335.0585647267617,8
Au6Zn6,C1,-154.92911419484153,7
Au6Zn6,H1,-15.934435361152282,9
Au6Zn6,H1O1,-460.1548248936306,20
Au6Zn6,N1,-274.92203278992383,8
Au6Zn6,O1,-442.8372048220044,8
Au6Zn6,S1,-333.08022228843765,8
Au6Zr6,C1,-156.82662793854252,8
Au6Zr6,H1,-17.146156515944313,10
Au6Zr6,N1,-278.4460946230065,8
Au6Zr6,O1,-446.3198875281596,8
Au6Zr6,S1,-335.1841595492806,8
Au9Bi3,C1,-154.91283430415933,4
Au9Bi3,C1H1,-172.52693614474265,9
Au9Bi3,C1H2,-189.7421068527292,9
Au9Bi3,C1H3,-207.36744930781424,9
Au9Bi3,H1,-16.133564186573494,4
Au9Bi3,H1N1,-292.2597019370587,9
Au9Bi3,H1O1,-459.64163751399974,36
Au9Bi3,H1S1,-349.2196057654983,9
Au9Bi3,H2O1,-476.8244491245823,9
Au9Bi3,N1,-274.70244998358976,4
Au9Bi3,O1,-441.9097525589277,4
Au9Bi3,S1,-332.9799185424199,4
Au9Cd3,C1,-154.17823809829497,9
Au9Cd3,H1,-16.062107772828313,9
Au9Cd3,N1,-273.9953287038443,9
Au9Cd3,O1,-441.7314092851302,9
Au9Cd3,S1,-332.64179954655265,9
Au9Cr3,C1,-157.94084975254736,5
Au9Cr3,H1,-16.515382760135253,5
Au9Cr3,N1,-277.4647772895041,5
Au9Cr3,O1,-444.8732053255553,5
Au9Cr3,S1,-334.1394132963287,5
Au9Cu3,C1,-154.40653031619513,9
Au9Cu3,C1H1,-172.42951816598725,9
Au9Cu3,C1H2,-189.4663187969636,9
Au9Cu3,C1H3,-207.24715784795262,9
Au9Cu3,H1,-16.175010117447528,9
Au9Cu3,H1N1,-292.21818375994553,9
Au9Cu3,H1O1,-459.39085794451967,54
Au9Cu3,H1S1,-349.03934925929934,9
Au9Cu3,H2O1,-476.82770483060085,9
Au9Cu3,N1,-274.28883545220015,9
Au9Cu3,O1,-441.79762818776,9
Au9Cu3,S1,-332.8965449031057,9
Au9Ga3,C1,-154.8434685410357,3
Au9Ga3,C1H1,-172.81790692818686,9
Au9Ga3,C1H2,-190.1006026852374,9
Au9Ga3,C1H3,-207.58982821989048,9
Au9Ga3,H1,-16.098343131863658,5
Au9Ga3,H1N1,-292.7476744320411,9
Au9Ga3,H1S1,-349.178077248067,9
Au9Ga3,H2O1,-476.8815780644363,9
Au9Ga3,N1,-275.0161784637021,4
Au9Ga3,O1,-442.58976912343496,3
Au9Ga3,S1,-332.84316854914505,3
Au9Hf3,C1,-155.54290954374665,5
Au9Hf3,H1,-16.544184921502165,5
Au9Hf3,N1,-277.6953065552807,5
Au9Hf3,O1,-445.0486183414796,5
Au9Hf3,S1,-334.17348698303977,5
Au9Hg3,C1,-154.11236097063374,3
Au9Hg3,H1,-16.106118648745905,5
Au9Hg3,N1,-273.91507893139715,5
Au9Hg3,O1,-441.4885536706315,5
Au9Hg3,S1,-332.5462991540189,3
Au9In3,C1,-154.7228482316059,9
Au9In3,H1,-16.10730914679516,9
Au9In3,N1,-274.39973912069036,9
Au9In3,O1,-442.1077623161873,9
Au9In3,S1,-332.6033046902485,9
Au9Ir3,C1,-156.66727154389082,9
Au9Ir3,C1H1,-173.92330096109436,9
Au9Ir3,C1H2,-190.89186333263933,5
Au9Ir3,C1H3,-208.11262693241224,7
Au9Ir3,H1,-16.927382295885764,10
Au9Ir3,H1N1,-292.8807330650452,9
Au9Ir3,H1O1,-459.98603295161956,18
Au9Ir3,H1S1,-349.97625720615906,9
Au9Ir3,H2O1,-477.01652067760006,9
Au9Ir3,N1,-276.09565093234414,9
Au9Ir3,O1,-442.591521944727,11
Au9Ir3,S1,-333.6421105620393,9
Au9La3,C1,-155.43436564647345,5
Au9La3,H1,-16.247634851963085,5
Au9La3,N1,-276.0429638427304,5
Au9La3,O1,-443.7738899076285,5
Au9La3,S1,-333.5832693458542,5
Au9Mo3,C1,-157.6071728790339,6
Au9Mo3,H1,-16.650829600239376,6
Au9Mo3,N1,-277.9967139928958,5
Au9Mo3,O1,-445.37709607193756,5
Au9Mo3,S1,-334.38149814838107,5
Au9Nb3,C1,-157.478646846248,5
Au9Nb3,H1,-16.55183581024903,5
Au9Nb3,N1,-277.4426915779659,5
Au9Nb3,O1,-445.6801800029134,5
Au9Nb3,S1,-334.4397377208734,5
Au9Os3,C1,-158.05780210348894,5
Au9Os3,C1H1,-174.5987797552334,9
Au9Os3,C1H2,-191.83730735456265,9
Au9Os3,C1H3,-208.21218944032807,9
Au9Os3,H1,-16.937526291621907,5
Au9Os3,H1N1,-293.8704649747742,9
Au9Os3,H1O1,-460.5404273461718,18
Au9Os3,H1S1,-350.5697188484701,9
Au9Os3,H2O1,-477.20285103678907,9
Au9Os3,N1,-277.53091156473965,5
Au9Os3,O1,-443.97969994413506,5
Au9Os3,S1,-334.11763357679956,5
Au9Pb3,C1,-154.9289516068202,6
Au9Pb3,H1,-16.140935070176056,5
Au9Pb3,N1,-274.69181659111564,5
Au9Pb3,O1,-441.9133588836303,5
Au9Pb3,S1,-332.9667316336854,5
Au9Pd3,C1,-154.83543587657914,9
Au9Pd3,C1H1,-172.5496530243363,9
Au9Pd3,C1H2,-189.60565359959946,9
Au9Pd3,C1H3,-207.41113840912658,9
Au9Pd3,H1,-16.287623341126164,9
Au9Pd3,H1N1,-291.877287706302,9
Au9Pd3,H1O1,-459.0594680517679,36
Au9Pd3,H1S1,-349.0909217706321,9
Au9Pd3,H2O1,-476.7819914744505,9
Au9Pd3,N1,-274.27178915289915,9
Au9Pd3,O1,-441.3933773656863,9
Au9Pd3,S1,-332.8086596163557,9
Au9Pt3,C1,-155.5032398359508,9
Au9Pt3,C1H1,-173.09604468695034,9
Au9Pt3,C1H2,-190.17464254777587,9
Au9Pt3,C1H3,-207.90119760908783,9
Au9Pt3,H1,-16.689029485136416,9
Au9Pt3,H1N1,-292.22161702025915,9
Au9Pt3,H1O1,-459.39080937220933,54
Au9Pt3,H1S1,-349.5183716580286,9
Au9Pt3,H2O1,-476.7982578955016,9
Au9Pt3,N1,-274.7759911975154,9
Au9Pt3,O1,-441.6465935785345,9
Au9Pt3,S1,-333.09376158459054,9
Au9Re3,C1,-157.38927636215885,8
Au9Re3,H1,-16.893481809638615,9
Au9Re3,H1O1,-461.1243633714439,36
Au9Re3,N1,-278.1313378246923,9
Au9Re3,O1,-446.1124916122062,9
Au9Re3,S1,-334.511227740677,7
Au9Rh3,C1,-156.1573303463083,9
Au9Rh3,C1H1,-173.45756438449098,8
Au9Rh3,C1H2,-190.32279628779725,7
Au9Rh3,C1H3,-207.79945832652447,5
Au9Rh3,H1,-16.54154065527473,9
Au9Rh3,H1N1,-292.55142810851976,9
Au9Rh3,H1O1,-459.6846946309197,36
Au9Rh3,H1S1,-349.68489893260994,9
Au9Rh3,H2O1,-477.01482363964533,9
Au9Rh3,N1,-275.44263989758474,9
Au9Rh3,O1,-442.0950418105713,9
Au9Rh3,S1,-333.34854204383373,9
Au9Ru3,C1,-156.88868662875393,7
Au9Ru3,C1H1,-174.0185035250288,9
Au9Ru3,C1H2,-190.76455446505497,9
Au9Ru3,C1H3,-207.90008996970937,9
Au9Ru3,H1,-16.63095549391801,9
Au9Ru3,H1N1,-293.18481252449783,9
Au9Ru3,H1O1,-460.19746812539233,36
Au9Ru3,H1S1,-349.9548289216509,9
Au9Ru3,H2O1,-477.15986711849473,9
Au9Ru3,N1,-277.01205986345303,9
Au9Ru3,O1,-443.2847446019987,9
Au9Ru3,S1,-333.77418536745245,7
Au9Sc3,C1,-154.90133395700104,9
Au9Sc3,H1,-16.273182667882793,8
Au9Sc3,N1,-275.63870240821416,10
Au9Sc3,O1,-443.9164398713219,9
Au9Sc3,S1,-333.6315983962886,9
Au9Sn3,C1,-154.8047251087446,4
Au9Sn3,C1H1,-172.42831215745537,9
Au9Sn3,C1H2,-189.54144847542193,9
Au9Sn3,C1H3,-207.36595077690436,9
Au9Sn3,H1,-16.090876736299833,5
Au9Sn3,H1N1,-292.33449514674794,9
Au9Sn3,H1S1,-348.9729718503513,9
Au9Sn3,H2O1,-476.8237432612841,9
Au9Sn3,N1,-274.5015882011903,5
Au9Sn3,O1,-442.1336290495201,5
Au9Sn3,S1,-332.56974067276315,3
Au9Ta3,C1,-156.54640946131622,6
Au9Ta3,H1,-16.806787020930642,6
Au9Ta3,N1,-277.4249924775577,6
Au9Ta3,O1,-445.913304690479,6
Au9Ta3,S1,-334.742288989004,5
Au9Tc3,C1,-157.07267857767147,9
Au9Tc3,H1,-16.672590952086466,9
Au9Tc3,H1O1,-460.7207166420849,17
Au9Tc3,N1,-277.8779512685833,9
Au9Tc3,O1,-445.0066179786518,9
Au9Tc3,S1,-334.1309595357052,9
Au9Ti3,C1,-155.64247314011664,5
Au9Ti3,H1,-16.376408508345776,6
Au9Ti3,N1,-276.5772833109513,5
Au9Ti3,O1,-445.1131961255596,7
Au9Ti3,S1,-334.02811860026486,4
Au9Tl3,C1,-155.01207571774285,5
Au9Tl3,H1,-16.17270354449647,5
Au9Tl3,N1,-274.69252313470133,5
Au9Tl3,O1,-442.0342034148671,5
Au9Tl3,S1,-333.09202236898636,3
Au9V3,C1,-156.18707388549592,5
Au9V3,H1,-16.47003553315153,5
Au9V3,N1,-277.2624931680657,5
Au9V3,O1,-445.24845942487445,5
Au9V3,S1,-334.1832591352104,5
Au9W3,C1,-158.00407703563906,6
Au9W3,H1,-16.851294640662672,5
Au9W3,N1,-278.60613987383476,5
Au9W3,O1,-446.5306747988798,5
Au9W3,S1,-334.8014541567136,5
Au9Y3,C1,-155.2150734577226,7
Au9Y3,H1,-16.244579965950834,9
Au9Y3,N1,-275.42063962978136,7
Au9Y3,O1,-443.64873822249865,8
Au9Y3,S1,-333.56971045750106,7
Au9Zn3,C1,-154.2674125243575,3
Au9Zn3,H1,-16.002379873694736,4
Au9Zn3,H1O1,-459.6602774480052,18
Au9Zn3,N1,-274.39285055886285,3
Au9Zn3,O1,-442.1054059464004,4
Au9Zn3,S1,-332.8354546660412,3
Au9Zr3,C1,-155.61835569059622,9
Au9Zr3,H1,-16.389950661694456,9
Au9Zr3,N1,-276.503794342887,9
Au9Zr3,O1,-445.16232369404315,9
Au9Zr3,S1,-334.09151690690487,9
Bi12,C1,-154.8439760333422,4
Bi12,C1H1,-172.65173421793588,5
Bi12,C1H2,-190.58226499636658,6
Bi12,C1H3,-208.08623393091693,8
Bi12,H1,-16.22762128730028,4
Bi12,H1N1,-292.4784671773559,4
Bi12,H1O1,-460.03191216115374,4
Bi12,H1S1,-349.4337634382282,4
Bi12,H2O1,-477.55136967934595,4
Bi12,N1,-275.1405580258179,4
Bi12,O1,-442.76735387990993,4
Bi12,S1,-332.9755535643344,4
Bi3Cd9,C1,-154.88285729129348,2
Bi3Cd9,H1,-15.859511128641316,4
Bi3Cd9,N1,-275.32470997767086,4
Bi3Cd9,O1,-443.054318739476,4
Bi3Cd9,S1,-333.1679855321272,4
Bi3Cr9,O1,-445.15802728864946,2
Bi3Cu9,C1,-155.12965461079148,5
Bi3Cu9,C1H1,-172.72740172939666,9
Bi3Cu9,C1H2,-189.77097078393126,9
Bi3Cu9,C1H3,-207.26530920156074,9
Bi3Cu9,H1,-16.35861280751851,6
Bi3Cu9,H1N1,-293.143427955285,9
Bi3Cu9,H1O1,-460.2913800533788,36
Bi3Cu9,H1S1,-349.68838511904323,9
Bi3Cu9,H2O1,-476.77893386729556,9
Bi3Cu9,N1,-275.45903285156237,6
Bi3Cu9,O1,-443.2026539794242,6
Bi3Cu9,S1,-333.7686500277414,6
Bi3Ga9,C1H1,-172.59319463994325,9
Bi3Ga9,C1H2,-189.99158925554366,9
Bi3Ga9,C1H3,-207.42621691720706,9
Bi3Ga9,H1N1,-292.972088483526,9
Bi3Ga9,H1S1,-349.26094217054924,9
Bi3Ga9,H2O1,-476.7827010112742,9
Bi3Hf9,S1,-335.93681731118704,1
Bi3Hg9,S1,-332.8091162233759,1
Bi3Ir9,C1H1,-174.70750814568237,9
Bi3Ir9,C1H2,-191.01617418600654,9
Bi3Ir9,C1H3,-207.93589661338774,9
Bi3Ir9,H1N1,-293.83351613324703,9
Bi3Ir9,H1O1,-460.07070253308484,18
Bi3Ir9,H1S1,-350.31494845743146,9
Bi3Ir9,H2O1,-476.8640426405036,9
Bi3La9,O1,-446.5574701206897,1
Bi3Mo9,S1,-335.04892727094193,1
Bi3Os9,C1H1,-175.38596617818257,9
Bi3Os9,C1H2,-191.28371215835796,9
Bi3Os9,C1H3,-207.9774682608695,9
Bi3Os9,H1N1,-294.74488197858955,9
Bi3Os9,H1O1,-460.40206018035315,18
Bi3Os9,H1S1,-350.3642474576409,9
Bi3Os9,H2O1,-477.0109326838683,9
Bi3Pb9,N1,-275.0297641552679,1
Bi3Pb9,O1,-443.0360012603742,1
Bi3Pd9,C1,-155.40123442605181,4
Bi3Pd9,C1H1,-172.91880592321832,9
Bi3Pd9,C1H2,-189.90340641229704,9
Bi3Pd9,C1H3,-207.35957433332442,9
Bi3Pd9,H1,-16.66917129747162,3
Bi3Pd9,H1N1,-292.37634258159596,9
Bi3Pd9,H1O1,-459.5129069876639,36
Bi3Pd9,H1S1,-349.7119594293508,9
Bi3Pd9,H2O1,-476.81901283431216,9
Bi3Pd9,N1,-274.72592932615953,4
Bi3Pd9,O1,-441.9955748146167,4
Bi3Pd9,S1,-333.35540502695585,4
Bi3Pt9,C1,-156.75134601238824,6
Bi3Pt9,C1H1,-174.1510956188431,8
Bi3Pt9,C1H2,-190.76086977156228,9
Bi3Pt9,C1H3,-207.7836490567206,8
Bi3Pt9,H1,-16.73904958701314,4
Bi3Pt9,H1N1,-293.11092395726155,9
Bi3Pt9,H1O1,-459.66679811192444,48
Bi3Pt9,H1S1,-349.85962431686494,9
Bi3Pt9,H2O1,-476.8863803294589,9
Bi3Pt9,N1,-275.6925244846425,5
Bi3Pt9,O1,-442.4903400873591,5
Bi3Pt9,S1,-334.09280155633314,6
Bi3Re9,C1,-159.3723071858767,3
Bi3Re9,H1,-18.746447388639353,4
Bi3Re9,H1O1,-464.7806604210491,54
Bi3Re9,N1,-279.546178082237,4
Bi3Re9,O1,-444.833439425518,4
Bi3Re9,S1,-335.12751769319584,4
Bi3Rh9,C1,-157.20985306853618,4
Bi3Rh9,C1H1,-174.25685075744332,9
Bi3Rh9,C1H2,-190.6182345001871,9
Bi3Rh9,C1H3,-207.67298756956006,9
Bi3Rh9,H1,-16.88526342748446,4
Bi3Rh9,H1N1,-293.43852588932714,4
Bi3Rh9,H1O1,-460.03703334360034,36
Bi3Rh9,H1S1,-350.16882400636314,9
Bi3Rh9,H2O1,-476.83081658840456,9
Bi3Rh9,N1,-276.4480925040589,3
Bi3Rh9,O1,-442.9229844918773,5
Bi3Rh9,S1,-334.24494434918597,4
Bi3Ru9,C1,-157.82538246288095,4
Bi3Ru9,C1H1,-174.98582209816232,8
Bi3Ru9,C1H2,-191.1991632593781,9
Bi3Ru9,C1H3,-207.8861380129165,9
Bi3Ru9,H1,-16.94627488759579,4
Bi3Ru9,H1N1,-294.3798498356191,9
Bi3Ru9,H1O1,-460.2734706089868,36
Bi3Ru9,H1S1,-350.19807257048524,9
Bi3Ru9,H2O1,-476.83443447795435,9
Bi3Ru9,N1,-277.6513564968045,4
Bi3Ru9,O1,-444.15499227757755,4
Bi3Ru9,S1,-334.8122589809136,4
Bi3Sn9,C1H1,-172.5014529558648,9
Bi3Sn9,C1H2,-189.86881747804364,10
Bi3Sn9,C1H3,-207.53435073892615,9
Bi3Sn9,H1N1,-292.97117445314507,9
Bi3Sn9,H1S1,-349.3244821124572,9
Bi3Sn9,H2O1,-476.7596948746832,9
Bi3Tc9,C1,-157.53927625852157,1
Bi3Tc9,H1O1,-460.92750968983455,18
Bi3Tc9,N1,-277.7645211591698,1
Bi3Tc9,S1,-334.9808363611519,1
Bi3Zn9,C1,-155.75859200637206,1
Bi3Zn9,H1O1,-460.4533884695047,18
Bi3Zn9,N1,-276.08563673490426,1
Bi3Zn9,O1,-443.176877451835,1
Bi6Cd6,C1,-154.79637488743538,4
Bi6Cd6,H1,-16.063725353538757,4
Bi6Cd6,N1,-275.02732179751183,4
Bi6Cd6,O1,-443.0528358551164,4
Bi6Cd6,S1,-333.08725234945086,4
Bi6Cr6,C1,-157.03644457920018,4
Bi6Cr6,H1,-17.18366128604248,4
Bi6Cr6,N1,-277.68275870589423,4
Bi6Cr6,O1,-444.81415607833696,4
Bi6Cr6,S1,-334.4921781392877,4
Bi6Cu6,C1,-155.33707243191748,10
Bi6Cu6,C1H1,-172.5819526648702,10
Bi6Cu6,C1H2,-190.19845659036218,10
Bi6Cu6,C1H3,-207.62695216667635,9
Bi6Cu6,H1,-16.578322554960323,10
Bi6Cu6,H1N1,-292.9837063838713,10
Bi6Cu6,H1O1,-460.3802785560183,52
Bi6Cu6,H1S1,-349.83672389648564,10
Bi6Cu6,H2O1,-476.92121974450856,10
Bi6Cu6,N1,-275.6561855862892,10
Bi6Cu6,O1,-443.12139738578844,10
Bi6Cu6,S1,-333.2703493159497,10
Bi6Ga6,C1,-154.85870691599848,4
Bi6Ga6,C1H1,-172.42901652413275,10
Bi6Ga6,C1H2,-190.18255384945223,10
Bi6Ga6,C1H3,-207.46136477329128,10
Bi6Ga6,H1,-15.850659673647897,4
Bi6Ga6,H1N1,-292.94066504955117,10
Bi6Ga6,H1S1,-349.32218792068306,10
Bi6Ga6,H2O1,-476.79859667722485,10
Bi6Ga6,N1,-275.6022748007381,4
Bi6Ga6,O1,-443.6245643093571,4
Bi6Ga6,S1,-332.99791315845505,4
Bi6Hf6,C1,-157.07284102963604,4
Bi6Hf6,H1,-16.741311397243408,4
Bi6Hf6,N1,-278.1993713184638,4
Bi6Hf6,O1,-445.78124893303175,4
Bi6Hf6,S1,-334.5164447071875,4
Bi6Hg6,C1,-154.4208486742791,8
Bi6Hg6,H1,-16.240973233081604,8
Bi6Hg6,N1,-274.7699485015546,8
Bi6Hg6,O1,-442.75398465490434,8
Bi6Hg6,S1,-332.74748407160223,8
Bi6In6,C1,-154.29207107224647,4
Bi6In6,H1,-15.907477859498613,4
Bi6In6,N1,-275.1638286570742,4
Bi6In6,O1,-443.21976789903056,4
Bi6In6,S1,-332.803018016195,4
Bi6Ir6,C1,-157.0085930475325,4
Bi6Ir6,C1H1,-174.55075411173675,6
Bi6Ir6,C1H2,-191.2412189973693,6
Bi6Ir6,C1H3,-208.11606917247263,9
Bi6Ir6,H1,-16.942658358620974,4
Bi6Ir6,H1N1,-293.0991546255682,8
Bi6Ir6,H1O1,-460.14217391309285,20
Bi6Ir6,H1S1,-350.20114500783166,10
Bi6Ir6,H2O1,-476.827844833173,10
Bi6Ir6,N1,-276.99233460340474,4
Bi6Ir6,O1,-442.9815714176839,4
Bi6Ir6,S1,-334.016411582641,4
Bi6La6,C1,-156.56639676699342,4
Bi6La6,H1,-16.79646941656756,4
Bi6La6,N1,-277.772493958586,4
Bi6La6,O1,-446.1408261459401,4
Bi6La6,S1,-334.7819165191577,4
Bi6Mo6,C1,-157.1530664478887,4
Bi6Mo6,H1,-17.07909269983793,4
Bi6Mo6,N1,-277.5393371615828,4
Bi6Mo6,O1,-444.6210462749732,4
Bi6Mo6,S1,-334.3080143504776,4
Bi6Nb6,C1,-156.93125326047812,4
Bi6Nb6,H1,-16.87725470904479,4
Bi6Nb6,N1,-277.5936750297951,4
Bi6Nb6,O1,-445.0077571832444,4
Bi6Nb6,S1,-334.31363254884855,4
Bi6Os6,C1,-157.4627672350216,8
Bi6Os6,C1H1,-174.31033582089003,10
Bi6Os6,C1H2,-191.3940661568813,10
Bi6Os6,C1H3,-208.50423997148027,9
Bi6Os6,H1,-16.938646856408013,7
Bi6Os6,H1N1,-293.9695089697634,10
Bi6Os6,H1O1,-461.32304144028603,20
Bi6Os6,H1S1,-350.12877429158834,10
Bi6Os6,H2O1,-476.8040501106698,10
Bi6Os6,N1,-277.8241128653208,8
Bi6Os6,O1,-443.4565614974854,8
Bi6Os6,S1,-333.94490265092463,8
Bi6Pb6,C1,-154.50266282917437,4
Bi6Pb6,H1,-15.699573907004378,4
Bi6Pb6,N1,-275.1117553202239,4
Bi6Pb6,O1,-443.0020942433912,4
Bi6Pb6,S1,-332.884665773483,4
Bi6Pd6,C1,-154.37335814264225,8
Bi6Pd6,C1H1,-171.9064023047904,10
Bi6Pd6,C1H2,-189.47528345132378,10
Bi6Pd6,C1H3,-207.1755898675401,10
Bi6Pd6,H1,-16.140117504150112,8
Bi6Pd6,H1N1,-291.7992726687553,10
Bi6Pd6,H1O1,-459.46898196365873,60
Bi6Pd6,H1S1,-349.2955195399809,10
Bi6Pd6,H2O1,-476.7630286773783,10
Bi6Pd6,N1,-274.1338991386983,8
Bi6Pd6,O1,-441.83051600236286,8
Bi6Pd6,S1,-332.76000144423597,8
Bi6Pt6,C1,-155.43246397891198,8
Bi6Pt6,C1H1,-172.7703565315096,10
Bi6Pt6,C1H2,-190.47243522515055,10
Bi6Pt6,C1H3,-207.62899465314695,10
Bi6Pt6,H1,-16.469867774965678,8
Bi6Pt6,H1N1,-292.2804869444517,10
Bi6Pt6,H1O1,-459.61538641987136,60
Bi6Pt6,H1S1,-349.4716152895271,10
Bi6Pt6,H2O1,-476.804932847961,10
Bi6Pt6,N1,-274.7803969926681,8
Bi6Pt6,O1,-442.15310314849194,8
Bi6Pt6,S1,-333.12184699810314,8
Bi6Re6,C1,-157.53189340190147,8
Bi6Re6,H1,-17.26346261487197,8
Bi6Re6,H1O1,-463.0707201886071,60
Bi6Re6,N1,-278.28677850119493,8
Bi6Re6,O1,-445.18736170467673,8
Bi6Re6,S1,-334.4798458040568,8
Bi6Rh6,C1,-155.99627582525136,8
Bi6Rh6,C1H1,-173.1811768619409,10
Bi6Rh6,C1H2,-190.2841211560808,10
Bi6Rh6,C1H3,-207.5392075627824,10
Bi6Rh6,H1,-16.44905256294078,8
Bi6Rh6,H1N1,-292.3812053919537,10
Bi6Rh6,H1O1,-459.7398734669514,60
Bi6Rh6,H1S1,-349.69809305236413,10
Bi6Rh6,H2O1,-476.7746891635361,10
Bi6Rh6,N1,-275.44075836644333,8
Bi6Rh6,O1,-442.4020498952159,8
Bi6Rh6,S1,-333.30622562078497,8
Bi6Ru6,C1,-156.4730841697201,8
Bi6Ru6,C1H1,-173.6014999518411,10
Bi6Ru6,C1H2,-190.3585313655385,10
Bi6Ru6,C1H3,-207.62653107050937,10
Bi6Ru6,H1,-16.55201989525449,8
Bi6Ru6,H1N1,-292.9662472878663,10
Bi6Ru6,H1O1,-459.9368448378009,58
Bi6Ru6,H1S1,-349.8427868649196,10
Bi6Ru6,H2O1,-476.7808687327488,10
Bi6Ru6,N1,-276.32608740729484,8
Bi6Ru6,O1,-442.7492198055261,8
Bi6Ru6,S1,-333.46904493614056,8
Bi6Sc6,C1,-156.81044941026266,4
Bi6Sc6,H1,-16.767465482786065,4
Bi6Sc6,N1,-277.8744499798231,4
Bi6Sc6,O1,-446.01949766024336,4
Bi6Sc6,S1,-334.6052515074589,4
Bi6Sn6,C1,-155.29111961558374,4
Bi6Sn6,C1H1,-172.56438077767598,10
Bi6Sn6,C1H2,-189.793997737248,10
Bi6Sn6,C1H3,-207.68563773374262,10
Bi6Sn6,H1,-15.882202429533208,4
Bi6Sn6,H1N1,-292.8890952593647,10
Bi6Sn6,H1S1,-349.3914144975788,10
Bi6Sn6,H2O1,-476.84667837617235,10
Bi6Sn6,N1,-275.7041110918908,4
Bi6Sn6,O1,-443.36569370700454,4
Bi6Sn6,S1,-332.9893238851364,4
Bi6Ta6,C1,-157.24405464874508,4
Bi6Ta6,H1,-17.023282831814868,4
Bi6Ta6,N1,-278.0138509061144,4
Bi6Ta6,O1,-445.3151035053852,4
Bi6Ta6,S1,-334.5074473991699,4
Bi6Tc6,C1,-156.86778855806187,4
Bi6Tc6,H1,-16.76940415783247,4
Bi6Tc6,H1O1,-460.3840243390696,14
Bi6Tc6,N1,-276.94218116574484,4
Bi6Tc6,O1,-443.7895346846162,4
Bi6Tc6,S1,-333.8515190319449,4
Bi6Ti6,C1,-157.01975488507742,4
Bi6Ti6,H1,-16.605343731251196,4
Bi6Ti6,N1,-277.9225776660096,4
Bi6Ti6,O1,-445.44759586948203,4
Bi6Ti6,S1,-334.3278039654506,4
Bi6Tl6,C1,-154.20180859899847,8
Bi6Tl6,H1,-15.970067715927144,7
Bi6Tl6,N1,-274.8018799720667,8
Bi6Tl6,O1,-442.92797084191625,8
Bi6Tl6,S1,-332.73649176098115,7
Bi6V6,C1,-157.02078510807405,4
Bi6V6,H1,-16.930575959955604,4
Bi6V6,N1,-277.85704829984024,4
Bi6V6,O1,-445.20958442554183,4
Bi6V6,S1,-334.42282190014885,4
Bi6W6,C1,-158.85901232128526,4
Bi6W6,H1,-18.099428708774212,4
Bi6W6,N1,-278.11852806573734,4
Bi6W6,O1,-445.44380858907243,4
Bi6W6,S1,-335.37983007992443,4
Bi6Y6,C1,-156.8984840875164,8
Bi6Y6,H1,-16.76072059706712,7
Bi6Y6,N1,-277.67026364659614,8
Bi6Y6,O1,-446.00244632682734,8
Bi6Y6,S1,-334.7273710280824,8
Bi6Zn6,C1,-155.21994674445887,4
Bi6Zn6,H1,-16.22028877174307,4
Bi6Zn6,H1O1,-460.44172934391827,20
Bi6Zn6,N1,-275.6151999359645,4
Bi6Zn6,O1,-443.5622045251803,4
Bi6Zn6,S1,-333.50674277100916,4
Bi6Zr6,C1,-156.87897420557056,4
Bi6Zr6,H1,-16.606262659686763,4
Bi6Zr6,N1,-277.88022233068114,4
Bi6Zr6,O1,-445.4337524861112,4
Bi6Zr6,S1,-334.3428534934137,4
Bi9Cd3,C1,-154.15914972068276,1
Bi9Cd3,H1,-15.482593869539414,2
Bi9Cd3,S1,-332.8168046638275,1
Bi9Cu3,C1,-155.2734718086358,4
Bi9Cu3,C1H1,-172.8929485778208,9
Bi9Cu3,C1H2,-190.53209142229025,9
Bi9Cu3,C1H3,-208.01738069421117,9
Bi9Cu3,H1,-16.51875207368721,4
Bi9Cu3,H1N1,-293.11550186442764,9
Bi9Cu3,H1O1,-461.89329218033527,54
Bi9Cu3,H1S1,-349.78541587980726,10
Bi9Cu3,H2O1,-477.4463986367773,9
Bi9Cu3,N1,-275.5635003474745,4
Bi9Cu3,O1,-443.3966191726504,3
Bi9Cu3,S1,-333.47303521347203,2
Bi9Ga3,C1H1,-172.35976300796028,9
Bi9Ga3,C1H2,-190.09727446088073,9
Bi9Ga3,C1H3,-207.56898538830865,3
Bi9Ga3,H1N1,-292.716229773192,9
Bi9Ga3,H1S1,-349.16694234978786,9
Bi9Ga3,H2O1,-476.8093387791814,9
Bi9Hf3,C1,-155.39469308147818,3
Bi9Hf3,H1,-16.710724985434354,3
Bi9Hf3,N1,-276.49101955056176,4
Bi9Hf3,O1,-445.2503794601216,4
Bi9Hf3,S1,-334.1617707135447,3
Bi9Hg3,O1,-442.77814414601016,1
Bi9Hg3,S1,-332.8294519708252,1
Bi9In3,N1,-275.02968156871793,1
Bi9Ir3,C1H1,-173.5046115066216,9
Bi9Ir3,C1H2,-191.26518936935463,9
Bi9Ir3,C1H3,-208.34673585573546,8
Bi9Ir3,H1N1,-293.03182332155484,9
Bi9Ir3,H1O1,-460.5453894780694,18
Bi9Ir3,H1S1,-350.2553057299374,9
Bi9Ir3,H2O1,-477.6980348206125,9
Bi9Nb3,C1,-155.96326623970526,4
Bi9Nb3,H1,-17.097582154892734,4
Bi9Nb3,N1,-277.6702709936726,2
Bi9Nb3,O1,-445.9572905319292,3
Bi9Nb3,S1,-334.88522929999453,2
Bi9Os3,C1H1,-174.3579376470807,8
Bi9Os3,C1H2,-191.44128212565192,9
Bi9Os3,C1H3,-208.6632502373286,9
Bi9Os3,H1N1,-293.9174091018176,9
Bi9Os3,H1O1,-461.0631757176234,18
Bi9Os3,H1S1,-350.67760082882523,9
Bi9Os3,H2O1,-477.7421484195147,9
Bi9Pb3,O1,-442.79226263646706,1
Bi9Pd3,C1,-154.59886241821368,4
Bi9Pd3,C1H1,-172.1236477893035,9
Bi9Pd3,C1H2,-190.02286166633348,9
Bi9Pd3,C1H3,-207.70462937488264,8
Bi9Pd3,H1,-16.04137419494873,4
Bi9Pd3,H1N1,-292.4365020532714,9
Bi9Pd3,H1O1,-459.88882531686613,32
Bi9Pd3,H1S1,-349.45108076291945,9
Bi9Pd3,H2O1,-476.9721798636456,9
Bi9Pd3,N1,-274.81301092468857,4
Bi9Pd3,O1,-442.58665872619895,4
Bi9Pd3,S1,-332.8471776023289,4
Bi9Pt3,C1,-155.18994197598295,4
Bi9Pt3,C1H1,-172.83380204990317,9
Bi9Pt3,C1H2,-190.66282946846331,6
Bi9Pt3,C1H3,-208.08556439481617,7
Bi9Pt3,H1,-16.88919302343129,4
Bi9Pt3,H1N1,-292.9173391791883,9
Bi9Pt3,H1O1,-462.36741625785,54
Bi9Pt3,H1S1,-349.7377665697495,9
Bi9Pt3,H2O1,-477.46893728180294,9
Bi9Pt3,N1,-275.16434580942223,4
Bi9Pt3,O1,-443.190007896952,4
Bi9Pt3,S1,-333.03024626899423,4
Bi9Re3,C1,-157.48127941157145,4
Bi9Re3,H1,-17.708699359391176,4
Bi9Re3,H1O1,-462.7873587965478,36
Bi9Re3,N1,-278.83559238515227,4
Bi9Re3,O1,-445.69000018317456,4
Bi9Re3,S1,-335.62793626699204,4
Bi9Rh3,C1,-155.17688636217645,4
Bi9Rh3,C1H1,-172.3504399796766,9
Bi9Rh3,C1H2,-190.6341463569006,9
Bi9Rh3,C1H3,-207.8513792796184,9
Bi9Rh3,H1,-16.373226817282557,4
Bi9Rh3,H1N1,-292.4553712431916,9
Bi9Rh3,H1O1,-460.2539105220312,36
Bi9Rh3,H1S1,-349.73882141904323,9
Bi9Rh3,H2O1,-477.1945678915399,9
Bi9Rh3,N1,-274.9408893265427,4
Bi9Rh3,O1,-442.57681228694855,4
Bi9Rh3,S1,-332.92373710295215,4
Bi9Ru3,C1,-156.48026607026623,4
Bi9Ru3,C1H1,-173.4368993792923,9
Bi9Ru3,C1H2,-190.64476750425456,9
Bi9Ru3,C1H3,-208.07222932009972,9
Bi9Ru3,H1,-16.795114289641788,4
Bi9Ru3,H1N1,-293.0738394669861,9
Bi9Ru3,H1O1,-463.5322814504798,54
Bi9Ru3,H1S1,-350.17586522404963,9
Bi9Ru3,H2O1,-477.39491184130384,9
Bi9Ru3,N1,-276.5729941165664,4
Bi9Ru3,O1,-443.53644092299146,4
Bi9Ru3,S1,-333.90618479733166,4
Bi9Sn3,C1H1,-172.61028624620303,9
Bi9Sn3,C1H2,-190.01506655725098,9
Bi9Sn3,C1H3,-207.91845506873142,9
Bi9Sn3,H1N1,-292.6658216369797,9
Bi9Sn3,H1S1,-349.47492269717986,9
Bi9Sn3,H2O1,-476.9719847580236,9
Bi9Ta3,N1,-274.2686527687947,1
Bi9Ta3,O1,-442.19180875696475,1
Bi9Tc3,H1O1,-461.0404879542184,16
Bi9Tl3,C1,-154.47456435419735,1
Bi9Tl3,N1,-274.6692100536857,1
Bi9W3,C1,-157.47764437886144,4
Bi9W3,H1,-17.582419218171708,4
Bi9W3,N1,-278.36398304767135,4
Bi9W3,O1,-446.7184450484456,3
Bi9W3,S1,-335.4936465909923,3
Bi9Zn3,H1O1,-460.3962233385173,18
Cd12,C1,-153.71258084286455,4
Cd12,C1H1,-171.90605549570682,4
Cd12,C1H2,-189.351433558797,4
Cd12,C1H3,-207.06266602591495,4
Cd12,H1,-15.633428339046077,5
Cd12,H1N1,-292.5395353731983,4
Cd12,H1O1,-459.9334706262016,4
Cd12,H1S1,-349.2208509584234,4
Cd12,H2O1,-476.71528644044156,4
Cd12,N1,-274.56350933785507,4
Cd12,O1,-442.8272630068532,4
Cd12,S1,-332.9289771991389,4
Cd3Cr9,C1,-157.93302675179802,9
Cd3Cr9,H1,-17.28221547612702,12
Cd3Cr9,N1,-278.7107983936621,9
Cd3Cr9,O1,-445.76673574145025,9
Cd3Cr9,S1,-335.30622233416943,9
Cd3Cu9,C1,-155.01165639032115,5
Cd3Cu9,H1,-16.427140187908662,5
Cd3Cu9,N1,-275.2035915638626,5
Cd3Cu9,O1,-442.8808276635973,5
Cd3Cu9,S1,-333.5978136944759,5
Cd3Ga9,C1,-155.58408376896114,6
Cd3Ga9,H1,-15.839222865070042,8
Cd3Ga9,N1,-275.9875365667758,8
Cd3Ga9,O1,-443.63513089788466,9
Cd3Ga9,S1,-333.18470611117664,6
Cd3Hf9,C1,-158.10740437456843,5
Cd3Hf9,H1,-17.552446423076617,5
Cd3Hf9,N1,-279.9819531564681,5
Cd3Hf9,O1,-447.5571067020319,5
Cd3Hf9,S1,-335.9112252767736,5
Cd3Hg9,C1,-153.00349653388912,3
Cd3Hg9,H1,-15.47995477348013,6
Cd3Hg9,N1,-273.21082668390954,5
Cd3Hg9,O1,-441.71751528858294,6
Cd3Hg9,S1,-332.33447063968924,4
Cd3In9,C1,-154.85958597975696,7
Cd3In9,H1,-15.76406094111735,9
Cd3In9,N1,-275.3502437797215,9
Cd3In9,O1,-443.32918133607745,9
Cd3In9,S1,-333.0498685339553,7
Cd3Ir9,C1,-158.2944694411235,5
Cd3Ir9,H1,-16.889838885625068,5
Cd3Ir9,N1,-277.59439490695513,6
Cd3Ir9,O1,-443.5433341107564,5
Cd3Ir9,S1,-334.8765445147219,5
Cd3La9,C1,-157.23351459132027,6
Cd3La9,H1,-17.174860580271343,5
Cd3La9,N1,-279.0786675955169,5
Cd3La9,O1,-446.92385004350217,5
Cd3La9,S1,-335.5732404330265,4
Cd3Mo9,C1,-157.82756957785023,7
Cd3Mo9,H1,-17.38459531467015,8
Cd3Mo9,N1,-278.5417703929015,6
Cd3Mo9,O1,-445.5891176510304,9
Cd3Mo9,S1,-335.33555579780295,5
Cd3Nb9,C1,-158.27057621340646,6
Cd3Nb9,H1,-17.523521946539404,5
Cd3Nb9,N1,-279.3640178676251,7
Cd3Nb9,O1,-446.44086444277127,6
Cd3Nb9,S1,-335.56766128299205,7
Cd3Os9,C1,-158.4575733875572,9
Cd3Os9,H1,-16.92317010971601,9
Cd3Os9,N1,-278.2859145397633,9
Cd3Os9,O1,-444.6160514894,9
Cd3Os9,S1,-335.2318000156338,9
Cd3Pb9,C1,-154.24822645787935,7
Cd3Pb9,H1,-15.760179373264691,9
Cd3Pb9,N1,-274.91381522410666,7
Cd3Pb9,O1,-442.9272984486197,9
Cd3Pb9,S1,-332.8900669610666,7
Cd3Pd9,C1,-156.43558987600773,4
Cd3Pd9,H1,-16.739828921046865,3
Cd3Pd9,N1,-275.48132536962294,4
Cd3Pd9,O1,-442.1169224843361,3
Cd3Pd9,S1,-333.67177029016966,3
Cd3Pt9,C1,-157.15261746005126,7
Cd3Pt9,H1,-16.802987495400885,8
Cd3Pt9,N1,-276.05555482216005,7
Cd3Pt9,O1,-442.37806523724794,7
Cd3Pt9,S1,-334.14717289455075,7
Cd3Re9,C1,-158.1503906058315,7
Cd3Re9,H1,-17.06513462048315,7
Cd3Re9,N1,-278.3232280138327,7
Cd3Re9,O1,-445.17188210079985,7
Cd3Re9,S1,-335.47144427866806,7
Cd3Rh9,C1,-157.88784633059913,7
Cd3Rh9,H1,-16.886002216557245,7
Cd3Rh9,N1,-277.3558046768849,7
Cd3Rh9,O1,-443.48760397209116,6
Cd3Rh9,S1,-334.6849261673051,7
Cd3Ru9,C1,-158.18682011809142,8
Cd3Ru9,H1,-16.941736164815666,7
Cd3Ru9,N1,-278.0797625922205,7
Cd3Ru9,O1,-444.53805509165977,7
Cd3Ru9,S1,-335.15221147982083,7
Cd3Sc9,C1,-157.6321424530397,3
Cd3Sc9,H1,-17.634229012772266,3
Cd3Sc9,N1,-279.7826326268514,3
Cd3Sc9,O1,-447.7414283168655,3
Cd3Sc9,S1,-336.0492351571229,3
Cd3Sn9,C1,-154.72048601136703,3
Cd3Sn9,H1,-15.84309763006604,4
Cd3Sn9,N1,-275.5735685595064,3
Cd3Sn9,O1,-443.2746523078895,3
Cd3Sn9,S1,-332.9675300156887,3
Cd3Ta9,C1,-158.5564947952662,3
Cd3Ta9,H1,-17.528758641306922,3
Cd3Ta9,N1,-279.6786760246723,4
Cd3Ta9,O1,-446.6394346184861,3
Cd3Ta9,S1,-335.624077420649,3
Cd3Tc9,C1,-157.9413220061142,3
Cd3Tc9,H1,-17.063253905693273,5
Cd3Tc9,N1,-278.1422483651113,3
Cd3Tc9,O1,-445.0290726765634,5
Cd3Tc9,S1,-335.28557229524085,3
Cd3Ti9,C1,-158.04801552928257,3
Cd3Ti9,H1,-17.578530167193094,3
Cd3Ti9,N1,-279.79576620127045,3
Cd3Ti9,O1,-447.4137805336177,3
Cd3Ti9,S1,-335.80221538455226,3
Cd3Tl9,C1,-154.09713062303126,3
Cd3Tl9,H1,-15.724730015052046,4
Cd3Tl9,N1,-274.7275806489888,3
Cd3Tl9,O1,-442.86995154557735,4
Cd3Tl9,S1,-332.9060389549413,3
Cd3V9,C1,-158.1481006318245,7
Cd3V9,H1,-17.502830410248862,7
Cd3V9,N1,-279.3755314123082,7
Cd3V9,O1,-446.5747960169647,7
Cd3V9,S1,-335.39959425225607,7
Cd3W9,C1,-158.13148631323202,5
Cd3W9,H1,-17.496934655762743,5
Cd3W9,N1,-278.8283676266801,5
Cd3W9,O1,-445.75354815242827,6
Cd3W9,S1,-335.4797615742027,6
Cd3Y9,C1,-157.31676686785795,5
Cd3Y9,H1,-17.56845270329177,5
Cd3Y9,N1,-279.48297664995516,5
Cd3Y9,O1,-447.5456866284494,6
Cd3Y9,S1,-336.0773503671062,5
Cd3Zn9,C1,-155.59517689776112,7
Cd3Zn9,H1,-15.937321672638063,9
Cd3Zn9,N1,-276.2382687884383,7
Cd3Zn9,O1,-443.84624075956526,7
Cd3Zn9,S1,-333.5662361080176,7
Cd3Zr9,C1,-157.98492416704903,9
Cd3Zr9,H1,-17.53497412955403,9
Cd3Zr9,N1,-279.7203546128803,9
Cd3Zr9,O1,-447.30662564143495,9
Cd3Zr9,S1,-335.83297935064184,9
Cd6Cr6,C1,-158.0687999924521,9
Cd6Cr6,H1,-17.463630506994377,9
Cd6Cr6,N1,-277.74776302841565,9
Cd6Cr6,O1,-445.2214509018777,9
Cd6Cr6,S1,-334.503811141949,9
Cd6Cu6,C1,-155.44805365284265,8
Cd6Cu6,H1,-16.28826784274861,10
Cd6Cu6,N1,-275.60761176946835,10
Cd6Cu6,O1,-443.18849712092197,10
Cd6Cu6,S1,-333.6105567855411,8
Cd6Ga6,C1,-155.22089234005398,8
Cd6Ga6,H1,-15.831107886166137,10
Cd6Ga6,N1,-275.75052133158897,9
Cd6Ga6,O1,-443.4757921906421,10
Cd6Ga6,S1,-333.11180490900006,8
Cd6Hf6,C1,-157.23178285884933,8
Cd6Hf6,H1,-17.30867854693861,10
Cd6Hf6,N1,-278.9725008847345,9
Cd6Hf6,O1,-446.7618574099797,10
Cd6Hf6,S1,-335.5165904135247,8
Cd6Hg6,C1,-154.0968669447211,10
Cd6Hg6,H1,-15.655553098928067,10
Cd6Hg6,N1,-274.43604876680547,10
Cd6Hg6,O1,-442.4523108178364,10
Cd6Hg6,S1,-332.6597323927417,10
Cd6In6,C1,-154.73520233593445,10
Cd6In6,H1,-15.767637333301536,10
Cd6In6,N1,-275.2684263594565,10
Cd6In6,O1,-443.12243454768395,10
Cd6In6,S1,-333.0639492005939,8
Cd6Ir6,C1,-157.4616661263717,8
Cd6Ir6,H1,-16.90053758542126,9
Cd6Ir6,N1,-276.70748107510735,9
Cd6Ir6,O1,-443.11449576250016,9
Cd6Ir6,S1,-334.05452439111104,8
Cd6La6,C1,-157.1602933832728,10
Cd6La6,H1,-16.96081093673638,10
Cd6La6,N1,-278.428010617572,10
Cd6La6,O1,-446.50309279596695,10
Cd6La6,S1,-335.2060932852437,8
Cd6Mo6,C1,-157.26490523557732,8
Cd6Mo6,H1,-17.349024321567413,10
Cd6Mo6,N1,-277.77456433672705,8
Cd6Mo6,O1,-444.8370669750984,10
Cd6Mo6,S1,-334.67272839237194,8
Cd6Nb6,C1,-157.14858935890516,8
Cd6Nb6,H1,-17.19154864171287,10
Cd6Nb6,N1,-278.24741124793945,9
Cd6Nb6,O1,-445.6388438699687,10
Cd6Nb6,S1,-335.0308499322964,8
Cd6Os6,C1,-157.40461895672343,10
Cd6Os6,H1,-16.776001829963207,10
Cd6Os6,N1,-277.11785595518086,10
Cd6Os6,O1,-444.7679458423154,10
Cd6Os6,S1,-334.1278092737957,8
Cd6Pb6,C1,-154.72109187283058,10
Cd6Pb6,H1,-15.797511215019767,10
Cd6Pb6,N1,-275.14360243544434,10
Cd6Pb6,O1,-442.93582336701365,10
Cd6Pb6,S1,-333.0464487432873,8
Cd6Pd6,C1,-154.8336290406878,8
Cd6Pd6,H1,-16.469210892162664,8
Cd6Pd6,N1,-274.39015118958196,8
Cd6Pd6,O1,-442.23272406585966,8
Cd6Pd6,S1,-333.0699333920784,8
Cd6Pt6,C1,-155.81069813293652,9
Cd6Pt6,H1,-16.709546868569305,10
Cd6Pt6,N1,-274.9865360148069,10
Cd6Pt6,O1,-442.2823349085229,10
Cd6Pt6,S1,-333.2940885272401,8
Cd6Re6,C1,-158.1676041190949,10
Cd6Re6,H1,-17.61041891583227,10
Cd6Re6,N1,-278.73606593232034,10
Cd6Re6,O1,-445.82415924453744,10
Cd6Re6,S1,-335.0092930739993,10
Cd6Rh6,C1,-157.36437468055738,7
Cd6Rh6,H1,-16.95601112073564,8
Cd6Rh6,N1,-276.61596129986356,7
Cd6Rh6,O1,-442.9823040841911,7
Cd6Rh6,S1,-334.09005810461895,7
Cd6Ru6,C1,-157.1077050709864,8
Cd6Ru6,H1,-16.736819478050165,8
Cd6Ru6,N1,-276.89573772815857,8
Cd6Ru6,O1,-443.6452622403267,8
Cd6Ru6,S1,-333.92717484250534,8
Cd6Sc6,C1,-157.4610239377107,8
Cd6Sc6,H1,-17.21154873674095,8
Cd6Sc6,N1,-278.43958810900585,8
Cd6Sc6,O1,-446.6758765119266,8
Cd6Sc6,S1,-335.43042012423757,8
Cd6Sn6,C1,-154.99755599542914,8
Cd6Sn6,H1,-15.8877192655018,10
Cd6Sn6,N1,-275.37624044741096,8
Cd6Sn6,O1,-443.283662133148,10
Cd6Sn6,S1,-333.1245586125042,8
Cd6Ta6,C1,-157.53615062291647,10
Cd6Ta6,H1,-17.31025395000688,10
Cd6Ta6,N1,-278.6974362436158,10
Cd6Ta6,O1,-445.9937822222055,10
Cd6Ta6,S1,-335.2475687404767,10
Cd6Tc6,C1,-156.97091099526733,8
Cd6Tc6,H1,-16.938887677155435,10
Cd6Tc6,N1,-277.14102944179103,8
Cd6Tc6,O1,-444.2099867564757,10
Cd6Tc6,S1,-334.1774348106046,8
Cd6Ti6,C1,-157.25376081331706,8
Cd6Ti6,H1,-17.233218114113697,8
Cd6Ti6,N1,-278.78373361006743,8
Cd6Ti6,O1,-446.4433745568822,8
Cd6Ti6,S1,-335.2945613037846,7
Cd6Tl6,C1,-154.21387929676712,10
Cd6Tl6,H1,-15.722743856142188,10
Cd6Tl6,N1,-274.7714245830721,10
Cd6Tl6,O1,-442.86976746056826,10
Cd6Tl6,S1,-332.86412240317804,10
Cd6V6,C1,-157.53180047503338,8
Cd6V6,H1,-17.133250972918177,9
Cd6V6,N1,-278.3704858881356,8
Cd6V6,O1,-445.7151066304432,8
Cd6V6,S1,-334.8601076143532,8
Cd6W6,C1,-157.98938724217442,9
Cd6W6,H1,-17.905229361604142,11
Cd6W6,N1,-278.34354906713634,10
Cd6W6,O1,-445.17449003982983,10
Cd6W6,S1,-335.23424863201944,8
Cd6Y6,C1,-157.22513389325832,8
Cd6Y6,H1,-17.190456784930575,10
Cd6Y6,N1,-278.2747069870893,10
Cd6Y6,O1,-446.5342437079307,9
Cd6Y6,S1,-335.3566571375377,8
Cd6Zn6,C1,-155.50090060933871,8
Cd6Zn6,H1,-15.942059990913549,10
Cd6Zn6,N1,-275.93939704362856,8
Cd6Zn6,O1,-443.59167404573964,8
Cd6Zn6,S1,-333.41665948472655,8
Cd6Zr6,C1,-157.08587487433397,9
Cd6Zr6,H1,-17.248017161284224,8
Cd6Zr6,N1,-278.69109231764014,8
Cd6Zr6,O1,-446.4422368489213,7
Cd6Zr6,S1,-335.361864988241,8
Cd9Cr3,C1,-156.98187772719393,9
Cd9Cr3,H1,-16.71067328380741,9
Cd9Cr3,N1,-277.6234400659778,9
Cd9Cr3,O1,-444.93170327013286,9
Cd9Cr3,S1,-334.274889388671,8
Cd9Cu3,C1,-154.4475192318896,9
Cd9Cu3,H1,-15.967466579739266,9
Cd9Cu3,N1,-275.0379151892557,9
Cd9Cu3,O1,-442.85420785521274,9
Cd9Cu3,S1,-333.1600576314959,7
Cd9Ga3,C1,-154.83927771580784,3
Cd9Ga3,H1,-15.74982149605421,5
Cd9Ga3,N1,-275.279345607516,3
Cd9Ga3,O1,-443.1799090721179,3
Cd9Ga3,S1,-332.99579896998694,3
Cd9Hf3,C1,-155.87491278109155,6
Cd9Hf3,H1,-16.826506158417033,5
Cd9Hf3,N1,-277.49571772141644,7
Cd9Hf3,O1,-445.6964920030223,5
Cd9Hf3,S1,-334.94336451682466,6
Cd9In3,C1,-154.68731805557763,16
Cd9In3,H1,-15.702988663568249,17
Cd9In3,N1,-275.17879165283375,16
Cd9In3,O1,-442.9205509778185,16
Cd9In3,S1,-333.00184874090337,16
Cd9Ir3,C1,-155.98292904963455,12
Cd9Ir3,H1,-16.98827865183557,12
Cd9Ir3,N1,-275.3526011019094,12
Cd9Ir3,O1,-442.5739270639169,12
Cd9Ir3,S1,-333.2756249230006,12
Cd9La3,C1,-156.33117721103554,3
Cd9La3,H1,-16.45989317010026,5
Cd9La3,N1,-277.49364271733793,4
Cd9La3,O1,-445.0112469071646,5
Cd9La3,S1,-334.28219768609415,3
Cd9Mo3,C1,-157.0626683258888,10
Cd9Mo3,H1,-16.866449884852045,10
Cd9Mo3,N1,-277.8227034516967,10
Cd9Mo3,O1,-445.0742347300802,10
Cd9Mo3,S1,-334.3834961442408,10
Cd9Nb3,C1,-156.63010950117314,10
Cd9Nb3,H1,-16.860323241773585,9
Cd9Nb3,N1,-277.8949393355324,10
Cd9Nb3,O1,-445.5280264615685,10
Cd9Nb3,S1,-334.7884503805908,9
Cd9Os3,C1,-156.8626763553766,6
Cd9Os3,H1,-17.21660447580871,5
Cd9Os3,N1,-277.20080645747294,6
Cd9Os3,O1,-443.41261307169043,6
Cd9Os3,S1,-333.63184316268234,5
Cd9Pb3,C1,-154.63790299881657,12
Cd9Pb3,H1,-15.808739584401337,14
Cd9Pb3,N1,-275.162414073282,14
Cd9Pb3,O1,-442.89367905596737,14
Cd9Pb3,S1,-332.9885661841545,12
Cd9Pd3,C1,-154.01769392673668,5
Cd9Pd3,H1,-16.066453838997404,5
Cd9Pd3,N1,-274.2138127144899,5
Cd9Pd3,O1,-442.5577177867781,5
Cd9Pd3,S1,-332.908970709439,6
Cd9Pt3,C1,-153.27844620691394,8
Cd9Pt3,H1,-15.81502446167724,8
Cd9Pt3,N1,-274.1127515396147,8
Cd9Pt3,O1,-442.5981779852773,8
Cd9Pt3,S1,-332.82343009157194,8
Cd9Re3,C1,-157.5856564296373,9
Cd9Re3,H1,-17.235759929477354,9
Cd9Re3,N1,-277.99046204139813,9
Cd9Re3,O1,-444.7205912315403,9
Cd9Re3,S1,-334.13574275276187,9
Cd9Rh3,C1,-155.13900675526384,5
Cd9Rh3,H1,-16.58067701994878,6
Cd9Rh3,N1,-274.73272727407675,5
Cd9Rh3,O1,-442.4659267140414,5
Cd9Rh3,S1,-333.2278576515964,5
Cd9Ru3,C1,-156.22974691373383,10
Cd9Ru3,H1,-16.885901806548645,10
Cd9Ru3,N1,-276.23331318726196,10
Cd9Ru3,O1,-442.95508616959705,10
Cd9Ru3,S1,-333.4561776251139,10
Cd9Sc3,C1,-156.42966078758036,5
Cd9Sc3,H1,-16.55501777342215,5
Cd9Sc3,N1,-276.6008372127144,5
Cd9Sc3,O1,-445.0548497483869,5
Cd9Sc3,S1,-334.3555961763086,5
Cd9Sn3,C1,-154.74335037666606,3
Cd9Sn3,H1,-16.005958442787232,5
Cd9Sn3,N1,-275.1437787652103,3
Cd9Sn3,O1,-443.13247364353447,4
Cd9Sn3,S1,-333.1069310780367,3
Cd9Ta3,C1,-156.8564533839999,5
Cd9Ta3,H1,-16.94021314366546,5
Cd9Ta3,N1,-278.1831155098589,5
Cd9Ta3,O1,-445.85042816212444,6
Cd9Ta3,S1,-335.06042857050124,5
Cd9Tc3,C1,-156.90371411549495,6
Cd9Tc3,H1,-16.934510998176847,6
Cd9Tc3,N1,-277.3670259713035,6
Cd9Tc3,O1,-443.87599246216996,6
Cd9Tc3,S1,-333.81517074566,7
Cd9Ti3,C1,-155.89310740079964,5
Cd9Ti3,H1,-16.67934590601726,5
Cd9Ti3,N1,-277.43525416252305,5
Cd9Ti3,O1,-445.3982167317481,5
Cd9Ti3,S1,-334.6326533710089,5
Cd9Tl3,C1,-154.49720504191282,7
Cd9Tl3,H1,-15.75144574355727,10
Cd9Tl3,N1,-274.97542179717857,9
Cd9Tl3,O1,-442.9232013666078,10
Cd9Tl3,S1,-333.0922112159933,7
Cd9V3,C1,-156.6526682826261,9
Cd9V3,H1,-16.704022821588296,9
Cd9V3,N1,-277.797856328918,9
Cd9V3,O1,-445.38430518386303,9
Cd9V3,S1,-334.5692851329477,9
Cd9W3,C1,-157.48834498345605,5
Cd9W3,H1,-17.078590649805847,5
Cd9W3,N1,-278.2691638921424,5
Cd9W3,O1,-445.5753326360791,6
Cd9W3,S1,-334.7708470642574,6
Cd9Y3,C1,-156.45847533012784,5
Cd9Y3,H1,-16.558556069667247,5
Cd9Y3,N1,-276.3618611252168,6
Cd9Y3,O1,-444.92129028987256,5
Cd9Y3,S1,-334.34614130886985,5
Cd9Zn3,C1,-155.00270711039047,3
Cd9Zn3,H1,-15.86806271419482,5
Cd9Zn3,N1,-275.5734507342131,5
Cd9Zn3,O1,-443.298674245445,5
Cd9Zn3,S1,-333.24990962101583,3
Cd9Zr3,C1,-155.8210588673428,6
Cd9Zr3,H1,-16.776770007330924,7
Cd9Zr3,N1,-277.36293392339576,7
Cd9Zr3,O1,-445.4737454651513,6
Cd9Zr3,S1,-334.77420685382094,6
Cr12,C1,-158.09861686632212,8
Cr12,C1H1,-175.29878267301683,10
Cr12,C1H2,-192.30841083241103,4
Cr12,C1H3,-209.07639237909098,4
Cr12,H1,-17.710087820254557,8
Cr12,H1N1,-295.93085177631656,8
Cr12,H1O1,-462.2450768692397,8
Cr12,H1S1,-351.2987221625517,8
Cr12,H2O1,-477.42829286223787,4
Cr12,N1,-279.1068991341599,8
Cr12,O1,-446.3611929122344,8
Cr12,S1,-335.6269291736753,8
Cr3Cu9,C1,-156.93667540082242,5
Cr3Cu9,H1,-16.878555957409844,5
Cr3Cu9,N1,-277.87665968023794,5
Cr3Cu9,O1,-445.0038435059396,5
Cr3Cu9,S1,-334.6740089600862,3
Cr3Ga9,C1,-155.98336347937584,6
Cr3Ga9,H1,-15.864309856187901,7
Cr3Ga9,N1,-276.37678003853216,6
Cr3Ga9,O1,-443.6290867052958,7
Cr3Ga9,S1,-333.35285491211835,6
Cr3Hf9,C1,-158.31796660714463,3
Cr3Hf9,H1,-17.5246668655127,3
Cr3Hf9,N1,-279.6766200685597,4
Cr3Hf9,O1,-447.44205887584394,4
Cr3Hf9,S1,-335.9377707980748,4
Cr3Hg9,C1,-156.81314850742638,9
Cr3Hg9,H1,-16.736711176741665,9
Cr3Hg9,N1,-277.5352904206302,9
Cr3Hg9,O1,-444.7039366401041,9
Cr3Hg9,S1,-334.06153091428496,9
Cr3In9,C1,-156.4009154980049,9
Cr3In9,H1,-16.5555447218685,9
Cr3In9,N1,-277.2360302333218,9
Cr3In9,O1,-444.38643829487046,9
Cr3In9,S1,-333.64882796426537,9
Cr3Ir9,C1,-157.06912626756457,5
Cr3Ir9,H1,-16.7738371643718,5
Cr3Ir9,N1,-277.14562041042154,6
Cr3Ir9,O1,-443.9140806443356,5
Cr3Ir9,S1,-334.555415626648,5
Cr3La9,C1,-158.39595701838698,7
Cr3La9,H1,-17.702373528987664,9
Cr3La9,N1,-279.5866988260641,8
Cr3La9,O1,-448.9546777990363,9
Cr3La9,S1,-336.45992813827615,7
Cr3Mo9,C1,-158.3381876586136,9
Cr3Mo9,H1,-17.72152993506097,9
Cr3Mo9,N1,-279.1618325235104,9
Cr3Mo9,O1,-446.1701819229129,9
Cr3Mo9,S1,-335.9332752053524,8
Cr3Nb9,C1,-158.82262512272428,7
Cr3Nb9,H1,-18.303453270327736,6
Cr3Nb9,N1,-279.89972756544375,5
Cr3Nb9,O1,-447.31586553893794,5
Cr3Nb9,S1,-336.4723274135067,5
Cr3Os9,C1,-157.75829102722128,5
Cr3Os9,H1,-16.90808996895794,6
Cr3Os9,N1,-277.8060869561996,5
Cr3Os9,O1,-444.553721093529,5
Cr3Os9,S1,-334.87698425069175,5
Cr3Pb9,C1,-156.40097903658534,5
Cr3Pb9,H1,-16.810919749852474,5
Cr3Pb9,N1,-277.60493863792,5
Cr3Pb9,O1,-445.1769649151902,5
Cr3Pb9,S1,-334.3651865564352,5
Cr3Pd9,C1,-156.76999832758156,6
Cr3Pd9,H1,-16.6846129414771,5
Cr3Pd9,N1,-277.31135869093123,5
Cr3Pd9,O1,-444.6222767737563,5
Cr3Pd9,S1,-334.5146219526432,5
Cr3Pt9,C1,-156.83237008476135,6
Cr3Pt9,H1,-16.660217391610786,8
Cr3Pt9,N1,-276.9288224171178,7
Cr3Pt9,O1,-444.3136700203104,7
Cr3Pt9,S1,-334.404684288289,7
Cr3Re9,C1,-157.76011623079103,9
Cr3Re9,H1,-17.13604000371197,9
Cr3Re9,N1,-278.3169798719282,9
Cr3Re9,O1,-445.22356522640257,9
Cr3Re9,S1,-335.1527860481947,9
Cr3Rh9,C1,-157.11638332553048,5
Cr3Rh9,H1,-16.880554633564316,5
Cr3Rh9,N1,-277.39581411880863,5
Cr3Rh9,O1,-444.28730640710637,4
Cr3Rh9,S1,-334.6837360774298,4
Cr3Ru9,C1,-157.6383957651051,5
Cr3Ru9,H1,-16.96978171365481,5
Cr3Ru9,N1,-277.866909977467,5
Cr3Ru9,O1,-444.7687504829373,5
Cr3Ru9,S1,-334.9678539459601,5
Cr3Sc9,C1,-158.472914077327,3
Cr3Sc9,H1,-17.53302252910362,3
Cr3Sc9,N1,-279.3050527035848,2
Cr3Sc9,O1,-447.31383176010786,3
Cr3Sc9,S1,-335.8384408114398,3
Cr3Sn9,C1,-156.25506384105392,3
Cr3Sn9,H1,-17.486917737191106,6
Cr3Sn9,N1,-277.1302340055299,3
Cr3Sn9,O1,-444.835151973959,3
Cr3Sn9,S1,-333.99207263245626,4
Cr3Ta9,C1,-158.87997433873534,3
Cr3Ta9,H1,-18.21346291091686,3
Cr3Ta9,N1,-280.2320022363492,4
Cr3Ta9,O1,-447.49546978826766,3
Cr3Ta9,S1,-336.56076631586984,3
Cr3Tc9,C1,-157.62232907561338,3
Cr3Tc9,H1,-17.0826606564915,3
Cr3Tc9,N1,-278.25748449407183,3
Cr3Tc9,O1,-445.259398401191,3
Cr3Tc9,S1,-335.15249937626504,3
Cr3Ti9,C1,-158.17852853731893,7
Cr3Ti9,H1,-17.60788431148103,9
Cr3Ti9,N1,-279.4838342167168,7
Cr3Ti9,O1,-447.29696886552847,7
Cr3Ti9,S1,-335.9598301145779,7
Cr3Tl9,C1,-156.82834021486997,5
Cr3Tl9,H1,-16.892251310859137,5
Cr3Tl9,N1,-277.6440389475101,5
Cr3Tl9,O1,-445.00194537587595,5
Cr3Tl9,S1,-334.20651452809034,3
Cr3V9,C1,-158.5886560659128,7
Cr3V9,H1,-18.228984828496323,7
Cr3V9,N1,-279.97406049458004,7
Cr3V9,O1,-447.45660635377135,7
Cr3V9,S1,-336.3893628973492,7
Cr3W9,C1,-158.59577333941706,5
Cr3W9,H1,-17.802198218585545,5
Cr3W9,N1,-279.4216717150739,5
Cr3W9,O1,-446.3514354542094,5
Cr3W9,S1,-336.0746569843286,5
Cr3Y9,C1,-158.6274316076342,5
Cr3Y9,H1,-17.486590656353656,5
Cr3Y9,N1,-279.746478765901,5
Cr3Y9,O1,-447.1964123257603,5
Cr3Y9,S1,-336.0197808749399,3
Cr3Zn9,C1,-156.8386514245649,9
Cr3Zn9,H1,-16.829498322185827,10
Cr3Zn9,N1,-277.5603658469263,9
Cr3Zn9,O1,-444.59221948731283,9
Cr3Zn9,S1,-334.2992808568233,9
Cr3Zr9,C1,-158.42410624260083,9
Cr3Zr9,H1,-17.52243716472003,9
Cr3Zr9,N1,-279.7007077216149,9
Cr3Zr9,O1,-447.1423858918388,9
Cr3Zr9,S1,-336.10451440315956,9
Cr6Cu6,C1,-157.22513158029324,9
Cr6Cu6,H1,-17.09116067647119,9
Cr6Cu6,N1,-278.15204718444147,9
Cr6Cu6,O1,-445.35052524404455,9
Cr6Cu6,S1,-335.0941861969841,9
Cr6Ga6,C1,-156.57182530200953,10
Cr6Ga6,H1,-16.879777068264957,10
Cr6Ga6,N1,-277.24116325270734,10
Cr6Ga6,O1,-444.46873939748184,10
Cr6Ga6,S1,-334.05463854286063,10
Cr6Hf6,C1,-159.10418416877656,10
Cr6Hf6,H1,-17.443963207188062,10
Cr6Hf6,N1,-279.98527825151905,10
Cr6Hf6,O1,-446.4969086008132,10
Cr6Hf6,S1,-336.1434230085506,10
Cr6Hg6,C1,-157.79143694178856,9
Cr6Hg6,H1,-17.182623035692814,9
Cr6Hg6,N1,-277.82009959437346,9
Cr6Hg6,O1,-445.2404811831839,9
Cr6Hg6,S1,-334.3964646816239,9
Cr6In6,C1,-157.74081329141336,9
Cr6In6,H1,-16.889162410618155,9
Cr6In6,N1,-277.73654663204434,9
Cr6In6,O1,-445.2963253375492,9
Cr6In6,S1,-333.86140506375887,9
Cr6Ir6,C1,-157.31244733278072,10
Cr6Ir6,H1,-17.017731845564413,10
Cr6Ir6,N1,-277.8843322020439,10
Cr6Ir6,O1,-444.89437619036835,10
Cr6Ir6,S1,-334.8725941020675,10
Cr6La6,C1,-159.30138166622783,10
Cr6La6,H1,-17.88930417130541,10
Cr6La6,N1,-280.56149535958684,10
Cr6La6,O1,-448.0188607565542,10
Cr6La6,S1,-337.41467831742193,10
Cr6Mo6,C1,-158.2398405471613,9
Cr6Mo6,H1,-17.74641352109029,9
Cr6Mo6,N1,-278.94058642134405,9
Cr6Mo6,O1,-446.17710803644513,9
Cr6Mo6,S1,-335.7260304486372,9
Cr6Nb6,C1,-158.57248610922397,10
Cr6Nb6,H1,-17.33591959120895,10
Cr6Nb6,N1,-279.04344654080705,10
Cr6Nb6,O1,-446.1345969159447,10
Cr6Nb6,S1,-335.9417081492684,10
Cr6Os6,C1,-157.68058701578775,10
Cr6Os6,H1,-17.072092571339454,10
Cr6Os6,N1,-278.14871188511825,10
Cr6Os6,O1,-445.12479715484005,10
Cr6Os6,S1,-335.02240134183376,10
Cr6Pb6,C1,-157.3521559528599,10
Cr6Pb6,H1,-18.178400226464873,12
Cr6Pb6,N1,-278.355072271861,10
Cr6Pb6,O1,-445.47851426017587,10
Cr6Pb6,S1,-334.9101575127024,10
Cr6Pd6,C1,-157.3494930468296,9
Cr6Pd6,H1,-17.058769877796294,9
Cr6Pd6,N1,-278.1869229266813,9
Cr6Pd6,O1,-445.2998722053744,9
Cr6Pd6,S1,-335.05927875347334,9
Cr6Pt6,C1,-157.20834487758475,10
Cr6Pt6,H1,-16.890930742400087,10
Cr6Pt6,N1,-277.84260749053647,10
Cr6Pt6,O1,-444.87772880995544,10
Cr6Pt6,S1,-334.793376729529,10
Cr6Re6,C1,-158.33372893730484,10
Cr6Re6,H1,-17.092874449423107,10
Cr6Re6,N1,-278.4028452576604,10
Cr6Re6,O1,-445.15518111394704,10
Cr6Re6,S1,-335.23950736800543,10
Cr6Rh6,C1,-157.36707146474873,10
Cr6Rh6,H1,-17.059340364459786,10
Cr6Rh6,N1,-278.1051544869115,10
Cr6Rh6,O1,-445.2131945598376,10
Cr6Rh6,S1,-335.0364621441622,10
Cr6Ru6,C1,-157.53425235677787,10
Cr6Ru6,H1,-17.07956468129123,10
Cr6Ru6,N1,-278.2396628063798,10
Cr6Ru6,O1,-445.3167138750796,10
Cr6Ru6,S1,-335.2563671332755,10
Cr6Sc6,C1,-158.50491956280166,8
Cr6Sc6,H1,-17.506574424554856,8
Cr6Sc6,N1,-279.40343709463195,8
Cr6Sc6,O1,-446.77563943168207,8
Cr6Sc6,S1,-336.05417266272343,8
Cr6Sn6,C1,-157.1511069561384,10
Cr6Sn6,H1,-17.0401367466402,10
Cr6Sn6,N1,-277.6157476798726,9
Cr6Sn6,O1,-444.5055298687548,10
Cr6Sn6,S1,-334.1385685189198,10
Cr6Ta6,C1,-158.74183983025068,10
Cr6Ta6,H1,-17.36531632131664,10
Cr6Ta6,N1,-279.08892900837236,10
Cr6Ta6,O1,-446.25635602178954,10
Cr6Ta6,S1,-335.99574737254443,10
Cr6Tc6,C1,-158.2048856197871,10
Cr6Tc6,H1,-17.035486321139615,10
Cr6Tc6,N1,-278.4626526140273,10
Cr6Tc6,O1,-445.32212662750317,10
Cr6Tc6,S1,-335.2616281822375,10
Cr6Ti6,C1,-158.72992682244876,8
Cr6Ti6,H1,-17.400091381441598,9
Cr6Ti6,N1,-279.7102201411326,8
Cr6Ti6,O1,-446.37616366324437,8
Cr6Ti6,S1,-336.0848860156402,8
Cr6Tl6,C1,-159.00378899251882,10
Cr6Tl6,H1,-19.194772353112057,10
Cr6Tl6,N1,-279.65426945419676,10
Cr6Tl6,O1,-446.8686437239703,10
Cr6Tl6,S1,-336.5130212217373,10
Cr6V6,C1,-158.2399099361901,8
Cr6V6,H1,-17.64482947946817,9
Cr6V6,N1,-279.08009401625895,8
Cr6V6,O1,-446.4501010749118,8
Cr6V6,S1,-335.7033051335129,8
Cr6W6,C1,-158.36737390866256,10
Cr6W6,H1,-17.191259928931686,13
Cr6W6,N1,-278.7347993784606,10
Cr6W6,O1,-445.8142868184186,10
Cr6W6,S1,-335.56391182641164,10
Cr6Y6,C1,-158.78036897289348,9
Cr6Y6,H1,-17.13481385875275,10
Cr6Y6,N1,-279.35552560289216,10
Cr6Y6,O1,-447.0447590657168,10
Cr6Y6,S1,-335.89877688499837,8
Cr6Zn6,C1,-157.0432859292705,10
Cr6Zn6,H1,-17.089273158824653,10
Cr6Zn6,N1,-277.85094124895113,10
Cr6Zn6,O1,-444.9738139751207,10
Cr6Zn6,S1,-334.58397138892906,10
Cr6Zr6,C1,-158.9992059151882,10
Cr6Zr6,H1,-17.418526141609618,10
Cr6Zr6,N1,-279.8526107821672,10
Cr6Zr6,O1,-446.39059141108373,10
Cr6Zr6,S1,-336.11592971474965,10
Cr9Cu3,C1,-157.78230003936915,4
Cr9Cu3,H1,-17.422018858786032,5
Cr9Cu3,N1,-278.7847049204138,5
Cr9Cu3,O1,-446.0386001877705,6
Cr9Cu3,S1,-335.3451303953334,3
Cr9Ga3,C1,-157.41676217283384,5
Cr9Ga3,H1,-17.37915426240943,5
Cr9Ga3,N1,-278.33182885199494,5
Cr9Ga3,O1,-445.5571740714586,5
Cr9Ga3,S1,-335.0580580508031,5
Cr9Hf3,C1,-158.82414202131986,3
Cr9Hf3,H1,-17.939905916511634,5
Cr9Hf3,N1,-279.7250559236709,5
Cr9Hf3,O1,-446.98189600699334,5
Cr9Hf3,S1,-336.5953889922421,3
Cr9Hg3,C1,-157.55199309060117,9
Cr9Hg3,H1,-17.2106892651791,9
Cr9Hg3,N1,-278.4031807740175,9
Cr9Hg3,O1,-445.59614975290606,9
Cr9Hg3,S1,-335.094858590277,9
Cr9In3,C1,-157.58020775819386,5
Cr9In3,H1,-17.222627579569235,5
Cr9In3,N1,-278.28930548636345,5
Cr9In3,O1,-445.39616703426145,5
Cr9In3,S1,-335.10116659722917,5
Cr9Ir3,C1,-157.5620905548676,5
Cr9Ir3,H1,-17.286445621808525,5
Cr9Ir3,N1,-278.54729158268674,5
Cr9Ir3,O1,-445.7829056981427,5
Cr9Ir3,S1,-335.22080267090496,5
Cr9La3,C1,-158.3466879507032,7
Cr9La3,H1,-18.132067947379255,9
Cr9La3,N1,-280.04066960846103,9
Cr9La3,O1,-446.07042349303447,9
Cr9La3,S1,-336.24952577257864,7
Cr9Mo3,C1,-158.38625371101443,9
Cr9Mo3,H1,-17.75912885654543,10
Cr9Mo3,N1,-279.2933108553916,9
Cr9Mo3,O1,-446.4496782100068,9
Cr9Mo3,S1,-335.9541276969758,9
Cr9Nb3,C1,-158.66032785776406,5
Cr9Nb3,H1,-18.127552898513386,5
Cr9Nb3,N1,-279.73542101190105,5
Cr9Nb3,O1,-446.93154419834536,5
Cr9Nb3,S1,-336.4948154453632,5
Cr9Os3,C1,-157.72359270319066,5
Cr9Os3,H1,-17.27757688757265,6
Cr9Os3,N1,-278.549202774233,5
Cr9Os3,O1,-445.75840021428667,6
Cr9Os3,S1,-335.20966450725973,5
Cr9Pb3,C1,-157.1526943322133,8
Cr9Pb3,H1,-17.03694104171882,9
Cr9Pb3,N1,-277.97804276580064,9
Cr9Pb3,O1,-445.19676160512245,9
Cr9Pb3,S1,-334.99728237733143,7
Cr9Pd3,C1,-157.7884291314731,3
Cr9Pd3,H1,-17.365335913509625,7
Cr9Pd3,N1,-278.85215255308503,3
Cr9Pd3,O1,-446.12373467573343,5
Cr9Pd3,S1,-335.49472198488,3
Cr9Pt3,C1,-157.64728681266934,9
Cr9Pt3,H1,-17.336224222646706,9
Cr9Pt3,N1,-278.6267563067013,9
Cr9Pt3,O1,-445.87624768370006,9
Cr9Pt3,S1,-335.30415032333985,9
Cr9Re3,C1,-158.0873370674235,9
Cr9Re3,H1,-17.400439959266805,9
Cr9Re3,N1,-278.85798857858754,9
Cr9Re3,O1,-445.9076820022274,9
Cr9Re3,S1,-335.5134806965798,9
Cr9Rh3,C1,-157.68227793118422,9
Cr9Rh3,H1,-17.319737389392685,10
Cr9Rh3,N1,-278.7067821294622,9
Cr9Rh3,O1,-445.95361182494526,9
Cr9Rh3,S1,-335.3690274326473,9
Cr9Ru3,C1,-157.65650534924134,9
Cr9Ru3,H1,-17.294443863869674,10
Cr9Ru3,N1,-278.6508944368834,9
Cr9Ru3,O1,-445.8806009608961,9
Cr9Ru3,S1,-335.3290966316199,9
Cr9Sc3,C1,-158.76734043440956,8
Cr9Sc3,H1,-17.64727183722789,9
Cr9Sc3,N1,-279.33931455700804,8
Cr9Sc3,O1,-447.2930640319428,9
Cr9Sc3,S1,-336.4659219897985,7
Cr9Sn3,C1,-157.2572370675989,9
Cr9Sn3,H1,-17.14296257976457,9
Cr9Sn3,N1,-278.0009188319891,9
Cr9Sn3,O1,-445.2217343084376,9
Cr9Sn3,S1,-335.02524357087896,9
Cr9Ta3,C1,-158.89968993874572,5
Cr9Ta3,H1,-18.15955852004845,5
Cr9Ta3,N1,-279.8151632920344,5
Cr9Ta3,O1,-447.06432391466296,5
Cr9Ta3,S1,-336.42055122497186,5
Cr9Tc3,C1,-157.86126448209689,5
Cr9Tc3,H1,-17.400884865390253,5
Cr9Tc3,N1,-278.821402328751,5
Cr9Tc3,O1,-445.8124673292332,5
Cr9Tc3,S1,-335.47111352429783,5
Cr9Ti3,C1,-158.6684507279606,5
Cr9Ti3,H1,-18.051951782836113,5
Cr9Ti3,N1,-279.6460150169587,5
Cr9Ti3,O1,-447.0265926097891,5
Cr9Ti3,S1,-336.4731192647778,5
Cr9Tl3,C1,-157.3548589956772,5
Cr9Tl3,H1,-17.133943638698838,5
Cr9Tl3,N1,-278.1116872598941,5
Cr9Tl3,O1,-445.3435036185547,5
Cr9Tl3,S1,-334.9879451991292,5
Cr9V3,C1,-158.47380946791236,3
Cr9V3,H1,-18.009604746977857,4
Cr9V3,N1,-279.6424099167634,3
Cr9V3,O1,-446.94269324654306,3
Cr9V3,S1,-336.112499175586,3
Cr9W3,C1,-158.33577917902585,5
Cr9W3,H1,-17.825861374047236,5
Cr9W3,N1,-279.40131950474097,5
Cr9W3,O1,-446.5267370395195,5
Cr9W3,S1,-336.03011970418083,5
Cr9Y3,C1,-158.8308414640269,3
Cr9Y3,H1,-18.619867377972696,5
Cr9Y3,N1,-279.04994992549473,3
Cr9Y3,O1,-447.1984331791864,4
Cr9Y3,S1,-336.5151506485781,3
Cr9Zn3,C1,-157.72812054141104,7
Cr9Zn3,H1,-17.42378855113202,9
Cr9Zn3,N1,-278.683371359577,7
Cr9Zn3,O1,-445.85634827079775,7
Cr9Zn3,S1,-335.2311214997753,7
Cr9Zr3,C1,-159.14296678546089,7
Cr9Zr3,H1,-17.91830960171137,9
Cr9Zr3,N1,-279.56159578021834,9
Cr9Zr3,O1,-446.8477383062018,9
Cr9Zr3,S1,-336.61175038101646,7
Cu12,C1,-154.96631773492845,8
Cu12,C1H1,-172.8815139461658,8
Cu12,C1H2,-189.8699762748438,4
Cu12,C1H3,-207.29771047663235,4
Cu12,H1,-16.51257767464267,12
Cu12,H1N1,-293.03420336525596,8
Cu12,H1O1,-459.9734000666649,12
Cu12,H1S1,-349.3420784898917,12
Cu12,H2O1,-476.7696477104473,4
Cu12,N1,-275.27578690274095,8
Cu12,O1,-442.8888952947018,8
Cu12,S1,-333.56874513367075,8
Cu3Ga9,C1,-155.14557898475323,6
Cu3Ga9,C1H1,-173.0170131681516,9
Cu3Ga9,C1H2,-190.07356422972225,9
Cu3Ga9,C1H3,-207.52424307039473,9
Cu3Ga9,H1,-15.952285620805924,7
Cu3Ga9,H1N1,-293.261395562964,9
Cu3Ga9,H1S1,-349.32448415330146,9
Cu3Ga9,H2O1,-476.76950702759495,9
Cu3Ga9,N1,-275.8589178792172,7
Cu3Ga9,O1,-443.4486831215763,7
Cu3Ga9,S1,-333.251563528931,6
Cu3Hf9,C1,-157.84514922028757,4
Cu3Hf9,H1,-17.498293320153607,4
Cu3Hf9,N1,-279.7213916387118,4
Cu3Hf9,O1,-447.37959269515704,3
Cu3Hf9,S1,-335.8036747310689,4
Cu3Hg9,C1,-154.698986024865,3
Cu3Hg9,H1,-16.24408771202434,5
Cu3Hg9,N1,-274.8300309650185,3
Cu3Hg9,O1,-442.64462849782285,5
Cu3Hg9,S1,-332.99555896558377,3
Cu3In9,C1,-155.3186148141831,3
Cu3In9,H1,-16.168991639628075,5
Cu3In9,N1,-275.63698360115086,3
Cu3In9,O1,-443.3180759621464,5
Cu3In9,S1,-333.30937030436326,3
Cu3Ir9,C1,-157.8060776186976,3
Cu3Ir9,C1H1,-175.2310324497521,9
Cu3Ir9,C1H2,-191.23961189303373,8
Cu3Ir9,C1H3,-207.94897576504445,9
Cu3Ir9,H1,-16.72705208786647,3
Cu3Ir9,H1N1,-294.16129017731873,9
Cu3Ir9,H1O1,-459.8849214356742,18
Cu3Ir9,H1S1,-350.21697972026595,9
Cu3Ir9,H2O1,-476.8298953470003,9
Cu3Ir9,N1,-277.35042539446295,3
Cu3Ir9,O1,-443.37558395657834,3
Cu3Ir9,S1,-334.80445924588275,4
Cu3La9,C1,-158.03960503475173,7
Cu3La9,H1,-17.436982398769032,7
Cu3La9,N1,-279.075113924835,7
Cu3La9,O1,-447.130086754496,7
Cu3La9,S1,-335.9810011154477,7
Cu3Mo9,C1,-157.8222994130847,5
Cu3Mo9,H1,-17.414046059369866,5
Cu3Mo9,N1,-278.5319450424722,6
Cu3Mo9,O1,-445.6870873405933,5
Cu3Mo9,S1,-335.4293156141648,5
Cu3Nb9,C1,-157.96828984808963,3
Cu3Nb9,H1,-17.485264781673322,6
Cu3Nb9,N1,-279.1398162009973,4
Cu3Nb9,O1,-446.36384901541896,3
Cu3Nb9,S1,-335.53627376804434,3
Cu3Os9,C1,-157.8898680003549,9
Cu3Os9,C1H1,-175.47568224684073,9
Cu3Os9,C1H2,-191.74454864500876,7
Cu3Os9,C1H3,-207.9010509397267,9
Cu3Os9,H1,-16.707766835890652,9
Cu3Os9,H1N1,-294.9854638098477,9
Cu3Os9,H1O1,-460.19165713436814,18
Cu3Os9,H1S1,-351.8166644593948,9
Cu3Os9,H2O1,-476.8722408862377,9
Cu3Os9,N1,-277.9981912989242,9
Cu3Os9,O1,-444.4439192139762,9
Cu3Os9,S1,-335.34958353830007,9
Cu3Pb9,C1,-154.80865620131226,3
Cu3Pb9,H1,-16.22812782721303,5
Cu3Pb9,N1,-275.16395709480275,5
Cu3Pb9,O1,-443.10510620238347,5
Cu3Pb9,S1,-333.2820925247215,3
Cu3Pd9,C1,-156.41889188240748,9
Cu3Pd9,C1H1,-173.61833318600839,9
Cu3Pd9,C1H2,-190.28968765281752,9
Cu3Pd9,C1H3,-207.6066766924414,9
Cu3Pd9,H1,-16.68486002083955,9
Cu3Pd9,H1N1,-292.83287776480574,9
Cu3Pd9,H1O1,-459.6489917986546,54
Cu3Pd9,H1S1,-349.84198004738573,9
Cu3Pd9,H2O1,-476.8386116974798,9
Cu3Pd9,N1,-275.55363567659515,9
Cu3Pd9,O1,-442.3902254604691,9
Cu3Pd9,S1,-333.6522080263021,9
Cu3Pt9,C1,-156.9897684842872,7
Cu3Pt9,C1H1,-174.35476833720895,9
Cu3Pt9,C1H2,-190.80232998842257,9
Cu3Pt9,C1H3,-207.93646519526374,9
Cu3Pt9,H1,-16.692226414575998,9
Cu3Pt9,H1N1,-293.1446398142725,9
Cu3Pt9,H1O1,-459.5941111994034,36
Cu3Pt9,H1S1,-350.01949106102256,9
Cu3Pt9,H2O1,-476.8112365010966,9
Cu3Pt9,N1,-276.0355784010462,9
Cu3Pt9,O1,-442.47028801859415,9
Cu3Pt9,S1,-334.0581538454935,9
Cu3Re9,C1,-157.70616775748204,7
Cu3Re9,H1,-17.03973646718805,7
Cu3Re9,H1O1,-460.9557149694956,54
Cu3Re9,N1,-278.14764832818037,7
Cu3Re9,O1,-445.1595520785413,7
Cu3Re9,S1,-335.26329936936963,7
Cu3Rh9,C1,-157.4667361514148,7
Cu3Rh9,C1H1,-174.72888785787654,9
Cu3Rh9,C1H2,-191.00848424893775,9
Cu3Rh9,C1H3,-207.75460498615575,9
Cu3Rh9,H1,-16.870846564197564,7
Cu3Rh9,H1N1,-294.0399747530828,9
Cu3Rh9,H1O1,-459.929246603082,54
Cu3Rh9,H1S1,-351.2416404344476,9
Cu3Rh9,H2O1,-476.875266383955,9
Cu3Rh9,N1,-277.09669937634317,7
Cu3Rh9,O1,-443.40991547115846,7
Cu3Rh9,S1,-334.6935067329832,7
Cu3Ru9,C1,-157.68125587160466,7
Cu3Ru9,C1H1,-175.07793521761778,9
Cu3Ru9,C1H2,-191.5131712004004,9
Cu3Ru9,C1H3,-208.09549723021337,9
Cu3Ru9,H1,-16.92340303916717,7
Cu3Ru9,H1N1,-294.8377884459478,9
Cu3Ru9,H1O1,-460.47252215407207,54
Cu3Ru9,H1S1,-351.6151414403648,9
Cu3Ru9,H2O1,-476.88609923586773,9
Cu3Ru9,N1,-277.7871928678651,7
Cu3Ru9,O1,-444.3865294530042,7
Cu3Ru9,S1,-335.22718129139685,7
Cu3Sc9,C1,-158.14586426423557,5
Cu3Sc9,H1,-17.658599528160266,5
Cu3Sc9,N1,-279.6104838885294,5
Cu3Sc9,O1,-447.66312987275523,5
Cu3Sc9,S1,-336.05120267623715,5
Cu3Sn9,C1,-155.11593027723575,3
Cu3Sn9,C1H1,-172.77992636704585,8
Cu3Sn9,C1H2,-190.1442104245143,9
Cu3Sn9,C1H3,-207.7256722101447,9
Cu3Sn9,H1,-16.19665119498677,3
Cu3Sn9,H1N1,-293.0222417851328,9
Cu3Sn9,H1S1,-349.66221443456016,9
Cu3Sn9,H2O1,-476.82630507701833,9
Cu3Sn9,N1,-275.53835158651054,3
Cu3Sn9,O1,-443.34934211432846,2
Cu3Sn9,S1,-333.29769988605403,3
Cu3Ta9,C1,-158.34882023474347,3
Cu3Ta9,H1,-17.49229184944852,3
Cu3Ta9,N1,-279.5944333898151,3
Cu3Ta9,O1,-446.6723813457211,3
Cu3Ta9,S1,-335.6713845475533,3
Cu3Tc9,C1,-157.5767398033786,3
Cu3Tc9,H1,-17.073520624770026,3
Cu3Tc9,H1O1,-461.1669038802429,18
Cu3Tc9,N1,-278.0153599134137,3
Cu3Tc9,O1,-445.075206176487,3
Cu3Tc9,S1,-335.23249336170556,3
Cu3Ti9,C1,-157.68135247202008,7
Cu3Ti9,H1,-17.53754955097611,11
Cu3Ti9,N1,-279.51043729009325,7
Cu3Ti9,O1,-447.26127133949194,9
Cu3Ti9,S1,-335.7191350839603,7
Cu3Tl9,C1,-154.76652114214085,7
Cu3Tl9,H1,-16.177359548339155,7
Cu3Tl9,N1,-275.1921806061,7
Cu3Tl9,O1,-443.1700102509567,7
Cu3Tl9,S1,-333.4075378206835,7
Cu3V9,C1,-157.9321434702797,7
Cu3V9,H1,-17.49862325819413,7
Cu3V9,N1,-279.31305734032503,7
Cu3V9,O1,-446.6873530491357,7
Cu3V9,S1,-335.5521038545485,7
Cu3W9,C1,-158.10595945009118,5
Cu3W9,H1,-17.39769473880733,5
Cu3W9,N1,-278.8262471795897,6
Cu3W9,O1,-445.7927318649163,5
Cu3W9,S1,-335.5291144529474,5
Cu3Y9,C1,-158.17093941841813,5
Cu3Y9,H1,-17.715752277981665,5
Cu3Y9,N1,-279.3420641312914,5
Cu3Y9,O1,-447.451939737497,5
Cu3Y9,S1,-336.03494809213953,5
Cu3Zn9,C1,-154.23613616792136,7
Cu3Zn9,H1,-16.050034626037814,8
Cu3Zn9,H1O1,-460.0365081639029,18
Cu3Zn9,N1,-275.0869144560711,7
Cu3Zn9,O1,-443.2577015205461,7
Cu3Zn9,S1,-333.2010632821766,7
Cu3Zr9,C1,-157.73302212798444,9
Cu3Zr9,H1,-17.47168085885278,9
Cu3Zr9,N1,-279.45753713535305,9
Cu3Zr9,O1,-447.09994633727547,9
Cu3Zr9,S1,-335.7212830145472,9
Cu6Ga6,C1,-155.03008584426425,8
Cu6Ga6,C1H1,-172.7072331958916,10
Cu6Ga6,C1H2,-189.86911857199448,9
Cu6Ga6,C1H3,-207.4235292488156,8
Cu6Ga6,H1,-16.0539857189724,10
Cu6Ga6,H1N1,-293.053138270654,10
Cu6Ga6,H1S1,-349.33379520857125,10
Cu6Ga6,H2O1,-476.78840410917473,11
Cu6Ga6,N1,-275.50416089085047,8
Cu6Ga6,O1,-443.22724327434844,10
Cu6Ga6,S1,-333.2672512998979,8
Cu6Hf6,C1,-158.4892523364324,8
Cu6Hf6,H1,-17.359373763247277,10
Cu6Hf6,N1,-279.1749644652591,9
Cu6Hf6,O1,-446.89116209652275,10
Cu6Hf6,S1,-335.6260008573154,8
Cu6Hg6,C1,-155.14994042535545,8
Cu6Hg6,H1,-16.41983651641931,10
Cu6Hg6,N1,-275.2032010804978,9
Cu6Hg6,O1,-442.86239535245113,10
Cu6Hg6,S1,-333.2621898464422,8
Cu6In6,C1,-155.41575768584153,10
Cu6In6,H1,-16.138800064996758,9
Cu6In6,N1,-275.65663892793964,9
Cu6In6,O1,-443.252106315791,8
Cu6In6,S1,-333.3623659710647,8
Cu6Ir6,C1,-157.3144902274289,8
Cu6Ir6,C1H1,-174.8097732882452,10
Cu6Ir6,C1H2,-191.28965349190548,10
Cu6Ir6,C1H3,-207.95241786904808,10
Cu6Ir6,H1,-16.840850367305393,10
Cu6Ir6,H1N1,-293.9007957356298,10
Cu6Ir6,H1O1,-460.0331666059501,20
Cu6Ir6,H1S1,-350.40023750605906,10
Cu6Ir6,H2O1,-476.8443036387034,10
Cu6Ir6,N1,-276.9565665998816,10
Cu6Ir6,O1,-443.40706671137013,10
Cu6Ir6,S1,-334.3839904390261,8
Cu6La6,C1,-157.2367713857966,9
Cu6La6,H1,-16.90069337058958,9
Cu6La6,N1,-278.2281185128304,8
Cu6La6,O1,-446.23496501687623,9
Cu6La6,S1,-335.0158229897788,9
Cu6Mo6,C1,-157.17980367339624,8
Cu6Mo6,H1,-17.096484311616223,10
Cu6Mo6,N1,-277.9770564891951,10
Cu6Mo6,O1,-445.12093844455376,10
Cu6Mo6,S1,-335.0353924646697,8
Cu6Nb6,C1,-156.94607353253377,8
Cu6Nb6,H1,-17.15218397353601,10
Cu6Nb6,N1,-278.1092208200571,10
Cu6Nb6,O1,-445.54790587411844,10
Cu6Nb6,S1,-335.06768557446776,8
Cu6Os6,C1,-157.19177967554424,10
Cu6Os6,C1H1,-174.88403886920423,10
Cu6Os6,C1H2,-190.8099731219263,6
Cu6Os6,C1H3,-207.8941384318896,7
Cu6Os6,H1,-16.793561744147155,10
Cu6Os6,H1N1,-294.268485206303,10
Cu6Os6,H1O1,-460.3104775468237,20
Cu6Os6,H1S1,-350.4085284065586,10
Cu6Os6,H2O1,-476.8363414517298,9
Cu6Os6,N1,-277.24457542419987,10
Cu6Os6,O1,-443.93402454785974,10
Cu6Os6,S1,-334.54802528690925,10
Cu6Pb6,C1,-155.19728741694416,8
Cu6Pb6,H1,-16.390078555203218,10
Cu6Pb6,N1,-275.5617890235444,8
Cu6Pb6,O1,-443.29411987614003,8
Cu6Pb6,S1,-333.44902497680596,8
Cu6Pd6,C1,-156.28013654620736,14
Cu6Pd6,C1H1,-173.4316293505908,10
Cu6Pd6,C1H2,-190.03937924845377,10
Cu6Pd6,C1H3,-207.4942557172035,10
Cu6Pd6,H1,-16.685561802434677,14
Cu6Pd6,H1N1,-293.04486900321353,10
Cu6Pd6,H1O1,-459.7964973635244,58
Cu6Pd6,H1S1,-349.8005126195276,10
Cu6Pd6,H2O1,-476.81723933237663,10
Cu6Pd6,N1,-275.5578512641878,15
Cu6Pd6,O1,-442.57057530171005,14
Cu6Pd6,S1,-333.83784667212603,14
Cu6Pt6,C1,-156.49362114535325,14
Cu6Pt6,C1H1,-173.91259817959508,10
Cu6Pt6,C1H2,-190.84102607290697,10
Cu6Pt6,C1H3,-207.85693788505887,10
Cu6Pt6,H1,-16.768664280294615,14
Cu6Pt6,H1N1,-293.10720429714274,10
Cu6Pt6,H1O1,-459.7111651848609,60
Cu6Pt6,H1S1,-349.98480865565216,10
Cu6Pt6,H2O1,-476.833440310038,10
Cu6Pt6,N1,-275.80480137561244,15
Cu6Pt6,O1,-442.5333423733391,14
Cu6Pt6,S1,-333.8054190020266,14
Cu6Re6,C1,-157.4590939703121,14
Cu6Re6,H1,-17.293230780371232,14
Cu6Re6,H1O1,-461.07402258340153,60
Cu6Re6,N1,-277.85757919393654,16
Cu6Re6,O1,-444.71237829166057,14
Cu6Re6,S1,-335.08921154784184,14
Cu6Rh6,C1,-157.09087006806658,14
Cu6Rh6,C1H1,-174.36572908262315,10
Cu6Rh6,C1H2,-190.93921685495297,9
Cu6Rh6,C1H3,-207.7967043984172,10
Cu6Rh6,H1,-16.781047908982146,14
Cu6Rh6,H1N1,-293.7379375079836,10
Cu6Rh6,H1O1,-460.1007516561149,60
Cu6Rh6,H1S1,-350.36717975636566,10
Cu6Rh6,H2O1,-476.85741734881594,10
Cu6Rh6,N1,-276.67128353988664,14
Cu6Rh6,O1,-443.32098159371526,14
Cu6Rh6,S1,-334.2943949167966,14
Cu6Ru6,C1,-156.9610837400469,14
Cu6Ru6,C1H1,-174.5175042496776,10
Cu6Ru6,C1H2,-190.96354750567116,10
Cu6Ru6,C1H3,-207.80503815684642,8
Cu6Ru6,H1,-16.736680836052983,14
Cu6Ru6,H1N1,-294.09302960455534,10
Cu6Ru6,H1O1,-460.4169291607832,60
Cu6Ru6,H1S1,-350.44923092242243,10
Cu6Ru6,H2O1,-476.8422410158164,10
Cu6Ru6,N1,-277.0051708934552,14
Cu6Ru6,O1,-443.80353943149385,14
Cu6Ru6,S1,-334.48688212370325,14
Cu6Sc6,C1,-157.70074153542373,8
Cu6Sc6,H1,-17.16737391222705,8
Cu6Sc6,N1,-278.74631578033586,8
Cu6Sc6,O1,-446.39225946891384,8
Cu6Sc6,S1,-335.2293162965725,8
Cu6Sn6,C1,-155.33686902681802,8
Cu6Sn6,C1H1,-172.81929157945706,10
Cu6Sn6,C1H2,-189.8875745570549,10
Cu6Sn6,C1H3,-207.30596260089078,9
Cu6Sn6,H1,-16.199042939566425,11
Cu6Sn6,H1N1,-293.08813564778393,10
Cu6Sn6,H1S1,-349.47888290593255,10
Cu6Sn6,H2O1,-476.82097477508796,10
Cu6Sn6,N1,-275.69318993904017,9
Cu6Sn6,O1,-443.29174445838,10
Cu6Sn6,S1,-333.3715668202349,8
Cu6Ta6,C1,-157.1902396472724,10
Cu6Ta6,H1,-17.21331271469535,10
Cu6Ta6,N1,-278.48120479131467,10
Cu6Ta6,O1,-445.94281570839667,10
Cu6Ta6,S1,-335.2610553826016,10
Cu6Tc6,C1,-157.19265370519133,8
Cu6Tc6,H1,-16.940784990896645,10
Cu6Tc6,H1O1,-461.01621852911194,20
Cu6Tc6,N1,-277.4883035717139,8
Cu6Tc6,O1,-444.42043497335544,9
Cu6Tc6,S1,-334.88274585304316,8
Cu6Ti6,C1,-156.90018792831688,8
Cu6Ti6,H1,-17.21713768287009,9
Cu6Ti6,N1,-278.47174747486133,8
Cu6Ti6,O1,-446.2137661243396,8
Cu6Ti6,S1,-335.25965209153946,8
Cu6Tl6,C1,-155.07088931438193,8
Cu6Tl6,H1,-16.651030148139398,10
Cu6Tl6,N1,-275.5750378381781,8
Cu6Tl6,O1,-443.38537161924614,10
Cu6Tl6,S1,-333.944603053591,8
Cu6V6,C1,-156.94599720460246,8
Cu6V6,H1,-17.118695603690867,9
Cu6V6,N1,-278.1037250729132,8
Cu6V6,O1,-445.5762180945094,7
Cu6V6,S1,-335.0313862686744,8
Cu6W6,C1,-157.42538246712502,10
Cu6W6,H1,-17.205433386392542,10
Cu6W6,N1,-278.2426986444261,10
Cu6W6,O1,-445.3363969574857,10
Cu6W6,S1,-335.19218840415124,8
Cu6Y6,C1,-157.37163168451661,8
Cu6Y6,H1,-17.162998321706255,12
Cu6Y6,N1,-278.48400565906195,8
Cu6Y6,O1,-446.2865765765382,9
Cu6Y6,S1,-335.22457688985014,8
Cu6Zn6,C1,-154.83250847589807,8
Cu6Zn6,H1,-16.29969539945887,10
Cu6Zn6,H1O1,-460.00710925688327,20
Cu6Zn6,N1,-275.0915737252508,9
Cu6Zn6,O1,-443.068236818086,10
Cu6Zn6,S1,-333.33166948919825,8
Cu6Zr6,C1,-158.38839538297907,10
Cu6Zr6,H1,-17.279381138381723,10
Cu6Zr6,N1,-279.09957450990623,10
Cu6Zr6,O1,-446.5999909012244,10
Cu6Zr6,S1,-335.49314984717785,10
Cu9Ga3,C1,-154.72905582854582,8
Cu9Ga3,C1H1,-172.79117133536784,9
Cu9Ga3,C1H2,-189.7805053807242,9
Cu9Ga3,C1H3,-207.3847066314047,9
Cu9Ga3,H1,-16.51368286498473,9
Cu9Ga3,H1N1,-292.99264328260324,9
Cu9Ga3,H1S1,-349.49164041902986,9
Cu9Ga3,H2O1,-476.7975093103305,9
Cu9Ga3,N1,-275.2184133325354,9
Cu9Ga3,O1,-443.02946943978895,11
Cu9Ga3,S1,-333.31882544391556,7
Cu9Hf3,C1,-156.18544473994552,7
Cu9Hf3,H1,-16.7666887338346,9
Cu9Hf3,N1,-277.2272523851134,7
Cu9Hf3,O1,-445.22383393882046,8
Cu9Hf3,S1,-334.67394963927654,6
Cu9Hg3,C1,-154.69204385661578,7
Cu9Hg3,H1,-16.409848577975936,9
Cu9Hg3,N1,-274.97894118151453,7
Cu9Hg3,O1,-443.25579454676335,9
Cu9Hg3,S1,-333.4549366499559,7
Cu9In3,C1,-154.72451846634794,7
Cu9In3,H1,-16.476577285895473,9
Cu9In3,N1,-275.17468368627306,7
Cu9In3,O1,-442.84950858527736,9
Cu9In3,S1,-333.3975489298391,7
Cu9Ir3,C1,-156.80536169782135,9
Cu9Ir3,C1H1,-174.10459993541008,9
Cu9Ir3,C1H2,-190.83799662953243,9
Cu9Ir3,C1H3,-208.0188477959673,9
Cu9Ir3,H1,-16.901389437785838,9
Cu9Ir3,H1N1,-293.57154261678807,9
Cu9Ir3,H1O1,-459.9419907825941,18
Cu9Ir3,H1S1,-350.010777295618,9
Cu9Ir3,H2O1,-476.8710701164382,9
Cu9Ir3,N1,-276.53920329219545,9
Cu9Ir3,O1,-443.2700767136921,9
Cu9Ir3,S1,-334.07324391841394,9
Cu9La3,C1,-156.56189967763203,7
Cu9La3,H1,-16.76691567677335,9
Cu9La3,N1,-277.5507366905658,7
Cu9La3,O1,-445.12066755521664,9
Cu9La3,S1,-334.920170213496,7
Cu9Mo3,C1,-156.97879644614295,3
Cu9Mo3,H1,-16.913895245583262,6
Cu9Mo3,N1,-277.92144703300437,4
Cu9Mo3,O1,-445.2492870591159,5
Cu9Mo3,S1,-334.7765232228776,3
Cu9Nb3,C1,-156.64107337590394,3
Cu9Nb3,H1,-16.842827002234117,6
Cu9Nb3,N1,-277.68127337250917,5
Cu9Nb3,O1,-445.41778675085516,5
Cu9Nb3,S1,-334.7720556578788,3
Cu9Os3,C1,-157.39941695646849,3
Cu9Os3,C1H1,-174.72787885976868,7
Cu9Os3,C1H2,-191.63696449324925,9
Cu9Os3,C1H3,-208.1360907644994,9
Cu9Os3,H1,-17.034336368058575,5
Cu9Os3,H1N1,-294.1983945319007,9
Cu9Os3,H1O1,-460.3907727622791,18
Cu9Os3,H1S1,-350.2733607552509,9
Cu9Os3,H2O1,-477.04068914845993,9
Cu9Os3,N1,-277.5497138146602,4
Cu9Os3,O1,-444.11685008081986,5
Cu9Os3,S1,-334.526782175868,3
Cu9Pb3,C1,-155.0601287086829,3
Cu9Pb3,H1,-16.40007520130166,5
Cu9Pb3,N1,-275.37148648260336,4
Cu9Pb3,O1,-443.10991363757785,5
Cu9Pb3,S1,-333.6695925631284,3
Cu9Pd3,C1,-155.01049528057047,9
Cu9Pd3,C1H1,-172.83137465840264,9
Cu9Pd3,C1H2,-189.90193114712747,9
Cu9Pd3,C1H3,-207.39224717798788,9
Cu9Pd3,H1,-16.513995523797348,9
Cu9Pd3,H1N1,-293.1069298703442,9
Cu9Pd3,H1O1,-460.0457329590863,54
Cu9Pd3,H1S1,-349.6870260464857,9
Cu9Pd3,H2O1,-476.8080469187262,9
Cu9Pd3,N1,-275.14453184026206,9
Cu9Pd3,O1,-442.89409334929223,9
Cu9Pd3,S1,-333.6542686083558,9
Cu9Pt3,C1,-155.5718108906076,9
Cu9Pt3,C1H1,-173.20863423671108,8
Cu9Pt3,C1H2,-190.18389564279641,9
Cu9Pt3,C1H3,-207.7756294537321,9
Cu9Pt3,H1,-16.616926256792794,10
Cu9Pt3,H1N1,-292.9783094140439,9
Cu9Pt3,H1O1,-459.9664491907679,36
Cu9Pt3,H1S1,-349.71123533442005,9
Cu9Pt3,H2O1,-476.8229673286769,9
Cu9Pt3,N1,-275.34951628337876,9
Cu9Pt3,O1,-442.7280994178218,9
Cu9Pt3,S1,-333.5208784046481,9
Cu9Re3,C1,-157.4466409525994,9
Cu9Re3,H1,-17.070514991370146,9
Cu9Re3,H1O1,-462.77908912094426,54
Cu9Re3,N1,-278.1198529880203,9
Cu9Re3,O1,-445.15522329159285,9
Cu9Re3,S1,-334.87151163322415,9
Cu9Rh3,C1,-156.358583700523,9
Cu9Rh3,C1H1,-173.70529750348214,9
Cu9Rh3,C1H2,-190.50286680418503,9
Cu9Rh3,C1H3,-207.72749156326608,9
Cu9Rh3,H1,-16.786684611084638,9
Cu9Rh3,H1N1,-293.36133875814267,9
Cu9Rh3,H1O1,-460.02000296294864,54
Cu9Rh3,H1S1,-349.98802585756493,9
Cu9Rh3,H2O1,-476.8131759924654,9
Cu9Rh3,N1,-276.09804226874985,9
Cu9Rh3,O1,-443.08496270336036,9
Cu9Rh3,S1,-333.8874639094647,9
Cu9Ru3,C1,-157.07583904384956,9
Cu9Ru3,C1H1,-174.27598117664456,8
Cu9Ru3,C1H2,-190.85752964116546,5
Cu9Ru3,C1H3,-207.83454250796785,6
Cu9Ru3,H1,-16.887313941319007,10
Cu9Ru3,H1N1,-293.8946658271889,8
Cu9Ru3,H1O1,-460.21392815544823,36
Cu9Ru3,H1S1,-350.89356071151997,9
Cu9Ru3,H2O1,-477.012080051878,9
Cu9Ru3,N1,-277.0746720332245,9
Cu9Ru3,O1,-443.76905430866464,9
Cu9Ru3,S1,-334.2730977911633,7
Cu9Sc3,C1,-156.0369671844528,5
Cu9Sc3,H1,-16.720830885235046,5
Cu9Sc3,N1,-276.65824085149507,5
Cu9Sc3,O1,-444.7597001127215,7
Cu9Sc3,S1,-334.38244197522727,5
Cu9Sn3,C1,-154.7167060780339,3
Cu9Sn3,C1H1,-172.3830418026264,9
Cu9Sn3,C1H2,-189.55427959531517,9
Cu9Sn3,C1H3,-207.27367751844577,8
Cu9Sn3,H1,-16.432025039481232,5
Cu9Sn3,H1N1,-292.7654196557487,9
Cu9Sn3,H1S1,-349.43280559750565,9
Cu9Sn3,H2O1,-476.7741144590982,9
Cu9Sn3,N1,-274.9553308161194,5
Cu9Sn3,O1,-442.730429936797,5
Cu9Sn3,S1,-333.3459825410682,3
Cu9Ta3,C1,-157.29345079359337,9
Cu9Ta3,H1,-16.896376012431574,9
Cu9Ta3,N1,-277.87503488852235,9
Cu9Ta3,O1,-445.60718288061616,9
Cu9Ta3,S1,-334.9409099139448,9
Cu9Tc3,C1,-157.21389708834613,5
Cu9Tc3,H1,-16.937455950195726,5
Cu9Tc3,H1O1,-460.7557068082024,18
Cu9Tc3,N1,-277.7206071557812,5
Cu9Tc3,O1,-444.4721191874196,5
Cu9Tc3,S1,-334.58566924322804,3
Cu9Ti3,C1,-156.12676066949643,7
Cu9Ti3,H1,-16.787334146822104,7
Cu9Ti3,N1,-277.3027903703769,7
Cu9Ti3,O1,-445.1384824400666,7
Cu9Ti3,S1,-334.5577220635387,7
Cu9Tl3,C1,-155.43343760223797,3
Cu9Tl3,H1,-16.449258417058445,3
Cu9Tl3,N1,-275.74259615209303,3
Cu9Tl3,O1,-443.4070220847061,2
Cu9Tl3,S1,-333.88292518669186,3
Cu9V3,C1,-156.57764091897116,5
Cu9V3,H1,-16.840870231615554,6
Cu9V3,N1,-277.716771711217,5
Cu9V3,O1,-445.2325365475408,5
Cu9V3,S1,-334.67436787825136,5
Cu9W3,C1,-158.11386721428426,4
Cu9W3,H1,-17.00146705719817,4
Cu9W3,N1,-278.55029639974964,5
Cu9W3,O1,-445.660426306953,5
Cu9W3,S1,-335.022314537513,3
Cu9Y3,C1,-156.46835074949922,5
Cu9Y3,H1,-16.633049137788475,6
Cu9Y3,N1,-277.22872465703404,5
Cu9Y3,O1,-444.596095340763,5
Cu9Y3,S1,-334.3683457981024,4
Cu9Zn3,C1,-154.7411159138719,7
Cu9Zn3,H1,-16.492498530526063,8
Cu9Zn3,H1O1,-460.0237148678134,18
Cu9Zn3,N1,-275.10977814106445,7
Cu9Zn3,O1,-442.94465155627404,7
Cu9Zn3,S1,-333.5205600314366,7
Cu9Zr3,C1,-156.4156274687557,7
Cu9Zr3,H1,-16.745042622198525,8
Cu9Zr3,N1,-277.2362706458953,6
Cu9Zr3,O1,-445.0860723623482,7
Cu9Zr3,S1,-334.60360263365146,7
Ga12,C1,-155.57208300443017,8
Ga12,C1H1,-172.95542632332945,4
Ga12,C1H2,-189.9920959315059,4
Ga12,C1H3,-207.40384412555431,4
Ga12,H1,-15.810056615373469,12
Ga12,H1N1,-293.1643352778483,6
Ga12,H1O1,-460.00314061257814,4
Ga12,H1S1,-349.12705182160425,4
Ga12,H2O1,-476.75207854439213,4
Ga12,N1,-275.7661731835251,8
Ga12,O1,-443.57037977727305,8
Ga12,S1,-333.1348680534429,8
Ga3Hf9,C1,-157.85355508887733,6
Ga3Hf9,H1,-17.503741855558474,5
Ga3Hf9,N1,-279.75508586267824,5
Ga3Hf9,O1,-447.34184778459894,5
Ga3Hf9,S1,-335.7545209036034,6
Ga3Hg9,C1,-154.69580120450337,7
Ga3Hg9,H1,-15.724901174657134,9
Ga3Hg9,N1,-274.57293753814156,7
Ga3Hg9,O1,-442.67346031959823,6
Ga3Hg9,S1,-332.52747050907055,6
Ga3In9,C1,-155.03341937485675,3
Ga3In9,H1,-15.826880053464265,4
Ga3In9,N1,-275.34649881302175,3
Ga3In9,O1,-443.45601182754035,3
Ga3In9,S1,-333.0630936746893,3
Ga3Ir9,C1,-157.68593568540382,3
Ga3Ir9,C1H1,-174.84712567459064,9
Ga3Ir9,C1H2,-190.95067611293052,9
Ga3Ir9,C1H3,-207.78646012872923,9
Ga3Ir9,H1,-16.73158468807378,3
Ga3Ir9,H1N1,-293.8209723655673,9
Ga3Ir9,H1S1,-350.17136486932577,10
Ga3Ir9,H2O1,-476.83225892781047,9
Ga3Ir9,N1,-277.048017394256,3
Ga3Ir9,O1,-443.1640125898339,3
Ga3Ir9,S1,-334.4216776614485,3
Ga3La9,C1,-157.4679873308487,9
Ga3La9,H1,-17.15522239665006,9
Ga3La9,N1,-278.9086003920056,9
Ga3La9,O1,-446.80843295883824,9
Ga3La9,S1,-335.4092960630005,9
Ga3Mo9,C1,-157.5280712909298,7
Ga3Mo9,H1,-17.354833271732787,9
Ga3Mo9,N1,-278.2102932876587,9
Ga3Mo9,O1,-445.3851646554176,8
Ga3Mo9,S1,-335.2051483699397,7
Ga3Nb9,C1,-157.82977587685673,6
Ga3Nb9,H1,-17.475193848506024,5
Ga3Nb9,N1,-278.9504740858356,5
Ga3Nb9,O1,-446.2319676829429,5
Ga3Nb9,S1,-335.42166404513773,5
Ga3Os9,C1,-157.97527813963825,7
Ga3Os9,C1H1,-175.45717905004858,9
Ga3Os9,C1H2,-191.35987151557492,9
Ga3Os9,C1H3,-207.95853308335063,9
Ga3Os9,H1,-16.765425989564392,9
Ga3Os9,H1N1,-294.74501626676647,9
Ga3Os9,H1S1,-351.4051267008326,9
Ga3Os9,H2O1,-476.8442518010197,9
Ga3Os9,N1,-277.9511610478512,7
Ga3Os9,O1,-444.2867711591898,7
Ga3Os9,S1,-335.03348004860163,7
Ga3Pb9,C1,-154.58409480019327,9
Ga3Pb9,H1,-15.765217424937873,9
Ga3Pb9,N1,-275.403862042891,9
Ga3Pb9,O1,-443.4038360398263,9
Ga3Pb9,S1,-333.05196625953977,9
Ga3Pd9,C1,-155.81897393111285,7
Ga3Pd9,C1H1,-173.19743852099782,9
Ga3Pd9,C1H2,-190.02779372966324,8
Ga3Pd9,C1H3,-207.46827714508254,9
Ga3Pd9,H1,-16.687544968088332,8
Ga3Pd9,H1N1,-292.71473341919045,9
Ga3Pd9,H1S1,-349.8276996491986,9
Ga3Pd9,H2O1,-476.83104217077926,9
Ga3Pd9,N1,-275.1009703603413,7
Ga3Pd9,O1,-442.5277399575716,7
Ga3Pd9,S1,-333.31618634785264,7
Ga3Pt9,C1,-156.54947577610437,5
Ga3Pt9,C1H1,-174.05611945362762,9
Ga3Pt9,C1H2,-190.71356332494906,9
Ga3Pt9,C1H3,-207.88584902801813,7
Ga3Pt9,H1,-16.797059767537576,5
Ga3Pt9,H1N1,-292.99071753297903,9
Ga3Pt9,H1S1,-350.0384303202518,9
Ga3Pt9,H2O1,-476.8230084178722,9
Ga3Pt9,N1,-275.5625546158335,5
Ga3Pt9,O1,-442.5556743479101,5
Ga3Pt9,S1,-333.8212175233275,6
Ga3Re9,C1,-157.7565682745044,4
Ga3Re9,H1,-16.986419842207397,5
Ga3Re9,N1,-278.13927456903184,4
Ga3Re9,O1,-445.0599163720108,4
Ga3Re9,S1,-335.2544823367716,5
Ga3Rh9,C1,-157.4072592773009,3
Ga3Rh9,C1H1,-174.51368377137987,9
Ga3Rh9,C1H2,-190.73361811484938,8
Ga3Rh9,C1H3,-207.6008067887742,9
Ga3Rh9,H1,-16.835587413552275,5
Ga3Rh9,H1N1,-293.6545441404305,8
Ga3Rh9,H1S1,-350.028918172844,9
Ga3Rh9,H2O1,-476.8495755722179,9
Ga3Rh9,N1,-276.86357550511457,3
Ga3Rh9,O1,-443.08982823484985,3
Ga3Rh9,S1,-334.28054282578523,3
Ga3Ru9,C1,-157.68175887403777,3
Ga3Ru9,C1H1,-175.0901886398351,9
Ga3Ru9,C1H2,-191.3069285028978,9
Ga3Ru9,C1H3,-207.8298146660818,9
Ga3Ru9,H1,-16.90987285882875,3
Ga3Ru9,H1N1,-294.65915455456707,9
Ga3Ru9,H1S1,-351.4633333475431,9
Ga3Ru9,H2O1,-476.8504161318633,9
Ga3Ru9,N1,-277.69900431023416,3
Ga3Ru9,O1,-444.19270154122205,4
Ga3Ru9,S1,-334.96378217054007,4
Ga3Sc9,C1,-157.19840646385273,3
Ga3Sc9,H1,-17.61949078303951,3
Ga3Sc9,N1,-279.46355833431153,3
Ga3Sc9,O1,-447.5644748644954,3
Ga3Sc9,S1,-335.87296117300866,3
Ga3Sn9,C1,-154.97117904865445,4
Ga3Sn9,C1H1,-172.3950908673578,9
Ga3Sn9,C1H2,-189.96891822713224,9
Ga3Sn9,C1H3,-207.44899924017955,9
Ga3Sn9,H1,-15.874695352955314,5
Ga3Sn9,H1N1,-292.78570533425955,9
Ga3Sn9,H1S1,-349.2667922099208,9
Ga3Sn9,H2O1,-476.7730477728619,9
Ga3Sn9,N1,-275.6343204230143,4
Ga3Sn9,O1,-443.4330141264654,3
Ga3Sn9,S1,-332.9098251468895,3
Ga3Ta9,C1,-158.08103872051288,3
Ga3Ta9,H1,-17.48700508573529,3
Ga3Ta9,N1,-279.25150260493683,3
Ga3Ta9,O1,-446.41112308049196,3
Ga3Ta9,S1,-335.4849249342951,3
Ga3Tc9,C1,-157.55798544549907,4
Ga3Tc9,H1,-16.998625236323278,4
Ga3Tc9,N1,-277.935153134953,3
Ga3Tc9,O1,-444.89047135678265,3
Ga3Tc9,S1,-335.18222318719927,3
Ga3Ti9,C1,-157.66921360973356,7
Ga3Ti9,H1,-17.549179968558747,7
Ga3Ti9,N1,-279.47178447171245,7
Ga3Ti9,O1,-447.165153520662,6
Ga3Ti9,S1,-335.57129822050047,7
Ga3Tl9,C1,-154.81080454007315,7
Ga3Tl9,H1,-15.960250528914912,7
Ga3Tl9,N1,-275.3047664823316,7
Ga3Tl9,O1,-443.3644602149725,7
Ga3Tl9,S1,-333.1254376762663,7
Ga3V9,C1,-157.73278892642702,7
Ga3V9,H1,-17.50482418834872,7
Ga3V9,N1,-279.00920659254916,7
Ga3V9,O1,-446.34765552088356,7
Ga3V9,S1,-335.23564307938796,7
Ga3W9,C1,-157.6574746187398,5
Ga3W9,H1,-17.381411310649128,5
Ga3W9,N1,-278.37767704056023,5
Ga3W9,O1,-445.4792730496192,5
Ga3W9,S1,-335.30818100958277,5
Ga3Y9,C1,-157.6774812444928,3
Ga3Y9,H1,-17.561799792048987,5
Ga3Y9,N1,-279.2123093684677,3
Ga3Y9,O1,-447.4390144662175,3
Ga3Y9,S1,-335.9586190719383,3
Ga3Zn9,C1,-155.54583463145536,7
Ga3Zn9,H1,-15.994925451144809,9
Ga3Zn9,N1,-276.0821276908973,7
Ga3Zn9,O1,-443.5761379782343,7
Ga3Zn9,S1,-333.4508403842774,7
Ga3Zr9,C1,-157.75381978867517,9
Ga3Zr9,H1,-17.52599668584662,10
Ga3Zr9,N1,-279.4894503742362,9
Ga3Zr9,O1,-447.1017377987373,9
Ga3Zr9,S1,-335.69201363372486,9
Ga6Hf6,C1,-156.9596614010079,8
Ga6Hf6,H1,-17.027021539906855,10
Ga6Hf6,N1,-278.3597458270451,8
Ga6Hf6,O1,-445.9762067975389,10
Ga6Hf6,S1,-334.93365100518713,8
Ga6Hg6,C1,-154.93229275659542,8
Ga6Hg6,H1,-15.897063654723752,10
Ga6Hg6,N1,-275.4050939022418,8
Ga6Hg6,O1,-443.6385221165983,8
Ga6Hg6,S1,-333.0034621038576,8
Ga6In6,C1,-155.26283623924974,8
Ga6In6,H1,-15.8561246719255,10
Ga6In6,N1,-275.7445084321007,8
Ga6In6,O1,-443.5710159794471,10
Ga6In6,S1,-333.09219189591386,8
Ga6Ir6,C1,-156.27546299102687,9
Ga6Ir6,C1H1,-173.56954916125687,10
Ga6Ir6,C1H2,-190.35794836164132,9
Ga6Ir6,C1H3,-207.81015797871805,10
Ga6Ir6,H1,-16.840493490009976,12
Ga6Ir6,H1N1,-293.3107960616326,10
Ga6Ir6,H1S1,-349.7468870092853,10
Ga6Ir6,H2O1,-476.82962282500375,10
Ga6Ir6,N1,-275.758401068073,10
Ga6Ir6,O1,-442.92131779462215,10
Ga6Ir6,S1,-333.6054066229699,8
Ga6La6,C1,-157.37308994258638,8
Ga6La6,H1,-16.948980787601613,10
Ga6La6,N1,-278.28171419055434,8
Ga6La6,O1,-446.13391050879,8
Ga6La6,S1,-335.11683164669375,7
Ga6Mo6,C1,-156.85875342621148,10
Ga6Mo6,H1,-17.225243954118923,12
Ga6Mo6,N1,-277.2826461910736,8
Ga6Mo6,O1,-444.57700192904304,10
Ga6Mo6,S1,-334.46011442143936,10
Ga6Nb6,C1,-156.70676396951603,9
Ga6Nb6,H1,-16.93762683768,10
Ga6Nb6,N1,-277.65906412127515,10
Ga6Nb6,O1,-445.0334673150501,10
Ga6Nb6,S1,-334.6076526399629,8
Ga6Os6,C1,-157.17361213116237,10
Ga6Os6,C1H1,-174.29049695331196,10
Ga6Os6,C1H2,-190.81709474925447,10
Ga6Os6,C1H3,-207.9604393768459,10
Ga6Os6,H1,-16.97181195500889,10
Ga6Os6,H1N1,-293.6771167996849,10
Ga6Os6,H1S1,-350.1576235286484,10
Ga6Os6,H2O1,-476.805982254984,10
Ga6Os6,N1,-276.84868965362693,10
Ga6Os6,O1,-443.3703699833204,10
Ga6Os6,S1,-333.8558811528346,10
Ga6Pb6,C1,-154.88265742368094,8
Ga6Pb6,H1,-15.82028306160646,10
Ga6Pb6,N1,-275.73049933139555,8
Ga6Pb6,O1,-443.64953796507325,9
Ga6Pb6,S1,-333.0649730289151,8
Ga6Pd6,C1,-155.09009891869937,10
Ga6Pd6,C1H1,-172.72679437130137,10
Ga6Pd6,C1H2,-189.80245299450326,10
Ga6Pd6,C1H3,-207.5063879126974,10
Ga6Pd6,H1,-16.046674700402946,10
Ga6Pd6,H1N1,-292.8492258200058,10
Ga6Pd6,H1S1,-349.26609233312774,10
Ga6Pd6,H2O1,-476.8042892987287,10
Ga6Pd6,N1,-275.2271394791169,10
Ga6Pd6,O1,-443.02395124325267,10
Ga6Pd6,S1,-333.01256839346024,10
Ga6Pt6,C1,-155.2734839176992,10
Ga6Pt6,C1H1,-173.07490511522337,10
Ga6Pt6,C1H2,-190.16937728104676,10
Ga6Pt6,C1H3,-207.602263686269,10
Ga6Pt6,H1,-16.3175562715478,10
Ga6Pt6,H1N1,-292.9702470891789,10
Ga6Pt6,H1S1,-349.2207957193168,10
Ga6Pt6,H2O1,-476.83351486922766,10
Ga6Pt6,N1,-275.3968077637328,10
Ga6Pt6,O1,-442.9698873936795,10
Ga6Pt6,S1,-333.0711085156945,10
Ga6Re6,C1,-157.56451808242855,8
Ga6Re6,H1,-17.453110722046404,10
Ga6Re6,N1,-277.9348380271258,8
Ga6Re6,O1,-444.4764755939177,10
Ga6Re6,S1,-334.95590637971327,8
Ga6Rh6,C1,-155.62061600419838,8
Ga6Rh6,C1H1,-173.0529553245433,10
Ga6Rh6,C1H2,-189.95156770454923,10
Ga6Rh6,C1H3,-207.5054051735715,10
Ga6Rh6,H1,-16.47682708640059,8
Ga6Rh6,H1N1,-292.98749448062154,10
Ga6Rh6,H1S1,-349.67395233710704,10
Ga6Rh6,H2O1,-476.8083716866022,10
Ga6Rh6,N1,-275.3251988301854,8
Ga6Rh6,O1,-442.95427118865337,8
Ga6Rh6,S1,-333.36403035536205,8
Ga6Sc6,C1,-156.8595796998925,8
Ga6Sc6,H1,-16.952771061260137,8
Ga6Sc6,N1,-278.0538109593763,8
Ga6Sc6,O1,-446.12076360078936,8
Ga6Sc6,S1,-334.9162980335823,8
Ga6Sn6,C1,-155.18827160518413,8
Ga6Sn6,C1H1,-172.67926683219412,10
Ga6Sn6,C1H2,-190.04435512211057,10
Ga6Sn6,C1H3,-207.4520805212378,10
Ga6Sn6,H1,-15.862823978575761,10
Ga6Sn6,H1N1,-292.9933907793311,10
Ga6Sn6,H1S1,-349.2743127561407,10
Ga6Sn6,H2O1,-476.75559194222296,10
Ga6Sn6,N1,-275.85881311538833,8
Ga6Sn6,O1,-443.5643471495496,8
Ga6Sn6,S1,-333.01575076481095,8
Ga6Ta6,C1,-156.98724041066453,10
Ga6Ta6,H1,-17.008201058364648,9
Ga6Ta6,N1,-277.93684554696665,10
Ga6Ta6,O1,-445.22372795047704,10
Ga6Ta6,S1,-334.75374702246336,10
Ga6Tc6,C1,-157.37918284354237,8
Ga6Tc6,H1,-16.982914335683745,11
Ga6Tc6,N1,-277.4375286260474,10
Ga6Tc6,O1,-444.292729499859,10
Ga6Tc6,S1,-334.3021753317298,8
Ga6Ti6,C1,-156.69486089387647,8
Ga6Ti6,H1,-16.95699807762867,8
Ga6Ti6,N1,-278.09492545559624,8
Ga6Ti6,O1,-445.65770938634523,8
Ga6Ti6,S1,-334.68843453102454,8
Ga6Tl6,C1,-154.9075367919504,8
Ga6Tl6,H1,-15.949127059422608,10
Ga6Tl6,N1,-275.748273399171,8
Ga6Tl6,O1,-443.7521001198911,9
Ga6Tl6,S1,-333.2064109994026,8
Ga6V6,C1,-156.62797408782353,8
Ga6V6,H1,-16.93160332575644,8
Ga6V6,N1,-277.6205340262459,8
Ga6V6,O1,-444.9926801717811,8
Ga6V6,S1,-334.3775946753667,8
Ga6W6,C1,-157.4481756746536,9
Ga6W6,H1,-17.655005448585143,9
Ga6W6,N1,-278.11946128014097,9
Ga6W6,O1,-445.07452874907904,9
Ga6W6,S1,-334.9369435826302,9
Ga6Y6,C1,-157.1365515869038,8
Ga6Y6,H1,-16.954102242154477,10
Ga6Y6,N1,-278.21744648019376,8
Ga6Y6,O1,-446.1274286210901,10
Ga6Y6,S1,-335.03431094820553,8
Ga6Zn6,C1,-155.70203518585186,8
Ga6Zn6,H1,-15.871150662031141,9
Ga6Zn6,N1,-276.09065070450015,8
Ga6Zn6,O1,-443.6602636041207,8
Ga6Zn6,S1,-333.3642553934915,8
Ga6Zr6,C1,-157.03301118283707,8
Ga6Zr6,H1,-16.965928037468984,10
Ga6Zr6,N1,-278.2666841187238,8
Ga6Zr6,O1,-445.7521523444957,10
Ga6Zr6,S1,-334.84228211706795,8
Ga9Hf3,C1,-155.94921972335578,3
Ga9Hf3,H1,-16.280667975355755,5
Ga9Hf3,N1,-277.0429763493521,3
Ga9Hf3,O1,-444.3504732809306,3
Ga9Hf3,S1,-333.7989324884038,3
Ga9Hg3,C1,-155.59094716024993,3
Ga9Hg3,H1,-15.894402517435083,5
Ga9Hg3,N1,-276.1013185193733,3
Ga9Hg3,O1,-443.93383107492264,5
Ga9Hg3,S1,-333.31740568995156,3
Ga9In3,C1,-155.54092420118104,7
Ga9In3,H1,-15.85758442660881,7
Ga9In3,N1,-275.7756422008897,7
Ga9In3,O1,-443.567370878518,7
Ga9In3,S1,-333.1117649082589,7
Ga9Ir3,C1,-155.85291768345633,3
Ga9Ir3,C1H1,-173.69886418811075,9
Ga9Ir3,C1H2,-190.3693888437556,9
Ga9Ir3,C1H3,-207.95795361691853,9
Ga9Ir3,H1,-16.940499815587827,4
Ga9Ir3,H1N1,-293.6414956015724,9
Ga9Ir3,H1S1,-349.5139717133061,9
Ga9Ir3,H2O1,-476.98700326500693,9
Ga9Ir3,N1,-276.01001589097723,3
Ga9Ir3,O1,-443.62184017771506,3
Ga9Ir3,S1,-333.2495082531095,3
Ga9La3,C1,-155.93888688061998,7
Ga9La3,H1,-16.41094301983685,9
Ga9La3,N1,-276.7733750738189,9
Ga9La3,O1,-444.6002351446514,9
Ga9La3,S1,-333.9842576590672,7
Ga9Mo3,C1,-155.88228624978365,4
Ga9Mo3,H1,-16.41189691490581,5
Ga9Mo3,N1,-276.56890778306115,5
Ga9Mo3,O1,-443.76688814644876,6
Ga9Mo3,S1,-333.3187272108189,4
Ga9Nb3,C1,-155.82801940327772,3
Ga9Nb3,H1,-16.436524713921244,7
Ga9Nb3,N1,-276.3686196166309,3
Ga9Nb3,O1,-443.61644946652086,5
Ga9Nb3,S1,-333.392348426205,4
Ga9Os3,C1,-156.34388669604232,5
Ga9Os3,C1H1,-173.8945586647751,9
Ga9Os3,C1H2,-190.86999408766133,9
Ga9Os3,C1H3,-208.38204357870563,9
Ga9Os3,H1,-17.16511577554047,5
Ga9Os3,H1N1,-293.59522931010724,9
Ga9Os3,H1S1,-349.9494971230961,9
Ga9Os3,H2O1,-477.3802087142685,9
Ga9Os3,N1,-276.4841557510954,5
Ga9Os3,O1,-443.6246052624847,5
Ga9Os3,S1,-333.5057279224566,5
Ga9Pb3,C1,-155.35868942736852,7
Ga9Pb3,H1,-15.924384428341,10
Ga9Pb3,N1,-275.67883566192904,7
Ga9Pb3,O1,-443.5611543018167,7
Ga9Pb3,S1,-333.02628497178375,7
Ga9Pd3,C1,-155.49614487576764,7
Ga9Pd3,C1H1,-172.93857186428068,9
Ga9Pd3,C1H2,-190.03361601340293,9
Ga9Pd3,C1H3,-207.5606932633018,9
Ga9Pd3,H1,-15.830822166622966,7
Ga9Pd3,H1N1,-293.074180969852,9
Ga9Pd3,H1S1,-349.1636746707518,9
Ga9Pd3,H2O1,-476.8408945965275,9
Ga9Pd3,N1,-275.7874115325758,7
Ga9Pd3,O1,-443.3529795960494,7
Ga9Pd3,S1,-333.0761898334531,7
Ga9Pt3,C1,-155.82941344247956,7
Ga9Pt3,C1H1,-173.16743946690985,9
Ga9Pt3,C1H2,-190.22201402959763,8
Ga9Pt3,C1H3,-207.7198805392036,8
Ga9Pt3,H1,-16.273166749218944,9
Ga9Pt3,H1N1,-293.22546388296905,9
Ga9Pt3,H1S1,-349.1656303529162,9
Ga9Pt3,H2O1,-476.8434677049954,9
Ga9Pt3,N1,-275.8330248869024,8
Ga9Pt3,O1,-443.46755095091794,9
Ga9Pt3,S1,-333.1550725059642,7
Ga9Re3,C1,-156.34662307281542,3
Ga9Re3,H1,-17.430664323619567,5
Ga9Re3,N1,-277.0893414181555,3
Ga9Re3,O1,-443.6557862430418,5
Ga9Re3,S1,-333.5542218738701,3
Ga9Rh3,C1,-155.58968849769008,3
Ga9Rh3,C1H1,-173.29232529681758,9
Ga9Rh3,C1H2,-190.17380606982624,9
Ga9Rh3,C1H3,-207.61965842734935,9
Ga9Rh3,H1,-16.587323672574712,5
Ga9Rh3,H1N1,-293.4706822619337,9
Ga9Rh3,H1S1,-349.2968882725836,9
Ga9Rh3,H2O1,-477.0097978331032,9
Ga9Rh3,N1,-275.8104905956934,2
Ga9Rh3,O1,-443.8397703006558,4
Ga9Rh3,S1,-333.0498625474502,3
Ga9Ru3,C1,-155.87593579306122,9
Ga9Ru3,C1H1,-173.49350422789576,9
Ga9Ru3,C1H2,-190.23984265618492,9
Ga9Ru3,C1H3,-207.91879820428585,9
Ga9Ru3,H1,-16.93003431735997,9
Ga9Ru3,H1N1,-293.3478068090553,9
Ga9Ru3,H1S1,-349.22553281307773,9
Ga9Ru3,H2O1,-477.0637505241757,9
Ga9Ru3,N1,-276.02359341912234,9
Ga9Ru3,O1,-443.5128448435935,9
Ga9Ru3,S1,-333.33521907818067,9
Ga9Sc3,C1,-155.45873670608853,3
Ga9Sc3,H1,-16.299314167968987,5
Ga9Sc3,N1,-276.80024495481484,3
Ga9Sc3,O1,-444.53879442495963,4
Ga9Sc3,S1,-333.88988640291063,3
Ga9Sn3,C1,-155.33652208167769,3
Ga9Sn3,C1H1,-172.7438839367096,9
Ga9Sn3,C1H2,-189.91717891001463,9
Ga9Sn3,C1H3,-207.510405945628,8
Ga9Sn3,H1,-15.909221020738187,5
Ga9Sn3,H1N1,-292.98485470427113,9
Ga9Sn3,H1S1,-349.17934502644493,9
Ga9Sn3,H2O1,-476.7633573908897,9
Ga9Sn3,N1,-275.67082463052066,3
Ga9Sn3,O1,-443.50891157409933,4
Ga9Sn3,S1,-332.9635982428299,3
Ga9Ta3,C1,-156.13309520755138,7
Ga9Ta3,H1,-16.650045776332263,10
Ga9Ta3,N1,-276.69647583908227,6
Ga9Ta3,O1,-444.2968475346279,8
Ga9Ta3,S1,-333.48223606264946,7
Ga9Tc3,C1,-155.9223288896028,6
Ga9Tc3,H1,-16.921321912537678,12
Ga9Tc3,N1,-276.5878013271649,7
Ga9Tc3,O1,-443.551949643057,9
Ga9Tc3,S1,-333.41925830794935,6
Ga9Ti3,C1,-155.91100786544848,4
Ga9Ti3,H1,-16.16271220461931,9
Ga9Ti3,N1,-276.8512540544325,5
Ga9Ti3,O1,-444.0916366927995,5
Ga9Ti3,S1,-333.6068137236289,4
Ga9Tl3,C1,-155.51972748554545,7
Ga9Tl3,H1,-16.02754128795641,8
Ga9Tl3,N1,-275.9958458349356,6
Ga9Tl3,O1,-443.66118593399005,5
Ga9Tl3,S1,-333.3195262730951,6
Ga9V3,C1,-155.96334909837606,3
Ga9V3,H1,-16.350215782629675,5
Ga9V3,N1,-276.50211676106846,5
Ga9V3,O1,-444.0799021916828,5
Ga9V3,S1,-333.40268535065843,3
Ga9W3,C1,-156.18842152928846,3
Ga9W3,H1,-16.66735303281166,3
Ga9W3,N1,-276.54545986963785,3
Ga9W3,O1,-444.28302347134013,3
Ga9W3,S1,-333.3502566331299,3
Ga9Y3,C1,-155.5487659777864,5
Ga9Y3,H1,-16.40348165838077,5
Ga9Y3,N1,-276.75071030402614,5
Ga9Y3,O1,-444.59219853454124,5
Ga9Y3,S1,-333.96794865220727,3
Ga9Zn3,C1,-155.80163320463907,3
Ga9Zn3,H1,-15.887092179167666,5
Ga9Zn3,N1,-276.04239743777725,3
Ga9Zn3,O1,-443.61477338134137,4
Ga9Zn3,S1,-333.2767412700341,3
Ga9Zr3,C1,-155.7500458630966,7
Ga9Zr3,H1,-16.237340785453853,8
Ga9Zr3,N1,-276.81199102077517,7
Ga9Zr3,O1,-444.14680219526053,8
Ga9Zr3,S1,-333.6605430092459,6
Hf12,C1,-158.12588784311447,8
Hf12,C1H1,-175.23922906280131,12
Hf12,C1H2,-192.04097966474365,4
Hf12,C1H3,-208.63590932727675,4
Hf12,H1,-17.655054565126193,8
Hf12,H1N1,-296.72199636716323,12
Hf12,H1O1,-464.44128915729016,12
Hf12,H1S1,-352.86151207474177,12
Hf12,H2O1,-477.13452284373125,4
Hf12,N1,-279.8039606374077,8
Hf12,O1,-447.43667523960175,8
Hf12,S1,-335.9036141166507,8
Hf3Hg9,C1,-157.2604689636646,9
Hf3Hg9,H1,-16.670521390282374,9
Hf3Hg9,N1,-277.2505906366532,9
Hf3Hg9,O1,-445.55226241666605,9
Hf3Hg9,S1,-334.65322980314886,9
Hf3In9,C1,-155.98632571062626,5
Hf3In9,H1,-16.533217509291717,5
Hf3In9,N1,-277.0859481585758,6
Hf3In9,O1,-444.73408059481153,5
Hf3In9,S1,-334.00445993467656,5
Hf3Ir9,C1,-158.03095439977187,5
Hf3Ir9,H1,-17.038607738981227,5
Hf3Ir9,N1,-276.9426306978057,5
Hf3Ir9,O1,-444.16979214108505,5
Hf3Ir9,S1,-334.9922036446478,5
Hf3La9,C1,-158.04113730778408,6
Hf3La9,H1,-17.259667171059846,9
Hf3La9,N1,-279.3792633175508,7
Hf3La9,O1,-446.9824469014602,7
Hf3La9,S1,-335.79972159728277,7
Hf3Mo9,C1,-158.78476320321352,5
Hf3Mo9,H1,-18.044458175885666,5
Hf3Mo9,N1,-279.7968275812964,5
Hf3Mo9,O1,-446.94589493796957,5
Hf3Mo9,S1,-336.2953497430062,3
Hf3Nb9,C1,-158.57459716838275,4
Hf3Nb9,H1,-17.974742202251946,2
Hf3Nb9,N1,-279.936720217298,4
Hf3Nb9,O1,-447.34401040933153,3
Hf3Nb9,S1,-336.34323946564473,3
Hf3Os9,C1,-158.6459616076463,3
Hf3Os9,H1,-17.09316343431783,5
Hf3Os9,N1,-278.0146647986039,3
Hf3Os9,O1,-444.82478144344714,3
Hf3Os9,S1,-335.508533803044,3
Hf3Pb9,C1,-155.6604424495672,8
Hf3Pb9,H1,-16.723701414113748,10
Hf3Pb9,N1,-276.7937425225282,9
Hf3Pb9,O1,-445.343209735609,8
Hf3Pb9,S1,-334.28205890803656,7
Hf3Pd9,C1,-155.3266847582454,9
Hf3Pd9,H1,-16.780771849498706,9
Hf3Pd9,N1,-275.93124478513346,9
Hf3Pd9,O1,-444.2433125382995,9
Hf3Pd9,S1,-334.2513190240279,9
Hf3Pt9,C1,-155.88188420158622,3
Hf3Pt9,H1,-16.77127371595998,3
Hf3Pt9,N1,-276.04799427521357,3
Hf3Pt9,O1,-443.7176866990558,3
Hf3Pt9,S1,-334.2136877209923,3
Hf3Re9,C1,-158.44093743591657,7
Hf3Re9,H1,-17.335561761516146,6
Hf3Re9,N1,-278.6967083390955,7
Hf3Re9,O1,-445.6304526955246,7
Hf3Re9,S1,-335.59021135680086,7
Hf3Rh9,C1,-157.9144130767745,9
Hf3Rh9,H1,-17.07104996716589,11
Hf3Rh9,N1,-277.244400863161,9
Hf3Rh9,O1,-444.2696338377973,8
Hf3Rh9,S1,-334.98768492223826,9
Hf3Ru9,C1,-158.50483942527353,3
Hf3Ru9,H1,-17.095583614802308,4
Hf3Ru9,N1,-278.3741133016629,3
Hf3Ru9,O1,-444.85301815226194,3
Hf3Ru9,S1,-335.469711049569,4
Hf3Sc9,C1,-157.86918857313503,3
Hf3Sc9,H1,-17.46734118735185,3
Hf3Sc9,N1,-279.7014714091056,3
Hf3Sc9,O1,-447.3898711151269,3
Hf3Sc9,S1,-335.9636961719443,3
Hf3Sn9,C1,-155.69276834908305,9
Hf3Sn9,H1,-16.559943714182737,9
Hf3Sn9,N1,-276.5885186192354,9
Hf3Sn9,O1,-444.8604464518867,9
Hf3Sn9,S1,-333.7614405076529,9
Hf3Tc9,C1,-158.34025273053703,3
Hf3Tc9,H1,-17.325921584553726,3
Hf3Tc9,N1,-278.44585080901015,3
Hf3Tc9,O1,-445.5249843649144,3
Hf3Tc9,S1,-335.5538013006808,4
Hf3Ti9,C1,-157.8212479652102,2
Hf3Ti9,H1,-17.477704506840382,3
Hf3Ti9,N1,-279.5011074589711,3
Hf3Ti9,O1,-447.19674525704613,3
Hf3Ti9,S1,-335.74370560302486,3
Hf3Tl9,C1,-155.9232981590867,3
Hf3Tl9,H1,-16.71157003496046,4
Hf3Tl9,N1,-277.0662053471824,4
Hf3Tl9,O1,-445.17449779507297,3
Hf3Tl9,S1,-334.23193499472836,4
Hf3V9,C1,-158.89672729932136,9
Hf3V9,H1,-17.69522020039949,9
Hf3V9,N1,-279.6230227581618,9
Hf3V9,O1,-447.12166619176423,9
Hf3V9,S1,-336.200064864639,9
Hf3W9,C1,-159.04166955182154,9
Hf3W9,H1,-18.219072673753544,9
Hf3W9,N1,-279.98030577928876,9
Hf3W9,O1,-447.00687632949484,9
Hf3W9,S1,-336.3350516962928,9
Hf3Y9,C1,-157.87981162528013,9
Hf3Y9,H1,-17.43629721612524,9
Hf3Y9,N1,-279.73336845721497,9
Hf3Y9,O1,-447.4255927232407,9
Hf3Y9,S1,-336.0055904103683,9
Hf3Zn9,C1,-156.95571547823056,4
Hf3Zn9,H1,-16.896513565967325,5
Hf3Zn9,N1,-277.5150881450172,5
Hf3Zn9,O1,-445.5949642889682,5
Hf3Zn9,S1,-334.89428021443746,3
Hf3Zr9,C1,-157.87915161316778,7
Hf3Zr9,H1,-17.46307757167233,7
Hf3Zr9,N1,-279.5820407813735,7
Hf3Zr9,O1,-447.22057208898696,7
Hf3Zr9,S1,-335.81140140352,7
Hf6Hg6,C1,-157.07141406466326,8
Hf6Hg6,H1,-17.205446992080397,10
Hf6Hg6,N1,-278.8057310206714,10
Hf6Hg6,O1,-446.64122635205786,10
Hf6Hg6,S1,-335.32693645590916,8
Hf6In6,C1,-157.02195097981166,8
Hf6In6,H1,-17.107408049545484,10
Hf6In6,N1,-278.5646295880324,9
Hf6In6,O1,-446.19128571166584,10
Hf6In6,S1,-335.042271230388,8
Hf6Ir6,C1,-156.67470406127904,10
Hf6Ir6,H1,-16.92942151699026,10
Hf6Ir6,N1,-278.19715032531167,10
Hf6Ir6,O1,-446.0762773419847,10
Hf6Ir6,S1,-335.1748791068094,9
Hf6La6,C1,-158.14580739244775,8
Hf6La6,H1,-17.356305135490402,10
Hf6La6,N1,-279.7207174766845,9
Hf6La6,O1,-447.1366625214687,10
Hf6La6,S1,-336.0606968641223,8
Hf6Mo6,C1,-158.78442510177047,8
Hf6Mo6,H1,-17.328386119588686,12
Hf6Mo6,N1,-279.3413733703128,8
Hf6Mo6,O1,-446.15431564526443,10
Hf6Mo6,S1,-335.9983619783634,8
Hf6Nb6,C1,-158.01007973086234,8
Hf6Nb6,H1,-17.468370730064635,10
Hf6Nb6,N1,-279.56639546016595,8
Hf6Nb6,O1,-447.06651864882224,10
Hf6Nb6,S1,-335.7839470219951,8
Hf6Os6,C1,-158.06497570455758,10
Hf6Os6,H1,-17.42761188662189,12
Hf6Os6,N1,-277.9775435729607,10
Hf6Os6,O1,-445.907086617146,10
Hf6Os6,S1,-335.2152950868076,10
Hf6Pb6,C1,-156.95219650207218,10
Hf6Pb6,H1,-17.001372633698338,12
Hf6Pb6,N1,-278.3141873036584,10
Hf6Pb6,O1,-446.03130427153155,10
Hf6Pb6,S1,-334.7804328184502,9
Hf6Pd6,C1,-157.55274562142222,8
Hf6Pd6,H1,-17.28698155001257,8
Hf6Pd6,N1,-278.98444790676876,8
Hf6Pd6,O1,-446.8998709638654,8
Hf6Pd6,S1,-335.50736384959964,8
Hf6Pt6,C1,-157.4151150677717,8
Hf6Pt6,H1,-17.1981208712059,9
Hf6Pt6,N1,-278.718157712432,8
Hf6Pt6,O1,-446.5685507322596,8
Hf6Pt6,S1,-335.27609906012003,8
Hf6Re6,C1,-158.7816521256973,10
Hf6Re6,H1,-17.454219858056604,10
Hf6Re6,N1,-278.9578142205828,10
Hf6Re6,O1,-445.9790486184138,10
Hf6Re6,S1,-336.05379687351524,10
Hf6Rh6,C1,-156.85218446209183,8
Hf6Rh6,H1,-16.951764512166847,9
Hf6Rh6,N1,-278.52383115202974,8
Hf6Rh6,O1,-446.41881628293777,8
Hf6Rh6,S1,-335.3924284064269,8
Hf6Ru6,C1,-157.44711892055784,8
Hf6Ru6,H1,-17.26429337843001,8
Hf6Ru6,N1,-277.84404942177207,8
Hf6Ru6,O1,-446.0280503342474,8
Hf6Ru6,S1,-335.2081448875324,8
Hf6Sc6,C1,-158.03300300880437,8
Hf6Sc6,H1,-17.451147284642502,9
Hf6Sc6,N1,-279.7481960763398,8
Hf6Sc6,O1,-447.39970272417486,8
Hf6Sc6,S1,-335.8899089671104,8
Hf6Sn6,C1,-156.8489116129058,8
Hf6Sn6,H1,-16.828834772593837,9
Hf6Sn6,N1,-278.0984689220095,8
Hf6Sn6,O1,-445.69954416789915,8
Hf6Sn6,S1,-334.67339017322956,8
Hf6Ta6,C1,-158.3014532427951,8
Hf6Ta6,H1,-17.448810234942357,8
Hf6Ta6,N1,-279.69226974359117,8
Hf6Ta6,O1,-447.1668915117516,8
Hf6Ta6,S1,-335.8043161033893,8
Hf6Tc6,C1,-158.3107432092438,8
Hf6Tc6,H1,-17.341429352214618,10
Hf6Tc6,N1,-278.52710576996833,8
Hf6Tc6,O1,-445.9798899943962,8
Hf6Tc6,S1,-335.8117973291555,8
Hf6Ti6,C1,-158.1351503260703,8
Hf6Ti6,H1,-17.493330780082033,9
Hf6Ti6,N1,-279.5953032016987,8
Hf6Ti6,O1,-447.27515445147947,8
Hf6Ti6,S1,-335.8157236597326,8
Hf6Tl6,C1,-157.04231285018977,10
Hf6Tl6,H1,-17.05359263990249,10
Hf6Tl6,N1,-278.51263203488634,10
Hf6Tl6,O1,-446.1671005058015,9
Hf6Tl6,S1,-334.9356160752686,10
Hf6V6,C1,-159.10465438149186,8
Hf6V6,H1,-17.47123255130282,9
Hf6V6,N1,-280.160988279702,8
Hf6V6,O1,-446.95185450314966,8
Hf6V6,S1,-336.0946977603744,8
Hf6W6,C1,-158.2755090930732,10
Hf6W6,H1,-17.703470691987604,10
Hf6W6,N1,-279.4264792863214,10
Hf6W6,O1,-446.81729216908207,10
Hf6W6,S1,-335.85290896818697,9
Hf6Y6,C1,-158.23241347204748,10
Hf6Y6,H1,-17.43993945985858,10
Hf6Y6,N1,-279.92974838863665,10
Hf6Y6,O1,-447.39605150068746,10
Hf6Y6,S1,-335.9851941175948,8
Hf6Zn6,C1,-158.0667056682869,8
Hf6Zn6,H1,-17.220593800731876,9
Hf6Zn6,N1,-278.86163762515935,8
Hf6Zn6,O1,-446.6239756952491,8
Hf6Zn6,S1,-335.438410202878,8
Hf6Zr6,C1,-157.96215327286336,8
Hf6Zr6,H1,-17.458371771008387,10
Hf6Zr6,N1,-279.6766136738879,9
Hf6Zr6,O1,-447.30726823826626,10
Hf6Zr6,S1,-335.8468344349094,8
Hf9Hg3,C1,-158.19582177993652,7
Hf9Hg3,H1,-17.562601303365227,7
Hf9Hg3,N1,-280.05628948702724,7
Hf9Hg3,O1,-447.59960489712466,7
Hf9Hg3,S1,-335.94092119604466,7
Hf9In3,C1,-158.05952553648603,7
Hf9In3,H1,-17.539801837217965,9
Hf9In3,N1,-279.9172131925443,7
Hf9In3,O1,-447.4471298532808,8
Hf9In3,S1,-335.805145914539,7
Hf9Ir3,C1,-158.11365129196201,8
Hf9Ir3,H1,-17.64821267082516,8
Hf9Ir3,N1,-280.0583110207335,9
Hf9Ir3,O1,-447.6008713149313,8
Hf9Ir3,S1,-335.98743143757383,8
Hf9La3,C1,-158.43961224152372,5
Hf9La3,H1,-17.338568211256643,5
Hf9La3,N1,-279.8932756102731,5
Hf9La3,O1,-447.1876840022742,5
Hf9La3,S1,-336.09326957089434,5
Hf9Mo3,C1,-158.1205295134605,9
Hf9Mo3,H1,-17.56197775449982,9
Hf9Mo3,N1,-279.81463375850217,9
Hf9Mo3,O1,-447.54050884633034,9
Hf9Mo3,S1,-336.0062749127319,9
Hf9Nb3,C1,-158.05969941723015,5
Hf9Nb3,H1,-17.518744171760773,6
Hf9Nb3,N1,-279.7552801519596,3
Hf9Nb3,O1,-447.46271095563134,3
Hf9Nb3,S1,-335.8623379848068,3
Hf9Os3,C1,-158.10508827762897,5
Hf9Os3,H1,-17.712050441317842,5
Hf9Os3,N1,-279.92041991807855,5
Hf9Os3,O1,-447.60351054704734,5
Hf9Os3,S1,-336.0690689905932,4
Hf9Pb3,C1,-158.15902164862564,7
Hf9Pb3,H1,-17.52009317611737,10
Hf9Pb3,N1,-279.91891444826615,7
Hf9Pb3,O1,-447.37285474834425,7
Hf9Pb3,S1,-335.8049374753391,7
Hf9Pd3,C1,-158.10109854452458,9
Hf9Pd3,H1,-17.51508070314958,13
Hf9Pd3,N1,-279.9372183216765,9
Hf9Pd3,O1,-447.6008536275258,9
Hf9Pd3,S1,-335.9160932572886,9
Hf9Pt3,C1,-158.04053498380017,5
Hf9Pt3,H1,-17.524305634393386,5
Hf9Pt3,N1,-279.93769111947404,5
Hf9Pt3,O1,-447.5542782147386,5
Hf9Pt3,S1,-335.91972148716013,5
Hf9Re3,C1,-158.29274614418682,5
Hf9Re3,H1,-17.624514548733714,5
Hf9Re3,N1,-279.80622693751866,5
Hf9Re3,O1,-447.5540139921977,5
Hf9Re3,S1,-336.01125568443604,5
Hf9Rh3,C1,-158.36741132431416,4
Hf9Rh3,H1,-17.81310018741715,5
Hf9Rh3,N1,-280.16510264094177,7
Hf9Rh3,O1,-447.77239555198685,6
Hf9Rh3,S1,-336.0917634207981,5
Hf9Ru3,C1,-158.5633396828198,5
Hf9Ru3,H1,-17.831343243386073,5
Hf9Ru3,N1,-279.9869201864203,5
Hf9Ru3,O1,-447.6226998788952,5
Hf9Ru3,S1,-336.08353565070865,3
Hf9Sc3,C1,-158.22232294668356,9
Hf9Sc3,H1,-17.45638384335689,9
Hf9Sc3,N1,-279.8298794805414,9
Hf9Sc3,O1,-447.38880429282653,9
Hf9Sc3,S1,-335.88657584470275,9
Hf9Sn3,C1,-157.99450379867994,6
Hf9Sn3,H1,-17.497635757066746,7
Hf9Sn3,N1,-279.80821540938996,6
Hf9Sn3,O1,-447.31982806065935,6
Hf9Sn3,S1,-335.7328990100941,6
Hf9Ta3,C1,-158.2027496622104,9
Hf9Ta3,H1,-17.514458650915913,9
Hf9Ta3,N1,-279.7581991171064,9
Hf9Ta3,O1,-447.42149183163565,9
Hf9Ta3,S1,-335.81755974785847,9
Hf9Tc3,C1,-158.0843390532027,10
Hf9Tc3,H1,-17.594819445803296,11
Hf9Tc3,N1,-279.915097915622,10
Hf9Tc3,O1,-447.59561162654063,9
Hf9Tc3,S1,-336.0999547276224,10
Hf9Ti3,C1,-158.07146997343443,9
Hf9Ti3,H1,-17.50021961402308,9
Hf9Ti3,N1,-279.67111887914143,9
Hf9Ti3,O1,-447.36800663213216,9
Hf9Ti3,S1,-335.8157380817647,8
Hf9Tl3,C1,-158.18716134885108,9
Hf9Tl3,H1,-17.556044856479275,9
Hf9Tl3,N1,-280.0123392924943,9
Hf9Tl3,O1,-447.49863909814667,9
Hf9Tl3,S1,-335.8632067082399,9
Hf9V3,C1,-158.2919258570182,5
Hf9V3,H1,-17.520620396680897,5
Hf9V3,N1,-279.6326057912156,5
Hf9V3,O1,-447.3980524898034,5
Hf9V3,S1,-335.80383378161423,5
Hf9W3,C1,-158.265476255845,5
Hf9W3,H1,-17.559572676338576,5
Hf9W3,N1,-279.71627685095154,6
Hf9W3,O1,-447.6095347392693,6
Hf9W3,S1,-335.8933471254604,5
Hf9Y3,C1,-158.52970110614478,9
Hf9Y3,H1,-17.436325788079557,9
Hf9Y3,N1,-280.034763241536,9
Hf9Y3,O1,-447.3198771772077,9
Hf9Y3,S1,-335.93661009649804,9
Hf9Zn3,C1,-157.8586047053759,9
Hf9Zn3,H1,-17.52163946300425,9
Hf9Zn3,N1,-279.78020414688945,9
Hf9Zn3,O1,-447.4253641476098,9
Hf9Zn3,S1,-335.8141530186549,7
Hf9Zr3,C1,-158.08390503163173,9
Hf9Zr3,H1,-17.453339841900743,9
Hf9Zr3,N1,-279.79000378257115,9
Hf9Zr3,O1,-447.40065471444177,9
Hf9Zr3,S1,-335.89263105789723,9
Hg12,C1,-153.8726157533747,4
Hg12,C1H1,-171.41952765308451,4
Hg12,C1H2,-189.39126871180997,4
Hg12,C1H3,-207.13539239495003,4
Hg12,H1,-15.739748113861424,4
Hg12,H1N1,-291.71026287156565,4
Hg12,H1O1,-459.0546622492657,4
Hg12,H1S1,-348.5745713397446,4
Hg12,H2O1,-477.25009666596816,4
Hg12,N1,-273.5195085407722,4
Hg12,O1,-441.8577868431021,4
Hg12,S1,-332.1477847637725,4
Hg3In9,C1,-154.67148892147088,5
Hg3In9,H1,-15.779922864945547,5
Hg3In9,N1,-275.3470380065919,5
Hg3In9,O1,-443.4473294912823,5
Hg3In9,S1,-333.1001138100364,6
Hg3Ir9,C1,-158.10783812402588,7
Hg3Ir9,H1,-16.856962363752245,7
Hg3Ir9,N1,-277.4077750186407,7
Hg3Ir9,O1,-443.39453273979234,7
Hg3Ir9,S1,-334.67442597455374,7
Hg3La9,C1,-157.3103121915483,9
Hg3La9,H1,-17.197424531888828,9
Hg3La9,N1,-279.1478722672473,9
Hg3La9,O1,-446.9636875094802,9
Hg3La9,S1,-335.6037782725107,9
Hg3Mo9,C1,-157.63509543241526,6
Hg3Mo9,H1,-17.357946390107827,5
Hg3Mo9,N1,-278.4174689274623,6
Hg3Mo9,O1,-445.5479732222884,5
Hg3Mo9,S1,-335.24561387465656,6
Hg3Nb9,C1,-158.2479498116627,6
Hg3Nb9,H1,-17.53612408263507,5
Hg3Nb9,N1,-279.367063773876,5
Hg3Nb9,O1,-446.48047959174437,5
Hg3Nb9,S1,-335.5626628238897,7
Hg3Os9,C1,-158.30276401514857,4
Hg3Os9,H1,-16.92156164482003,5
Hg3Os9,N1,-278.131577148808,5
Hg3Os9,O1,-444.5205777640331,5
Hg3Os9,S1,-335.10001909316634,3
Hg3Pb9,C1,-154.12436486445586,3
Hg3Pb9,H1,-15.721413491581188,5
Hg3Pb9,N1,-275.0082711076684,3
Hg3Pb9,O1,-443.00237628938703,5
Hg3Pb9,S1,-332.98803474582746,3
Hg3Pd9,C1,-156.29295310800808,5
Hg3Pd9,H1,-16.741557796322013,5
Hg3Pd9,N1,-275.3776434663632,7
Hg3Pd9,O1,-442.10523818821457,5
Hg3Pd9,S1,-333.4945255399398,5
Hg3Pt9,C1,-157.0253423345821,5
Hg3Pt9,H1,-16.762263482531125,6
Hg3Pt9,N1,-275.85996674200214,5
Hg3Pt9,O1,-442.1189251061296,5
Hg3Pt9,S1,-333.93550873698405,5
Hg3Re9,C1,-158.00082092144658,3
Hg3Re9,H1,-17.042396379958518,4
Hg3Re9,N1,-278.2403666288228,3
Hg3Re9,O1,-445.16149946123187,3
Hg3Re9,S1,-335.40417556084503,3
Hg3Rh9,C1,-157.4816096217255,3
Hg3Rh9,H1,-16.893647118795343,4
Hg3Rh9,N1,-277.2136871020848,3
Hg3Rh9,O1,-443.3287311237327,3
Hg3Rh9,S1,-334.65218393361283,3
Hg3Ru9,C1,-158.0196560971308,7
Hg3Ru9,H1,-16.891300953280734,7
Hg3Ru9,N1,-277.9090346963203,7
Hg3Ru9,O1,-444.408736527319,7
Hg3Ru9,S1,-335.1001390953752,7
Hg3Sc9,C1,-157.5943350923535,3
Hg3Sc9,H1,-17.645541601386867,3
Hg3Sc9,N1,-279.7670394154393,3
Hg3Sc9,O1,-447.74388223946335,3
Hg3Sc9,S1,-336.0485199058985,3
Hg3Sn9,C1,-154.81540857016444,9
Hg3Sn9,H1,-15.862791324911086,11
Hg3Sn9,N1,-275.63128553736897,9
Hg3Sn9,O1,-443.3415777541086,10
Hg3Sn9,S1,-332.9568173020307,8
Hg3Ta9,C1,-158.52627247177588,3
Hg3Ta9,H1,-17.530692418298713,3
Hg3Ta9,N1,-279.67342749294767,3
Hg3Ta9,O1,-446.66332825436984,3
Hg3Ta9,S1,-335.60754215112684,3
Hg3Tc9,C1,-157.7496290995041,3
Hg3Tc9,H1,-17.01744925534149,3
Hg3Tc9,N1,-277.99922750842234,3
Hg3Tc9,O1,-444.9572834675928,3
Hg3Tc9,S1,-335.17662975118947,3
Hg3Ti9,C1,-158.0591946460554,5
Hg3Ti9,H1,-17.588133608787757,6
Hg3Ti9,N1,-279.8166074001747,5
Hg3Ti9,O1,-447.4321921641131,5
Hg3Ti9,S1,-335.79343154984235,5
Hg3Tl9,C1,-154.71842121156078,7
Hg3Tl9,H1,-15.756237668258109,7
Hg3Tl9,N1,-274.4404020439979,7
Hg3Tl9,O1,-442.9103755529359,7
Hg3Tl9,S1,-332.8870509873341,7
Hg3V9,C1,-158.04780981122167,7
Hg3V9,H1,-17.504429623277247,7
Hg3V9,N1,-279.32284677172356,7
Hg3V9,O1,-446.53136120604177,7
Hg3V9,S1,-335.30704357373907,7
Hg3W9,C1,-157.978970044147,9
Hg3W9,H1,-17.490898490534164,9
Hg3W9,N1,-278.7676005247995,9
Hg3W9,O1,-445.7812357355142,9
Hg3W9,S1,-335.43436917632425,9
Hg3Y9,C1,-157.33299328816975,7
Hg3Y9,H1,-17.57256107802823,7
Hg3Y9,N1,-279.50295470376295,7
Hg3Y9,O1,-447.5629344280551,7
Hg3Y9,S1,-336.0933257623983,7
Hg3Zn9,C1,-155.7366057524414,3
Hg3Zn9,H1,-16.017092660789785,5
Hg3Zn9,N1,-276.2565685801528,4
Hg3Zn9,O1,-443.9716204760989,5
Hg3Zn9,S1,-333.7336993181452,3
Hg3Zr9,C1,-158.06029044848765,7
Hg3Zr9,H1,-17.55489435916752,8
Hg3Zr9,N1,-279.7834016205561,7
Hg3Zr9,O1,-447.34779768973385,7
Hg3Zr9,S1,-335.8600459699446,7
Hg6In6,C1,-154.26263842311891,9
Hg6In6,H1,-15.725976160374557,10
Hg6In6,N1,-274.5999954498002,10
Hg6In6,O1,-442.86043599675395,10
Hg6In6,S1,-332.72192523508056,8
Hg6Ir6,C1,-157.3187684011973,10
Hg6Ir6,H1,-16.808694130766526,10
Hg6Ir6,N1,-276.8402016066575,10
Hg6Ir6,O1,-443.33888151414067,10
Hg6Ir6,S1,-333.9765560210908,9
Hg6La6,C1,-156.7047091018685,7
Hg6La6,H1,-16.928268434599886,8
Hg6La6,N1,-278.1676406679653,8
Hg6La6,O1,-446.5136012881885,8
Hg6La6,S1,-335.07199980331643,8
Hg6Mo6,C1,-157.3685094503344,8
Hg6Mo6,H1,-17.879080310161953,10
Hg6Mo6,N1,-277.89749026671416,8
Hg6Mo6,O1,-445.77256224296434,10
Hg6Mo6,S1,-334.7926157631773,8
Hg6Nb6,C1,-157.14920637703108,7
Hg6Nb6,H1,-17.103364573962608,8
Hg6Nb6,N1,-278.1976767295346,8
Hg6Nb6,O1,-445.4895037136048,8
Hg6Nb6,S1,-334.86056136417756,8
Hg6Os6,C1,-157.30070793360937,8
Hg6Os6,H1,-16.97390478253874,8
Hg6Os6,N1,-277.36003591101326,8
Hg6Os6,O1,-444.7184920093314,8
Hg6Os6,S1,-334.0406264489138,8
Hg6Pb6,C1,-154.4113406085853,9
Hg6Pb6,H1,-15.834768497581535,10
Hg6Pb6,N1,-274.63526929459476,9
Hg6Pb6,O1,-443.07451611704164,9
Hg6Pb6,S1,-332.87370094635844,9
Hg6Pd6,C1,-154.86943337140838,8
Hg6Pd6,H1,-16.322564118578157,11
Hg6Pd6,N1,-274.28199233339546,8
Hg6Pd6,O1,-441.6779153779862,8
Hg6Pd6,S1,-332.8090339089431,8
Hg6Pt6,C1,-156.0558190951415,8
Hg6Pt6,H1,-16.61264114412188,9
Hg6Pt6,N1,-275.14085558230363,8
Hg6Pt6,O1,-442.0298902744689,8
Hg6Pt6,S1,-333.2697408694112,8
Hg6Re6,C1,-158.26977633477873,8
Hg6Re6,H1,-17.533995744248386,8
Hg6Re6,N1,-278.4465112292928,8
Hg6Re6,O1,-445.67722171731657,8
Hg6Re6,S1,-335.1802970293975,8
Hg6Rh6,C1,-157.09802312454485,8
Hg6Rh6,H1,-16.75884736539956,9
Hg6Rh6,N1,-276.35307701838246,8
Hg6Rh6,O1,-442.65558570576104,8
Hg6Rh6,S1,-333.73682835516956,8
Hg6Ru6,C1,-156.84192359346707,8
Hg6Ru6,H1,-16.58224562016767,9
Hg6Ru6,N1,-276.8473942556957,8
Hg6Ru6,O1,-443.7139613245454,8
Hg6Ru6,S1,-333.92446254782044,8
Hg6Sc6,C1,-156.91158650490252,8
Hg6Sc6,H1,-17.119397793449025,8
Hg6Sc6,N1,-278.3650562646544,8
Hg6Sc6,O1,-446.5641517399381,8
Hg6Sc6,S1,-335.194991993023,8
Hg6Sn6,C1,-154.75977788910313,8
Hg6Sn6,H1,-15.978574266635405,8
Hg6Sn6,N1,-275.25424324195774,8
Hg6Sn6,O1,-443.46790020903063,8
Hg6Sn6,S1,-333.04771883463036,8
Hg6Ta6,C1,-157.51079056554954,9
Hg6Ta6,H1,-17.213598978454684,9
Hg6Ta6,N1,-278.5938820978008,8
Hg6Ta6,O1,-445.8036335616307,8
Hg6Ta6,S1,-335.06741781444725,8
Hg6Tc6,C1,-156.94895072820873,6
Hg6Tc6,H1,-16.829835607291898,14
Hg6Tc6,N1,-277.289499378101,8
Hg6Tc6,O1,-445.1159232504506,10
Hg6Tc6,S1,-334.2287859573298,8
Hg6Ti6,C1,-157.07113773306264,8
Hg6Ti6,H1,-17.12201784154604,10
Hg6Ti6,N1,-278.63425032182204,8
Hg6Ti6,O1,-446.28535029552586,8
Hg6Ti6,S1,-335.0627390891059,8
Hg6Tl6,C1,-153.90634684875477,8
Hg6Tl6,H1,-15.625188595957297,10
Hg6Tl6,N1,-274.6367561246079,8
Hg6Tl6,O1,-442.51269777668494,10
Hg6Tl6,S1,-332.61903953691217,8
Hg6V6,C1,-157.35835633878378,8
Hg6V6,H1,-17.63434275635518,9
Hg6V6,N1,-277.88646258128574,8
Hg6V6,O1,-445.63209980058673,8
Hg6V6,S1,-334.3155580263701,8
Hg6W6,C1,-158.45110905120964,8
Hg6W6,H1,-18.673209037424385,9
Hg6W6,N1,-278.9846869587782,8
Hg6W6,O1,-446.3501305323007,8
Hg6W6,S1,-335.7021908273455,8
Hg6Y6,C1,-156.7150769112377,8
Hg6Y6,H1,-17.131168893880385,9
Hg6Y6,N1,-278.11103527513114,8
Hg6Y6,O1,-446.49961123545654,8
Hg6Y6,S1,-335.18496024424894,8
Hg6Zn6,C1,-154.81576463112287,8
Hg6Zn6,H1,-16.00335771477694,10
Hg6Zn6,N1,-275.2114595994426,9
Hg6Zn6,O1,-443.16597942866065,8
Hg6Zn6,S1,-333.01988458218693,8
Hg6Zr6,C1,-157.25349958402876,8
Hg6Zr6,H1,-17.141992629985907,10
Hg6Zr6,N1,-278.5472672285032,8
Hg6Zr6,O1,-446.33534903646796,9
Hg6Zr6,S1,-335.1667780057214,8
Hg9In3,C1,-153.81442611377497,6
Hg9In3,H1,-15.567195558607636,9
Hg9In3,N1,-274.3759875282267,7
Hg9In3,O1,-442.22908740046114,8
Hg9In3,S1,-332.2539502500331,7
Hg9Ir3,C1,-156.13186729385052,5
Hg9Ir3,H1,-16.94004715421761,6
Hg9Ir3,N1,-275.6999693832113,5
Hg9Ir3,O1,-442.4969917740855,5
Hg9Ir3,S1,-333.4959191709604,5
Hg9La3,C1,-156.01389873377775,7
Hg9La3,H1,-16.2771317199622,9
Hg9La3,N1,-275.9467698320259,7
Hg9La3,O1,-444.7754412180002,8
Hg9La3,S1,-333.9401149439909,7
Hg9Mo3,C1,-157.09042121629318,5
Hg9Mo3,H1,-16.840029127743037,5
Hg9Mo3,N1,-277.5669869208432,5
Hg9Mo3,O1,-444.89105055109394,5
Hg9Mo3,S1,-334.01089025679903,6
Hg9Nb3,C1,-156.52890546652998,5
Hg9Nb3,H1,-16.651695194355852,5
Hg9Nb3,N1,-277.76564675806003,6
Hg9Nb3,O1,-445.32890226208474,6
Hg9Nb3,S1,-334.36977262701475,5
Hg9Os3,C1,-156.97848718876412,9
Hg9Os3,H1,-17.246247468934598,9
Hg9Os3,N1,-277.8788703330756,9
Hg9Os3,O1,-444.1921364968366,9
Hg9Os3,S1,-333.912057150028,9
Hg9Pb3,C1,-154.49468622016866,8
Hg9Pb3,H1,-15.831487893145095,9
Hg9Pb3,N1,-274.5521766128186,9
Hg9Pb3,O1,-442.4279038391942,9
Hg9Pb3,S1,-332.68775453979106,7
Hg9Pd3,C1,-154.17786598261955,5
Hg9Pd3,H1,-16.03692214043258,10
Hg9Pd3,N1,-274.0878563887418,7
Hg9Pd3,O1,-441.86888745503893,9
Hg9Pd3,S1,-332.68791726386553,7
Hg9Pt3,C1,-155.02476438604208,9
Hg9Pt3,H1,-16.789528336768853,10
Hg9Pt3,N1,-274.6475348258682,9
Hg9Pt3,O1,-442.3749864052188,9
Hg9Pt3,S1,-332.9673067462827,9
Hg9Re3,C1,-157.56055175111396,5
Hg9Re3,H1,-17.28757639086325,5
Hg9Re3,N1,-277.99592091711384,5
Hg9Re3,O1,-444.66556464320456,5
Hg9Re3,S1,-334.08532740553346,5
Hg9Rh3,C1,-155.12287108492092,5
Hg9Rh3,H1,-16.42912648287529,5
Hg9Rh3,N1,-274.6647438492546,6
Hg9Rh3,O1,-442.06199807474695,5
Hg9Rh3,S1,-333.0696165155132,5
Hg9Ru3,C1,-156.38365803835768,5
Hg9Ru3,H1,-16.829430429785134,5
Hg9Ru3,N1,-276.22643591816086,5
Hg9Ru3,O1,-442.7042784363366,5
Hg9Ru3,S1,-333.5035382223905,5
Hg9Sc3,C1,-155.94682961145736,5
Hg9Sc3,H1,-16.368796531878615,5
Hg9Sc3,N1,-276.08209544541387,5
Hg9Sc3,O1,-444.8416232492127,5
Hg9Sc3,S1,-333.9835350607682,5
Hg9Sn3,C1,-154.80197267726908,3
Hg9Sn3,H1,-16.018856774800952,5
Hg9Sn3,N1,-274.6997561926473,4
Hg9Sn3,O1,-442.75383417595367,4
Hg9Sn3,S1,-332.8065580811817,3
Hg9Ta3,C1,-156.77539407288714,7
Hg9Ta3,H1,-16.881726355753926,9
Hg9Ta3,N1,-278.03379154426875,7
Hg9Ta3,O1,-445.6640085495965,9
Hg9Ta3,S1,-334.66944846821934,7
Hg9Tc3,C1,-156.98743007401208,9
Hg9Tc3,H1,-16.943398236144276,9
Hg9Tc3,N1,-277.3900865306714,8
Hg9Tc3,O1,-443.8640915634387,9
Hg9Tc3,S1,-333.7641908982732,9
Hg9Ti3,C1,-155.72241379123443,10
Hg9Ti3,H1,-16.45571812747221,10
Hg9Ti3,N1,-277.2054353859821,10
Hg9Ti3,O1,-445.232876281676,10
Hg9Ti3,S1,-334.294775467999,10
Hg9Tl3,C1,-153.60538812686718,7
Hg9Tl3,H1,-15.334598499775893,9
Hg9Tl3,N1,-273.91910757678124,8
Hg9Tl3,O1,-442.1533375745712,9
Hg9Tl3,S1,-332.2044883896997,7
Hg9V3,C1,-156.46439897627715,5
Hg9V3,H1,-16.5810695441578,5
Hg9V3,N1,-277.66278051602785,5
Hg9V3,O1,-445.1570955708594,5
Hg9V3,S1,-334.11566782642694,5
Hg9W3,C1,-157.45151138213987,5
Hg9W3,H1,-17.120148011301353,5
Hg9W3,N1,-277.9930978720913,5
Hg9W3,O1,-445.3728749060101,5
Hg9W3,S1,-334.42530766006166,5
Hg9Y3,C1,-155.8822069285925,8
Hg9Y3,H1,-16.365215105586685,9
Hg9Y3,N1,-275.7755419269379,9
Hg9Y3,O1,-444.61713028471786,9
Hg9Y3,S1,-333.9178454195462,9
Hg9Zn3,C1,-153.0521688559238,7
Hg9Zn3,H1,-15.69727985129066,9
Hg9Zn3,N1,-273.48110688345696,7
Hg9Zn3,O1,-441.8285182786167,9
Hg9Zn3,S1,-332.6159005677255,7
Hg9Zr3,C1,-157.0226952111625,5
Hg9Zr3,H1,-16.523618149403774,6
Hg9Zr3,N1,-277.0633978126498,6
Hg9Zr3,O1,-445.2482670403915,6
Hg9Zr3,S1,-334.4156915651729,5
In12,C1,-154.74916476911312,4
In12,C1H1,-172.13003212419426,4
In12,C1H2,-189.4179196772311,4
In12,C1H3,-207.25188609802353,4
In12,H1,-15.668803002019558,4
In12,H1N1,-292.6077711836115,4
In12,H1O1,-459.9884912280395,4
In12,H1S1,-349.1797722451738,4
In12,H2O1,-476.71891290157146,4
In12,N1,-275.0745852501532,4
In12,O1,-443.1599014939602,4
In12,S1,-332.8592669399004,4
In3Ir9,C1,-157.95168124389238,9
In3Ir9,H1,-16.86992437039953,9
In3Ir9,N1,-277.16080109725226,9
In3Ir9,O1,-443.21303158490264,9
In3Ir9,S1,-334.6244147163743,9
In3La9,C1,-158.58116150657588,8
In3La9,H1,-17.192450154863764,9
In3La9,N1,-279.0321349045953,9
In3La9,O1,-446.91848722397117,9
In3La9,S1,-335.51279551393236,8
In3Mo9,C1,-157.54862187225444,5
In3Mo9,H1,-17.320834280279087,5
In3Mo9,N1,-278.2140530845718,5
In3Mo9,O1,-445.3231421563469,5
In3Mo9,S1,-335.19350557118014,5
In3Nb9,C1,-158.0504463221987,3
In3Nb9,H1,-17.47304537369564,3
In3Nb9,N1,-279.1220045815171,3
In3Nb9,O1,-446.2508461247271,3
In3Nb9,S1,-335.39058293037306,3
In3Os9,C1,-158.28843137110016,9
In3Os9,H1,-16.946560471060366,9
In3Os9,N1,-278.09495838137445,9
In3Os9,O1,-444.39886954347094,9
In3Os9,S1,-335.05297210709614,9
In3Pb9,C1,-154.3020322074808,3
In3Pb9,H1,-15.72598391561769,5
In3Pb9,N1,-275.0073338115508,4
In3Pb9,O1,-443.13308072950895,6
In3Pb9,S1,-333.0112429269575,3
In3Pd9,C1,-155.86266915498345,5
In3Pd9,H1,-16.721875938430458,5
In3Pd9,N1,-275.0294148971625,5
In3Pd9,O1,-442.2032754980646,5
In3Pd9,S1,-333.3449116370575,5
In3Pt9,C1,-156.66081564306296,7
In3Pt9,H1,-16.814586211712594,7
In3Pt9,N1,-275.5648007795098,7
In3Pt9,O1,-442.3875737111084,7
In3Pt9,S1,-333.79845778580057,7
In3Re9,C1,-158.008230037045,3
In3Re9,H1,-17.033516080889967,3
In3Re9,N1,-278.1480865675185,3
In3Re9,O1,-445.01277128888614,3
In3Re9,S1,-335.39068701391443,3
In3Rh9,C1,-157.70376676102023,4
In3Rh9,H1,-16.872283189208247,3
In3Rh9,N1,-277.0619583304433,3
In3Rh9,O1,-443.18808037857525,3
In3Rh9,S1,-334.38141909931073,3
In3Ru9,C1,-158.05240513366516,3
In3Ru9,H1,-16.932181839772966,3
In3Ru9,N1,-277.92202296194955,3
In3Ru9,O1,-444.3133829402068,3
In3Ru9,S1,-334.9753630633968,3
In3Sc9,C1,-157.49276275162993,7
In3Sc9,H1,-17.623860795236396,6
In3Sc9,N1,-279.70348273854324,6
In3Sc9,O1,-447.6784202214694,7
In3Sc9,S1,-335.94238734540704,6
In3Sn9,C1,-154.76914078206391,3
In3Sn9,H1,-15.873961597990274,4
In3Sn9,N1,-275.588084200117,3
In3Sn9,O1,-443.2998942678496,3
In3Sn9,S1,-332.85355499830985,3
In3Ta9,C1,-158.2623220482783,3
In3Ta9,H1,-17.52102584629756,4
In3Ta9,N1,-279.3699918548373,3
In3Ta9,O1,-446.4036157318005,3
In3Ta9,S1,-335.4503120540139,4
In3Tc9,C1,-157.81563765814644,7
In3Tc9,H1,-17.030487725976855,7
In3Tc9,N1,-277.97837678553697,7
In3Tc9,O1,-444.86545375468995,7
In3Tc9,S1,-335.16781040562273,7
In3Ti9,C1,-157.9592609748688,7
In3Ti9,H1,-17.56675416871076,7
In3Ti9,N1,-279.6770789885486,7
In3Ti9,O1,-447.26358240232,7
In3Ti9,S1,-335.62446409441327,7
In3Tl9,C1,-154.17551219791494,3
In3Tl9,H1,-15.761441029080743,3
In3Tl9,N1,-274.6803476731038,3
In3Tl9,O1,-442.9218518180278,3
In3Tl9,S1,-332.8711037558205,4
In3V9,C1,-157.87932562996866,5
In3V9,H1,-17.431360798982496,5
In3V9,N1,-279.079142434166,5
In3V9,O1,-446.25123851288663,5
In3V9,S1,-335.19391306165926,5
In3W9,C1,-157.77159548912823,5
In3W9,H1,-17.42441332450835,5
In3W9,N1,-278.43491101634936,5
In3W9,O1,-445.50620837398674,5
In3W9,S1,-335.41020791647315,5
In3Y9,C1,-157.193528959353,5
In3Y9,H1,-17.580550340331683,5
In3Y9,N1,-279.4177731401069,5
In3Y9,O1,-447.51491422683466,5
In3Y9,S1,-336.0216973727074,5
In3Zn9,C1,-155.74237823935255,7
In3Zn9,H1,-15.978478618628287,8
In3Zn9,N1,-276.2071552921334,7
In3Zn9,O1,-443.6515529680546,7
In3Zn9,S1,-333.54335405532765,7
In3Zr9,C1,-157.96537360408183,3
In3Zr9,H1,-17.550573463522596,4
In3Zr9,N1,-279.6672517333209,3
In3Zr9,O1,-447.2219487128932,3
In3Zr9,S1,-335.7557621508713,3
In6Ir6,C1,-156.4765812407204,8
In6Ir6,H1,-16.88304284250262,8
In6Ir6,N1,-275.83728714201425,8
In6Ir6,O1,-442.7514293698987,8
In6Ir6,S1,-333.72586706552465,8
In6La6,C1,-156.4795761256246,10
In6La6,H1,-16.799492193138576,10
In6La6,N1,-278.0485778020884,10
In6La6,O1,-446.03234837232594,10
In6La6,S1,-334.91424003661814,8
In6Mo6,C1,-156.9103886597877,10
In6Mo6,H1,-17.159766153530654,10
In6Mo6,N1,-277.43780441342096,10
In6Mo6,O1,-444.8980285023172,10
In6Mo6,S1,-334.43274208225193,10
In6Nb6,C1,-156.8816440504961,10
In6Nb6,H1,-17.04571317553564,10
In6Nb6,N1,-277.78217454444894,10
In6Nb6,O1,-445.1207064675036,10
In6Nb6,S1,-334.57945484344236,8
In6Os6,C1,-157.81415041995933,10
In6Os6,H1,-17.59493917589498,9
In6Os6,N1,-277.2016949091558,10
In6Os6,O1,-444.0974441463477,10
In6Os6,S1,-334.20835415369584,10
In6Pb6,C1,-154.29517317000864,8
In6Pb6,H1,-15.689129361540836,10
In6Pb6,N1,-275.0883177471296,8
In6Pb6,O1,-443.2193244895316,8
In6Pb6,S1,-332.91794475172355,7
In6Pd6,C1,-154.59674646100757,8
In6Pd6,H1,-16.149273454535432,9
In6Pd6,N1,-274.63852663329817,8
In6Pd6,O1,-442.65064194154183,8
In6Pd6,S1,-332.9008207639163,8
In6Pt6,C1,-155.2689582563944,10
In6Pt6,H1,-16.401949113238516,11
In6Pt6,N1,-274.9156869591461,10
In6Pt6,O1,-442.6980483900006,10
In6Pt6,S1,-333.01414257202487,10
In6Re6,C1,-157.17426289140712,9
In6Re6,H1,-17.130614461937512,10
In6Re6,N1,-277.60339833753824,10
In6Re6,O1,-445.41284774863016,10
In6Re6,S1,-334.6544671047741,8
In6Rh6,C1,-155.85543664126453,8
In6Rh6,H1,-16.602525584279647,10
In6Rh6,N1,-275.26904569055114,8
In6Rh6,O1,-442.6000923061292,8
In6Rh6,S1,-333.3900572276834,8
In6Ru6,C1,-157.51650958209575,7
In6Ru6,H1,-16.82356011794036,8
In6Ru6,N1,-276.9880381980038,8
In6Ru6,O1,-443.3644059282633,8
In6Ru6,S1,-334.09529207824744,8
In6Sc6,C1,-156.21484568781307,8
In6Sc6,H1,-17.017204897114425,8
In6Sc6,N1,-278.2060074947003,8
In6Sc6,O1,-446.2319431926953,8
In6Sc6,S1,-334.99936595299005,8
In6Sn6,C1,-154.9113851619113,8
In6Sn6,H1,-15.88345646615926,10
In6Sn6,N1,-275.4883733901588,8
In6Sn6,O1,-443.38536073469004,10
In6Sn6,S1,-332.92603714516736,8
In6Ta6,C1,-157.18556486758098,8
In6Ta6,H1,-17.13017268511976,8
In6Ta6,N1,-278.09182567080643,8
In6Ta6,O1,-445.3800958548927,8
In6Ta6,S1,-334.73992091832406,8
In6Tc6,C1,-157.9256732834765,8
In6Tc6,H1,-17.834852287393005,10
In6Tc6,N1,-277.8178634989017,8
In6Tc6,O1,-445.39313541398224,8
In6Tc6,S1,-334.69980235874755,8
In6Ti6,C1,-156.98323516708115,8
In6Ti6,H1,-17.05717447436473,12
In6Ti6,N1,-278.3647415650048,8
In6Ti6,O1,-445.88126083695533,9
In6Ti6,S1,-334.80065495837334,8
In6Tl6,C1,-154.78488896230556,8
In6Tl6,H1,-15.837491812879307,10
In6Tl6,N1,-275.23682156160794,8
In6Tl6,O1,-443.26833396061556,9
In6Tl6,S1,-333.0530875046097,8
In6V6,C1,-156.9606513511535,8
In6V6,H1,-16.991757491210592,10
In6V6,N1,-277.8990562818544,8
In6V6,O1,-445.1608125098428,8
In6V6,S1,-334.35651796193633,8
In6W6,C1,-157.5686544848868,8
In6W6,H1,-17.588052790979418,8
In6W6,N1,-278.0701376536381,8
In6W6,O1,-445.304021669308,8
In6W6,S1,-334.96301480951297,8
In6Y6,C1,-156.57601395033635,8
In6Y6,H1,-16.982935152391292,10
In6Y6,N1,-277.9963222850274,9
In6Y6,O1,-446.2195270464108,10
In6Y6,S1,-335.08057996082425,8
In6Zn6,C1,-155.3935817685633,8
In6Zn6,H1,-15.937630385786179,11
In6Zn6,N1,-275.8618807907478,8
In6Zn6,O1,-443.448132499223,9
In6Zn6,S1,-333.2807538606867,8
In6Zr6,C1,-156.8648093196971,8
In6Zr6,H1,-17.056206565437606,9
In6Zr6,N1,-278.31255638936636,8
In6Zr6,O1,-445.92097136182565,8
In6Zr6,S1,-334.9316840303036,8
In9Ir3,C1,-155.85691149827107,9
In9Ir3,H1,-16.865621570326766,9
In9Ir3,N1,-275.74488911935987,9
In9Ir3,O1,-443.4439672526969,9
In9Ir3,S1,-333.45125182040647,9
In9La3,C1,-155.06660692283913,5
In9La3,H1,-16.33041528310423,5
In9La3,N1,-276.46069395986706,5
In9La3,O1,-444.6158823706537,5
In9La3,S1,-334.00466388399946,5
In9Mo3,C1,-156.26119511006982,9
In9Mo3,H1,-16.65500355440963,9
In9Mo3,N1,-277.3038039944295,9
In9Mo3,O1,-444.42521819041576,9
In9Mo3,S1,-333.4142084193227,9
In9Nb3,C1,-156.04789037816226,9
In9Nb3,H1,-16.636369470848877,9
In9Nb3,N1,-276.79171037637934,9
In9Nb3,O1,-444.7033510511246,9
In9Nb3,S1,-333.5103304559161,9
In9Os3,C1,-156.59737583906826,6
In9Os3,H1,-17.0072517892404,5
In9Os3,N1,-276.61586157014244,5
In9Os3,O1,-443.5557420936311,5
In9Os3,S1,-333.6513273298697,5
In9Pb3,C1,-154.68805779704417,9
In9Pb3,H1,-15.699538532204315,9
In9Pb3,N1,-275.03558616690134,9
In9Pb3,O1,-443.21668185598537,9
In9Pb3,S1,-332.91639710426534,9
In9Pd3,C1,-154.97513286272442,7
In9Pd3,H1,-15.92814014355099,9
In9Pd3,N1,-275.4593925860572,8
In9Pd3,O1,-443.2911252633421,9
In9Pd3,S1,-332.9235591404977,7
In9Pt3,C1,-155.33269697744618,9
In9Pt3,H1,-16.502851373636076,9
In9Pt3,N1,-275.2888261897133,9
In9Pt3,O1,-443.33636500535795,9
In9Pt3,S1,-333.1730646729811,8
In9Re3,C1,-156.66803210207217,7
In9Re3,H1,-17.94272406348682,6
In9Re3,N1,-277.59749115426894,6
In9Re3,O1,-444.1015503441704,5
In9Re3,S1,-333.6960855664511,5
In9Rh3,C1,-155.28264503825267,7
In9Rh3,H1,-16.602255783411238,9
In9Rh3,N1,-275.51949096818134,7
In9Rh3,O1,-443.3009068034444,8
In9Rh3,S1,-333.14031482010614,7
In9Ru3,C1,-156.15641890100233,5
In9Ru3,H1,-16.76866428030189,5
In9Ru3,N1,-275.8882355602509,5
In9Ru3,O1,-443.32607229940913,5
In9Ru3,S1,-333.511533335135,5
In9Sc3,C1,-155.26628827540844,9
In9Sc3,H1,-16.208407465212076,9
In9Sc3,N1,-276.62706953098314,9
In9Sc3,O1,-444.5897289653949,9
In9Sc3,S1,-333.9276215173704,9
In9Sn3,C1,-154.84824563553047,5
In9Sn3,H1,-15.934423252085253,11
In9Sn3,N1,-275.26219019056225,7
In9Sn3,O1,-443.32635162426595,8
In9Sn3,S1,-332.9179440714397,5
In9Ta3,C1,-156.4047430512619,9
In9Ta3,H1,-16.869485042607266,9
In9Ta3,N1,-277.1239747069558,9
In9Ta3,O1,-445.10246490815916,9
In9Ta3,S1,-334.28873141147415,9
In9Tc3,C1,-156.5462902754516,9
In9Tc3,H1,-17.090603115211707,10
In9Tc3,N1,-277.18176202624454,9
In9Tc3,O1,-443.4423883121417,9
In9Tc3,S1,-333.5702965907076,9
In9Ti3,C1,-155.98050954943756,9
In9Ti3,H1,-16.3562044639948,12
In9Ti3,N1,-276.91918278438607,9
In9Ti3,O1,-444.5897595782044,9
In9Ti3,S1,-333.7584509289627,9
In9Tl3,C1,-154.71655736782486,7
In9Tl3,H1,-15.78144398130462,10
In9Tl3,N1,-275.4261478941662,8
In9Tl3,O1,-443.3470842497518,9
In9Tl3,S1,-333.0842929753999,7
In9V3,C1,-156.26340943642936,3
In9V3,H1,-16.523814887706976,5
In9V3,N1,-276.9358319335406,3
In9V3,O1,-444.76479694097,4
In9V3,S1,-333.57453285894735,3
In9W3,C1,-157.17148624180118,9
In9W3,H1,-16.940889482608327,9
In9W3,N1,-277.58075139120047,9
In9W3,O1,-444.89564233606507,9
In9W3,S1,-334.7736003120808,9
In9Y3,C1,-155.08045425186356,9
In9Y3,H1,-16.27723988521393,9
In9Y3,N1,-276.43328583769835,9
In9Y3,O1,-444.5405635730858,9
In9Y3,S1,-333.9672841502106,9
In9Zn3,C1,-155.24353261959186,7
In9Zn3,H1,-15.943283550783235,8
In9Zn3,N1,-275.71695472901774,7
In9Zn3,O1,-443.4020727421448,7
In9Zn3,S1,-333.22974326443364,7
In9Zr3,C1,-155.74089181750605,9
In9Zr3,H1,-16.34360314423975,9
In9Zr3,N1,-276.8020804987136,9
In9Zr3,O1,-444.3883372412929,9
In9Zr3,S1,-333.76989494856025,9
Ir12,C1,-157.1866292408631,4
Ir12,C1H1,-174.59447124076542,17
Ir12,C1H2,-191.35810563282212,11
Ir12,C1H3,-207.74280626616746,11
Ir12,H1,-16.782987400372804,4
Ir12,H1N1,-293.5841235280095,4
Ir12,H1O1,-459.59908448796705,9
Ir12,H1S1,-351.1271058149614,4
Ir12,N1,-276.6429441081018,4
Ir12,O1,-442.953243550739,4
Ir12,S1,-334.4244929512315,4
Ir3La9,C1,-158.06628756537611,8
Ir3La9,H1,-18.08175205776206,9
Ir3La9,N1,-280.16531516185205,9
Ir3La9,O1,-448.0225542937442,9
Ir3La9,S1,-336.8807155904469,7
Ir3Mo9,C1,-157.58153499343825,5
Ir3Mo9,H1,-17.261126653629617,5
Ir3Mo9,N1,-278.4158861773176,6
Ir3Mo9,O1,-445.5758371351367,5
Ir3Mo9,S1,-335.1443746012701,5
Ir3Nb9,C1,-158.00134814200646,4
Ir3Nb9,H1,-17.577315859191003,5
Ir3Nb9,N1,-279.2340753462486,5
Ir3Nb9,O1,-446.55431618524017,5
Ir3Nb9,S1,-335.66523504691577,5
Ir3Os9,C1,-157.49195715860697,9
Ir3Os9,C1H1,-174.93588662367983,9
Ir3Os9,C1H2,-191.12635443984618,8
Ir3Os9,C1H3,-207.8208999446033,7
Ir3Os9,H1,-16.723347530067258,9
Ir3Os9,H1N1,-294.4949893641642,9
Ir3Os9,H1S1,-350.6761115497902,9
Ir3Os9,H2O1,-476.9266617491703,9
Ir3Os9,N1,-277.48945270844706,9
Ir3Os9,O1,-444.0807741804747,9
Ir3Os9,S1,-334.7639093858852,9
Ir3Pb9,C1,-156.26342834834213,5
Ir3Pb9,H1,-17.15689303956242,5
Ir3Pb9,N1,-276.0139265750113,5
Ir3Pb9,O1,-443.07658445432753,5
Ir3Pb9,S1,-333.7093349253082,4
Ir3Pd9,C1,-157.23336887435653,5
Ir3Pd9,C1H1,-174.4287169055424,9
Ir3Pd9,C1H2,-191.02839005650821,9
Ir3Pd9,C1H3,-208.16559974155098,9
Ir3Pd9,H1,-16.88616194737915,5
Ir3Pd9,H1N1,-293.51544947825823,9
Ir3Pd9,H1O1,-460.0636358727497,18
Ir3Pd9,H1S1,-350.2713702425135,9
Ir3Pd9,H2O1,-476.9164129896053,9
Ir3Pd9,N1,-276.66474001840834,5
Ir3Pd9,O1,-442.9920518821709,5
Ir3Pd9,S1,-334.2748601364292,5
Ir3Pt9,C1,-157.17615095327346,9
Ir3Pt9,C1H1,-174.6265639387275,9
Ir3Pt9,C1H2,-191.04495716335077,9
Ir3Pt9,C1H3,-208.12130940472707,9
Ir3Pt9,H1,-16.872180602294975,9
Ir3Pt9,H1N1,-293.57086913504463,9
Ir3Pt9,H1O1,-459.88744216222403,18
Ir3Pt9,H1S1,-350.1412919363429,9
Ir3Pt9,H2O1,-476.9867936012961,9
Ir3Pt9,N1,-276.44498455584835,9
Ir3Pt9,O1,-442.69566970688174,9
Ir3Pt9,S1,-334.3275994719006,9
Ir3Re9,C1,-157.77507079101997,5
Ir3Re9,H1,-17.086554469464318,5
Ir3Re9,H1O1,-460.9566792048754,18
Ir3Re9,N1,-278.1358828060838,5
Ir3Re9,O1,-445.0304196400648,5
Ir3Re9,S1,-335.24434364725676,5
Ir3Rh9,C1,-157.280018438174,4
Ir3Rh9,C1H1,-174.5559999223151,9
Ir3Rh9,C1H2,-190.9403829988114,9
Ir3Rh9,C1H3,-208.02301018530488,7
Ir3Rh9,H1,-16.697896858793683,3
Ir3Rh9,H1N1,-293.75721527683345,9
Ir3Rh9,H1O1,-459.9106580985972,18
Ir3Rh9,H1S1,-350.2941009999158,9
Ir3Rh9,H2O1,-476.9171330028257,9
Ir3Rh9,N1,-276.8360699661898,3
Ir3Rh9,O1,-443.14281832322376,3
Ir3Rh9,S1,-334.47899517619953,3
Ir3Ru9,C1,-157.2957119235325,7
Ir3Ru9,C1H1,-174.56441218558393,8
Ir3Ru9,C1H2,-190.8661262615533,9
Ir3Ru9,C1H3,-207.97070922523199,9
Ir3Ru9,H1,-16.854531979002786,7
Ir3Ru9,H1N1,-294.24973275321827,9
Ir3Ru9,H1O1,-460.28398672039475,18
Ir3Ru9,H1S1,-350.51289372371684,9
Ir3Ru9,H2O1,-476.9567103279769,9
Ir3Ru9,N1,-277.251237451248,7
Ir3Ru9,O1,-443.94768629524697,7
Ir3Ru9,S1,-334.585631283353,7
Ir3Sc9,C1,-157.87637333087332,3
Ir3Sc9,H1,-17.61530730488812,3
Ir3Sc9,N1,-279.481126139799,3
Ir3Sc9,O1,-447.69443738623886,3
Ir3Sc9,S1,-336.03309812620864,3
Ir3Sn9,C1,-156.01783499651356,5
Ir3Sn9,C1H1,-172.9196380473404,6
Ir3Sn9,C1H2,-190.69219857901408,9
Ir3Sn9,C1H3,-207.9672471208578,9
Ir3Sn9,H1,-16.940281308179692,5
Ir3Sn9,H1N1,-292.98087653600305,7
Ir3Sn9,H1S1,-349.940531244225,9
Ir3Sn9,H2O1,-477.1706728950812,9
Ir3Sn9,N1,-276.1846725664873,5
Ir3Sn9,O1,-444.39383271632323,6
Ir3Sn9,S1,-333.46469465220434,3
Ir3Ta9,C1,-158.35247635628184,3
Ir3Ta9,H1,-17.574051037350728,4
Ir3Ta9,N1,-279.68051959592776,3
Ir3Ta9,O1,-446.8603985386035,3
Ir3Ta9,S1,-335.8516576526963,3
Ir3Tc9,C1,-157.63347281759343,7
Ir3Tc9,H1,-17.10970781965443,7
Ir3Tc9,N1,-278.0103468962079,7
Ir3Tc9,O1,-444.9571797922181,7
Ir3Tc9,S1,-335.124243211314,7
Ir3Ti9,C1,-157.78533383655667,7
Ir3Ti9,H1,-17.782717180703912,7
Ir3Ti9,N1,-279.5786775903871,7
Ir3Ti9,O1,-447.30643856316965,7
Ir3Ti9,S1,-335.9063734870324,8
Ir3Tl9,C1,-156.5188436491735,7
Ir3Tl9,H1,-17.29932014385122,7
Ir3Tl9,N1,-276.2352249230353,6
Ir3Tl9,O1,-443.33891852162196,7
Ir3Tl9,S1,-333.64118387836425,7
Ir3V9,C1,-157.81433314440073,3
Ir3V9,H1,-17.492292393675598,3
Ir3V9,N1,-279.1687665283498,3
Ir3V9,O1,-446.57105567619874,3
Ir3V9,S1,-335.4967523622872,4
Ir3W9,C1,-157.9705871691731,5
Ir3W9,H1,-17.3155311897317,5
Ir3W9,N1,-278.7120376000821,5
Ir3W9,O1,-445.73846828377646,5
Ir3W9,S1,-335.3008902634974,5
Ir3Y9,C1,-158.19086536241957,5
Ir3Y9,H1,-17.994561341576627,5
Ir3Y9,N1,-280.01021748483254,5
Ir3Y9,O1,-448.14009114521104,5
Ir3Y9,S1,-336.66901279271406,5
Ir3Zn9,C1,-155.42320857091545,7
Ir3Zn9,H1,-16.85275602803449,9
Ir3Zn9,N1,-275.4109349618375,8
Ir3Zn9,O1,-442.9997393702288,9
Ir3Zn9,S1,-333.3108459777068,7
Ir3Zr9,C1,-157.9720209369916,4
Ir3Zr9,H1,-17.548106207352248,3
Ir3Zr9,N1,-279.65422605204003,3
Ir3Zr9,O1,-447.2905348698732,3
Ir3Zr9,S1,-336.0189729689555,3
Ir6La6,C1,-157.561344418722,8
Ir6La6,H1,-17.307063279189606,12
Ir6La6,N1,-277.38531719141974,9
Ir6La6,O1,-445.15858825132455,10
Ir6La6,S1,-334.79674713153145,8
Ir6Mo6,C1,-157.3126065193792,8
Ir6Mo6,H1,-17.06402058642925,8
Ir6Mo6,N1,-277.8344560483856,8
Ir6Mo6,O1,-444.92215574793227,8
Ir6Mo6,S1,-334.97304424532194,6
Ir6Nb6,C1,-157.52757930910957,10
Ir6Nb6,H1,-17.194369781933347,12
Ir6Nb6,N1,-278.37868263723794,10
Ir6Nb6,O1,-445.43048099748194,10
Ir6Nb6,S1,-335.17647287756336,9
Ir6Os6,C1,-157.36698724551388,5
Ir6Os6,C1H1,-174.79440307412005,10
Ir6Os6,C1H2,-191.04500151790126,10
Ir6Os6,C1H3,-207.867691823958,10
Ir6Os6,H1,-16.66257430562473,8
Ir6Os6,H1N1,-294.1176934586547,10
Ir6Os6,H1S1,-350.3682517488305,10
Ir6Os6,H2O1,-476.96684112618095,10
Ir6Os6,N1,-277.2209393440462,7
Ir6Os6,O1,-443.61318205959833,7
Ir6Os6,S1,-334.6659818739681,8
Ir6Pb6,C1,-157.613772319899,10
Ir6Pb6,H1,-17.02259329534354,10
Ir6Pb6,N1,-276.9331433127554,11
Ir6Pb6,O1,-443.19713074879473,10
Ir6Pb6,S1,-334.1482961804759,8
Ir6Pd6,C1,-157.53794847904283,8
Ir6Pd6,C1H1,-174.84138516105304,10
Ir6Pd6,C1H2,-190.8791528952388,10
Ir6Pd6,C1H3,-208.04916467901785,10
Ir6Pd6,H1,-16.820447679856443,8
Ir6Pd6,H1N1,-293.91972125311077,10
Ir6Pd6,H1O1,-459.94173880519156,20
Ir6Pd6,H1S1,-350.47149554881616,9
Ir6Pd6,H2O1,-476.89590839552693,10
Ir6Pd6,N1,-276.98580972172203,8
Ir6Pd6,O1,-443.24526795896963,8
Ir6Pd6,S1,-334.63286602797234,8
Ir6Pt6,C1,-157.39754984736646,10
Ir6Pt6,C1H1,-174.7998298404127,10
Ir6Pt6,C1H2,-191.13073247940338,10
Ir6Pt6,C1H3,-208.0785437217237,10
Ir6Pt6,H1,-16.845887602630683,11
Ir6Pt6,H1N1,-293.83469996450367,10
Ir6Pt6,H1O1,-459.8542508046412,20
Ir6Pt6,H1S1,-350.34420504891386,10
Ir6Pt6,H2O1,-476.95258957206534,10
Ir6Pt6,N1,-276.6981702919438,10
Ir6Pt6,O1,-442.9790276975182,10
Ir6Pt6,S1,-334.5751980306086,10
Ir6Re6,C1,-157.44946631058338,8
Ir6Re6,H1,-16.846817415615078,8
Ir6Re6,H1O1,-460.62014091829406,18
Ir6Re6,N1,-277.6973833280972,8
Ir6Re6,O1,-444.46024522795415,8
Ir6Re6,S1,-334.84823215825963,8
Ir6Rh6,C1,-157.37873997827046,8
Ir6Rh6,C1H1,-174.69179493207048,10
Ir6Rh6,C1H2,-190.88463217949175,10
Ir6Rh6,C1H3,-208.00449787268371,10
Ir6Rh6,H1,-16.70498270315511,9
Ir6Rh6,H1N1,-293.7958728572048,10
Ir6Rh6,H1O1,-459.8798149473805,20
Ir6Rh6,H1S1,-350.323208473008,10
Ir6Rh6,H2O1,-476.9203443542938,10
Ir6Rh6,N1,-276.8994749396188,8
Ir6Rh6,O1,-443.1403114744826,8
Ir6Rh6,S1,-334.5544957458187,8
Ir6Ru6,C1,-157.2006024225302,8
Ir6Ru6,C1H1,-174.5226250239466,10
Ir6Ru6,C1H2,-190.94978738913414,10
Ir6Ru6,C1H3,-207.83237240010567,9
Ir6Ru6,H1,-16.750500001289765,8
Ir6Ru6,H1N1,-293.9698157781204,10
Ir6Ru6,H1O1,-460.13968434358685,20
Ir6Ru6,H1S1,-350.3125661007798,10
Ir6Ru6,H2O1,-476.98066641399055,10
Ir6Ru6,N1,-277.01384697108733,8
Ir6Ru6,O1,-443.52835900593345,8
Ir6Ru6,S1,-334.5284850642638,8
Ir6Sc6,C1,-157.41040627384427,8
Ir6Sc6,H1,-17.234089830792072,9
Ir6Sc6,N1,-277.40286091482994,8
Ir6Sc6,O1,-445.32906158473634,8
Ir6Sc6,S1,-334.66425041361435,8
Ir6Sn6,C1,-156.3102062138314,8
Ir6Sn6,C1H1,-173.36117962198114,10
Ir6Sn6,C1H2,-190.1849944384776,8
Ir6Sn6,C1H3,-207.64609959299196,5
Ir6Sn6,H1,-16.635207544761215,8
Ir6Sn6,H1N1,-292.9968085291439,10
Ir6Sn6,H1S1,-349.3812261472849,10
Ir6Sn6,H2O1,-476.82096144151365,10
Ir6Sn6,N1,-275.70817987406554,7
Ir6Sn6,O1,-442.743551946387,8
Ir6Sn6,S1,-333.1910552073132,8
Ir6Ta6,C1,-157.72245798848235,8
Ir6Ta6,H1,-17.110566202754853,9
Ir6Ta6,N1,-278.70130992016493,8
Ir6Ta6,O1,-445.6804084424766,8
Ir6Ta6,S1,-335.38020668547324,8
Ir6Tc6,C1,-157.32935811940115,10
Ir6Tc6,H1,-16.91577677672467,10
Ir6Tc6,N1,-277.49296474571383,10
Ir6Tc6,O1,-444.30995920388887,10
Ir6Tc6,S1,-334.72475370112807,10
Ir6Ti6,C1,-156.79624085011892,8
Ir6Ti6,H1,-16.98136151806102,10
Ir6Ti6,N1,-278.2143241099511,8
Ir6Ti6,O1,-445.79593056308295,9
Ir6Ti6,S1,-335.0300940000525,8
Ir6Tl6,C1,-157.52737835304288,8
Ir6Tl6,H1,-17.068000251318153,10
Ir6Tl6,N1,-277.0799102246092,8
Ir6Tl6,O1,-443.4069875262503,10
Ir6Tl6,S1,-334.13104511550773,8
Ir6V6,C1,-157.49226736838318,8
Ir6V6,H1,-17.14373728786086,9
Ir6V6,N1,-278.37101120390435,8
Ir6V6,O1,-445.4300510576213,8
Ir6V6,S1,-335.059482838853,8
Ir6W6,C1,-157.3809234197106,8
Ir6W6,H1,-17.018242331123474,9
Ir6W6,N1,-277.96002597249026,8
Ir6W6,O1,-445.04368845506906,8
Ir6W6,S1,-335.08354409686945,8
Ir6Y6,C1,-157.75976248279767,8
Ir6Y6,H1,-17.22147544957261,9
Ir6Y6,N1,-277.6250078498597,8
Ir6Y6,O1,-445.22151879427474,8
Ir6Y6,S1,-334.7317245773884,8
Ir6Zn6,C1,-157.4867288993628,8
Ir6Zn6,H1,-16.91810471061035,9
Ir6Zn6,N1,-276.6032261001019,8
Ir6Zn6,O1,-443.01023697790515,8
Ir6Zn6,S1,-334.1142354191834,8
Ir6Zr6,C1,-157.00933714281928,8
Ir6Zr6,H1,-16.96214402242913,9
Ir6Zr6,N1,-278.1908306174628,8
Ir6Zr6,O1,-445.9493713389347,8
Ir6Zr6,S1,-335.1597922992514,8
Ir9La3,C1,-158.7145091244638,9
Ir9La3,H1,-17.047019321958942,9
Ir9La3,N1,-277.8365932304732,9
Ir9La3,O1,-444.11590462127424,9
Ir9La3,S1,-335.6748797137516,9
Ir9Mo3,C1,-156.9789129108649,9
Ir9Mo3,H1,-16.788198380385438,9
Ir9Mo3,N1,-277.06802701327615,9
Ir9Mo3,O1,-444.2860061111278,9
Ir9Mo3,S1,-334.69169908074764,9
Ir9Nb3,C1,-157.46170544682172,9
Ir9Nb3,H1,-16.92967050115476,9
Ir9Nb3,N1,-276.9786773458982,9
Ir9Nb3,O1,-444.1680714292306,9
Ir9Nb3,S1,-334.7842463578454,9
Ir9Os3,C1,-157.27911488417521,9
Ir9Os3,C1H1,-174.6967740710934,9
Ir9Os3,C1H2,-191.0023219589384,7
Ir9Os3,C1H3,-208.0161642092935,8
Ir9Os3,H1,-16.763258602841233,9
Ir9Os3,H1N1,-293.84384652696826,9
Ir9Os3,H1S1,-350.25327317562187,9
Ir9Os3,H2O1,-476.9982161238986,9
Ir9Os3,N1,-276.9449360462422,9
Ir9Os3,O1,-443.27553327644273,9
Ir9Os3,S1,-334.54218885323644,9
Ir9Pb3,C1,-157.72203675626588,5
Ir9Pb3,H1,-16.86238736129235,5
Ir9Pb3,N1,-277.01606714789887,5
Ir9Pb3,O1,-443.1593188982297,5
Ir9Pb3,S1,-334.518513044477,5
Ir9Pd3,C1,-157.850583197589,5
Ir9Pd3,C1H1,-175.14349982253407,7
Ir9Pd3,C1H2,-191.2457800334705,9
Ir9Pd3,C1H3,-208.02515144909557,8
Ir9Pd3,H1,-16.79681772227923,5
Ir9Pd3,H1N1,-294.22394710980734,8
Ir9Pd3,H1O1,-459.8767940756006,18
Ir9Pd3,H1S1,-350.3502387651133,9
Ir9Pd3,H2O1,-476.8940135308112,9
Ir9Pd3,N1,-277.3286113885879,5
Ir9Pd3,O1,-443.3745062497255,5
Ir9Pd3,S1,-334.9398323431451,5
Ir9Pt3,C1,-157.5701564172159,9
Ir9Pt3,C1H1,-174.95924147416736,9
Ir9Pt3,C1H2,-191.18161463792057,9
Ir9Pt3,C1H3,-208.03894476352434,8
Ir9Pt3,H1,-16.815152344555827,9
Ir9Pt3,H1N1,-294.1134433126135,9
Ir9Pt3,H1O1,-459.8124104447488,18
Ir9Pt3,H1S1,-350.3171343479007,9
Ir9Pt3,H2O1,-476.91880228516675,9
Ir9Pt3,N1,-277.00901531776617,9
Ir9Pt3,O1,-443.2898846963508,9
Ir9Pt3,S1,-334.8228672028454,9
Ir9Re3,C1,-157.20915604893526,9
Ir9Re3,H1,-16.672775989492948,9
Ir9Re3,H1O1,-460.55137176476273,18
Ir9Re3,N1,-277.12896432236084,9
Ir9Re3,O1,-444.1927933796396,9
Ir9Re3,S1,-334.6425172255513,9
Ir9Rh3,C1,-157.47375029377145,9
Ir9Rh3,C1H1,-174.80432243988253,7
Ir9Rh3,C1H2,-191.0629798071095,9
Ir9Rh3,C1H3,-207.9956402951284,8
Ir9Rh3,H1,-16.776321971894504,9
Ir9Rh3,H1N1,-293.81527307727447,9
Ir9Rh3,H1O1,-459.8468898531901,18
Ir9Rh3,H1S1,-350.2476449090391,9
Ir9Rh3,H2O1,-476.9261561616586,9
Ir9Rh3,N1,-276.9495237495066,9
Ir9Rh3,O1,-443.1070750820618,9
Ir9Rh3,S1,-334.6210278514809,9
Ir9Ru3,C1,-157.17649286431697,5
Ir9Ru3,C1H1,-174.54640029030998,9
Ir9Ru3,C1H2,-190.80961746913454,9
Ir9Ru3,C1H3,-207.90606858285537,9
Ir9Ru3,H1,-16.71195874957266,4
Ir9Ru3,H1N1,-293.7582996504789,9
Ir9Ru3,H1O1,-459.91074408657005,18
Ir9Ru3,H1S1,-350.2257484526672,9
Ir9Ru3,H2O1,-477.02134566412496,9
Ir9Ru3,N1,-276.8210258804975,5
Ir9Ru3,O1,-443.1845030339973,5
Ir9Ru3,S1,-334.47341752279317,5
Ir9Sc3,C1,-158.2475832743221,7
Ir9Sc3,H1,-17.007491521530028,7
Ir9Sc3,N1,-277.5792057845938,7
Ir9Sc3,O1,-444.09286610312483,7
Ir9Sc3,S1,-335.140691132292,7
Ir9Sn3,C1,-157.51752089317597,7
Ir9Sn3,C1H1,-174.6686663442415,9
Ir9Sn3,C1H2,-190.82170789515294,4
Ir9Sn3,C1H3,-207.7871624545478,8
Ir9Sn3,H1,-16.848624523619947,8
Ir9Sn3,H1N1,-293.6501111338803,9
Ir9Sn3,H1S1,-350.19664955115513,9
Ir9Sn3,H2O1,-476.8181166273862,9
Ir9Sn3,N1,-276.77857258419317,7
Ir9Sn3,O1,-442.9873440406518,9
Ir9Sn3,S1,-334.4373100572557,7
Ir9Ta3,C1,-157.3840300073498,9
Ir9Ta3,H1,-16.925549201005197,9
Ir9Ta3,N1,-276.9593255620821,9
Ir9Ta3,O1,-444.25305557428874,9
Ir9Ta3,S1,-334.8006708770299,9
Ir9Tc3,C1,-157.13895421604684,9
Ir9Tc3,H1,-16.69616254124412,9
Ir9Tc3,N1,-276.9887586193945,9
Ir9Tc3,O1,-443.57227436989706,9
Ir9Tc3,S1,-334.55534474099113,9
Ir9Ti3,C1,-157.76351642926238,9
Ir9Ti3,H1,-16.98908642177048,9
Ir9Ti3,N1,-277.1209975094498,9
Ir9Ti3,O1,-444.10392249656434,9
Ir9Ti3,S1,-334.8039582843194,9
Ir9Tl3,C1,-157.87659265462207,9
Ir9Tl3,H1,-16.869363135603635,9
Ir9Tl3,N1,-277.2419065316644,9
Ir9Tl3,O1,-443.3508867685305,9
Ir9Tl3,S1,-334.5234713667851,9
Ir9V3,C1,-157.29782924130996,9
Ir9V3,H1,-16.876596329610038,9
Ir9V3,N1,-277.1241166143227,9
Ir9V3,O1,-444.1078871951904,9
Ir9V3,S1,-334.63958343019476,9
Ir9W3,C1,-156.96261955054797,9
Ir9W3,H1,-16.754983484948752,9
Ir9W3,N1,-277.1353565485406,9
Ir9W3,O1,-444.59089701404446,9
Ir9W3,S1,-334.7937749681332,9
Ir9Y3,C1,-158.61777741681362,9
Ir9Y3,H1,-17.059571116995357,9
Ir9Y3,N1,-277.79986534538693,9
Ir9Y3,O1,-444.1683990542879,9
Ir9Y3,S1,-335.5085867291891,9
Ir9Zn3,C1,-157.92053903957276,9
Ir9Zn3,H1,-16.76635865974822,9
Ir9Zn3,N1,-277.3730517962031,9
Ir9Zn3,O1,-443.4022943788659,9
Ir9Zn3,S1,-334.6017416471077,9
Ir9Zr3,C1,-158.0960062061531,9
Ir9Zr3,H1,-17.04970821486131,9
Ir9Zr3,N1,-277.32344789244235,9
Ir9Zr3,O1,-444.1658361500995,9
Ir9Zr3,S1,-335.0768924101394,9
La12,C1,-157.2363875692281,8
La12,C1H1,-174.2377166647093,6
La12,C1H2,-191.2906192239243,4
La12,C1H3,-208.2915813738946,4
La12,H1,-17.146441419135954,11
La12,H1N1,-296.23066476289387,8
La12,H1O1,-464.10966783171534,8
La12,H1S1,-352.6815270021034,8
La12,H2O1,-477.1089192444815,4
La12,N1,-278.93824474570647,8
La12,O1,-446.7087866398615,8
La12,S1,-335.4912718535197,8
La3Mo9,C1,-158.34781735919023,9
La3Mo9,H1,-17.85147449728538,9
La3Mo9,N1,-279.6056135950457,9
La3Mo9,O1,-446.15100184293624,8
La3Mo9,S1,-336.19837122810713,10
La3Nb9,C1,-158.2435108186146,3
La3Nb9,H1,-17.217644222782837,5
La3Nb9,N1,-279.02850422569827,5
La3Nb9,O1,-446.3341896954589,6
La3Nb9,S1,-336.0002539858797,3
La3Os9,C1,-157.97764267283856,5
La3Os9,H1,-17.18547043489525,5
La3Os9,N1,-278.8859697724947,5
La3Os9,O1,-444.9797712273321,5
La3Os9,S1,-336.0427646982098,5
La3Pb9,C1,-154.8787702774971,5
La3Pb9,H1,-15.991705119919061,5
La3Pb9,N1,-276.0443434598965,5
La3Pb9,O1,-444.05214902916487,5
La3Pb9,S1,-333.4844835868971,5
La3Pd9,C1,-156.1391083791641,7
La3Pd9,H1,-16.917345104837295,6
La3Pd9,N1,-275.6229417107388,6
La3Pd9,O1,-443.6169543737524,6
La3Pd9,S1,-334.36418354482885,6
La3Pt9,C1,-157.37362913614925,7
La3Pt9,H1,-16.9065911659236,7
La3Pt9,N1,-276.2778285622444,7
La3Pt9,O1,-443.36812599654877,7
La3Pt9,S1,-334.54817113991885,7
La3Re9,C1,-158.81980643152565,6
La3Re9,H1,-17.33821038156384,7
La3Re9,N1,-280.06867719741786,7
La3Re9,O1,-445.42442809726344,7
La3Re9,S1,-335.9606014212586,7
La3Rh9,C1,-158.3441273594799,7
La3Rh9,H1,-17.21878084228956,7
La3Rh9,N1,-277.63427672749094,7
La3Rh9,O1,-444.0430990671157,7
La3Rh9,S1,-335.57553584931156,7
La3Ru9,C1,-158.8480514398143,4
La3Ru9,H1,-17.091173873992375,3
La3Ru9,N1,-278.5791155682382,3
La3Ru9,O1,-444.88973474463273,4
La3Ru9,S1,-336.0010703273947,4
La3Sc9,C1,-158.7471710845748,5
La3Sc9,H1,-17.364608553218204,7
La3Sc9,N1,-279.6462525723382,6
La3Sc9,O1,-447.4163513291078,7
La3Sc9,S1,-336.14513691756474,6
La3Sn9,C1,-155.10129340990898,4
La3Sn9,H1,-16.01718667611567,6
La3Sn9,N1,-276.206074864127,6
La3Sn9,O1,-443.946485048702,6
La3Sn9,S1,-333.46021960407234,3
La3Ta9,C1,-158.49231810698984,7
La3Ta9,H1,-17.172647750532633,5
La3Ta9,N1,-279.2263346599393,6
La3Ta9,O1,-446.44053804222494,6
La3Ta9,S1,-335.8607242136859,6
La3Tc9,C1,-158.50551603633357,5
La3Tc9,H1,-17.27012069628472,6
La3Tc9,N1,-278.43886360591205,5
La3Tc9,O1,-445.3659866163034,5
La3Tc9,S1,-336.0036575857739,5
La3Ti9,C1,-158.4506108107671,7
La3Ti9,H1,-17.41228085689727,7
La3Ti9,N1,-279.7442921951515,7
La3Ti9,O1,-446.958834767338,6
La3Ti9,S1,-336.07584258432325,6
La3Tl9,C1,-155.948538078188,7
La3Tl9,H1,-16.21350456557775,7
La3Tl9,N1,-276.2741381543601,6
La3Tl9,O1,-444.5727210341356,7
La3Tl9,S1,-333.861477582097,7
La3V9,C1,-158.27529466736814,3
La3V9,H1,-17.165436597755615,4
La3V9,N1,-278.83263028996225,3
La3V9,O1,-446.37540242477917,3
La3V9,S1,-336.1025245707133,3
La3W9,C1,-158.48445891510346,5
La3W9,H1,-17.416166506460286,6
La3W9,N1,-279.45680936689314,5
La3W9,O1,-446.01834893167324,5
La3W9,S1,-336.05249385640127,5
La3Y9,C1,-158.46106937009972,7
La3Y9,H1,-17.381247906281715,7
La3Y9,N1,-279.3842683073817,7
La3Y9,O1,-447.3267778480986,6
La3Y9,S1,-336.0434931469572,6
La3Zn9,C1,-156.3998229609424,3
La3Zn9,H1,-16.473004567240423,5
La3Zn9,N1,-277.21057221497176,3
La3Zn9,O1,-444.93523557987646,5
La3Zn9,S1,-334.26441137320217,4
La3Zr9,C1,-158.21369652982685,7
La3Zr9,H1,-17.393506770771637,7
La3Zr9,N1,-279.6068934824907,7
La3Zr9,O1,-446.9771529267309,7
La3Zr9,S1,-336.0321824631392,7
La6Mo6,C1,-158.6857171673655,8
La6Mo6,H1,-17.331089978742966,10
La6Mo6,N1,-279.0310453607817,10
La6Mo6,O1,-446.9446689290671,10
La6Mo6,S1,-336.00591939600054,8
La6Nb6,C1,-158.3960840955515,8
La6Nb6,H1,-17.303485934611672,10
La6Nb6,N1,-279.23436161001155,8
La6Nb6,O1,-446.453983867279,9
La6Nb6,S1,-335.78950957308916,8
La6Os6,C1,-159.28053475293927,9
La6Os6,H1,-18.13936726504835,9
La6Os6,N1,-279.9324810918624,9
La6Os6,O1,-446.7544130556453,9
La6Os6,S1,-336.0961256777482,8
La6Pb6,C1,-156.67040003669536,9
La6Pb6,H1,-16.91020456559636,11
La6Pb6,N1,-277.92393592223743,10
La6Pb6,O1,-446.2387376031402,10
La6Pb6,S1,-334.8839646509332,8
La6Pd6,C1,-156.70170238001083,10
La6Pd6,H1,-16.89696813213959,10
La6Pd6,N1,-277.8959452043382,10
La6Pd6,O1,-446.1526105799494,10
La6Pd6,S1,-334.8540885922994,9
La6Pt6,C1,-156.34561026509618,8
La6Pt6,H1,-16.81143336472087,9
La6Pt6,N1,-277.37048807567044,8
La6Pt6,O1,-445.830215001959,8
La6Pt6,S1,-334.68214121822166,8
La6Re6,C1,-160.90600989745144,10
La6Re6,H1,-19.454496168407786,11
La6Re6,N1,-281.7608878526953,10
La6Re6,O1,-448.2561306902862,10
La6Re6,S1,-337.86188108442366,8
La6Rh6,C1,-157.06606947675755,9
La6Rh6,H1,-17.20508494461683,10
La6Rh6,N1,-277.4753578918935,10
La6Rh6,O1,-445.58881737340926,10
La6Rh6,S1,-335.04672083587866,10
La6Ru6,C1,-157.94472451755064,8
La6Ru6,H1,-17.30540787465361,10
La6Ru6,N1,-278.18148037779974,9
La6Ru6,O1,-445.3839332042444,10
La6Ru6,S1,-335.2910631443301,8
La6Sc6,C1,-158.56290443673424,8
La6Sc6,H1,-17.298951157486954,9
La6Sc6,N1,-279.50221686708755,8
La6Sc6,O1,-447.14220262316667,8
La6Sc6,S1,-336.02621514271596,8
La6Sn6,C1,-156.64173093899808,8
La6Sn6,H1,-16.851660089549114,10
La6Sn6,N1,-277.81419349956195,8
La6Sn6,O1,-445.98616303472227,10
La6Sn6,S1,-334.7323441806002,8
La6Ta6,C1,-158.39903054419483,8
La6Ta6,H1,-17.345384390802792,10
La6Ta6,N1,-279.57015988300554,8
La6Ta6,O1,-446.7806252374903,10
La6Ta6,S1,-335.92473831394454,8
La6Tc6,C1,-158.2554729429612,8
La6Tc6,H1,-17.19405521833687,8
La6Tc6,N1,-278.4515356752636,8
La6Tc6,O1,-446.4681218138794,8
La6Tc6,S1,-335.5446790924034,8
La6Ti6,C1,-158.54997290683968,8
La6Ti6,H1,-17.3561611872683,10
La6Ti6,N1,-279.7769363318039,8
La6Ti6,O1,-446.9258447739958,7
La6Ti6,S1,-335.99277888267534,7
La6Tl6,C1,-156.6600414791974,9
La6Tl6,H1,-16.872106043101667,10
La6Tl6,N1,-278.1258179954748,9
La6Tl6,O1,-446.3461964464768,9
La6Tl6,S1,-334.97456318476907,8
La6V6,C1,-158.7941724915836,8
La6V6,H1,-17.882648538925423,8
La6V6,N1,-279.96351853235683,8
La6V6,O1,-447.25157388256775,8
La6V6,S1,-336.71806947554796,8
La6W6,C1,-158.76290797209367,8
La6W6,H1,-17.425673075525992,10
La6W6,N1,-279.66059052261335,8
La6W6,O1,-446.9040152576308,9
La6W6,S1,-335.97057929149014,8
La6Y6,C1,-158.29154136016223,8
La6Y6,H1,-17.305644613692493,10
La6Y6,N1,-279.20303627307294,8
La6Y6,O1,-447.11861851676804,9
La6Y6,S1,-335.8695166199832,8
La6Zn6,C1,-157.43521652520576,8
La6Zn6,H1,-16.904771540699585,12
La6Zn6,N1,-278.27609123019647,8
La6Zn6,O1,-446.25146014960774,8
La6Zn6,S1,-335.0812011967282,8
La6Zr6,C1,-157.91676128315157,8
La6Zr6,H1,-17.338642090166104,10
La6Zr6,N1,-279.4471787139155,8
La6Zr6,O1,-446.924225832714,10
La6Zr6,S1,-335.94515977725314,8
La9Mo3,C1,-158.05111912366556,6
La9Mo3,H1,-17.4811342296598,5
La9Mo3,N1,-279.1227998342074,5
La9Mo3,O1,-448.2696829118431,5
La9Mo3,S1,-335.91150528191065,4
La9Nb3,C1,-158.11815844952434,9
La9Nb3,H1,-17.24377735556118,9
La9Nb3,N1,-279.2054240720063,9
La9Nb3,O1,-446.55642969342443,9
La9Nb3,S1,-335.69241023963696,9
La9Os3,C1,-158.3359316988317,8
La9Os3,H1,-17.73621374202048,9
La9Os3,N1,-279.9669077102153,9
La9Os3,O1,-447.7285378761517,9
La9Os3,S1,-336.17310654664107,7
La9Pb3,C1,-158.63329824594257,7
La9Pb3,H1,-17.24662067306417,7
La9Pb3,N1,-279.177484239397,7
La9Pb3,O1,-447.0065307449222,7
La9Pb3,S1,-335.62932568025644,7
La9Pd3,C1,-158.8154613177503,7
La9Pd3,H1,-17.663602749256825,9
La9Pd3,N1,-279.88374577547074,7
La9Pd3,O1,-447.6198164246016,9
La9Pd3,S1,-336.2274532585543,7
La9Pt3,C1,-157.83288219238239,5
La9Pt3,H1,-17.498003791031806,5
La9Pt3,N1,-279.67691055008254,5
La9Pt3,O1,-447.67725652663285,5
La9Pt3,S1,-336.13667717043427,4
La9Re3,C1,-158.3051848759169,8
La9Re3,H1,-17.89212068559209,9
La9Re3,N1,-280.57017034876844,9
La9Re3,O1,-448.4853621091024,9
La9Re3,S1,-336.0134441599803,7
La9Rh3,C1,-158.1044542523814,7
La9Rh3,H1,-18.095598978608905,7
La9Rh3,N1,-279.8434195930349,7
La9Rh3,O1,-447.9782413714529,7
La9Rh3,S1,-336.9240642773402,7
La9Ru3,C1,-158.24844914055575,7
La9Ru3,H1,-18.414638168454985,9
La9Ru3,N1,-279.29681023935336,7
La9Ru3,O1,-448.2260610226549,8
La9Ru3,S1,-336.61733919109247,7
La9Sc3,C1,-158.20985713961636,9
La9Sc3,H1,-17.22610777950831,9
La9Sc3,N1,-279.2363800144085,9
La9Sc3,O1,-446.95993356301915,9
La9Sc3,S1,-335.72686420543687,8
La9Sn3,C1,-157.19593335723403,8
La9Sn3,H1,-17.222472610737896,9
La9Sn3,N1,-279.3014871959567,9
La9Sn3,O1,-446.942617734956,9
La9Sn3,S1,-335.5484720872082,7
La9Ta3,C1,-158.1038541053167,7
La9Ta3,H1,-17.27123500245216,8
La9Ta3,N1,-279.4056540060774,7
La9Ta3,O1,-446.7619824462927,7
La9Ta3,S1,-335.7605932599654,7
La9Tc3,C1,-158.25782781611633,7
La9Tc3,H1,-18.231714266355993,9
La9Tc3,N1,-279.3113186689443,7
La9Tc3,O1,-448.17787306325044,9
La9Tc3,S1,-336.7911909538707,7
La9Ti3,C1,-157.96352649534674,9
La9Ti3,H1,-17.219857052521547,9
La9Ti3,N1,-279.41293373154986,9
La9Ti3,O1,-446.8744294084099,9
La9Ti3,S1,-335.7935632529443,7
La9Tl3,C1,-157.25023027231146,14
La9Tl3,H1,-17.212484400173707,14
La9Tl3,N1,-279.112125896776,14
La9Tl3,O1,-446.96272313803274,14
La9Tl3,S1,-335.5722285777156,14
La9V3,C1,-158.34035545350707,9
La9V3,H1,-17.22434543423151,9
La9V3,N1,-279.4908146169655,9
La9V3,O1,-446.6966266887539,9
La9V3,S1,-335.82402340392946,8
La9W3,C1,-158.3538220952687,8
La9W3,H1,-17.263223290759925,9
La9W3,N1,-279.18997167950874,9
La9W3,O1,-448.38231287051894,9
La9W3,S1,-335.77242844320426,7
La9Y3,C1,-158.21631018324842,8
La9Y3,H1,-17.23375445048805,9
La9Y3,N1,-279.09579498474704,9
La9Y3,O1,-446.93674687888415,9
La9Y3,S1,-335.6976863909149,7
La9Zn3,C1,-157.5260986016583,9
La9Zn3,H1,-17.149858896831574,9
La9Zn3,N1,-278.96973566390443,9
La9Zn3,O1,-446.82680350013834,9
La9Zn3,S1,-335.4850476576321,7
La9Zr3,C1,-158.09929959994042,9
La9Zr3,H1,-17.236406880125287,9
La9Zr3,N1,-279.23989123532374,9
La9Zr3,O1,-446.8264633578401,9
La9Zr3,S1,-335.71189671979664,8
Mo12,C1,-157.99294336187086,4
Mo12,C1H1,-174.92403538572034,2
Mo12,H1,-17.447954572973686,4
Mo12,H1N1,-295.6970390489041,2
Mo12,H1O1,-461.54064284970445,4
Mo12,H1S1,-351.75438358822794,2
Mo12,N1,-278.743815190217,4
Mo12,O1,-445.8204493805133,4
Mo12,S1,-335.40858652616225,4
Mo3Nb9,C1,-158.8754162958794,3
Mo3Nb9,H1,-18.38539627112914,3
Mo3Nb9,N1,-280.1394224416472,3
Mo3Nb9,O1,-447.51203458213786,3
Mo3Nb9,S1,-336.6398423252649,3
Mo3Os9,C1,-158.0378796969635,9
Mo3Os9,H1,-16.953034331399977,8
Mo3Os9,N1,-277.9170964769546,9
Mo3Os9,O1,-444.56798584517674,9
Mo3Os9,S1,-335.0007140049456,9
Mo3Pb9,C1,-156.31876718730928,8
Mo3Pb9,H1,-15.541233585434384,8
Mo3Pb9,N1,-277.92051327437366,8
Mo3Pb9,O1,-442.5030072586633,8
Mo3Pb9,S1,-335.30772494678604,9
Mo3Pd9,C1,-157.07168481793633,7
Mo3Pd9,H1,-16.73562653097906,7
Mo3Pd9,N1,-277.6743190951929,7
Mo3Pd9,O1,-445.14678354483476,9
Mo3Pd9,S1,-334.61751649451253,8
Mo3Pt9,C1,-156.80000295999707,7
Mo3Pt9,H1,-16.57835126297141,7
Mo3Pt9,N1,-276.955735972384,7
Mo3Pt9,O1,-444.8534253706275,7
Mo3Pt9,S1,-334.38662109956203,7
Mo3Re9,C1,-157.984761987198,9
Mo3Re9,H1,-17.133900372591597,9
Mo3Re9,N1,-278.3593908545299,9
Mo3Re9,O1,-445.17036574643134,9
Mo3Re9,S1,-335.302676010564,8
Mo3Rh9,C1,-157.05590207923524,6
Mo3Rh9,H1,-16.91987766832608,7
Mo3Rh9,N1,-277.32107369919686,6
Mo3Rh9,O1,-444.5544021944588,6
Mo3Rh9,S1,-334.80655193736675,7
Mo3Ru9,C1,-157.86942925782932,3
Mo3Ru9,H1,-17.022300364802504,3
Mo3Ru9,N1,-277.79625398657663,3
Mo3Ru9,O1,-444.73789304574893,4
Mo3Ru9,S1,-334.95104084822015,3
Mo3Sc9,C1,-157.92684976766395,7
Mo3Sc9,H1,-17.497104318743368,7
Mo3Sc9,N1,-279.0842545007945,7
Mo3Sc9,O1,-447.25966083373714,7
Mo3Sc9,S1,-335.658476147335,7
Mo3Sn9,C1,-156.0002446055878,6
Mo3Sn9,H1,-15.82424857658043,8
Mo3Sn9,N1,-277.40600301332597,8
Mo3Sn9,O1,-444.5968907295137,8
Mo3Sn9,S1,-333.38948265931685,6
Mo3Ta9,C1,-159.12342778733,3
Mo3Ta9,H1,-18.097586906256765,3
Mo3Ta9,N1,-280.4340234958145,3
Mo3Ta9,O1,-447.6781078347776,3
Mo3Ta9,S1,-336.6931294258866,3
Mo3Tc9,C1,-157.82706072497604,9
Mo3Tc9,H1,-17.089949633831566,9
Mo3Tc9,N1,-278.221076070633,9
Mo3Tc9,O1,-445.1646733970447,9
Mo3Tc9,S1,-335.1823966597767,9
Mo3Ti9,C1,-157.95167471316017,7
Mo3Ti9,H1,-17.625981922607025,7
Mo3Ti9,N1,-279.6249168065333,6
Mo3Ti9,O1,-447.3569427555667,7
Mo3Ti9,S1,-335.9136755258369,7
Mo3Tl9,C1,-156.7858420197772,3
Mo3Tl9,H1,-16.829349611976795,4
Mo3Tl9,N1,-277.8895342022988,3
Mo3Tl9,O1,-445.20797160682196,3
Mo3Tl9,S1,-335.2751930570921,4
Mo3V9,C1,-158.51802075568048,3
Mo3V9,H1,-18.30185460152279,3
Mo3V9,N1,-279.6322993910362,3
Mo3V9,O1,-447.1452896186129,3
Mo3V9,S1,-336.44626611878266,3
Mo3W9,C1,-158.55057196545386,9
Mo3W9,H1,-17.84693999227602,9
Mo3W9,N1,-279.28920520179236,9
Mo3W9,O1,-446.08902301813214,9
Mo3W9,S1,-336.0019304792404,9
Mo3Y9,C1,-158.28845844642638,5
Mo3Y9,H1,-17.479432837888453,5
Mo3Y9,N1,-279.2651751008161,5
Mo3Y9,O1,-447.1651769224518,4
Mo3Y9,S1,-335.75636529119583,5
Mo3Zn9,C1,-156.89784611662617,5
Mo3Zn9,H1,-16.925551650041598,5
Mo3Zn9,N1,-277.65105390622193,5
Mo3Zn9,O1,-444.62264616828907,5
Mo3Zn9,S1,-334.3291463030182,5
Mo3Zr9,C1,-158.17078390535607,4
Mo3Zr9,H1,-17.599118708400056,4
Mo3Zr9,N1,-279.5196959634595,3
Mo3Zr9,O1,-447.2413328782495,3
Mo3Zr9,S1,-335.9105112500656,3
Mo6Nb6,C1,-158.25601853121043,10
Mo6Nb6,H1,-17.72095958445061,10
Mo6Nb6,N1,-279.16777821088544,10
Mo6Nb6,O1,-446.43193788435383,10
Mo6Nb6,S1,-335.67063868352125,9
Mo6Os6,C1,-157.86783711975295,8
Mo6Os6,H1,-17.102973410317645,8
Mo6Os6,N1,-278.0588400312845,8
Mo6Os6,O1,-445.04316436381123,8
Mo6Os6,S1,-335.1113082799966,8
Mo6Pb6,C1,-156.53326459416348,8
Mo6Pb6,H1,-16.521554438048042,10
Mo6Pb6,N1,-276.43058497178936,8
Mo6Pb6,O1,-444.7510282528492,10
Mo6Pb6,S1,-333.80731400279547,8
Mo6Pd6,C1,-157.36244117567549,10
Mo6Pd6,H1,-17.06382139910056,10
Mo6Pd6,N1,-278.1219911225053,10
Mo6Pd6,O1,-445.2236739358814,10
Mo6Pd6,S1,-335.09320849195865,9
Mo6Pt6,C1,-157.31716837182103,8
Mo6Pt6,H1,-16.949058612157387,8
Mo6Pt6,N1,-277.89923152315896,7
Mo6Pt6,O1,-444.9390287107235,8
Mo6Pt6,S1,-334.9428055949975,8
Mo6Re6,C1,-157.98679522180464,10
Mo6Re6,H1,-17.22588859181269,10
Mo6Re6,N1,-278.47342954655323,10
Mo6Re6,O1,-445.34833663244353,10
Mo6Re6,S1,-335.30652873435247,8
Mo6Rh6,C1,-157.32721399840375,8
Mo6Rh6,H1,-17.097401607356005,7
Mo6Rh6,N1,-277.9975487020929,8
Mo6Rh6,O1,-445.16559354998753,6
Mo6Rh6,S1,-335.0835628727182,8
Mo6Ru6,C1,-157.7012434493954,8
Mo6Ru6,H1,-17.124513669674343,8
Mo6Ru6,N1,-278.0642028508155,8
Mo6Ru6,O1,-445.1640518890308,8
Mo6Ru6,S1,-335.0736183364279,8
Mo6Sc6,C1,-157.9989188457148,8
Mo6Sc6,H1,-17.340736278267286,8
Mo6Sc6,N1,-278.8839761304589,8
Mo6Sc6,O1,-446.60821880736694,8
Mo6Sc6,S1,-335.4914359381619,8
Mo6Sn6,C1,-157.13561646770177,8
Mo6Sn6,H1,-17.028038565375027,8
Mo6Sn6,N1,-277.4266964544113,8
Mo6Sn6,O1,-444.8682686362954,8
Mo6Sn6,S1,-334.1759010409587,8
Mo6Ta6,C1,-158.08570152719403,8
Mo6Ta6,H1,-17.268081883346895,8
Mo6Ta6,N1,-278.6935862409664,8
Mo6Ta6,O1,-446.08940057608197,8
Mo6Ta6,S1,-335.81362498175076,8
Mo6Tc6,C1,-157.82803625308588,10
Mo6Tc6,H1,-17.17464452188142,10
Mo6Tc6,N1,-278.34309191588545,10
Mo6Tc6,O1,-445.36371963590864,10
Mo6Tc6,S1,-335.22521418045653,10
Mo6Ti6,C1,-158.20751696060324,7
Mo6Ti6,H1,-17.642964955444768,10
Mo6Ti6,N1,-279.2198816163109,8
Mo6Ti6,O1,-446.7112913116871,8
Mo6Ti6,S1,-335.7884450637466,8
Mo6Tl6,C1,-157.28628671650586,8
Mo6Tl6,H1,-17.32632472120531,10
Mo6Tl6,N1,-277.82209895080086,8
Mo6Tl6,O1,-445.1348053657712,9
Mo6Tl6,S1,-334.79466151501765,8
Mo6V6,C1,-158.1707345166942,8
Mo6V6,H1,-17.70490881362275,9
Mo6V6,N1,-279.05055551484475,8
Mo6V6,O1,-446.3278898519238,8
Mo6V6,S1,-335.65397497627055,8
Mo6W6,C1,-158.45014563215955,10
Mo6W6,H1,-17.725948519568192,10
Mo6W6,N1,-279.1916100769304,10
Mo6W6,O1,-446.21592044959107,10
Mo6W6,S1,-335.93600396292095,9
Mo6Y6,C1,-158.34204528044575,8
Mo6Y6,H1,-17.404653914170922,10
Mo6Y6,N1,-279.00982401884903,10
Mo6Y6,O1,-446.57780056191405,10
Mo6Y6,S1,-335.8406803083344,8
Mo6Zn6,C1,-157.02325807863963,8
Mo6Zn6,H1,-17.08097491126682,9
Mo6Zn6,N1,-277.6867389150211,8
Mo6Zn6,O1,-444.8095305512543,8
Mo6Zn6,S1,-334.7115716904518,8
Mo6Zr6,C1,-158.67760545383862,8
Mo6Zr6,H1,-17.330555002939946,9
Mo6Zr6,N1,-278.93347771942354,8
Mo6Zr6,O1,-446.08514607622055,8
Mo6Zr6,S1,-336.02111953897474,8
Mo9Nb3,C1,-158.69110066755093,8
Mo9Nb3,H1,-18.014379392447154,8
Mo9Nb3,N1,-279.55894199000977,8
Mo9Nb3,O1,-446.7278459012887,8
Mo9Nb3,S1,-336.2108583961053,8
Mo9Os3,C1,-157.82877327342067,5
Mo9Os3,H1,-17.2600039119352,5
Mo9Os3,N1,-278.3454892388072,5
Mo9Os3,O1,-445.5226282672411,5
Mo9Os3,S1,-335.14378288972875,5
Mo9Pb3,C1,-157.53500937747594,9
Mo9Pb3,H1,-17.176217475927842,9
Mo9Pb3,N1,-278.2205548365746,9
Mo9Pb3,O1,-445.249924893953,9
Mo9Pb3,S1,-335.2276021154503,9
Mo9Pd3,C1,-157.92516497482939,9
Mo9Pd3,H1,-17.39257559721591,9
Mo9Pd3,N1,-278.64129983898965,9
Mo9Pd3,O1,-445.8201081497682,9
Mo9Pd3,S1,-335.3971391051491,9
Mo9Pt3,C1,-157.80206883763458,7
Mo9Pt3,H1,-17.339322102645383,5
Mo9Pt3,N1,-278.5418288973742,5
Mo9Pt3,O1,-445.66018208479,5
Mo9Pt3,S1,-335.2782484873278,5
Mo9Re3,C1,-158.04818505620278,5
Mo9Re3,H1,-17.292755261438288,5
Mo9Re3,N1,-278.68613794097473,5
Mo9Re3,O1,-445.60858957309756,5
Mo9Re3,S1,-335.34580591793565,5
Mo9Rh3,C1,-157.72768080544847,5
Mo9Rh3,H1,-17.284348984678218,5
Mo9Rh3,N1,-278.50375214399173,5
Mo9Rh3,O1,-445.6680343377775,5
Mo9Rh3,S1,-335.24734492684365,5
Mo9Ru3,C1,-157.72446727706847,9
Mo9Ru3,H1,-17.251963764338143,9
Mo9Ru3,N1,-278.4280189170422,9
Mo9Ru3,O1,-445.6109501606443,9
Mo9Ru3,S1,-335.2117706683712,9
Mo9Sc3,C1,-158.47163242114766,7
Mo9Sc3,H1,-17.70694694627673,7
Mo9Sc3,N1,-279.37496650398316,7
Mo9Sc3,O1,-446.5682741285382,7
Mo9Sc3,S1,-336.1795183650247,7
Mo9Sn3,C1,-157.38391639982365,5
Mo9Sn3,H1,-17.23944557536379,5
Mo9Sn3,N1,-278.0499800046964,6
Mo9Sn3,O1,-445.27109521453895,6
Mo9Sn3,S1,-335.2188063077301,5
Mo9Ta3,C1,-158.8501659003923,9
Mo9Ta3,H1,-18.129075919670868,9
Mo9Ta3,N1,-279.6737279066292,9
Mo9Ta3,O1,-446.85811618378284,9
Mo9Ta3,S1,-336.30530652442394,9
Mo9Tc3,C1,-157.9260478481774,5
Mo9Tc3,H1,-17.263261522752146,5
Mo9Tc3,N1,-278.60122889933336,6
Mo9Tc3,O1,-445.62700011513516,5
Mo9Tc3,S1,-335.30359847647924,5
Mo9Ti3,C1,-158.61236656918845,9
Mo9Ti3,H1,-17.710562114680215,9
Mo9Ti3,N1,-279.5660343651034,9
Mo9Ti3,O1,-446.8101176156124,9
Mo9Ti3,S1,-336.1078075248406,9
Mo9Tl3,C1,-157.46570143854115,9
Mo9Tl3,H1,-17.269348029036337,9
Mo9Tl3,N1,-278.1792761196448,9
Mo9Tl3,O1,-445.31913269499273,9
Mo9Tl3,S1,-335.15441941150857,9
Mo9V3,C1,-158.5302764908556,5
Mo9V3,H1,-17.933537636348774,5
Mo9V3,N1,-279.24542847982957,5
Mo9V3,O1,-446.6336273009947,6
Mo9V3,S1,-336.0830819008879,6
Mo9W3,C1,-158.33849092948367,5
Mo9W3,H1,-17.6188526760925,5
Mo9W3,N1,-279.001129709588,6
Mo9W3,O1,-446.045187791693,5
Mo9W3,S1,-335.7574982371625,5
Mo9Y3,C1,-158.98650309697405,4
Mo9Y3,H1,-17.896541991241975,3
Mo9Y3,N1,-279.3511316446784,4
Mo9Y3,O1,-446.85559545723663,4
Mo9Y3,S1,-336.3647046215774,3
Mo9Zn3,C1,-157.76321683191782,5
Mo9Zn3,H1,-17.403897165582748,5
Mo9Zn3,N1,-278.4529226394952,5
Mo9Zn3,O1,-445.5834665268776,5
Mo9Zn3,S1,-335.2906752460476,4
Mo9Zr3,C1,-158.79622967220348,5
Mo9Zr3,H1,-18.050972853296116,6
Mo9Zr3,N1,-279.7435591204703,4
Mo9Zr3,O1,-446.8803387685839,4
Mo9Zr3,S1,-336.28669203305617,5
Nb12,C1,-158.88275452582093,8
Nb12,C1H1,-176.03711541006123,6
Nb12,C1H2,-192.71340983148912,4
Nb12,C1H3,-209.4579154370258,4
Nb12,H1,-17.940114083601657,8
Nb12,H1N1,-296.7938975509787,8
Nb12,H1O1,-463.41626040914707,6
Nb12,H1S1,-351.90873376853415,4
Nb12,H2O1,-477.932675998607,4
Nb12,N1,-280.0298884581716,8
Nb12,O1,-447.0763068557135,8
Nb12,S1,-336.5307146077539,8
Nb3Os9,C1,-158.33432717958203,9
Nb3Os9,H1,-17.034704402019997,9
Nb3Os9,N1,-278.18030049219306,9
Nb3Os9,O1,-444.71542691905415,9
Nb3Os9,S1,-335.2581077094401,9
Nb3Pb9,C1,-156.3435909082982,9
Nb3Pb9,H1,-16.661043257114216,9
Nb3Pb9,N1,-277.53834040859147,9
Nb3Pb9,O1,-445.4535264545375,9
Nb3Pb9,S1,-334.22755790757583,9
Nb3Pd9,C1,-156.22038674191208,8
Nb3Pd9,H1,-16.673035586100013,7
Nb3Pd9,N1,-277.10744161435287,8
Nb3Pd9,O1,-445.31754531891784,8
Nb3Pd9,S1,-334.6061228159706,7
Nb3Pt9,C1,-156.39865926610582,5
Nb3Pt9,H1,-16.591188641476037,5
Nb3Pt9,N1,-276.72109601890406,5
Nb3Pt9,O1,-444.94223353145935,5
Nb3Pt9,S1,-334.3776684182085,5
Nb3Re9,C1,-158.3693267336239,9
Nb3Re9,H1,-17.23566237666455,9
Nb3Re9,N1,-278.6554366971286,9
Nb3Re9,O1,-445.38077586737563,10
Nb3Re9,S1,-335.53701650276344,9
Nb3Rh9,C1,-157.40174570670206,7
Nb3Rh9,H1,-17.035319923525094,7
Nb3Rh9,N1,-277.08985163159014,7
Nb3Rh9,O1,-444.43651472431156,7
Nb3Rh9,S1,-334.80019222878764,7
Nb3Ru9,C1,-158.2004156057592,7
Nb3Ru9,H1,-17.074723912159243,5
Nb3Ru9,N1,-278.0640805356452,7
Nb3Ru9,O1,-444.8248019880484,7
Nb3Ru9,S1,-335.2431211758376,7
Nb3Sc9,C1,-157.90232659640606,4
Nb3Sc9,H1,-17.434632287604472,4
Nb3Sc9,N1,-279.3569073969629,3
Nb3Sc9,O1,-447.22879713792645,4
Nb3Sc9,S1,-335.6540510320883,5
Nb3Sn9,C1,-155.8382242164589,3
Nb3Sn9,H1,-16.583745239538985,5
Nb3Sn9,N1,-277.04634498261294,4
Nb3Sn9,O1,-445.0974464486935,5
Nb3Sn9,S1,-333.9542304412025,4
Nb3Ta9,C1,-159.0540407993285,3
Nb3Ta9,H1,-18.289526620115794,3
Nb3Ta9,N1,-280.263241993478,3
Nb3Ta9,O1,-447.371246283441,3
Nb3Ta9,S1,-336.5289200169864,3
Nb3Tc9,C1,-158.18672773544677,7
Nb3Tc9,H1,-17.17675666950163,7
Nb3Tc9,N1,-278.55311509094827,7
Nb3Tc9,O1,-445.33555272430385,7
Nb3Tc9,S1,-335.4436607754542,7
Nb3Ti9,C1,-157.9188162868595,7
Nb3Ti9,H1,-17.447887769027147,7
Nb3Ti9,N1,-279.5868969249386,7
Nb3Ti9,O1,-447.2620627825927,7
Nb3Ti9,S1,-335.7620259393261,7
Nb3Tl9,C1,-156.37145346058242,7
Nb3Tl9,H1,-16.798827282975253,7
Nb3Tl9,N1,-277.45849118772094,7
Nb3Tl9,O1,-445.3080843289172,7
Nb3Tl9,S1,-334.10520640990217,7
Nb3V9,C1,-158.78741046269352,7
Nb3V9,H1,-18.162171221069002,7
Nb3V9,N1,-279.92237247092635,7
Nb3V9,O1,-447.34671903048,7
Nb3V9,S1,-336.4595213280918,7
Nb3W9,C1,-159.04915445113147,9
Nb3W9,H1,-18.202143111284386,9
Nb3W9,N1,-279.84914391580605,9
Nb3W9,O1,-446.89914292329195,9
Nb3W9,S1,-336.3727761983173,9
Nb3Y9,C1,-158.0870784232211,7
Nb3Y9,H1,-17.441976504052946,9
Nb3Y9,N1,-279.5146555988249,6
Nb3Y9,O1,-447.1187522607215,9
Nb3Y9,S1,-335.7664679256268,8
Nb3Zn9,C1,-156.5292658813123,9
Nb3Zn9,H1,-16.94099574306165,9
Nb3Zn9,N1,-277.7938754395218,9
Nb3Zn9,O1,-445.2848713857966,9
Nb3Zn9,S1,-334.78832425583823,9
Nb3Zr9,C1,-158.04514268742787,4
Nb3Zr9,H1,-17.505221474548307,5
Nb3Zr9,N1,-279.48658079775123,5
Nb3Zr9,O1,-447.25821618136615,5
Nb3Zr9,S1,-335.79899791052594,5
Nb6Os6,C1,-157.47604666245752,8
Nb6Os6,H1,-17.11882581016107,10
Nb6Os6,N1,-278.6124197170029,9
Nb6Os6,O1,-445.8509300760961,10
Nb6Os6,S1,-335.354578323866,8
Nb6Pb6,C1,-157.1631557487417,9
Nb6Pb6,H1,-16.592521999289602,9
Nb6Pb6,N1,-277.61093779566363,9
Nb6Pb6,O1,-444.7911074919757,9
Nb6Pb6,S1,-334.1796017891611,9
Nb6Pd6,C1,-157.04770410561832,8
Nb6Pd6,H1,-17.096279954115744,10
Nb6Pd6,N1,-278.200093236479,10
Nb6Pd6,O1,-445.65328835280525,10
Nb6Pd6,S1,-335.1236025192811,8
Nb6Pt6,C1,-156.95744054391253,8
Nb6Pt6,H1,-17.050527821738797,8
Nb6Pt6,N1,-277.98869901583384,8
Nb6Pt6,O1,-445.40964034281205,8
Nb6Pt6,S1,-334.97132271712326,8
Nb6Re6,C1,-158.28057177103983,10
Nb6Re6,H1,-17.342091405185784,11
Nb6Re6,N1,-278.4086204657142,10
Nb6Re6,O1,-445.8592260106998,10
Nb6Re6,S1,-335.505061766522,8
Nb6Rh6,C1,-157.45712753965927,8
Nb6Rh6,H1,-17.189250096118485,8
Nb6Rh6,N1,-278.42938111892,8
Nb6Rh6,O1,-445.62065401224754,8
Nb6Rh6,S1,-335.24230537854964,8
Nb6Ru6,C1,-157.5383679425322,8
Nb6Ru6,H1,-17.08752877306688,8
Nb6Ru6,N1,-278.77367084030993,8
Nb6Ru6,O1,-446.03493998452905,8
Nb6Ru6,S1,-335.44613075277084,8
Nb6Sc6,C1,-158.0144155927701,8
Nb6Sc6,H1,-17.40225046869091,10
Nb6Sc6,N1,-279.1620957936502,8
Nb6Sc6,O1,-446.9598564187472,8
Nb6Sc6,S1,-335.66966383569525,8
Nb6Sn6,C1,-157.209113327066,8
Nb6Sn6,H1,-16.566781934947358,13
Nb6Sn6,N1,-277.6979743593547,8
Nb6Sn6,O1,-444.7402145849628,9
Nb6Sn6,S1,-334.16778143612464,8
Nb6Ta6,C1,-158.23434616058512,8
Nb6Ta6,H1,-17.754192983626126,10
Nb6Ta6,N1,-279.4449283324684,8
Nb6Ta6,O1,-446.6510570087048,8
Nb6Ta6,S1,-336.0282170842256,8
Nb6Tc6,C1,-157.89715969883764,8
Nb6Tc6,H1,-17.259993027379096,10
Nb6Tc6,N1,-278.40579293081464,9
Nb6Tc6,O1,-445.94073703078175,10
Nb6Tc6,S1,-335.42787790069997,8
Nb6Ti6,C1,-158.08720264318617,8
Nb6Ti6,H1,-17.51171397467988,9
Nb6Ti6,N1,-279.41378571997484,8
Nb6Ti6,O1,-446.93303293315694,8
Nb6Ti6,S1,-335.69346685767596,7
Nb6Tl6,C1,-156.90454691989726,8
Nb6Tl6,H1,-17.05001039727722,10
Nb6Tl6,N1,-277.7753842157217,8
Nb6Tl6,O1,-445.3038593534002,10
Nb6Tl6,S1,-334.6020220604223,8
Nb6V6,C1,-158.1964934929456,8
Nb6V6,H1,-17.616855360513,8
Nb6V6,N1,-279.1698202891894,8
Nb6V6,O1,-446.62272057017253,8
Nb6V6,S1,-335.9367443846786,8
Nb6W6,C1,-158.2557815200562,10
Nb6W6,H1,-17.85431305279417,10
Nb6W6,N1,-279.28402986869696,10
Nb6W6,O1,-446.5070966789899,10
Nb6W6,S1,-336.1162529859903,8
Nb6Y6,C1,-158.21047388563238,8
Nb6Y6,H1,-17.376202507541166,10
Nb6Y6,N1,-279.3803289153402,8
Nb6Y6,O1,-446.72355738719125,9
Nb6Y6,S1,-335.65547051392787,8
Nb6Zn6,C1,-157.2000343848922,8
Nb6Zn6,H1,-17.211589145641483,9
Nb6Zn6,N1,-278.3036560899345,8
Nb6Zn6,O1,-445.6050365827032,8
Nb6Zn6,S1,-335.06141389471304,8
Nb6Zr6,C1,-157.94081709888633,8
Nb6Zr6,H1,-17.518599407198053,10
Nb6Zr6,N1,-279.20831215223734,8
Nb6Zr6,O1,-446.70858758858594,9
Nb6Zr6,S1,-335.75622746553927,8
Nb9Os3,C1,-158.43427649731893,9
Nb9Os3,H1,-17.895986879011616,9
Nb9Os3,N1,-279.6512881749768,9
Nb9Os3,O1,-447.04071817521253,9
Nb9Os3,S1,-336.12711440986095,9
Nb9Pb3,C1,-157.92501313530374,5
Nb9Pb3,H1,-17.476741359907464,5
Nb9Pb3,N1,-278.99273404526684,5
Nb9Pb3,O1,-446.2026954449211,5
Nb9Pb3,S1,-335.39468953636606,5
Nb9Pd3,C1,-158.15470388229005,9
Nb9Pd3,H1,-17.468359165224683,11
Nb9Pd3,N1,-279.3360856542022,9
Nb9Pd3,O1,-446.50313089190604,8
Nb9Pd3,S1,-335.605290817286,9
Nb9Pt3,C1,-158.05247955680898,7
Nb9Pt3,H1,-17.461940680055704,9
Nb9Pt3,N1,-279.24986611231,7
Nb9Pt3,O1,-446.4624566758721,6
Nb9Pt3,S1,-335.5672773303668,7
Nb9Re3,C1,-158.89137754125477,5
Nb9Re3,H1,-18.315495940369146,5
Nb9Re3,N1,-279.9744659441967,5
Nb9Re3,O1,-446.76113086603436,5
Nb9Re3,S1,-336.47205434726857,5
Nb9Rh3,C1,-158.0573815515454,3
Nb9Rh3,H1,-17.529659882337,5
Nb9Rh3,N1,-279.23309859362416,4
Nb9Rh3,O1,-446.5353940691821,3
Nb9Rh3,S1,-335.6761770164776,3
Nb9Ru3,C1,-158.400713432231,5
Nb9Ru3,H1,-17.90356184799748,5
Nb9Ru3,N1,-279.64071274275193,5
Nb9Ru3,O1,-446.97164017246905,5
Nb9Ru3,S1,-336.10433834550713,5
Nb9Sc3,C1,-158.32072692992733,9
Nb9Sc3,H1,-17.640024493306555,9
Nb9Sc3,N1,-279.5367557324025,9
Nb9Sc3,O1,-446.97826600838744,9
Nb9Sc3,S1,-335.93090005970953,9
Nb9Sn3,C1,-157.84844302224883,5
Nb9Sn3,H1,-17.495227141425858,5
Nb9Sn3,N1,-278.93603708612864,4
Nb9Sn3,O1,-446.1788262992777,5
Nb9Sn3,S1,-335.3624449988856,5
Nb9Ta3,C1,-158.87789307603816,4
Nb9Ta3,H1,-17.598238011960348,4
Nb9Ta3,N1,-280.00519494365653,4
Nb9Ta3,O1,-447.31990071505425,4
Nb9Ta3,S1,-336.4865901243029,4
Nb9Tc3,C1,-158.74231847848932,9
Nb9Tc3,H1,-18.272132967496873,9
Nb9Tc3,N1,-280.0167101210245,9
Nb9Tc3,O1,-447.39337213177714,9
Nb9Tc3,S1,-336.5011909365421,9
Nb9Ti3,C1,-158.54930173805406,5
Nb9Ti3,H1,-18.06919155508149,5
Nb9Ti3,N1,-279.7109853252441,5
Nb9Ti3,O1,-447.2778897397875,5
Nb9Ti3,S1,-336.2819923549541,5
Nb9Tl3,C1,-158.07566365586172,9
Nb9Tl3,H1,-17.484891577551025,9
Nb9Tl3,N1,-279.1555567620526,9
Nb9Tl3,O1,-446.28919512801076,9
Nb9Tl3,S1,-335.4053517729117,9
Nb9V3,C1,-158.77678060769904,5
Nb9V3,H1,-18.285558111896535,5
Nb9V3,N1,-279.9096099237213,5
Nb9V3,O1,-447.35941831121454,6
Nb9V3,S1,-336.4821538523902,5
Nb9W3,C1,-158.79739309491924,5
Nb9W3,H1,-18.44244112780507,6
Nb9W3,N1,-280.0826618078718,5
Nb9W3,O1,-447.4465468493836,6
Nb9W3,S1,-336.59872796509444,5
Nb9Y3,C1,-158.2163116798729,6
Nb9Y3,H1,-17.56526665841011,5
Nb9Y3,N1,-279.3953532727719,6
Nb9Y3,O1,-446.62044134466123,5
Nb9Y3,S1,-336.06520960001944,5
Nb9Zn3,C1,-158.0134614255876,3
Nb9Zn3,H1,-17.512671135111304,4
Nb9Zn3,N1,-279.14632557218283,3
Nb9Zn3,O1,-446.36522604749916,3
Nb9Zn3,S1,-335.5577194678408,3
Nb9Zr3,C1,-158.3602605808046,5
Nb9Zr3,H1,-18.02622600446921,5
Nb9Zr3,N1,-279.87164147164367,5
Nb9Zr3,O1,-447.27711897734116,5
Nb9Zr3,S1,-336.35481151480417,5
Os12,C1,-157.39919504763748,4
Os12,C1H1,-174.7499580405747,6
Os12,H1,-16.71738102598465,4
Os12,H1N1,-294.20416688276237,6
Os12,H1O1,-460.4459261556585,10
Os12,H1S1,-351.034723847024,4
Os12,N1,-277.31852630549474,4
Os12,O1,-443.8340054329201,4
Os12,S1,-334.5355344453674,4
Os3Pb9,C1,-157.08348027255488,3
Os3Pb9,H1,-17.90886412220425,5
Os3Pb9,N1,-277.42327924883284,3
Os3Pb9,O1,-444.62050531266505,5
Os3Pb9,S1,-334.00680501174065,3
Os3Pd9,C1,-157.40982408628406,5
Os3Pd9,C1H1,-174.6982569554566,9
Os3Pd9,C1H2,-191.18863299804434,9
Os3Pd9,C1H3,-208.23004623069937,9
Os3Pd9,H1,-16.886373924058717,5
Os3Pd9,H1N1,-294.03228467994995,9
Os3Pd9,H1O1,-460.5272505056455,18
Os3Pd9,H1S1,-350.40217332390966,9
Os3Pd9,H2O1,-477.0505210296287,9
Os3Pd9,N1,-277.398430629426,6
Os3Pd9,O1,-443.9370312697174,6
Os3Pd9,S1,-334.53232472658783,7
Os3Pt9,C1,-157.30768452426855,3
Os3Pt9,C1H1,-174.74209816840448,9
Os3Pt9,C1H2,-191.11402849930892,9
Os3Pt9,C1H3,-208.15643494747928,9
Os3Pt9,H1,-16.67532324714557,3
Os3Pt9,H1N1,-293.81395114825136,9
Os3Pt9,H1O1,-460.35090209840564,18
Os3Pt9,H1S1,-350.23222979614366,9
Os3Pt9,H2O1,-477.1402807725608,9
Os3Pt9,N1,-276.8630677406909,3
Os3Pt9,O1,-443.53309256221837,3
Os3Pt9,S1,-334.45192433914053,3
Os3Re9,C1,-157.77889902456081,4
Os3Re9,H1,-16.980137822130928,4
Os3Re9,H1O1,-460.71978288345053,18
Os3Re9,N1,-278.144451806922,3
Os3Re9,O1,-444.9369735709661,3
Os3Re9,S1,-335.13981723870165,3
Os3Rh9,C1,-157.3864334528298,9
Os3Rh9,C1H1,-174.6956737787841,6
Os3Rh9,C1H2,-191.0795538528546,9
Os3Rh9,C1H3,-208.06239879950226,9
Os3Rh9,H1,-16.775079908271437,9
Os3Rh9,H1N1,-294.07528655775604,8
Os3Rh9,H1O1,-460.30046103641143,18
Os3Rh9,H1S1,-350.4015661018675,9
Os3Rh9,H2O1,-476.94880759786975,9
Os3Rh9,N1,-277.2144204488759,9
Os3Rh9,O1,-443.68008886602547,9
Os3Rh9,S1,-334.62790811383456,9
Os3Ru9,C1,-157.49846203991547,5
Os3Ru9,C1H1,-174.80166225499488,9
Os3Ru9,C1H2,-191.10447594298967,9
Os3Ru9,C1H3,-207.8684938794977,9
Os3Ru9,H1,-16.859283358731773,5
Os3Ru9,H1N1,-294.4283624268246,9
Os3Ru9,H1O1,-460.1907244641843,18
Os3Ru9,H1S1,-350.45494544908433,9
Os3Ru9,H2O1,-476.93628451084805,9
Os3Ru9,N1,-277.48324551967744,4
Os3Ru9,O1,-444.1081205328046,4
Os3Ru9,S1,-334.7186571266284,5
Os3Sc9,C1,-157.73217313280838,3
Os3Sc9,H1,-17.587277538648777,3
Os3Sc9,N1,-279.23360948735717,3
Os3Sc9,O1,-447.53496534320584,3
Os3Sc9,S1,-335.9209012367064,4
Os3Sn9,C1,-156.43054230036068,6
Os3Sn9,C1H1,-174.1967760492298,7
Os3Sn9,C1H2,-191.22336615264066,9
Os3Sn9,C1H3,-208.42682576130028,9
Os3Sn9,H1,-17.33244143212505,8
Os3Sn9,H1N1,-293.7211514855735,9
Os3Sn9,H1S1,-350.41950765571164,9
Os3Sn9,H2O1,-477.22066714614994,9
Os3Sn9,N1,-277.1247847898594,8
Os3Sn9,O1,-444.0678736715563,7
Os3Sn9,S1,-333.9131374419703,5
Os3Ta9,C1,-158.77628917010952,9
Os3Ta9,H1,-18.053766782137245,9
Os3Ta9,N1,-280.1029729290203,9
Os3Ta9,O1,-446.9685190267446,9
Os3Ta9,S1,-336.3560401087889,9
Os3Tc9,C1,-157.7831284899512,3
Os3Tc9,H1,-17.027256782315817,3
Os3Tc9,N1,-278.04271415703624,3
Os3Tc9,O1,-444.8917862108574,3
Os3Tc9,S1,-335.0647799428916,3
Os3Ti9,C1,-157.99141244942075,3
Os3Ti9,H1,-17.586152075818973,3
Os3Ti9,N1,-279.599433073432,3
Os3Ti9,O1,-447.3683522167121,3
Os3Ti9,S1,-335.8766258661344,3
Os3Tl9,C1,-157.27578489107327,3
Os3Tl9,H1,-18.19796548357408,4
Os3Tl9,N1,-277.7177803011582,3
Os3Tl9,O1,-444.2329315314091,3
Os3Tl9,S1,-333.9718596083512,3
Os3V9,C1,-158.16908183329724,3
Os3V9,H1,-17.90904330916237,3
Os3V9,N1,-279.52624438298517,3
Os3V9,O1,-446.9643989511096,3
Os3V9,S1,-335.89196818858545,3
Os3W9,C1,-157.98487382598978,5
Os3W9,H1,-17.32059862969254,6
Os3W9,N1,-278.660315154033,5
Os3W9,O1,-445.7144502918636,5
Os3W9,S1,-335.2916041066419,5
Os3Y9,C1,-158.4306464987094,8
Os3Y9,H1,-17.660991816974274,6
Os3Y9,N1,-279.27242421347546,7
Os3Y9,O1,-447.6723756207102,5
Os3Y9,S1,-336.23598770093304,5
Os3Zn9,C1,-156.37216517432535,7
Os3Zn9,H1,-17.073970428937173,7
Os3Zn9,N1,-276.45388689613173,7
Os3Zn9,O1,-443.21298069960903,6
Os3Zn9,S1,-333.52349600371963,7
Os3Zr9,C1,-158.18220547556484,7
Os3Zr9,H1,-17.694748899233673,7
Os3Zr9,N1,-279.62697997366195,7
Os3Zr9,O1,-447.3073283754238,7
Os3Zr9,S1,-336.0709292968568,7
Os6Pb6,C1,-157.10862672055737,8
Os6Pb6,H1,-17.009500538002612,8
Os6Pb6,N1,-277.21369431310086,8
Os6Pb6,O1,-443.9655658071242,8
Os6Pb6,S1,-333.84862646184047,8
Os6Pd6,C1,-157.63308832073744,8
Os6Pd6,C1H1,-175.01184720173842,10
Os6Pd6,C1H2,-191.2946622913405,10
Os6Pd6,C1H3,-207.9797289826347,7
Os6Pd6,H1,-16.953707404980378,8
Os6Pd6,H1N1,-294.42972612532685,10
Os6Pd6,H1O1,-460.44245711238545,20
Os6Pd6,H1S1,-350.68015883497355,10
Os6Pd6,H2O1,-476.94069942182614,10
Os6Pd6,N1,-277.52094172186116,8
Os6Pd6,O1,-443.9157944172948,8
Os6Pd6,S1,-334.8815818861003,8
Os6Pt6,C1,-157.59685704341246,8
Os6Pt6,C1H1,-174.93004338716855,10
Os6Pt6,C1H2,-191.18915300759545,10
Os6Pt6,C1H3,-208.00384833696444,10
Os6Pt6,H1,-16.767308609159954,9
Os6Pt6,H1N1,-294.2329566629487,10
Os6Pt6,H1O1,-460.28181185053836,20
Os6Pt6,H1S1,-350.5273402474122,10
Os6Pt6,H2O1,-477.0354369432098,10
Os6Pt6,N1,-277.31922917554766,8
Os6Pt6,O1,-443.5644742267177,8
Os6Pt6,S1,-334.7596849545953,8
Os6Re6,C1,-157.7466124454877,8
Os6Re6,H1,-16.91364571719896,9
Os6Re6,H1O1,-460.46186957757527,20
Os6Re6,N1,-277.9253506420828,8
Os6Re6,O1,-444.6632421515933,8
Os6Re6,S1,-335.00213090170655,8
Os6Rh6,C1,-157.54177072608582,8
Os6Rh6,C1H1,-174.91535944415227,10
Os6Rh6,C1H2,-191.26232850051383,10
Os6Rh6,C1H3,-207.9148740506207,10
Os6Rh6,H1,-16.784012317148154,8
Os6Rh6,H1N1,-294.34064829967974,10
Os6Rh6,H1O1,-460.32702206820613,20
Os6Rh6,H1S1,-350.5640588806273,10
Os6Rh6,H2O1,-476.942696737402,10
Os6Rh6,N1,-277.4987526070654,8
Os6Rh6,O1,-443.92703040587,8
Os6Rh6,S1,-334.8128226647277,8
Os6Ru6,C1,-157.5449218043359,8
Os6Ru6,C1H1,-174.91075187657407,10
Os6Ru6,C1H2,-190.974791385539,10
Os6Ru6,C1H3,-207.81552474389537,10
Os6Ru6,H1,-16.827400188431056,8
Os6Ru6,H1N1,-294.4797319412319,10
Os6Ru6,H1O1,-460.15114700298,20
Os6Ru6,H1S1,-350.4638609868998,10
Os6Ru6,H2O1,-476.93294581010196,10
Os6Ru6,N1,-277.5370709975323,8
Os6Ru6,O1,-444.11635537784605,8
Os6Ru6,S1,-334.7211023415839,8
Os6Sc6,C1,-158.68898144497507,8
Os6Sc6,H1,-17.44757347754421,8
Os6Sc6,N1,-278.5497323077652,8
Os6Sc6,O1,-445.43516013099725,8
Os6Sc6,S1,-335.7130284412524,8
Os6Sn6,C1,-156.9440264201221,8
Os6Sn6,C1H1,-173.75222911329183,10
Os6Sn6,C1H2,-190.53660279761607,8
Os6Sn6,C1H3,-207.88318040759987,9
Os6Sn6,H1,-16.930773378542654,9
Os6Sn6,H1N1,-293.2488164204915,10
Os6Sn6,H1S1,-349.87198195867313,10
Os6Sn6,H2O1,-476.7982761271269,8
Os6Sn6,N1,-276.68665688331384,8
Os6Sn6,O1,-442.9323487454094,8
Os6Sn6,S1,-333.5827034851245,7
Os6Ta6,C1,-157.43337744381643,8
Os6Ta6,H1,-17.051374231839873,9
Os6Ta6,N1,-278.7022751079494,8
Os6Ta6,O1,-445.9533161732579,8
Os6Ta6,S1,-335.36952907450177,7
Os6Tc6,C1,-157.8176693961177,8
Os6Tc6,H1,-16.968295427868725,12
Os6Tc6,N1,-277.89796347267475,8
Os6Tc6,O1,-444.6173806294464,8
Os6Tc6,S1,-334.9670309376561,8
Os6Ti6,C1,-157.9670024775187,8
Os6Ti6,H1,-17.371663104488107,9
Os6Ti6,N1,-277.9658734267614,8
Os6Ti6,O1,-445.77307164006925,8
Os6Ti6,S1,-335.213157088383,8
Os6Tl6,C1,-158.07665442234065,8
Os6Tl6,H1,-18.95698104926487,10
Os6Tl6,N1,-278.6985577607993,8
Os6Tl6,O1,-446.12119027528024,8
Os6Tl6,S1,-335.33617540101477,8
Os6V6,C1,-157.6532644734216,8
Os6V6,H1,-17.135060666001664,9
Os6V6,N1,-278.44228244418264,8
Os6V6,O1,-445.6119801115274,8
Os6V6,S1,-335.19599500463664,8
Os6W6,C1,-157.83505121179405,8
Os6W6,H1,-17.1000996160692,9
Os6W6,N1,-278.13548905736025,8
Os6W6,O1,-445.12140280681706,8
Os6W6,S1,-335.07760357965526,8
Os6Y6,C1,-158.90597345544666,8
Os6Y6,H1,-17.657907678727497,9
Os6Y6,N1,-278.6655728015612,8
Os6Y6,O1,-446.2126376682427,8
Os6Y6,S1,-335.75983256572727,8
Os6Zn6,C1,-156.99045529961586,8
Os6Zn6,H1,-16.790553253544203,11
Os6Zn6,N1,-276.9701909316136,8
Os6Zn6,O1,-443.6561300588728,7
Os6Zn6,S1,-333.99812689325336,8
Os6Zr6,C1,-157.98574363787338,10
Os6Zr6,H1,-17.44332224304162,11
Os6Zr6,N1,-278.0993922042617,10
Os6Zr6,O1,-445.85002815477856,10
Os6Zr6,S1,-335.2509874426869,10
Os9Pb3,C1,-158.06561598842018,9
Os9Pb3,H1,-16.824700819150166,9
Os9Pb3,N1,-277.91761104422767,9
Os9Pb3,O1,-444.35271890037984,9
Os9Pb3,S1,-334.9234802062347,9
Os9Pd3,C1,-157.98493437131765,9
Os9Pd3,C1H1,-175.34757227611772,7
Os9Pd3,C1H2,-191.54517505319018,5
Os9Pd3,C1H3,-207.84869324392275,6
Os9Pd3,H1,-16.750578914303333,9
Os9Pd3,H1N1,-294.92695756579997,8
Os9Pd3,H1O1,-460.07593324134723,18
Os9Pd3,H1S1,-351.7438231222659,9
Os9Pd3,H2O1,-476.8979108812673,9
Os9Pd3,N1,-278.00273396735065,9
Os9Pd3,O1,-444.49899056504,9
Os9Pd3,S1,-335.182164818787,9
Os9Pt3,C1,-157.77407118083647,9
Os9Pt3,C1H1,-175.18742566287983,9
Os9Pt3,C1H2,-191.43240101024276,8
Os9Pt3,C1H3,-207.855402754838,9
Os9Pt3,H1,-16.731406453516684,9
Os9Pt3,H1N1,-294.7506490232263,9
Os9Pt3,H1O1,-460.06229435153364,18
Os9Pt3,H1S1,-351.4997846289116,9
Os9Pt3,H2O1,-476.92486348487,9
Os9Pt3,N1,-277.7755712939834,9
Os9Pt3,O1,-444.31142195182474,9
Os9Pt3,S1,-335.044036568921,9
Os9Re3,C1,-157.68324080599632,4
Os9Re3,H1,-16.83430643765314,3
Os9Re3,H1O1,-460.230226958025,18
Os9Re3,N1,-277.67899169796874,3
Os9Re3,O1,-444.3223945341997,4
Os9Re3,S1,-334.81399751621575,2
Os9Rh3,C1,-157.69464523304123,3
Os9Rh3,C1H1,-175.10418644780657,9
Os9Rh3,C1H2,-191.24023462555488,9
Os9Rh3,C1H3,-207.84887882555267,9
Os9Rh3,H1,-16.65556070749153,3
Os9Rh3,H1N1,-294.6971296734373,9
Os9Rh3,H1O1,-460.118931173507,18
Os9Rh3,H1S1,-351.25801148326354,9
Os9Rh3,H2O1,-476.8935709376492,9
Os9Rh3,N1,-277.73150381838786,3
Os9Rh3,O1,-444.2949875004815,3
Os9Rh3,S1,-334.8985631502037,3
Os9Ru3,C1,-157.60637585759832,5
Os9Ru3,C1H1,-175.00193137345923,8
Os9Ru3,C1H2,-191.05392331433177,9
Os9Ru3,C1H3,-207.7560207944589,9
Os9Ru3,H1,-16.781301519080444,5
Os9Ru3,H1N1,-294.5280502431633,9
Os9Ru3,H1O1,-460.09183652647334,18
Os9Ru3,H1S1,-350.961945368188,9
Os9Ru3,H2O1,-476.9099130063405,9
Os9Ru3,N1,-277.5840807040113,5
Os9Ru3,O1,-444.11472800104093,6
Os9Ru3,S1,-334.726098215604,5
Os9Sc3,C1,-158.62490897629687,4
Os9Sc3,H1,-16.998710816125822,4
Os9Sc3,N1,-278.481389284505,5
Os9Sc3,O1,-444.8222928263385,5
Os9Sc3,S1,-335.4966501835406,4
Os9Sn3,C1,-158.07073458578452,7
Os9Sn3,C1H1,-175.27583572117874,8
Os9Sn3,C1H2,-191.36129780026022,9
Os9Sn3,C1H3,-207.8754878854379,9
Os9Sn3,H1,-16.870162878181873,6
Os9Sn3,H1N1,-294.6704920416014,9
Os9Sn3,H1S1,-350.1652714241427,9
Os9Sn3,H2O1,-476.89538471244305,9
Os9Sn3,N1,-277.91183175446713,5
Os9Sn3,O1,-444.26562124713746,7
Os9Sn3,S1,-334.86566485922594,7
Os9Ta3,C1,-158.2976855545785,5
Os9Ta3,H1,-17.029330153705814,5
Os9Ta3,N1,-277.74686913445476,5
Os9Ta3,O1,-444.74307463745936,5
Os9Ta3,S1,-335.18785335857683,6
Os9Tc3,C1,-157.78599616164502,5
Os9Tc3,H1,-16.868678905360866,5
Os9Tc3,N1,-277.69281004686854,5
Os9Tc3,O1,-444.2864934670142,5
Os9Tc3,S1,-334.8129902868495,5
Os9Ti3,C1,-158.31572452517503,3
Os9Ti3,H1,-17.027128344583616,4
Os9Ti3,N1,-278.2543808996852,3
Os9Ti3,O1,-444.81379906498114,3
Os9Ti3,S1,-335.17650090529423,3
Os9Tl3,C1,-158.10250306010857,5
Os9Tl3,H1,-16.880628784587316,5
Os9Tl3,N1,-277.9637823679768,6
Os9Tl3,O1,-444.41454302846614,5
Os9Tl3,S1,-334.8669563115036,3
Os9V3,C1,-157.9936391569645,9
Os9V3,H1,-16.976086727354414,9
Os9V3,N1,-277.9588168346454,9
Os9V3,O1,-444.71439846479916,9
Os9V3,S1,-334.90164102983545,9
Os9W3,C1,-157.96354948896624,7
Os9W3,H1,-16.929460157160065,6
Os9W3,N1,-277.8098372291133,7
Os9W3,O1,-444.5903467998651,6
Os9W3,S1,-334.9182240553273,7
Os9Y3,C1,-159.09649368746977,9
Os9Y3,H1,-17.14467907385915,9
Os9Y3,N1,-278.6785285495971,9
Os9Y3,O1,-444.9716993784823,9
Os9Y3,S1,-335.9142936324206,9
Os9Zn3,C1,-158.0633530897394,8
Os9Zn3,H1,-16.778624871309148,8
Os9Zn3,N1,-278.09051884409564,7
Os9Zn3,O1,-444.4560933149987,8
Os9Zn3,S1,-335.25373415977083,7
Os9Zr3,C1,-158.72726500487624,9
Os9Zr3,H1,-17.095026733833947,8
Os9Zr3,N1,-278.5086648872348,9
Os9Zr3,O1,-444.7950221216597,9
Os9Zr3,S1,-335.6254945895198,9
Pb12,C1,-154.08098311573121,4
Pb12,C1H1,-171.7964397420219,4
Pb12,C1H2,-189.39741181777572,4
Pb12,C1H3,-207.30597729503643,4
Pb12,H1,-15.766638267341477,4
Pb12,H1N1,-292.39641818821474,7
Pb12,H1O1,-459.9342190753159,4
Pb12,H1S1,-349.3255843095576,4
Pb12,H2O1,-476.73023229303,4
Pb12,N1,-274.7782415789552,4
Pb12,O1,-442.80277480222867,4
Pb12,S1,-332.95228973592384,4
Pb3Pd9,C1,-155.4372685569033,6
Pb3Pd9,H1,-16.77348899471326,5
Pb3Pd9,N1,-274.71632833359035,5
Pb3Pd9,O1,-442.0501230268237,5
Pb3Pd9,S1,-333.29345572650345,5
Pb3Pt9,C1,-156.6963153423494,8
Pb3Pt9,H1,-16.82814510006574,9
Pb3Pt9,N1,-275.5835369057604,9
Pb3Pt9,O1,-442.3533057351233,9
Pb3Pt9,S1,-333.8956402500262,7
Pb3Re9,C1,-157.7703512486005,3
Pb3Re9,H1,-16.89619859420418,3
Pb3Re9,N1,-277.94096439808345,3
Pb3Re9,O1,-445.377115392017,4
Pb3Re9,S1,-335.114347247345,3
Pb3Rh9,C1,-157.46330044209026,3
Pb3Rh9,H1,-16.922306964625022,3
Pb3Rh9,N1,-276.6811516121925,3
Pb3Rh9,O1,-443.0060377171503,3
Pb3Rh9,S1,-334.2326073880213,3
Pb3Ru9,C1,-157.85491633835045,3
Pb3Ru9,H1,-16.911434111971175,3
Pb3Ru9,N1,-277.69144648441943,3
Pb3Ru9,O1,-444.1743378027604,3
Pb3Ru9,S1,-334.73822755390574,3
Pb3Sc9,C1,-157.7790118157427,3
Pb3Sc9,H1,-17.628220603157388,3
Pb3Sc9,N1,-279.87323973227467,3
Pb3Sc9,O1,-447.7080637588224,3
Pb3Sc9,S1,-336.0392462662785,3
Pb3Sn9,C1,-154.79373007697723,3
Pb3Sn9,H1,-15.918669357452018,5
Pb3Sn9,N1,-275.61158653630264,5
Pb3Sn9,O1,-443.24281580510797,5
Pb3Sn9,S1,-332.960529615073,3
Pb3Ta9,C1,-158.17773355673853,7
Pb3Ta9,H1,-17.501302627097175,7
Pb3Ta9,N1,-279.273540016271,7
Pb3Ta9,O1,-446.41287100373665,7
Pb3Ta9,S1,-335.5817354188948,7
Pb3Tc9,C1,-157.58228752425566,3
Pb3Tc9,H1,-16.98801143604578,3
Pb3Tc9,N1,-277.75816199481415,3
Pb3Tc9,O1,-444.75238038651514,3
Pb3Tc9,S1,-334.9862985022264,3
Pb3Ti9,C1,-157.96014616118555,3
Pb3Ti9,H1,-17.565235229263635,3
Pb3Ti9,N1,-279.6306688849145,3
Pb3Ti9,O1,-447.17860995815136,4
Pb3Ti9,S1,-335.56535661483576,3
Pb3Tl9,C1,-153.81587076614233,7
Pb3Tl9,H1,-15.79513661360761,7
Pb3Tl9,N1,-274.50601018712405,6
Pb3Tl9,O1,-442.8431524141779,7
Pb3Tl9,S1,-332.791466239516,7
Pb3V9,C1,-157.63776663791214,5
Pb3V9,H1,-17.39789678332818,5
Pb3V9,N1,-278.8403006348417,5
Pb3V9,O1,-446.0892528182667,5
Pb3V9,S1,-335.15620026052784,7
Pb3W9,C1,-157.63335308750538,5
Pb3W9,H1,-17.222131379985512,5
Pb3W9,N1,-278.29353576810536,5
Pb3W9,O1,-445.4803655866781,5
Pb3W9,S1,-335.49646922784086,5
Pb3Y9,C1,-157.46639315192078,9
Pb3Y9,H1,-17.562108641261148,9
Pb3Y9,N1,-279.6180976337382,9
Pb3Y9,O1,-447.60365980149436,9
Pb3Y9,S1,-336.10901543816726,7
Pb3Zn9,C1,-155.7010803384037,9
Pb3Zn9,H1,-16.091669812085456,8
Pb3Zn9,N1,-276.1514051530903,9
Pb3Zn9,O1,-443.794701174018,9
Pb3Zn9,S1,-333.7960629119116,9
Pb3Zr9,C1,-157.9981461784737,5
Pb3Zr9,H1,-17.537849964657653,5
Pb3Zr9,N1,-279.63549237481857,4
Pb3Zr9,O1,-447.1548904751253,4
Pb3Zr9,S1,-335.7160431904704,4
Pb6Pd6,C1,-154.82609829020294,8
Pb6Pd6,H1,-16.316083591456845,8
Pb6Pd6,N1,-274.550556583079,8
Pb6Pd6,O1,-442.2422209748838,8
Pb6Pd6,S1,-333.0263656535426,8
Pb6Pt6,C1,-155.99492124256358,8
Pb6Pt6,H1,-16.674458605419204,8
Pb6Pt6,N1,-275.07716638596685,8
Pb6Pt6,O1,-442.70293310552006,8
Pb6Pt6,S1,-333.24388760571674,8
Pb6Re6,C1,-159.2105614956672,8
Pb6Re6,H1,-19.323055388238572,9
Pb6Re6,N1,-279.48300209260196,8
Pb6Re6,O1,-446.8457483376951,8
Pb6Re6,S1,-335.9529970639742,8
Pb6Rh6,C1,-155.9003388260644,8
Pb6Rh6,H1,-16.43161115433395,9
Pb6Rh6,N1,-275.3392499724723,8
Pb6Rh6,O1,-442.48102848785857,8
Pb6Rh6,S1,-333.23920928854204,8
Pb6Ru6,C1,-156.71440329343022,7
Pb6Ru6,H1,-16.67655224928967,8
Pb6Ru6,N1,-276.29901806685666,7
Pb6Ru6,O1,-442.9171003022311,7
Pb6Ru6,S1,-333.5448404771596,7
Pb6Sc6,C1,-156.55950902151017,8
Pb6Sc6,H1,-16.917809603157366,10
Pb6Sc6,N1,-278.0010197862248,8
Pb6Sc6,O1,-446.15496245985923,8
Pb6Sc6,S1,-334.7939715703833,8
Pb6Sn6,C1,-154.61180469661122,8
Pb6Sn6,H1,-15.90419657477105,8
Pb6Sn6,N1,-275.57279956579805,8
Pb6Sn6,O1,-443.26517186174897,8
Pb6Sn6,S1,-332.99393635076194,8
Pb6Ta6,C1,-157.61723388004248,8
Pb6Ta6,H1,-16.82192634645253,8
Pb6Ta6,N1,-278.0719054411893,8
Pb6Ta6,O1,-445.12082714998905,8
Pb6Ta6,S1,-334.43937077535884,8
Pb6Tc6,C1,-157.3147294154951,10
Pb6Tc6,H1,-16.893111598761607,10
Pb6Tc6,N1,-277.2250263578535,10
Pb6Tc6,O1,-443.86484028466293,10
Pb6Tc6,S1,-334.0001099228539,10
Pb6Ti6,C1,-156.75813824592115,8
Pb6Ti6,H1,-16.851726213211805,8
Pb6Ti6,N1,-277.9498004786583,8
Pb6Ti6,O1,-445.5359608929357,8
Pb6Ti6,S1,-334.4093725376151,8
Pb6Tl6,C1,-153.9995071983285,8
Pb6Tl6,H1,-15.75048708650138,9
Pb6Tl6,N1,-274.884836596917,8
Pb6Tl6,O1,-442.9745288394224,8
Pb6Tl6,S1,-332.9241663625289,8
Pb6V6,C1,-156.39892716218674,8
Pb6V6,H1,-16.19772101053968,9
Pb6V6,N1,-277.13355760395643,8
Pb6V6,O1,-444.41625244760144,8
Pb6V6,S1,-333.70784972798356,8
Pb6W6,C1,-158.48922022699116,8
Pb6W6,H1,-18.84558730376375,10
Pb6W6,N1,-278.9564529711024,8
Pb6W6,O1,-445.55256391880175,8
Pb6W6,S1,-336.1375920171631,8
Pb6Y6,C1,-156.5136060020086,8
Pb6Y6,H1,-16.97420995820721,9
Pb6Y6,N1,-277.7562441364789,8
Pb6Y6,O1,-446.15521797474867,8
Pb6Y6,S1,-334.88199468279345,6
Pb6Zn6,C1,-154.88109929984057,8
Pb6Zn6,H1,-15.984867579434649,9
Pb6Zn6,N1,-275.43099764305225,8
Pb6Zn6,O1,-443.3482155630336,8
Pb6Zn6,S1,-333.24245206915657,8
Pb6Zr6,C1,-156.7561633797377,8
Pb6Zr6,H1,-16.938304945371783,9
Pb6Zr6,N1,-278.0408899058639,8
Pb6Zr6,O1,-445.71998005323985,8
Pb6Zr6,S1,-334.688859844955,8
Pb9Pd3,C1,-154.57645139457236,3
Pb9Pd3,H1,-16.123455701694184,5
Pb9Pd3,N1,-274.7394259004395,3
Pb9Pd3,O1,-442.5681430121658,3
Pb9Pd3,S1,-333.0077039504249,3
Pb9Pt3,C1,-154.87844646202575,3
Pb9Pt3,H1,-16.666522541367158,5
Pb9Pt3,N1,-274.9499286761493,3
Pb9Pt3,O1,-442.7969280282341,3
Pb9Pt3,S1,-333.169355353195,3
Pb9Re3,C1,-157.0538959199621,5
Pb9Re3,H1,-18.235442498062184,5
Pb9Re3,N1,-278.5806117861757,5
Pb9Re3,O1,-445.5282257849649,5
Pb9Re3,S1,-334.86577574561306,4
Pb9Rh3,C1,-155.44063419691884,9
Pb9Rh3,H1,-16.63938558063819,9
Pb9Rh3,N1,-275.2269914491844,9
Pb9Rh3,O1,-443.1965848884356,9
Pb9Rh3,S1,-333.41824359543534,8
Pb9Ru3,C1,-156.57508685848734,3
Pb9Ru3,H1,-17.070466419041622,3
Pb9Ru3,N1,-276.72799546528404,3
Pb9Ru3,O1,-443.60600437682297,3
Pb9Ru3,S1,-333.6918924282545,3
Pb9Sc3,C1,-155.38859269738896,5
Pb9Sc3,H1,-16.23050419736319,5
Pb9Sc3,N1,-276.2648077790036,5
Pb9Sc3,O1,-444.46206430896564,6
Pb9Sc3,S1,-333.6907664211867,5
Pb9Sn3,C1,-154.3478005306315,3
Pb9Sn3,H1,-15.92764176705532,4
Pb9Sn3,N1,-275.229981980272,3
Pb9Sn3,O1,-443.01280029026384,3
Pb9Sn3,S1,-332.9369508148993,3
Pb9Ta3,C1,-156.2025332168996,5
Pb9Ta3,H1,-16.906522185068752,5
Pb9Ta3,N1,-277.52170568146175,5
Pb9Ta3,O1,-445.7640844002599,5
Pb9Ta3,S1,-334.5476515385453,5
Pb9Tc3,C1,-156.8075866366271,5
Pb9Tc3,H1,-17.462429668623372,5
Pb9Tc3,N1,-277.63234839277357,5
Pb9Tc3,O1,-444.63597076662336,5
Pb9Tc3,S1,-334.3685296110016,5
Pb9Ti3,C1,-156.5255747931442,5
Pb9Ti3,H1,-16.492483700327284,5
Pb9Ti3,N1,-276.8584106483977,5
Pb9Ti3,O1,-445.28551779222107,6
Pb9Ti3,S1,-334.08367989229737,4
Pb9Tl3,C1,-154.25887930649333,9
Pb9Tl3,H1,-15.784686897975917,9
Pb9Tl3,N1,-275.0179586324375,8
Pb9Tl3,O1,-442.9589771253777,8
Pb9Tl3,S1,-333.11058447843607,8
Pb9V3,C1,-156.20541000440426,5
Pb9V3,H1,-16.589406431892712,5
Pb9V3,N1,-277.46927369857804,5
Pb9V3,O1,-445.3052191062525,5
Pb9V3,S1,-334.1959135171637,5
Pb9W3,C1,-157.09002393008996,3
Pb9W3,H1,-18.241701932689466,5
Pb9W3,N1,-278.1222865020791,3
Pb9W3,O1,-445.3940927104668,3
Pb9W3,S1,-334.5651126754019,3
Pb9Y3,C1,-154.9033775319258,5
Pb9Y3,H1,-16.072348368972598,6
Pb9Y3,N1,-276.0024230985364,5
Pb9Y3,O1,-444.1139881235067,5
Pb9Y3,S1,-333.56349360868626,4
Pb9Zn3,C1,-154.60655466826574,3
Pb9Zn3,H1,-16.036386620398844,4
Pb9Zn3,N1,-275.1350481287518,3
Pb9Zn3,O1,-443.19538867599476,3
Pb9Zn3,S1,-333.0798742548286,3
Pb9Zr3,C1,-155.51590891204978,5
Pb9Zr3,H1,-16.538680602774548,5
Pb9Zr3,N1,-276.60108429207685,5
Pb9Zr3,O1,-445.1933634475063,5
Pb9Zr3,S1,-334.0448383629664,5
Pd12,C1,-156.57155740594317,8
Pd12,C1H1,-173.7982543119142,8
Pd12,C1H2,-190.43800711016956,12
Pd12,C1H3,-207.7161489060818,15
Pd12,H1,-16.748595612585632,8
Pd12,H1N1,-292.95678507335106,8
Pd12,H1O1,-459.50400573583465,8
Pd12,H1S1,-350.24466172502434,8
Pd12,H2O1,-476.79301222097274,4
Pd12,N1,-275.7202796880156,8
Pd12,O1,-442.34488721324306,8
Pd12,S1,-333.80634364485013,8
Pd3Pt9,C1,-157.12790925138688,7
Pd3Pt9,C1H1,-174.49693380403914,7
Pd3Pt9,C1H2,-190.94119008845882,9
Pd3Pt9,C1H3,-208.04992238000705,9
Pd3Pt9,H1,-16.74821138785046,7
Pd3Pt9,H1N1,-293.3083052676084,7
Pd3Pt9,H1O1,-459.4787783339634,54
Pd3Pt9,H1S1,-350.06537857002695,9
Pd3Pt9,H2O1,-476.8463692548539,9
Pd3Pt9,N1,-276.1260196530784,7
Pd3Pt9,O1,-442.3980115897866,7
Pd3Pt9,S1,-334.11691519626766,8
Pd3Re9,C1,-157.95059455727824,7
Pd3Re9,H1,-17.198404413818935,7
Pd3Re9,H1O1,-461.2491404918801,36
Pd3Re9,N1,-278.3721029246226,7
Pd3Re9,O1,-445.30120148148126,8
Pd3Re9,S1,-335.4412849495311,7
Pd3Rh9,C1,-157.50099365101414,7
Pd3Rh9,C1H1,-174.63314542008084,9
Pd3Rh9,C1H2,-191.02598606680112,9
Pd3Rh9,C1H3,-207.8282493312181,9
Pd3Rh9,H1,-16.839121083859936,7
Pd3Rh9,H1N1,-294.0204684086202,9
Pd3Rh9,H1O1,-459.9510848270911,54
Pd3Rh9,H1S1,-351.2447223957861,9
Pd3Rh9,H2O1,-476.9156433156131,9
Pd3Rh9,N1,-277.08336117230647,7
Pd3Rh9,O1,-443.4000570588905,7
Pd3Rh9,S1,-334.72780940347366,7
Pd3Ru9,C1,-157.7640885486071,6
Pd3Ru9,C1H1,-174.97867026619133,9
Pd3Ru9,C1H2,-191.35327180258537,6
Pd3Ru9,C1H3,-208.1034511177204,4
Pd3Ru9,H1,-16.874520781300816,7
Pd3Ru9,H1N1,-294.73013191190694,9
Pd3Ru9,H1O1,-460.45209252735367,36
Pd3Ru9,H1S1,-351.3380446530973,9
Pd3Ru9,H2O1,-476.9262694970748,9
Pd3Ru9,N1,-277.7812205133305,7
Pd3Ru9,O1,-444.43190266685997,7
Pd3Ru9,S1,-335.0662916713227,7
Pd3Sc9,C1,-157.7979803272101,5
Pd3Sc9,H1,-17.61218615915641,5
Pd3Sc9,N1,-279.74342918611364,5
Pd3Sc9,O1,-447.7466177998831,5
Pd3Sc9,S1,-336.12393584811434,6
Pd3Sn9,C1,-154.94196504298816,3
Pd3Sn9,C1H1,-172.47853185483837,9
Pd3Sn9,C1H2,-189.9216336856698,9
Pd3Sn9,C1H3,-207.57218952876428,5
Pd3Sn9,H1,-15.940139275382535,5
Pd3Sn9,H1N1,-292.5158432376156,9
Pd3Sn9,H1S1,-349.4091617621343,9
Pd3Sn9,H2O1,-476.7779569786253,9
Pd3Sn9,N1,-275.26521269502337,5
Pd3Sn9,O1,-443.38482181323707,5
Pd3Sn9,S1,-332.94505967123405,3
Pd3Ta9,C1,-158.52721371354346,7
Pd3Ta9,H1,-17.464227524757007,6
Pd3Ta9,N1,-279.7770702118178,7
Pd3Ta9,O1,-446.80595849164456,7
Pd3Ta9,S1,-335.7355847736799,7
Pd3Tc9,C1,-157.76633131086783,9
Pd3Tc9,H1,-17.17211876123838,9
Pd3Tc9,H1O1,-461.4306311703913,9
Pd3Tc9,N1,-278.2079527004789,9
Pd3Tc9,O1,-445.2156916124841,9
Pd3Tc9,S1,-335.34435119735645,9
Pd3Ti9,C1,-157.8654396607817,3
Pd3Ti9,H1,-17.520145149857854,3
Pd3Ti9,N1,-279.6377518720765,3
Pd3Ti9,O1,-447.32079869072186,3
Pd3Ti9,S1,-335.7940178191093,3
Pd3Tl9,C1,-154.49588338500325,6
Pd3Tl9,H1,-16.34086350211146,8
Pd3Tl9,N1,-274.91427428015595,7
Pd3Tl9,O1,-442.7417087833019,7
Pd3Tl9,S1,-333.1194673625869,7
Pd3V9,C1,-158.0015908675523,3
Pd3V9,H1,-17.482264318437956,3
Pd3V9,N1,-279.3636713306478,4
Pd3V9,O1,-446.6886370182765,3
Pd3V9,S1,-335.5450445412898,3
Pd3W9,C1,-158.26844229668495,5
Pd3W9,H1,-17.41107620893672,5
Pd3W9,N1,-278.96247906811914,5
Pd3W9,O1,-445.9375069034613,5
Pd3W9,S1,-335.4817115419755,5
Pd3Y9,C1,-157.97290748387604,9
Pd3Y9,H1,-17.868291268572648,10
Pd3Y9,N1,-279.7576147526379,9
Pd3Y9,O1,-448.00064028603083,9
Pd3Y9,S1,-336.12110423150807,9
Pd3Zn9,C1,-154.41087474967935,7
Pd3Zn9,H1,-16.13056970982143,7
Pd3Zn9,H1O1,-460.24549621791084,18
Pd3Zn9,N1,-275.2069822383419,7
Pd3Zn9,O1,-443.3557973348579,7
Pd3Zn9,S1,-333.2915222216179,7
Pd3Zr9,C1,-157.96123230357261,7
Pd3Zr9,H1,-17.46042827133715,6
Pd3Zr9,N1,-279.6585555192687,7
Pd3Zr9,O1,-447.2495375186518,7
Pd3Zr9,S1,-335.81019947669483,7
Pd6Pt6,C1,-157.01308455855178,10
Pd6Pt6,C1H1,-174.32810213341872,10
Pd6Pt6,C1H2,-190.69168224300665,9
Pd6Pt6,C1H3,-208.04384512559045,6
Pd6Pt6,H1,-16.765523814494372,10
Pd6Pt6,H1N1,-293.23048002947326,10
Pd6Pt6,H1O1,-459.5512721817213,62
Pd6Pt6,H1S1,-350.08349250798346,10
Pd6Pt6,H2O1,-476.85917887775577,10
Pd6Pt6,N1,-276.07289309961925,10
Pd6Pt6,O1,-442.4310413117564,10
Pd6Pt6,S1,-334.0591187611644,10
Pd6Re6,C1,-157.72293024204555,12
Pd6Re6,H1,-16.993564871321723,12
Pd6Re6,H1O1,-460.9944355442167,60
Pd6Re6,N1,-278.11838901555893,12
Pd6Re6,O1,-444.78254583821035,12
Pd6Re6,S1,-335.08985945088716,12
Pd6Rh6,C1,-157.33124169139046,12
Pd6Rh6,C1H1,-174.45040519482427,10
Pd6Rh6,C1H2,-190.95504585301023,10
Pd6Rh6,C1H3,-207.85898649409137,9
Pd6Rh6,H1,-16.80707927119147,14
Pd6Rh6,H1N1,-293.72427820963276,10
Pd6Rh6,H1O1,-459.9930522641407,58
Pd6Rh6,H1S1,-350.4200420872876,10
Pd6Rh6,H2O1,-476.9266395718914,10
Pd6Rh6,N1,-276.80860184291305,12
Pd6Rh6,O1,-443.135627987147,12
Pd6Rh6,S1,-334.46531451690316,11
Pd6Ru6,C1,-157.49120993399993,12
Pd6Ru6,C1H1,-174.67302370314064,10
Pd6Ru6,C1H2,-191.0591748393017,10
Pd6Ru6,C1H3,-207.8658902942916,10
Pd6Ru6,H1,-16.86002119541081,12
Pd6Ru6,H1N1,-294.2035950355239,10
Pd6Ru6,H1O1,-460.44211193597584,60
Pd6Ru6,H1S1,-350.6484484569519,10
Pd6Ru6,H2O1,-476.98055784056487,9
Pd6Ru6,N1,-277.3654843103468,12
Pd6Ru6,O1,-443.7701209949046,11
Pd6Ru6,S1,-334.7463399477201,12
Pd6Sc6,C1,-156.62835504719988,8
Pd6Sc6,H1,-16.93026751891739,9
Pd6Sc6,N1,-277.78531256123824,8
Pd6Sc6,O1,-446.11773320502107,8
Pd6Sc6,S1,-334.999766504563,8
Pd6Sn6,C1,-154.67775162146427,8
Pd6Sn6,C1H1,-172.11375862818386,10
Pd6Sn6,C1H2,-189.50124964226416,10
Pd6Sn6,C1H3,-207.3298793664544,10
Pd6Sn6,H1,-16.05447239456771,9
Pd6Sn6,H1N1,-292.23268552275476,10
Pd6Sn6,H1S1,-349.1472063412439,10
Pd6Sn6,H2O1,-476.78701183871453,10
Pd6Sn6,N1,-274.56700586462466,8
Pd6Sn6,O1,-442.5109705340983,8
Pd6Sn6,S1,-332.862301281315,7
Pd6Ta6,C1,-157.24573440746826,8
Pd6Ta6,H1,-17.14617202642694,8
Pd6Ta6,N1,-278.4902207391351,8
Pd6Ta6,O1,-445.91769715205737,8
Pd6Ta6,S1,-335.2505278424105,8
Pd6Tc6,C1,-157.54510602540176,8
Pd6Tc6,H1,-16.990178822776215,9
Pd6Tc6,H1O1,-460.9876197728445,10
Pd6Tc6,N1,-277.8595367808957,8
Pd6Tc6,O1,-444.5630390877013,9
Pd6Tc6,S1,-334.97577000964156,8
Pd6Ti6,C1,-157.03206531513933,8
Pd6Ti6,H1,-17.087069444904046,9
Pd6Ti6,N1,-278.52264677654966,8
Pd6Ti6,O1,-446.2585057211145,8
Pd6Ti6,S1,-335.14228204585015,8
Pd6Tl6,C1,-154.94564864802305,8
Pd6Tl6,H1,-16.31463744245775,9
Pd6Tl6,N1,-274.58350902471284,8
Pd6Tl6,O1,-442.2793275063741,8
Pd6Tl6,S1,-333.068272137094,8
Pd6V6,C1,-157.15293379239665,8
Pd6V6,H1,-17.054952664871962,8
Pd6V6,N1,-278.2790801285955,8
Pd6V6,O1,-445.68788708316424,8
Pd6V6,S1,-335.05082499285345,6
Pd6W6,C1,-157.46566497529057,8
Pd6W6,H1,-17.11588847733583,8
Pd6W6,N1,-278.28725905424653,8
Pd6W6,O1,-445.3658709679221,8
Pd6W6,S1,-335.155613719151,8
Pd6Y6,C1,-156.60270273957212,8
Pd6Y6,H1,-17.02133041502384,9
Pd6Y6,N1,-277.8961316023124,8
Pd6Y6,O1,-446.0713844630518,8
Pd6Y6,S1,-334.9934183608202,8
Pd6Zn6,C1,-154.5642190611834,8
Pd6Zn6,H1,-16.43491788169922,9
Pd6Zn6,H1O1,-460.0295893974253,20
Pd6Zn6,N1,-274.86369185502554,8
Pd6Zn6,O1,-442.7861898719275,8
Pd6Zn6,S1,-333.2601140260231,8
Pd6Zr6,C1,-157.1428284368194,8
Pd6Zr6,H1,-17.19157095504488,10
Pd6Zr6,N1,-278.6732170235191,8
Pd6Zr6,O1,-446.52198212229996,10
Pd6Zr6,S1,-335.30149340382195,8
Pd9Pt3,C1,-156.7917951902782,7
Pd9Pt3,C1H1,-174.06766837311443,9
Pd9Pt3,C1H2,-190.74369190521247,8
Pd9Pt3,C1H3,-208.04869637110824,8
Pd9Pt3,H1,-16.76307873558835,9
Pd9Pt3,H1N1,-293.0840093135339,9
Pd9Pt3,H1O1,-459.5655667298415,54
Pd9Pt3,H1S1,-350.0066151783976,10
Pd9Pt3,H2O1,-476.86134408756334,9
Pd9Pt3,N1,-275.91530653337395,7
Pd9Pt3,O1,-442.4028373926558,9
Pd9Pt3,S1,-333.92268088246055,7
Pd9Re3,C1,-157.29247635393767,9
Pd9Re3,H1,-16.87982142282999,9
Pd9Re3,H1O1,-461.02345580483234,54
Pd9Re3,N1,-278.3007524992172,9
Pd9Re3,O1,-445.0305622277192,9
Pd9Re3,S1,-334.7227709436447,9
Pd9Rh3,C1,-157.0493101214961,9
Pd9Rh3,C1H1,-174.18112719053897,9
Pd9Rh3,C1H2,-190.7589037490834,8
Pd9Rh3,C1H3,-207.91431023074983,9
Pd9Rh3,H1,-16.759828471851506,9
Pd9Rh3,H1N1,-293.3609813366129,9
Pd9Rh3,H1O1,-459.82817780902406,54
Pd9Rh3,H1S1,-350.1790621534856,9
Pd9Rh3,H2O1,-476.8365039036944,9
Pd9Rh3,N1,-276.3865542315616,7
Pd9Rh3,O1,-442.8023266307391,7
Pd9Rh3,S1,-334.14426767115583,7
Pd9Ru3,C1,-157.23215184521177,9
Pd9Ru3,C1H1,-174.37865966012032,9
Pd9Ru3,C1H2,-190.8949564506438,9
Pd9Ru3,C1H3,-207.95941963022779,9
Pd9Ru3,H1,-16.75251010620923,9
Pd9Ru3,H1N1,-293.71329991286984,9
Pd9Ru3,H1O1,-460.23269952042756,54
Pd9Ru3,H1S1,-350.3041160136854,9
Pd9Ru3,H2O1,-477.0635525613543,9
Pd9Ru3,N1,-276.9896085669643,9
Pd9Ru3,O1,-443.42553970353765,9
Pd9Ru3,S1,-334.35776342697136,9
Pd9Sc3,C1,-156.05730742177911,6
Pd9Sc3,H1,-16.920829658589355,6
Pd9Sc3,N1,-275.6682519302376,5
Pd9Sc3,O1,-443.6904260625779,5
Pd9Sc3,S1,-333.99793396453606,5
Pd9Sn3,C1,-155.31219428816257,6
Pd9Sn3,C1H1,-172.8227577655307,9
Pd9Sn3,C1H2,-189.8487791510197,9
Pd9Sn3,C1H3,-207.40630498706378,9
Pd9Sn3,H1,-16.716081818463863,5
Pd9Sn3,H1N1,-292.3740266207169,9
Pd9Sn3,H1S1,-349.7114368347211,9
Pd9Sn3,H2O1,-476.8179061473311,9
Pd9Sn3,N1,-274.6910395700543,4
Pd9Sn3,O1,-442.05857801195816,4
Pd9Sn3,S1,-333.0871915320058,5
Pd9Ta3,C1,-156.14579176715415,5
Pd9Ta3,H1,-16.708332016340137,5
Pd9Ta3,N1,-277.1315589278129,5
Pd9Ta3,O1,-445.4920316511707,4
Pd9Ta3,S1,-334.7448505326247,5
Pd9Tc3,C1,-157.15048163853498,3
Pd9Tc3,H1,-16.76203681170591,4
Pd9Tc3,H1O1,-460.655807287294,9
Pd9Tc3,N1,-277.4141922792951,3
Pd9Tc3,O1,-444.3154760398502,3
Pd9Tc3,S1,-334.50631159600744,4
Pd9Ti3,C1,-155.72256957640639,4
Pd9Ti3,H1,-16.743940425087203,4
Pd9Ti3,N1,-276.37907150916,3
Pd9Ti3,O1,-444.4227673971218,3
Pd9Ti3,S1,-334.313380843545,4
Pd9Tl3,C1,-155.8318100851102,5
Pd9Tl3,H1,-16.749045824934,5
Pd9Tl3,N1,-275.0299198043904,5
Pd9Tl3,O1,-441.9184147587548,5
Pd9Tl3,S1,-333.3193774268366,5
Pd9V3,C1,-156.33161572249446,5
Pd9V3,H1,-16.680234765874047,7
Pd9V3,N1,-277.05036029441544,7
Pd9V3,O1,-444.89724304572155,7
Pd9V3,S1,-334.49011089045234,4
Pd9W3,C1,-156.8611236738143,5
Pd9W3,H1,-16.820693942881917,5
Pd9W3,N1,-277.8522897090879,5
Pd9W3,O1,-445.6261562901236,5
Pd9W3,S1,-334.8390545748298,6
Pd9Y3,C1,-156.14325076812383,9
Pd9Y3,H1,-16.95795836736579,9
Pd9Y3,N1,-275.4810860455,9
Pd9Y3,O1,-443.50136993906926,9
Pd9Y3,S1,-334.14562334229777,9
Pd9Zn3,C1,-156.28756960781902,5
Pd9Zn3,H1,-16.660673862577823,5
Pd9Zn3,H1O1,-459.6769261889931,18
Pd9Zn3,N1,-275.3877866457624,5
Pd9Zn3,O1,-442.39745851841144,5
Pd9Zn3,S1,-333.53953140011436,5
Pd9Zr3,C1,-155.4360995558527,5
Pd9Zr3,H1,-16.73655525551294,6
Pd9Zr3,N1,-276.0716514441774,6
Pd9Zr3,O1,-444.27867862968196,5
Pd9Zr3,S1,-334.27606083874707,5
Pt12,C1,-156.85382422008843,4
Pt12,C1H1,-174.16853172123956,2
Pt12,H1,-16.77118160542159,4
Pt12,H1N1,-292.7539825750573,2
Pt12,H1O1,-458.28841961213766,4
Pt12,H1S1,-350.3225231543038,4
Pt12,N1,-275.99292673373566,4
Pt12,O1,-442.28701744345744,4
Pt12,S1,-333.9892584311383,4
Pt3Re9,C1,-157.7756842716699,8
Pt3Re9,H1,-17.180757015044946,9
Pt3Re9,H1O1,-461.18491904087205,36
Pt3Re9,N1,-278.18665720752324,8
Pt3Re9,O1,-445.17393982565045,8
Pt3Re9,S1,-335.34775125977103,8
Pt3Rh9,C1,-157.26306016769013,7
Pt3Rh9,C1H1,-174.45842615839138,9
Pt3Rh9,C1H2,-190.93566359245233,8
Pt3Rh9,C1H3,-207.96492354078873,9
Pt3Rh9,H1,-16.795890902540123,7
Pt3Rh9,H1N1,-293.8842358398033,8
Pt3Rh9,H1O1,-459.9248450256855,36
Pt3Rh9,H1S1,-350.2948959804926,9
Pt3Rh9,H2O1,-476.9391780333535,9
Pt3Rh9,N1,-276.7997614085252,7
Pt3Rh9,O1,-443.2874876455462,7
Pt3Rh9,S1,-334.5889397794599,7
Pt3Ru9,C1,-157.54322367792338,7
Pt3Ru9,C1H1,-174.79146016295635,9
Pt3Ru9,C1H2,-191.23263734323336,5
Pt3Ru9,C1H3,-208.08727993651337,7
Pt3Ru9,H1,-16.8611812167037,7
Pt3Ru9,H1N1,-294.4992263126842,9
Pt3Ru9,H1O1,-460.4186286477561,54
Pt3Ru9,H1S1,-350.7520907676444,9
Pt3Ru9,H2O1,-476.9521797686175,9
Pt3Ru9,N1,-277.52078729726054,7
Pt3Ru9,O1,-444.1812006498294,7
Pt3Ru9,S1,-334.90791012450063,7
Pt3Sc9,C1,-157.44720137105105,3
Pt3Sc9,H1,-17.614339940191712,3
Pt3Sc9,N1,-279.59649261129016,4
Pt3Sc9,O1,-447.7709755259202,3
Pt3Sc9,S1,-336.04863637062226,3
Pt3Sn9,C1,-155.35837595222984,3
Pt3Sn9,C1H1,-172.65376146603376,9
Pt3Sn9,C1H2,-190.22922776746418,9
Pt3Sn9,C1H3,-207.86163919584942,9
Pt3Sn9,H1,-16.4407713224864,5
Pt3Sn9,H1N1,-292.58463456841855,9
Pt3Sn9,H1S1,-349.58889050354264,9
Pt3Sn9,H2O1,-477.0048789672983,9
Pt3Sn9,N1,-275.3531694116573,3
Pt3Sn9,O1,-443.60109381048824,5
Pt3Sn9,S1,-333.1612410545822,3
Pt3Ta9,C1,-158.48666494199279,7
Pt3Ta9,H1,-17.493444659725355,7
Pt3Ta9,N1,-279.7316768615383,7
Pt3Ta9,O1,-446.7801853654746,7
Pt3Ta9,S1,-335.7488991677492,7
Pt3Tc9,C1,-157.61902751840535,6
Pt3Tc9,H1,-17.15671453288087,6
Pt3Tc9,H1O1,-461.3361080747054,9
Pt3Tc9,N1,-278.03292377323305,5
Pt3Tc9,O1,-445.067292969994,6
Pt3Tc9,S1,-335.2284641720871,6
Pt3Ti9,C1,-157.75819388257514,7
Pt3Ti9,H1,-17.5244532561519,7
Pt3Ti9,N1,-279.5858272454425,7
Pt3Ti9,O1,-447.2952495142381,7
Pt3Ti9,S1,-335.72363584685445,7
Pt3Tl9,C1,-155.04353534286201,7
Pt3Tl9,H1,-16.745133100052044,7
Pt3Tl9,N1,-275.13009552083895,7
Pt3Tl9,O1,-442.5552943409348,7
Pt3Tl9,S1,-333.1297298638965,7
Pt3V9,C1,-157.8798291766252,3
Pt3V9,H1,-17.451526747390744,3
Pt3V9,N1,-279.2344466455834,3
Pt3V9,O1,-446.598843669286,4
Pt3V9,S1,-335.4622581236472,3
Pt3W9,C1,-158.16112155111477,5
Pt3W9,H1,-17.38541981959861,5
Pt3W9,N1,-278.87901699181384,5
Pt3W9,O1,-445.79797318561396,5
Pt3W9,S1,-335.42772633329514,5
Pt3Y9,C1,-157.93145529437606,7
Pt3Y9,H1,-17.626737582733767,8
Pt3Y9,N1,-279.84461049925085,7
Pt3Y9,O1,-447.73454261223014,7
Pt3Y9,S1,-336.3422029840294,7
Pt3Zn9,C1,-154.67291207683593,7
Pt3Zn9,H1,-16.452577797717822,9
Pt3Zn9,H1O1,-460.3143984351191,18
Pt3Zn9,N1,-275.0253186314949,7
Pt3Zn9,O1,-443.3370504601189,7
Pt3Zn9,S1,-333.2334532645036,7
Pt3Zr9,C1,-157.89793522328182,3
Pt3Zr9,H1,-17.47445410703949,3
Pt3Zr9,N1,-279.6377419399214,3
Pt3Zr9,O1,-447.2476208848311,3
Pt3Zr9,S1,-335.79802632806604,3
Pt6Re6,C1,-157.56693608599744,12
Pt6Re6,H1,-16.8668143813411,14
Pt6Re6,H1O1,-460.8151563348729,58
Pt6Re6,N1,-277.7911557977568,12
Pt6Re6,O1,-444.35498329569236,12
Pt6Re6,S1,-334.86841851521604,12
Pt6Rh6,C1,-157.18279583715776,12
Pt6Rh6,C1H1,-174.46251521304657,9
Pt6Rh6,C1H2,-190.93166624016158,10
Pt6Rh6,C1H3,-208.0004475942551,10
Pt6Rh6,H1,-16.751190354094433,15
Pt6Rh6,H1N1,-293.6993461873353,10
Pt6Rh6,H1O1,-459.82969375521134,60
Pt6Rh6,H1S1,-350.25465687449105,10
Pt6Rh6,H2O1,-476.97936176418807,10
Pt6Rh6,N1,-276.5648190005122,12
Pt6Rh6,O1,-442.98396982905615,12
Pt6Rh6,S1,-334.4467627477825,12
Pt6Ru6,C1,-157.3721266595894,12
Pt6Ru6,C1H1,-174.60971682674426,10
Pt6Ru6,C1H2,-191.08983730692853,10
Pt6Ru6,C1H3,-207.85295318606222,9
Pt6Ru6,H1,-16.721877843228867,12
Pt6Ru6,H1N1,-294.05259893040056,10
Pt6Ru6,H1O1,-460.24041762128763,58
Pt6Ru6,H1S1,-350.43183169146505,10
Pt6Ru6,H2O1,-477.04136004513566,10
Pt6Ru6,N1,-277.1001983521346,12
Pt6Ru6,O1,-443.48946074086416,12
Pt6Ru6,S1,-334.6402667080474,11
Pt6Sc6,C1,-156.5992117911337,8
Pt6Sc6,H1,-16.773026129078062,9
Pt6Sc6,N1,-277.44766867612634,8
Pt6Sc6,O1,-445.6300626203338,8
Pt6Sc6,S1,-334.77892707652427,8
Pt6Sn6,C1,-155.24381276079293,8
Pt6Sn6,C1H1,-172.75114393393596,10
Pt6Sn6,C1H2,-190.21185819691527,10
Pt6Sn6,C1H3,-207.50075257115532,10
Pt6Sn6,H1,-16.368388225062517,9
Pt6Sn6,H1N1,-292.5773178354757,10
Pt6Sn6,H1S1,-349.17761492665886,10
Pt6Sn6,H2O1,-476.82334107703355,10
Pt6Sn6,N1,-275.0079362715878,8
Pt6Sn6,O1,-442.66171765505715,8
Pt6Sn6,S1,-332.8818500755442,8
Pt6Ta6,C1,-157.13050045542332,8
Pt6Ta6,H1,-17.09923320560847,8
Pt6Ta6,N1,-278.2663645210305,8
Pt6Ta6,O1,-445.65063646739145,8
Pt6Ta6,S1,-335.094619674328,8
Pt6Tc6,C1,-157.3698326038757,8
Pt6Tc6,H1,-16.777554511521885,10
Pt6Tc6,H1O1,-460.7119358006239,10
Pt6Tc6,N1,-277.5260438563382,7
Pt6Tc6,O1,-444.1561064476846,8
Pt6Tc6,S1,-334.74536850131335,8
Pt6Ti6,C1,-156.96936457232368,8
Pt6Ti6,H1,-16.977114773439098,8
Pt6Ti6,N1,-278.23842523264466,8
Pt6Ti6,O1,-445.90293783351444,8
Pt6Ti6,S1,-334.92983379225916,8
Pt6Tl6,C1,-156.30384228748517,8
Pt6Tl6,H1,-16.712811554345535,9
Pt6Tl6,N1,-275.45430609812684,8
Pt6Tl6,O1,-442.54539715244755,8
Pt6Tl6,S1,-333.4513114133333,8
Pt6V6,C1,-157.07547182622875,8
Pt6V6,H1,-16.98860056250851,10
Pt6V6,N1,-277.99696039197806,9
Pt6V6,O1,-445.3288256620399,10
Pt6V6,S1,-334.84237626845425,8
Pt6W6,C1,-157.46106597929975,8
Pt6W6,H1,-17.055953907736694,9
Pt6W6,N1,-278.101200808891,8
Pt6W6,O1,-445.1038913289012,8
Pt6W6,S1,-335.0433168278105,8
Pt6Y6,C1,-156.5248075681775,8
Pt6Y6,H1,-16.860122693873564,8
Pt6Y6,N1,-277.4040056977501,8
Pt6Y6,O1,-445.6117976591995,8
Pt6Y6,S1,-334.7715201378378,8
Pt6Zn6,C1,-155.41022928503662,8
Pt6Zn6,H1,-16.643739810220723,9
Pt6Zn6,H1O1,-459.8757133754916,20
Pt6Zn6,N1,-275.0476726472698,8
Pt6Zn6,O1,-442.6832349207907,8
Pt6Zn6,S1,-333.349360970431,8
Pt6Zr6,C1,-157.75373788241268,8
Pt6Zr6,H1,-17.080757220192027,10
Pt6Zr6,N1,-278.5589054013253,8
Pt6Zr6,O1,-446.26299995327645,10
Pt6Zr6,S1,-335.1867583724961,8
Pt9Re3,C1,-157.204394464934,8
Pt9Re3,H1,-16.82193818340602,11
Pt9Re3,H1O1,-460.859636471112,54
Pt9Re3,N1,-277.6291037073606,9
Pt9Re3,O1,-444.67372043917567,8
Pt9Re3,S1,-334.4853395103419,6
Pt9Rh3,C1,-157.05544588038902,9
Pt9Rh3,C1H1,-174.4623520808018,9
Pt9Rh3,C1H2,-190.8476591198414,9
Pt9Rh3,C1H3,-208.0345242742187,8
Pt9Rh3,H1,-16.767922089806234,8
Pt9Rh3,H1N1,-293.5112713063281,9
Pt9Rh3,H1O1,-459.6336026726276,36
Pt9Rh3,H1S1,-349.96268185492227,9
Pt9Rh3,H2O1,-477.00460426837526,9
Pt9Rh3,N1,-276.34528258958744,9
Pt9Rh3,O1,-442.67810911241395,9
Pt9Rh3,S1,-334.27371508139913,8
Pt9Ru3,C1,-157.16928416055453,7
Pt9Ru3,C1H1,-174.54384772644698,8
Pt9Ru3,C1H2,-190.95124469479197,9
Pt9Ru3,C1H3,-207.9524297060052,9
Pt9Ru3,H1,-16.708358411378867,9
Pt9Ru3,H1N1,-293.69016533853573,4
Pt9Ru3,H1O1,-460.029777564152,36
Pt9Ru3,H1S1,-350.17134296416043,9
Pt9Ru3,H2O1,-477.11519840735855,9
Pt9Ru3,N1,-276.6406379433174,7
Pt9Ru3,O1,-442.99624121077795,8
Pt9Ru3,S1,-334.3830594015308,8
Pt9Sc3,C1,-156.92244765665964,3
Pt9Sc3,H1,-16.882330720582104,4
Pt9Sc3,N1,-276.00978241730627,3
Pt9Sc3,O1,-443.5059987315217,3
Pt9Sc3,S1,-334.1009457874716,3
Pt9Sn3,C1,-156.0833160624752,3
Pt9Sn3,C1H1,-173.77107762255764,9
Pt9Sn3,C1H2,-190.5859111857535,9
Pt9Sn3,C1H3,-207.81913066043126,9
Pt9Sn3,H1,-16.802635924319475,3
Pt9Sn3,H1N1,-292.681404644125,9
Pt9Sn3,H1S1,-349.8677760311293,9
Pt9Sn3,H2O1,-476.8766908998987,9
Pt9Sn3,N1,-275.11869544761794,2
Pt9Sn3,O1,-442.31008643835594,3
Pt9Sn3,S1,-333.6242646562205,3
Pt9Ta3,C1,-156.3257311246707,7
Pt9Ta3,H1,-16.548220913959085,7
Pt9Ta3,N1,-276.73723631519533,7
Pt9Ta3,O1,-445.0288873670397,7
Pt9Ta3,S1,-334.43453191102526,7
Pt9Tc3,C1,-157.09385951069999,7
Pt9Tc3,H1,-16.619796513565234,7
Pt9Tc3,H1O1,-460.4637187271728,9
Pt9Tc3,N1,-276.887746561064,7
Pt9Tc3,O1,-444.0014908203375,7
Pt9Tc3,S1,-334.4024525466448,7
Pt9Ti3,C1,-156.1958242502078,9
Pt9Ti3,H1,-16.75167743786733,9
Pt9Ti3,N1,-276.3936233409149,9
Pt9Ti3,O1,-443.9551547316587,9
Pt9Ti3,S1,-334.2995692974946,9
Pt9Tl3,C1,-156.89285854207264,5
Pt9Tl3,H1,-16.82424774960964,5
Pt9Tl3,N1,-275.82960128664126,5
Pt9Tl3,O1,-442.35676552652876,5
Pt9Tl3,S1,-333.817929707875,5
Pt9V3,C1,-156.5358813768944,3
Pt9V3,H1,-16.668967620265903,5
Pt9V3,N1,-276.7873592761025,3
Pt9V3,O1,-444.6032545197995,3
Pt9V3,S1,-334.37644104874926,3
Pt9W3,C1,-156.8293700296963,9
Pt9W3,H1,-16.752165746154787,9
Pt9W3,N1,-277.4366517392009,9
Pt9W3,O1,-445.3070033566946,9
Pt9W3,S1,-334.47736045231795,9
Pt9Y3,C1,-157.14027628112672,5
Pt9Y3,H1,-16.920799453957443,5
Pt9Y3,N1,-276.0310788626557,5
Pt9Y3,O1,-443.40390869421753,5
Pt9Y3,S1,-334.3217788208349,5
Pt9Zn3,C1,-156.88980610508588,3
Pt9Zn3,H1,-16.716998433927074,3
Pt9Zn3,H1O1,-459.6225943072932,18
Pt9Zn3,N1,-275.9603201487989,3
Pt9Zn3,O1,-442.5502424114602,3
Pt9Zn3,S1,-334.01998348494817,3
Pt9Zr3,C1,-155.9435084620527,3
Pt9Zr3,H1,-16.768347675853875,3
Pt9Zr3,N1,-276.11345602109213,3
Pt9Zr3,O1,-443.70308765555455,3
Pt9Zr3,S1,-334.23120423301225,3
Re12,C1,-157.69369582785657,4
Re12,C1H1,-174.86106076032956,12
Re12,C1H2,-191.77897716816733,8
Re12,C1H3,-208.05942228228741,8
Re12,H1,-16.970852617669152,4
Re12,H1N1,-293.4081506378607,4
Re12,H1S1,-351.18266180077626,4
Re12,N1,-278.1084714185454,4
Re12,O1,-444.91297217799365,4
Re12,S1,-335.0648932783115,4
Re3Rh9,C1,-157.31061342156318,7
Re3Rh9,H1,-16.823103238803014,7
Re3Rh9,H1O1,-460.6841623656255,36
Re3Rh9,N1,-277.43023992081726,7
Re3Rh9,O1,-444.4467181769178,7
Re3Rh9,S1,-334.7780575367542,7
Re3Ru9,C1,-157.5824253499195,7
Re3Ru9,H1,-16.959551457832276,7
Re3Ru9,H1O1,-460.4929309640902,36
Re3Ru9,N1,-277.7921926875315,7
Re3Ru9,O1,-444.57149339255557,7
Re3Ru9,S1,-334.94469705829397,7
Re3Sc9,C1,-158.00592482466163,7
Re3Sc9,H1,-17.543949940576567,7
Re3Sc9,N1,-278.98202854262854,7
Re3Sc9,O1,-447.34114668329494,7
Re3Sc9,S1,-335.72527179525423,5
Re3Sn9,C1,-156.63748596311416,3
Re3Sn9,H1,-17.9717723518188,5
Re3Sn9,N1,-277.0104855488389,4
Re3Sn9,O1,-445.15828824581695,5
Re3Sn9,S1,-335.03844326896433,3
Re3Ta9,C1,-159.00084308809892,3
Re3Ta9,H1,-17.698069776513876,3
Re3Ta9,N1,-280.354537819032,3
Re3Ta9,O1,-447.63635019749563,3
Re3Ta9,S1,-336.6409747270045,3
Re3Tc9,C1,-157.74993944533708,5
Re3Tc9,H1,-17.03444861501339,5
Re3Tc9,H1O1,-460.9199813883715,10
Re3Tc9,N1,-278.1933359695795,5
Re3Tc9,O1,-445.04575543178726,5
Re3Tc9,S1,-335.15059566785203,5
Re3Ti9,C1,-158.042131203576,3
Re3Ti9,H1,-17.630398058092396,3
Re3Ti9,N1,-279.5735037539125,3
Re3Ti9,O1,-447.32914047650047,3
Re3Ti9,S1,-335.88615243556706,3
Re3Tl9,C1,-157.2053954356852,3
Re3Tl9,H1,-19.072584395849844,3
Re3Tl9,N1,-278.26581607558546,3
Re3Tl9,O1,-445.5350463183204,3
Re3Tl9,S1,-336.09619016871875,3
Re3V9,C1,-158.25643500143997,5
Re3V9,H1,-18.221583196027495,5
Re3V9,N1,-279.78752087984685,6
Re3V9,O1,-447.2233261531437,5
Re3V9,S1,-336.17769860372573,6
Re3W9,C1,-158.3387457640929,9
Re3W9,H1,-17.388646545496158,9
Re3W9,N1,-278.992195259867,9
Re3W9,O1,-445.7955962712331,9
Re3W9,S1,-335.50724452767827,9
Re3Y9,C1,-158.67758450106703,9
Re3Y9,H1,-17.504012064589915,9
Re3Y9,N1,-279.34835771620783,9
Re3Y9,O1,-447.19967388223085,9
Re3Y9,S1,-335.97972775874587,9
Re3Zn9,C1,-157.16065638314467,5
Re3Zn9,H1,-17.158866681238578,5
Re3Zn9,H1O1,-460.31479912275245,18
Re3Zn9,N1,-277.1608767449143,5
Re3Zn9,O1,-444.0038673265517,5
Re3Zn9,S1,-333.8719708359422,5
Re3Zr9,C1,-158.38224520205767,3
Re3Zr9,H1,-17.646310595093382,4
Re3Zr9,N1,-279.51993433518146,3
Re3Zr9,O1,-447.2482301477139,3
Re3Zr9,S1,-336.0290885287941,3
Re6Rh6,C1,-157.57718906331866,11
Re6Rh6,H1,-16.971766511993337,12
Re6Rh6,H1O1,-460.81462353597453,60
Re6Rh6,N1,-277.9626567690757,12
Re6Rh6,O1,-444.7757088419603,12
Re6Rh6,S1,-335.00642785133095,12
Re6Ru6,C1,-157.72443557580482,12
Re6Ru6,H1,-17.00003369755359,13
Re6Ru6,H1O1,-460.67019068057925,60
Re6Ru6,N1,-278.0551288066963,12
Re6Ru6,O1,-444.8833670086897,12
Re6Ru6,S1,-335.11811248652884,12
Re6Sc6,C1,-158.07288074762982,8
Re6Sc6,H1,-17.19994934013812,8
Re6Sc6,N1,-278.5879777717346,8
Re6Sc6,O1,-446.11385707944646,8
Re6Sc6,S1,-335.5415247487872,8
Re6Sn6,C1,-157.94909915568132,8
Re6Sn6,H1,-17.106206394833862,10
Re6Sn6,N1,-277.1138892156996,8
Re6Sn6,O1,-444.19818068942186,8
Re6Sn6,S1,-333.89388130617954,8
Re6Ta6,C1,-158.30438907899588,8
Re6Ta6,H1,-17.32731984151178,9
Re6Ta6,N1,-278.48376864791135,8
Re6Ta6,O1,-445.9097466659805,8
Re6Ta6,S1,-335.4704401786039,8
Re6Tc6,C1,-157.79763174937762,10
Re6Tc6,H1,-17.037589352934447,10
Re6Tc6,H1O1,-460.83298809077314,14
Re6Tc6,N1,-278.2338719517793,10
Re6Tc6,O1,-445.05355856821916,10
Re6Tc6,S1,-335.1753302715515,10
Re6Ti6,C1,-158.60197032392534,8
Re6Ti6,H1,-17.396257025335217,9
Re6Ti6,N1,-278.9147267629669,8
Re6Ti6,O1,-445.89807012510573,8
Re6Ti6,S1,-335.9378509356029,8
Re6Tl6,C1,-157.81061824627614,8
Re6Tl6,H1,-17.533881184321217,10
Re6Tl6,N1,-278.2223438490073,8
Re6Tl6,O1,-445.4719846164953,8
Re6Tl6,S1,-335.27236171259574,8
Re6V6,C1,-158.20466833688624,8
Re6V6,H1,-17.259715335207147,8
Re6V6,N1,-278.44285170633157,8
Re6V6,O1,-445.69712779700785,8
Re6V6,S1,-335.4448144020789,8
Re6W6,C1,-158.09938531579974,8
Re6W6,H1,-17.261276180182904,9
Re6W6,N1,-278.5407333670628,8
Re6W6,O1,-445.4559705810352,8
Re6W6,S1,-335.34188489357985,8
Re6Y6,C1,-159.01949975710522,8
Re6Y6,H1,-17.167408198572957,10
Re6Y6,N1,-279.2930342516702,8
Re6Y6,O1,-446.34395667746867,8
Re6Y6,S1,-335.5107137070081,8
Re6Zn6,C1,-157.45101341381815,8
Re6Zn6,H1,-17.516441680520074,13
Re6Zn6,H1O1,-461.22866773511487,20
Re6Zn6,N1,-277.86421931583027,8
Re6Zn6,O1,-444.627579728236,8
Re6Zn6,S1,-334.71621504098584,8
Re6Zr6,C1,-158.8121935026611,8
Re6Zr6,H1,-17.46939932037276,9
Re6Zr6,N1,-279.0064755220046,8
Re6Zr6,O1,-445.9339560899789,8
Re6Zr6,S1,-336.0511674374902,8
Re9Rh3,C1,-157.88568234529885,7
Re9Rh3,H1,-17.140312735205953,7
Re9Rh3,H1O1,-461.0846889016575,54
Re9Rh3,N1,-278.2857123591857,7
Re9Rh3,O1,-445.1729909646929,6
Re9Rh3,S1,-335.33668126064003,7
Re9Ru3,C1,-157.86241089769464,7
Re9Ru3,H1,-17.019402216363233,7
Re9Ru3,H1O1,-460.84496069150555,54
Re9Ru3,N1,-278.2487357620448,7
Re9Ru3,O1,-445.05211201105703,7
Re9Ru3,S1,-335.2311844941323,7
Re9Sc3,C1,-158.415655611283,5
Re9Sc3,H1,-17.17378736329556,6
Re9Sc3,N1,-278.4400445799729,4
Re9Sc3,O1,-445.51292822523465,3
Re9Sc3,S1,-335.65382408914957,4
Re9Sn3,C1,-157.7700311066692,3
Re9Sn3,H1,-16.971097384066525,3
Re9Sn3,N1,-277.9919271022991,3
Re9Sn3,O1,-444.84455037776934,3
Re9Sn3,S1,-335.17223484058195,3
Re9Ta3,C1,-158.3790994300325,7
Re9Ta3,H1,-17.24668747701071,7
Re9Ta3,N1,-278.6525320179644,7
Re9Ta3,O1,-445.44675177235695,7
Re9Ta3,S1,-335.506967787911,7
Re9Tc3,C1,-157.86777303694544,7
Re9Tc3,H1,-17.031134812688833,7
Re9Tc3,H1O1,-460.7639247821826,12
Re9Tc3,N1,-278.2807445128892,6
Re9Tc3,O1,-445.0508047761723,7
Re9Tc3,S1,-335.2060969587801,7
Re9Ti3,C1,-158.17373824529932,7
Re9Ti3,H1,-17.164621344691113,7
Re9Ti3,N1,-278.50392969827226,7
Re9Ti3,O1,-445.4940648857628,7
Re9Ti3,S1,-335.36365903477054,7
Re9Tl3,C1,-157.92597070390548,7
Re9Tl3,H1,-16.984747702670575,7
Re9Tl3,N1,-279.1000772402258,7
Re9Tl3,O1,-445.00279613978637,7
Re9Tl3,S1,-335.2751301987919,7
Re9V3,C1,-158.05465796413773,7
Re9V3,H1,-17.196040424845705,6
Re9V3,N1,-278.44416710462974,7
Re9V3,O1,-445.4122301862735,7
Re9V3,S1,-335.26527450767026,7
Re9W3,C1,-157.97434710214293,9
Re9W3,H1,-17.142615362510696,9
Re9W3,N1,-278.3132142245704,9
Re9W3,O1,-445.1975752255021,8
Re9W3,S1,-335.2597662432963,9
Re9Y3,C1,-159.40582004596217,7
Re9Y3,H1,-17.33036329874085,7
Re9Y3,N1,-278.7748629710404,7
Re9Y3,O1,-445.6248618445934,7
Re9Y3,S1,-335.9250087951041,7
Re9Zn3,C1,-157.84146561525267,9
Re9Zn3,H1,-17.029059672553558,10
Re9Zn3,H1O1,-460.9037002731784,18
Re9Zn3,N1,-278.216994499111,9
Re9Zn3,O1,-445.1652817075301,10
Re9Zn3,S1,-335.3290647942995,9
Re9Zr3,C1,-158.4697853124053,7
Re9Zr3,H1,-17.25873014705212,7
Re9Zr3,N1,-278.6779390149568,7
Re9Zr3,O1,-445.64039192558994,7
Re9Zr3,S1,-335.70173734962736,7
Rh12,C1,-157.14994298918828,4
Rh12,C1H1,-174.35356545797913,4
Rh12,H1,-16.74314258731829,4
Rh12,H1N1,-293.64723897231306,4
Rh12,H1O1,-459.6899871090245,4
Rh12,H1S1,-350.72002732192414,4
Rh12,N1,-276.72753885826387,4
Rh12,O1,-443.1086259948861,4
Rh12,S1,-334.40868082423185,4
Rh3Ru9,C1,-157.5198929095095,7
Rh3Ru9,C1H1,-174.7628073920896,7
Rh3Ru9,C1H2,-191.0788722076868,8
Rh3Ru9,C1H3,-208.04399016226307,8
Rh3Ru9,H1,-16.89589872475335,7
Rh3Ru9,H1N1,-294.5117649102067,9
Rh3Ru9,H1O1,-460.37129539792295,36
Rh3Ru9,H1S1,-351.29572605313297,9
Rh3Ru9,H2O1,-476.92923608213823,9
Rh3Ru9,N1,-277.5329106490535,7
Rh3Ru9,O1,-444.230607407113,7
Rh3Ru9,S1,-334.7822705392646,7
Rh3Sc9,C1,-158.0381625592927,7
Rh3Sc9,H1,-17.612823857936746,6
Rh3Sc9,N1,-279.61918840205544,6
Rh3Sc9,O1,-447.7124506420696,7
Rh3Sc9,S1,-336.1047631152069,7
Rh3Sn9,C1,-155.62763967054343,5
Rh3Sn9,C1H1,-172.71581716299988,9
Rh3Sn9,C1H2,-190.16366642792127,9
Rh3Sn9,C1H3,-207.74865562524428,9
Rh3Sn9,H1,-16.56943817418869,5
Rh3Sn9,H1N1,-292.83375029783565,9
Rh3Sn9,H1S1,-349.7149607089341,9
Rh3Sn9,H2O1,-476.9491535906236,9
Rh3Sn9,N1,-275.878700147121,5
Rh3Sn9,O1,-443.6964720239084,5
Rh3Sn9,S1,-333.2730503179191,3
Rh3Ta9,C1,-158.44548990043768,3
Rh3Ta9,H1,-17.499786953019793,3
Rh3Ta9,N1,-279.69547728546604,3
Rh3Ta9,O1,-446.82358466554433,3
Rh3Ta9,S1,-335.8253756736485,3
Rh3Tc9,C1,-157.70107922869283,5
Rh3Tc9,H1,-17.158799333061324,5
Rh3Tc9,H1O1,-461.2880137224638,9
Rh3Tc9,N1,-278.13767073005874,5
Rh3Tc9,O1,-445.11085649076995,5
Rh3Tc9,S1,-335.24595877894535,5
Rh3Ti9,C1,-157.85187682677497,3
Rh3Ti9,H1,-17.741749081727903,3
Rh3Ti9,N1,-279.69413195464585,3
Rh3Ti9,O1,-447.41993561259005,3
Rh3Ti9,S1,-335.96159395648283,3
Rh3Tl9,C1,-155.63163729494772,4
Rh3Tl9,H1,-16.920728568304185,4
Rh3Tl9,N1,-275.4275637024657,3
Rh3Tl9,O1,-442.9753234118325,3
Rh3Tl9,S1,-333.4708679628093,3
Rh3V9,C1,-157.8843804166354,7
Rh3V9,H1,-17.53202972176223,6
Rh3V9,N1,-279.2334183273888,7
Rh3V9,O1,-446.632013801991,7
Rh3V9,S1,-335.55444158453975,7
Rh3W9,C1,-158.09797059595076,8
Rh3W9,H1,-17.330880587145657,8
Rh3W9,N1,-278.82645629907347,9
Rh3W9,O1,-445.81618834991605,9
Rh3W9,S1,-335.3800597440022,9
Rh3Y9,C1,-158.22679078379952,5
Rh3Y9,H1,-17.697293979959795,5
Rh3Y9,N1,-279.79587980880024,5
Rh3Y9,O1,-448.0860238942114,6
Rh3Y9,S1,-336.22004101364655,5
Rh3Zn9,C1,-154.94197130161047,4
Rh3Zn9,H1,-16.505549246292503,3
Rh3Zn9,H1O1,-460.25881564608426,18
Rh3Zn9,N1,-275.11663840305846,4
Rh3Zn9,O1,-443.1357572412235,3
Rh3Zn9,S1,-333.3161753272361,4
Rh3Zr9,C1,-158.4928847840565,4
Rh3Zr9,H1,-17.555924990330823,3
Rh3Zr9,N1,-279.6847755924173,4
Rh3Zr9,O1,-447.28215104250194,3
Rh3Zr9,S1,-336.03731534647886,3
Rh6Ru6,C1,-157.39263002916778,12
Rh6Ru6,C1H1,-174.62772668116304,10
Rh6Ru6,C1H2,-190.98266377495383,9
Rh6Ru6,C1H3,-207.88000524727977,10
Rh6Ru6,H1,-16.834286029123177,13
Rh6Ru6,H1N1,-294.1972301567912,10
Rh6Ru6,H1O1,-460.3369704140896,60
Rh6Ru6,H1S1,-350.82210198480243,11
Rh6Ru6,H2O1,-476.967458008261,10
Rh6Ru6,N1,-277.2958960941687,12
Rh6Ru6,O1,-443.8445426331564,12
Rh6Ru6,S1,-334.6753721143723,11
Rh6Sc6,C1,-156.80979484042473,8
Rh6Sc6,H1,-17.074374245876243,9
Rh6Sc6,N1,-277.1551981372613,8
Rh6Sc6,O1,-445.634717535715,8
Rh6Sc6,S1,-334.81297654510126,8
Rh6Sn6,C1,-155.45805002682027,8
Rh6Sn6,C1H1,-172.72300668272874,10
Rh6Sn6,C1H2,-189.72929437263883,10
Rh6Sn6,C1H3,-207.36190471623922,10
Rh6Sn6,H1,-16.251277367809962,8
Rh6Sn6,H1N1,-292.4118021440845,10
Rh6Sn6,H1S1,-349.19540913085075,10
Rh6Sn6,H2O1,-476.8166659885137,10
Rh6Sn6,N1,-275.0236028176769,8
Rh6Sn6,O1,-442.55935890533874,8
Rh6Sn6,S1,-332.9625201278068,8
Rh6Ta6,C1,-157.68121600692757,8
Rh6Ta6,H1,-17.148564587358123,9
Rh6Ta6,N1,-278.8078407192588,8
Rh6Ta6,O1,-445.9430871419463,8
Rh6Ta6,S1,-335.42834892975225,8
Rh6Tc6,C1,-157.4619280359475,10
Rh6Tc6,H1,-16.996199477514892,10
Rh6Tc6,H1O1,-460.8047973692046,13
Rh6Tc6,N1,-277.7529625796451,10
Rh6Tc6,O1,-444.6111511273448,10
Rh6Tc6,S1,-334.9210449234415,8
Rh6Ti6,C1,-156.93307397417448,8
Rh6Ti6,H1,-16.965374285809958,8
Rh6Ti6,N1,-278.4671658941552,8
Rh6Ti6,O1,-446.11222534881017,8
Rh6Ti6,S1,-335.1984505599139,8
Rh6Tl6,C1,-156.22053626846537,8
Rh6Tl6,H1,-16.5755999199464,9
Rh6Tl6,N1,-275.92909114015856,8
Rh6Tl6,O1,-442.64467897493887,8
Rh6Tl6,S1,-333.4922275385725,8
Rh6V6,C1,-157.4661202217394,8
Rh6V6,H1,-17.135999322686985,9
Rh6V6,N1,-278.4707056870284,8
Rh6V6,O1,-445.65533056716595,8
Rh6V6,S1,-335.1371027671048,8
Rh6W6,C1,-157.48152757939897,8
Rh6W6,H1,-17.08308433773709,9
Rh6W6,N1,-278.1441679921845,8
Rh6W6,O1,-445.2973487576928,8
Rh6W6,S1,-335.2131358634979,8
Rh6Y6,C1,-157.19365195481078,8
Rh6Y6,H1,-17.134244188429875,8
Rh6Y6,N1,-277.4644530658661,8
Rh6Y6,O1,-445.59230410408054,8
Rh6Y6,S1,-334.9187719565416,8
Rh6Zn6,C1,-156.99993506547617,8
Rh6Zn6,H1,-16.854969129883102,11
Rh6Zn6,H1O1,-459.9278905237734,14
Rh6Zn6,N1,-276.24175279797055,8
Rh6Zn6,O1,-442.96205405260844,10
Rh6Zn6,S1,-333.89414716140163,8
Rh6Zr6,C1,-157.101209577595,8
Rh6Zr6,H1,-16.976227546263544,9
Rh6Zr6,N1,-278.4989006263604,8
Rh6Zr6,O1,-446.26669457891694,8
Rh6Zr6,S1,-335.36560369632207,8
Rh9Ru3,C1,-157.28766197984805,7
Rh9Ru3,C1H1,-174.51352376844807,9
Rh9Ru3,C1H2,-190.8424477316621,9
Rh9Ru3,C1H3,-207.8168700747192,9
Rh9Ru3,H1,-16.783514212762384,7
Rh9Ru3,H1N1,-293.94434388196896,9
Rh9Ru3,H1O1,-460.1251355050881,36
Rh9Ru3,H1S1,-350.38226098559244,9
Rh9Ru3,H2O1,-476.9857696369254,9
Rh9Ru3,N1,-277.0450861839927,7
Rh9Ru3,O1,-443.49876921105897,7
Rh9Ru3,S1,-334.54047385576996,7
Rh9Sc3,C1,-158.03162230318412,3
Rh9Sc3,H1,-17.039152646942966,3
Rh9Sc3,N1,-277.4793884420724,4
Rh9Sc3,O1,-444.16374454707693,4
Rh9Sc3,S1,-335.13581879795674,3
Rh9Sn3,C1,-157.38166492991877,3
Rh9Sn3,C1H1,-174.32655326144595,9
Rh9Sn3,C1H2,-190.56585979726515,9
Rh9Sn3,C1H3,-207.56341576225896,9
Rh9Sn3,H1,-16.877811998179823,5
Rh9Sn3,H1N1,-293.4527498239004,9
Rh9Sn3,H1S1,-350.0254172922505,9
Rh9Sn3,H2O1,-476.8283823940619,9
Rh9Sn3,N1,-276.6353368936252,3
Rh9Sn3,O1,-442.92480724642155,3
Rh9Sn3,S1,-334.15058751505785,3
Rh9Ta3,C1,-157.35897716651016,3
Rh9Ta3,H1,-17.0311798475268,3
Rh9Ta3,N1,-277.043447242344,3
Rh9Ta3,O1,-444.5066409095598,3
Rh9Ta3,S1,-334.8014195982578,3
Rh9Tc3,C1,-157.25725203386537,3
Rh9Tc3,H1,-16.832489397500467,3
Rh9Tc3,H1O1,-460.3559364765315,9
Rh9Tc3,N1,-277.26426898298087,3
Rh9Tc3,O1,-443.9337539306507,3
Rh9Tc3,S1,-334.661611181491,3
Rh9Ti3,C1,-157.62863082395052,3
Rh9Ti3,H1,-17.02771828738696,3
Rh9Ti3,N1,-277.0847376601632,3
Rh9Ti3,O1,-444.324973901279,4
Rh9Ti3,S1,-334.81928115063056,4
Rh9Tl3,C1,-157.64143840599354,4
Rh9Tl3,H1,-16.890760535196023,3
Rh9Tl3,N1,-276.9735655513796,3
Rh9Tl3,O1,-443.1347770871798,3
Rh9Tl3,S1,-334.32733361668215,3
Rh9V3,C1,-157.2054807433742,7
Rh9V3,H1,-16.95889117360275,7
Rh9V3,N1,-277.27390494217616,7
Rh9V3,O1,-444.41511229061507,7
Rh9V3,S1,-334.71247837374904,7
Rh9W3,C1,-157.00061943177207,7
Rh9W3,H1,-16.910430964304396,7
Rh9W3,N1,-277.36502634275894,7
Rh9W3,O1,-444.8246394000271,7
Rh9W3,S1,-334.9093970905742,7
Rh9Y3,C1,-158.38524825037894,7
Rh9Y3,H1,-17.19797324944375,7
Rh9Y3,N1,-277.69818769660196,7
Rh9Y3,O1,-444.162353092961,7
Rh9Y3,S1,-335.47527060740686,7
Rh9Zn3,C1,-157.5256912472396,3
Rh9Zn3,H1,-16.84239080374391,3
Rh9Zn3,H1O1,-459.9190375721446,18
Rh9Zn3,N1,-277.09878199960076,3
Rh9Zn3,O1,-443.3279326056654,3
Rh9Zn3,S1,-334.5605087813674,3
Rh9Zr3,C1,-157.9530684802412,4
Rh9Zr3,H1,-17.09510265359495,3
Rh9Zr3,N1,-276.8655461535309,3
Rh9Zr3,O1,-444.28678381247664,3
Rh9Zr3,S1,-335.0986054617788,3
Ru12,C1,-157.47698042109187,4
Ru12,C1H1,-174.7411917572026,4
Ru12,H1,-16.870033215927833,4
Ru12,H1N1,-292.52577498454775,2
Ru12,H1S1,-350.82520993300204,4
Ru12,N1,-277.4259656926988,4
Ru12,O1,-444.0801260053122,4
Ru12,S1,-334.71664566113395,4
Ru3Sc9,C1,-158.0945233217899,7
Ru3Sc9,H1,-17.59631988151159,7
Ru3Sc9,N1,-279.39980247009225,7
Ru3Sc9,O1,-447.62825290600085,7
Ru3Sc9,S1,-336.0088190410679,7
Ru3Sn9,C1,-155.9995399668005,5
Ru3Sn9,C1H1,-173.39350797052975,9
Ru3Sn9,C1H2,-190.67955548978716,9
Ru3Sn9,C1H3,-207.9584019244794,9
Ru3Sn9,H1,-16.861149515443685,5
Ru3Sn9,H1N1,-293.4358023019122,9
Ru3Sn9,H1S1,-350.05806455821585,9
Ru3Sn9,H2O1,-476.9635077316634,9
Ru3Sn9,N1,-276.1643580439195,6
Ru3Sn9,O1,-443.2358955420241,5
Ru3Sn9,S1,-333.48682254139567,4
Ru3Ta9,C1,-158.79674369524946,3
Ru3Ta9,H1,-17.674273965556495,3
Ru3Ta9,N1,-280.0943497775261,3
Ru3Ta9,O1,-447.2714648599467,3
Ru3Ta9,S1,-336.30836385945804,3
Ru3Tc9,C1,-157.7144476373578,9
Ru3Tc9,H1,-17.051235045608337,9
Ru3Tc9,H1O1,-461.07294011455815,10
Ru3Tc9,N1,-278.108603529814,9
Ru3Tc9,O1,-445.0053477512556,9
Ru3Tc9,S1,-335.13183273838877,9
Ru3Ti9,C1,-157.9551067489483,3
Ru3Ti9,H1,-17.586777665528643,3
Ru3Ti9,N1,-279.74056722881505,3
Ru3Ti9,O1,-447.45159129572494,3
Ru3Ti9,S1,-336.0320172900356,3
Ru3Tl9,C1,-156.68095233924396,3
Ru3Tl9,H1,-17.043257212088065,3
Ru3Tl9,N1,-276.6195506174554,3
Ru3Tl9,O1,-443.5008565963144,3
Ru3Tl9,S1,-334.0884545377703,3
Ru3V9,C1,-158.11268283881145,3
Ru3V9,H1,-17.70766287778315,3
Ru3V9,N1,-279.2290167499923,3
Ru3V9,O1,-446.9865898346543,3
Ru3V9,S1,-335.92439545051093,3
Ru3W9,C1,-158.01024980201692,9
Ru3W9,H1,-17.29703207464263,8
Ru3W9,N1,-278.72764210421883,8
Ru3W9,O1,-445.7799614264077,9
Ru3W9,S1,-335.3287488701353,9
Ru3Y9,C1,-158.34731354042015,9
Ru3Y9,H1,-17.69344941959207,9
Ru3Y9,N1,-279.1949350359246,9
Ru3Y9,O1,-447.76998299069237,9
Ru3Y9,S1,-336.2427170761657,9
Ru3Zn9,C1,-155.85381429855624,5
Ru3Zn9,H1,-16.81539126050484,5
Ru3Zn9,H1O1,-460.0944549418855,18
Ru3Zn9,N1,-275.770590135362,5
Ru3Zn9,O1,-443.1277838975875,5
Ru3Zn9,S1,-333.48375173672684,4
Ru3Zr9,C1,-158.65449741060002,5
Ru3Zr9,H1,-17.880503737647814,5
Ru3Zr9,N1,-279.69984362411924,5
Ru3Zr9,O1,-447.3360216912515,5
Ru3Zr9,S1,-336.130009565044,5
Ru6Sc6,C1,-158.11579309998706,8
Ru6Sc6,H1,-17.28745176272787,10
Ru6Sc6,N1,-278.0183658189235,8
Ru6Sc6,O1,-445.44459091636236,8
Ru6Sc6,S1,-335.4499570815133,8
Ru6Sn6,C1,-156.14454820690298,8
Ru6Sn6,C1H1,-173.3031630467849,10
Ru6Sn6,C1H2,-190.080739327419,10
Ru6Sn6,C1H3,-207.5886367694511,10
Ru6Sn6,H1,-16.61072804777723,8
Ru6Sn6,H1N1,-292.9888830775344,10
Ru6Sn6,H1S1,-349.7523186736107,10
Ru6Sn6,H2O1,-476.7957480535042,10
Ru6Sn6,N1,-276.06987249994927,8
Ru6Sn6,O1,-442.8910357421337,8
Ru6Sn6,S1,-333.4139338564564,8
Ru6Ta6,C1,-157.5274342724333,8
Ru6Ta6,H1,-17.037712484449003,10
Ru6Ta6,N1,-278.9108796175133,8
Ru6Ta6,O1,-446.17977393572437,8
Ru6Ta6,S1,-335.4782777374421,8
Ru6Tc6,C1,-157.69699983408645,8
Ru6Tc6,H1,-17.012806857197575,8
Ru6Tc6,H1O1,-460.8109338083814,13
Ru6Tc6,N1,-277.93683479847095,8
Ru6Tc6,O1,-444.7845756713941,8
Ru6Tc6,S1,-335.03916001681864,8
Ru6Ti6,C1,-157.45014414616162,7
Ru6Ti6,H1,-17.228593403364357,10
Ru6Ti6,N1,-278.0088067318866,8
Ru6Ti6,O1,-445.91218929585375,7
Ru6Ti6,S1,-335.1924277282669,7
Ru6Tl6,C1,-157.42749475080564,8
Ru6Tl6,H1,-16.77376587055187,9
Ru6Tl6,N1,-277.0228646876458,8
Ru6Tl6,O1,-443.36263324266474,8
Ru6Tl6,S1,-333.98604082105885,8
Ru6V6,C1,-157.59896497325826,8
Ru6V6,H1,-17.058942670086253,10
Ru6V6,N1,-278.5926030267037,8
Ru6V6,O1,-445.8359299367985,8
Ru6V6,S1,-335.2905823191795,8
Ru6W6,C1,-157.68391660071939,8
Ru6W6,H1,-17.140181712391495,8
Ru6W6,N1,-278.21364668255046,8
Ru6W6,O1,-445.2856482708012,8
Ru6W6,S1,-335.1330206513521,8
Ru6Y6,C1,-158.3369650511304,8
Ru6Y6,H1,-17.34114730622241,8
Ru6Y6,N1,-278.1396507664067,8
Ru6Y6,O1,-445.54426920871265,8
Ru6Y6,S1,-335.5509570307768,8
Ru6Zn6,C1,-157.8347309337987,8
Ru6Zn6,H1,-17.099477291725634,9
Ru6Zn6,H1O1,-460.1967268872977,20
Ru6Zn6,N1,-277.5339825054616,8
Ru6Zn6,O1,-443.9828624511647,8
Ru6Zn6,S1,-334.5120287077589,8
Ru6Zr6,C1,-157.628560890691,8
Ru6Zr6,H1,-17.298747616336186,9
Ru6Zr6,N1,-277.93335282979024,8
Ru6Zr6,O1,-446.0073231510396,8
Ru6Zr6,S1,-335.2421784374419,8
Ru9Sc3,C1,-158.49679043398646,3
Ru9Sc3,H1,-17.043905931474,3
Ru9Sc3,N1,-278.42181077587156,3
Ru9Sc3,O1,-444.7505342301738,3
Ru9Sc3,S1,-335.48692578734335,3
Ru9Sn3,C1,-157.85384842759595,5
Ru9Sn3,C1H1,-174.95140595618795,9
Ru9Sn3,C1H2,-191.1271262907576,9
Ru9Sn3,C1H3,-207.76402407062778,9
Ru9Sn3,H1,-16.91321822635655,5
Ru9Sn3,H1N1,-294.40855947828095,9
Ru9Sn3,H1S1,-350.10016397048093,9
Ru9Sn3,H2O1,-476.8145576504903,10
Ru9Sn3,N1,-277.7210100203156,5
Ru9Sn3,O1,-444.11369301605373,5
Ru9Sn3,S1,-334.7117797214705,6
Ru9Ta3,C1,-158.1890504991752,5
Ru9Ta3,H1,-17.071784538478823,5
Ru9Ta3,N1,-278.02720475668684,5
Ru9Ta3,O1,-444.87678457493166,5
Ru9Ta3,S1,-335.1485012076373,5
Ru9Tc3,C1,-157.63422548447488,3
Ru9Tc3,H1,-16.955788259507244,3
Ru9Tc3,H1O1,-460.4932645756562,11
Ru9Tc3,N1,-277.71080262205214,3
Ru9Tc3,O1,-444.4766330117709,3
Ru9Tc3,S1,-334.89685522769287,3
Ru9Ti3,C1,-158.1635553372871,3
Ru9Ti3,H1,-17.02322419128177,3
Ru9Ti3,N1,-278.1596882770864,3
Ru9Ti3,O1,-444.8787359032722,3
Ru9Ti3,S1,-335.15583413135755,3
Ru9Tl3,C1,-157.94750865028618,2
Ru9Tl3,H1,-16.908446846249717,3
Ru9Tl3,N1,-277.7813225560203,3
Ru9Tl3,O1,-444.255159694545,3
Ru9Tl3,S1,-334.86295868709567,3
Ru9V3,C1,-157.87010165112224,7
Ru9V3,H1,-17.008378340535273,6
Ru9V3,N1,-277.8546147857851,7
Ru9V3,O1,-444.87676008469134,7
Ru9V3,S1,-334.9180401063786,6
Ru9W3,C1,-157.81905050990827,7
Ru9W3,H1,-17.025049939082237,7
Ru9W3,N1,-277.7958901703714,7
Ru9W3,O1,-444.79913865981143,7
Ru9W3,S1,-334.9650325336297,7
Ru9Y3,C1,-158.88924022310675,7
Ru9Y3,H1,-17.201170178876055,7
Ru9Y3,N1,-278.6190594307227,7
Ru9Y3,O1,-444.95417116556564,7
Ru9Y3,S1,-335.9108701682162,7
Ru9Zn3,C1,-157.79384378869145,9
Ru9Zn3,H1,-16.919948009759537,9
Ru9Zn3,H1O1,-460.3201241184506,18
Ru9Zn3,N1,-277.8488387613834,9
Ru9Zn3,O1,-444.3614953880169,9
Ru9Zn3,S1,-335.1671278080612,9
Ru9Zr3,C1,-158.54941765855256,3
Ru9Zr3,H1,-17.10167325039947,3
Ru9Zr3,N1,-278.40856441026335,3
Ru9Zr3,O1,-444.7939295845972,3
Ru9Zr3,S1,-335.58578420070626,3
Sc12,C1,-158.62409535591723,8
Sc12,C1H1,-174.80945804436305,8
Sc12,C1H2,-191.9972279772519,4
Sc12,C1H3,-208.64491792802073,4
Sc12,H1,-17.461945033874144,8
Sc12,H1N1,-296.5395551950114,8
Sc12,H1O1,-464.53915952529496,8
Sc12,H1S1,-353.01351881066694,8
Sc12,H2O1,-477.23601069310826,4
Sc12,N1,-279.5196977321975,8
Sc12,O1,-447.45582443465537,8
Sc12,S1,-335.95637318037006,8
Sc3Sn9,C1,-155.3300165200817,7
Sc3Sn9,H1,-16.004412428013893,8
Sc3Sn9,N1,-276.2589308003735,7
Sc3Sn9,O1,-444.0771802369527,7
Sc3Sn9,S1,-333.4073314223315,7
Sc3Ta9,C1,-158.5965359384536,5
Sc3Ta9,H1,-17.456085198416986,6
Sc3Ta9,N1,-279.627913324126,5
Sc3Ta9,O1,-447.003283474427,5
Sc3Ta9,S1,-335.8301874626559,5
Sc3Tc9,C1,-158.65587961284473,9
Sc3Tc9,H1,-17.208014250089036,9
Sc3Tc9,N1,-278.4249919227004,9
Sc3Tc9,O1,-445.6743234328169,9
Sc3Tc9,S1,-335.56174008586095,7
Sc3Ti9,C1,-158.34769722092824,7
Sc3Ti9,H1,-17.45559661801599,7
Sc3Ti9,N1,-279.82425788074397,7
Sc3Ti9,O1,-447.1656412847151,7
Sc3Ti9,S1,-335.85062906238454,7
Sc3Tl9,C1,-155.24367561542022,3
Sc3Tl9,H1,-16.272740755004634,3
Sc3Tl9,N1,-276.49127778659386,3
Sc3Tl9,O1,-444.66170906222396,3
Sc3Tl9,S1,-333.9122990592332,3
Sc3V9,C1,-158.6343445236489,6
Sc3V9,H1,-17.34743517674724,9
Sc3V9,N1,-279.5882459292916,9
Sc3V9,O1,-446.8435541477593,9
Sc3V9,S1,-335.91517351251605,7
Sc3W9,C1,-158.66131359014616,9
Sc3W9,H1,-17.7049991554195,9
Sc3W9,N1,-279.4671349986129,9
Sc3W9,O1,-446.58627663587686,9
Sc3W9,S1,-335.94744634983726,9
Sc3Y9,C1,-157.47002138178686,4
Sc3Y9,H1,-17.44445981494391,5
Sc3Y9,N1,-279.501978767481,6
Sc3Y9,O1,-447.3485567512853,5
Sc3Y9,S1,-335.9430244999585,3
Sc3Zn9,C1,-156.85195085236046,3
Sc3Zn9,H1,-16.620739524063538,3
Sc3Zn9,N1,-277.0416556448181,3
Sc3Zn9,O1,-445.0757437373686,3
Sc3Zn9,S1,-334.3944333518157,3
Sc3Zr9,C1,-157.84469356566296,3
Sc3Zr9,H1,-17.422201583227434,3
Sc3Zr9,N1,-279.3501980221008,3
Sc3Zr9,O1,-447.16199700013385,3
Sc3Zr9,S1,-335.71111575307805,3
Sc6Sn6,C1,-156.24575469057527,8
Sc6Sn6,H1,-16.848227645583393,8
Sc6Sn6,N1,-277.8687151806698,8
Sc6Sn6,O1,-445.9021680234582,8
Sc6Sn6,S1,-334.65675680666754,8
Sc6Ta6,C1,-158.2170214888174,8
Sc6Ta6,H1,-17.460618478908145,9
Sc6Ta6,N1,-279.46261858917205,8
Sc6Ta6,O1,-447.06738002517886,8
Sc6Ta6,S1,-335.7328543834228,8
Sc6Tc6,C1,-158.64813634144957,8
Sc6Tc6,H1,-17.4288052418633,10
Sc6Tc6,N1,-278.8617776277315,8
Sc6Tc6,O1,-446.3747579231531,10
Sc6Tc6,S1,-335.91595080569823,8
Sc6Ti6,C1,-158.15625370665657,8
Sc6Ti6,H1,-17.44546296260887,9
Sc6Ti6,N1,-279.75478721773834,8
Sc6Ti6,O1,-447.2438731969887,8
Sc6Ti6,S1,-335.918319556662,8
Sc6Tl6,C1,-156.36550818137403,8
Sc6Tl6,H1,-16.970647443831695,9
Sc6Tl6,N1,-278.18998815302257,8
Sc6Tl6,O1,-446.3314235222315,8
Sc6Tl6,S1,-334.96389659440683,8
Sc6V6,C1,-158.27998754263172,8
Sc6V6,H1,-17.374077706634125,8
Sc6V6,N1,-279.5664312431363,8
Sc6V6,O1,-446.89653634482966,8
Sc6V6,S1,-335.7944348335659,8
Sc6W6,C1,-158.21633712251787,8
Sc6W6,H1,-17.432020811098482,9
Sc6W6,N1,-279.08427899103845,8
Sc6W6,O1,-446.55372243284364,8
Sc6W6,S1,-335.6293939808311,8
Sc6Y6,C1,-158.28354788009347,8
Sc6Y6,H1,-17.4484906372345,8
Sc6Y6,N1,-279.6325279666562,8
Sc6Y6,O1,-447.4285129128966,8
Sc6Y6,S1,-335.99891586607737,8
Sc6Zn6,C1,-157.6194581385571,8
Sc6Zn6,H1,-17.17212570013362,9
Sc6Zn6,N1,-278.60286566406285,8
Sc6Zn6,O1,-446.4144809652571,8
Sc6Zn6,S1,-335.2711518944634,8
Sc6Zr6,C1,-157.76509332895512,8
Sc6Zr6,H1,-17.430725549225826,8
Sc6Zr6,N1,-279.4459018197249,8
Sc6Zr6,O1,-447.2421137089077,8
Sc6Zr6,S1,-335.8046052243444,8
Sc9Sn3,C1,-157.5809522616546,7
Sc9Sn3,H1,-17.624719994681072,8
Sc9Sn3,N1,-279.7288007543211,7
Sc9Sn3,O1,-447.6368171448448,7
Sc9Sn3,S1,-335.9534879573439,7
Sc9Ta3,C1,-158.10746247087081,3
Sc9Ta3,H1,-17.433500021921645,3
Sc9Ta3,N1,-279.5691503406633,3
Sc9Ta3,O1,-447.1832314035273,3
Sc9Ta3,S1,-335.7457830561216,3
Sc9Tc3,C1,-157.67997952165024,4
Sc9Tc3,H1,-17.56385887747092,3
Sc9Tc3,N1,-279.0824073920594,3
Sc9Tc3,O1,-447.43950916917674,3
Sc9Tc3,S1,-335.81190903189054,4
Sc9Ti3,C1,-157.94746089431283,4
Sc9Ti3,H1,-17.457426311470044,3
Sc9Ti3,N1,-279.7009869104113,3
Sc9Ti3,O1,-447.34412374474414,4
Sc9Ti3,S1,-335.9483022839195,3
Sc9Tl3,C1,-157.60717423959795,3
Sc9Tl3,H1,-17.6336349882622,3
Sc9Tl3,N1,-279.80146385688204,3
Sc9Tl3,O1,-447.7383509814608,3
Sc9Tl3,S1,-336.00432426467523,3
Sc9V3,C1,-158.17544766443825,3
Sc9V3,H1,-17.493141252794885,3
Sc9V3,N1,-279.50560196324295,3
Sc9V3,O1,-447.25699003641057,3
Sc9V3,S1,-335.8347123076237,3
Sc9W3,C1,-158.14012429492868,3
Sc9W3,H1,-17.483056986045995,3
Sc9W3,N1,-279.3200709384546,3
Sc9W3,O1,-447.18963587483813,3
Sc9W3,S1,-335.5847166981148,3
Sc9Y3,C1,-157.8411495550281,3
Sc9Y3,H1,-17.43492195278668,3
Sc9Y3,N1,-279.4744605752621,4
Sc9Y3,O1,-447.43060329140826,3
Sc9Y3,S1,-335.962188117046,3
Sc9Zn3,C1,-157.37576971966337,3
Sc9Zn3,H1,-17.61804572249821,3
Sc9Zn3,N1,-279.5690881626542,3
Sc9Zn3,O1,-447.63205406421184,3
Sc9Zn3,S1,-335.9752280843095,3
Sc9Zr3,C1,-157.71044348222676,3
Sc9Zr3,H1,-17.412066431195854,3
Sc9Zr3,N1,-279.50409853428573,3
Sc9Zr3,O1,-447.29476528766463,3
Sc9Zr3,S1,-335.89263935736926,3
Sn12,C1,-154.72646394423282,4
Sn12,C1H1,-172.32683083880693,4
Sn12,C1H2,-189.80074330325078,4
Sn12,C1H3,-207.58966726455765,4
Sn12,H1,-16.00121549857795,8
Sn12,H1N1,-292.7214947678003,4
Sn12,H1O1,-459.97797076280403,4
Sn12,H1S1,-349.36340405142255,4
Sn12,H2O1,-476.72551873711564,4
Sn12,N1,-275.5287779413775,4
Sn12,O1,-443.2160353135041,4
Sn12,S1,-333.0461356763153,4
Sn3Ta9,C1,-158.0960942349775,6
Sn3Ta9,H1,-17.518821996316547,6
Sn3Ta9,N1,-279.2155424890407,5
Sn3Ta9,O1,-446.3911276113977,5
Sn3Ta9,S1,-335.53935545726563,4
Sn3Tc9,C1,-158.27744722388888,9
Sn3Tc9,H1,-17.00459840720214,9
Sn3Tc9,N1,-277.8809479222291,9
Sn3Tc9,O1,-444.7644193830238,9
Sn3Tc9,S1,-335.0115610067878,9
Sn3Ti9,C1,-157.80934611407793,7
Sn3Ti9,H1,-17.565279583817755,10
Sn3Ti9,N1,-279.52007352140936,7
Sn3Ti9,O1,-447.1167444687635,6
Sn3Ti9,S1,-335.5196629869315,7
Sn3Tl9,C1,-154.07247357176675,3
Sn3Tl9,H1,-16.045079569088557,5
Sn3Tl9,N1,-274.9571165631969,3
Sn3Tl9,O1,-443.1028347321153,3
Sn3Tl9,S1,-332.8918227756112,3
Sn3V9,C1,-157.63323852757821,5
Sn3V9,H1,-17.443494627157634,5
Sn3V9,N1,-278.84903630540794,5
Sn3V9,O1,-446.1135290462116,5
Sn3V9,S1,-335.10277846355166,5
Sn3W9,C1,-157.78184506503385,9
Sn3W9,H1,-17.258129183643177,9
Sn3W9,N1,-278.27483705751,9
Sn3W9,O1,-445.45950533980067,9
Sn3W9,S1,-335.4539706245778,9
Sn3Y9,C1,-157.27173406841393,5
Sn3Y9,H1,-17.55818258279396,6
Sn3Y9,N1,-279.4567963054251,5
Sn3Y9,O1,-447.5278703830336,5
Sn3Y9,S1,-336.0291481217246,5
Sn3Zn9,C1,-155.81986660056282,2
Sn3Zn9,H1,-15.97956476102263,4
Sn3Zn9,N1,-275.9818759186455,3
Sn3Zn9,O1,-443.49617365322047,3
Sn3Zr9,C1,-157.8415945972156,3
Sn3Zr9,H1,-17.506568710163265,3
Sn3Zr9,N1,-279.51928928932466,3
Sn3Zr9,O1,-447.08527763263555,3
Sn3Zr9,S1,-335.6258969098308,3
Sn6Ta6,C1,-157.06530742195537,8
Sn6Ta6,H1,-16.664683323935606,8
Sn6Ta6,N1,-277.7535631348874,8
Sn6Ta6,O1,-444.74911053057804,8
Sn6Ta6,S1,-334.25196094057173,8
Sn6Tc6,C1,-157.00918026919317,8
Sn6Tc6,H1,-16.70399016792726,10
Sn6Tc6,N1,-276.88839514439314,8
Sn6Tc6,O1,-443.4815597795059,10
Sn6Tc6,S1,-333.7642918525089,8
Sn6Ti6,C1,-156.65465280884746,8
Sn6Ti6,H1,-16.726777252886677,10
Sn6Ti6,N1,-277.78046376474595,8
Sn6Ti6,O1,-445.2677699834312,8
Sn6Ti6,S1,-334.350039067489,8
Sn6Tl6,C1,-154.69253583843238,8
Sn6Tl6,H1,-15.919031949142664,8
Sn6Tl6,N1,-275.4551032556192,8
Sn6Tl6,O1,-443.3731571093158,8
Sn6Tl6,S1,-332.9859502177678,8
Sn6V6,C1,-156.5843747840845,7
Sn6V6,H1,-16.58935255335018,9
Sn6V6,N1,-277.35340857847405,7
Sn6V6,O1,-444.48178848055977,8
Sn6V6,S1,-333.8407103981626,7
Sn6W6,C1,-157.77424628608787,7
Sn6W6,H1,-17.50208740340895,10
Sn6W6,N1,-278.37047908528984,7
Sn6W6,O1,-445.3296169690839,7
Sn6W6,S1,-334.49194099207307,7
Sn6Y6,C1,-156.60394589164207,8
Sn6Y6,H1,-16.885920446344244,8
Sn6Y6,N1,-277.7536058567566,8
Sn6Y6,O1,-445.92130198013547,8
Sn6Y6,S1,-334.7616267589474,8
Sn6Zn6,C1,-155.65835071048787,8
Sn6Zn6,H1,-16.07411942188628,9
Sn6Zn6,N1,-275.8091286659328,8
Sn6Zn6,O1,-443.5548507847416,8
Sn6Zn6,S1,-333.3325096406843,8
Sn6Zr6,C1,-156.6683125153795,8
Sn6Zr6,H1,-16.78885988912225,10
Sn6Zr6,N1,-277.85794722790524,9
Sn6Zr6,O1,-445.4702901636265,10
Sn6Zr6,S1,-334.60650486379745,8
Sn9Ta3,C1,-156.0157574073528,6
Sn9Ta3,H1,-15.647750506719603,6
Sn9Ta3,N1,-276.6638717031492,6
Sn9Ta3,O1,-445.20912768246126,6
Sn9Ta3,S1,-334.06048803799786,6
Sn9Tc3,C1,-156.46671684195462,5
Sn9Tc3,H1,-17.147281570611085,5
Sn9Tc3,N1,-277.0637112877921,5
Sn9Tc3,O1,-444.10198613448665,5
Sn9Tc3,S1,-334.0889632545877,5
Sn9Ti3,C1,-156.30495564125886,5
Sn9Ti3,H1,-16.340732071130333,5
Sn9Ti3,N1,-276.51350785452814,5
Sn9Ti3,O1,-444.85292114367985,5
Sn9Ti3,S1,-333.5572751271902,5
Sn9Tl3,C1,-154.7519840045352,3
Sn9Tl3,H1,-15.86717018080526,5
Sn9Tl3,N1,-275.5581579364807,4
Sn9Tl3,O1,-443.2810162342357,5
Sn9Tl3,S1,-332.87451130136833,3
Sn9V3,C1,-156.0882915279617,3
Sn9V3,H1,-16.512530598934973,5
Sn9V3,N1,-276.99053470641593,5
Sn9V3,O1,-444.89766346160104,5
Sn9V3,S1,-333.75126018471565,3
Sn9W3,C1,-157.334628692337,4
Sn9W3,H1,-17.82646723551079,5
Sn9W3,N1,-277.6540500156334,5
Sn9W3,O1,-445.39580879639107,5
Sn9W3,S1,-334.91967537448727,4
Sn9Y3,C1,-155.08784445555284,3
Sn9Y3,H1,-15.928521102927334,3
Sn9Y3,N1,-276.12778322286977,3
Sn9Y3,O1,-443.91942359956374,3
Sn9Y3,S1,-333.4107200559665,3
Sn9Zn3,C1,-155.1874124057431,7
Sn9Zn3,H1,-16.077102741961426,9
Sn9Zn3,N1,-275.76577508098853,7
Sn9Zn3,O1,-443.60412529471796,8
Sn9Zn3,S1,-333.257001451886,7
Sn9Zr3,C1,-155.51973918643853,9
Sn9Zr3,H1,-16.376537898471724,9
Sn9Zr3,N1,-276.3876995587052,9
Sn9Zr3,O1,-444.7363232210082,9
Sn9Zr3,S1,-333.5407730555562,9
Ta12,C1,-158.94115559787315,8
Ta12,C1H1,-176.12604915143675,21
Ta12,C1H2,-193.42646360108847,15
Ta12,C1H3,-210.0247861150201,15
Ta12,H1,-17.725499531734386,8
Ta12,H1N1,-296.83320698005264,10
Ta12,H1O1,-463.7346012188282,10
Ta12,H1S1,-351.72843141114936,8
Ta12,H2O1,-477.6567612738545,4
Ta12,N1,-280.16781820099277,8
Ta12,O1,-447.34147961456983,8
Ta12,S1,-336.4196280787728,8
Ta3Tc9,C1,-158.20096092189124,7
Ta3Tc9,H1,-17.18978248683925,7
Ta3Tc9,N1,-278.5558596311239,7
Ta3Tc9,O1,-445.42353542780984,7
Ta3Tc9,S1,-335.3990828142887,7
Ta3Ti9,C1,-158.05021039950225,7
Ta3Ti9,H1,-17.47591603863475,8
Ta3Ti9,N1,-279.5915488470673,7
Ta3Ti9,O1,-447.228627747063,6
Ta3Ti9,S1,-335.7645061209041,7
Ta3Tl9,C1,-156.62813000905226,3
Ta3Tl9,H1,-17.036470284776442,5
Ta3Tl9,N1,-277.5364303054994,5
Ta3Tl9,O1,-445.6820226217678,5
Ta3Tl9,S1,-334.49770096175416,3
Ta3V9,C1,-158.89392588735063,5
Ta3V9,H1,-18.18898872014688,5
Ta3V9,N1,-280.04570276207596,5
Ta3V9,O1,-447.41752141861434,5
Ta3V9,S1,-336.4862107976078,5
Ta3W9,C1,-159.13738355371606,3
Ta3W9,H1,-17.98399380065166,3
Ta3W9,N1,-279.93151277476863,3
Ta3W9,O1,-446.9899039090924,3
Ta3W9,S1,-336.44975924412574,3
Ta3Y9,C1,-158.27214794293832,9
Ta3Y9,H1,-17.432545446576114,9
Ta3Y9,N1,-279.76751956030785,9
Ta3Y9,O1,-447.1828562946066,9
Ta3Y9,S1,-335.9312180247289,9
Ta3Zn9,C1,-156.62597364294925,3
Ta3Zn9,H1,-17.01291978444351,3
Ta3Zn9,N1,-278.0209868194288,2
Ta3Zn9,O1,-445.5735736922288,3
Ta3Zn9,S1,-334.9996856867656,3
Ta3Zr9,C1,-158.14071981605957,3
Ta3Zr9,H1,-17.501153508714197,3
Ta3Zr9,N1,-279.64343347296744,3
Ta3Zr9,O1,-447.1315960339016,3
Ta3Zr9,S1,-335.8041453519545,3
Ta6Tc6,C1,-157.87838017043396,8
Ta6Tc6,H1,-17.232244218685082,9
Ta6Tc6,N1,-278.5074611916716,8
Ta6Tc6,O1,-446.0257260738981,8
Ta6Tc6,S1,-335.48524113057647,8
Ta6Ti6,C1,-158.11005843689418,8
Ta6Ti6,H1,-17.54501948401594,9
Ta6Ti6,N1,-279.5774929427862,8
Ta6Ti6,O1,-447.05982124696675,8
Ta6Ti6,S1,-335.8370337107772,8
Ta6Tl6,C1,-157.27461425733782,8
Ta6Tl6,H1,-17.28459756067241,9
Ta6Tl6,N1,-278.1092703447757,8
Ta6Tl6,O1,-445.5089510093676,8
Ta6Tl6,S1,-334.68277687615046,8
Ta6V6,C1,-158.73965053835855,8
Ta6V6,H1,-17.365243122691027,9
Ta6V6,N1,-279.5807234782842,8
Ta6V6,O1,-446.41643351811217,8
Ta6V6,S1,-335.93792563084935,8
Ta6W6,C1,-158.2259997488727,7
Ta6W6,H1,-17.92062352173889,8
Ta6W6,N1,-279.5195873900411,8
Ta6W6,O1,-446.67490724243544,8
Ta6W6,S1,-336.04930046444497,8
Ta6Y6,C1,-158.46888869731265,8
Ta6Y6,H1,-17.42991913986407,11
Ta6Y6,N1,-279.69627090547874,8
Ta6Y6,O1,-446.8685693008374,8
Ta6Y6,S1,-335.7976989751187,8
Ta6Zn6,C1,-157.49134463035443,8
Ta6Zn6,H1,-17.28198567599611,9
Ta6Zn6,N1,-278.6652985108158,8
Ta6Zn6,O1,-445.90754199965886,7
Ta6Zn6,S1,-335.2276825250883,8
Ta6Zr6,C1,-158.24809974639356,8
Ta6Zr6,H1,-17.448993911784783,10
Ta6Zr6,N1,-279.51953106247674,8
Ta6Zr6,O1,-446.8309330997581,9
Ta6Zr6,S1,-335.75589194917484,8
Ta9Tc3,C1,-158.98496293264543,3
Ta9Tc3,H1,-18.185393280000426,4
Ta9Tc3,N1,-280.41985003835725,3
Ta9Tc3,O1,-447.66393437732404,3
Ta9Tc3,S1,-336.6799642862643,3
Ta9Ti3,C1,-158.67479560634092,3
Ta9Ti3,H1,-17.5031925937692,3
Ta9Ti3,N1,-279.85817537411276,3
Ta9Ti3,O1,-447.1468568582677,3
Ta9Ti3,S1,-336.18161990020235,3
Ta9Tl3,C1,-158.29076420303682,7
Ta9Tl3,H1,-17.52106258166532,7
Ta9Tl3,N1,-279.4027608917422,7
Ta9Tl3,O1,-446.4391026417252,7
Ta9Tl3,S1,-335.4760714384356,7
Ta9V3,C1,-158.83241020030619,7
Ta9V3,H1,-18.205657733622502,7
Ta9V3,N1,-280.13309320981716,7
Ta9V3,O1,-447.3848225870788,7
Ta9V3,S1,-336.4549868230788,7
Ta9W3,C1,-159.015548664167,9
Ta9W3,H1,-18.461090721855726,9
Ta9W3,N1,-280.32981709313026,9
Ta9W3,O1,-447.581200069475,9
Ta9W3,S1,-336.6049893045274,9
Ta9Y3,C1,-158.83886786986477,6
Ta9Y3,H1,-17.351066671977605,6
Ta9Y3,N1,-279.64652033235325,6
Ta9Y3,O1,-446.7779823318306,5
Ta9Y3,S1,-335.89030421245843,6
Ta9Zn3,C1,-158.34352149802726,3
Ta9Zn3,H1,-17.52800284512341,3
Ta9Zn3,N1,-279.52010318182874,3
Ta9Zn3,O1,-446.6033591263258,3
Ta9Zn3,S1,-335.6467812387782,3
Ta9Zr3,C1,-158.55776529477953,3
Ta9Zr3,H1,-17.452111247916037,3
Ta9Zr3,N1,-279.7210147610531,3
Ta9Zr3,O1,-447.01198703555565,3
Ta9Zr3,S1,-336.1107575109636,3
Tc12,C1,-157.67999503212923,8
Tc12,C1H1,-174.88965597912102,8
Tc12,C1H2,-191.34295351793844,4
Tc12,C1H3,-208.14480847553932,4
Tc12,H1,-17.018346550721617,8
Tc12,H1N1,-295.02383648702744,14
Tc12,H1O1,-461.83788027879564,10
Tc12,H1S1,-351.9617837219448,10
Tc12,H2O1,-476.8222983367996,4
Tc12,N1,-278.11413057004756,8
Tc12,O1,-444.99124327465324,8
Tc12,S1,-335.09713182928317,8
Tc3Ti9,C1,-157.89989117754885,7
Tc3Ti9,H1,-17.70294768918393,7
Tc3Ti9,N1,-279.6875314253157,7
Tc3Ti9,O1,-447.40848547042697,7
Tc3Ti9,S1,-336.00571626301826,7
Tc3Tl9,C1,-156.90174714060777,3
Tc3Tl9,H1,-16.967954333169473,3
Tc3Tl9,N1,-277.5890640607977,3
Tc3Tl9,O1,-444.3377931842151,3
Tc3Tl9,S1,-334.7986746499082,3
Tc3V9,C1,-158.2734442932633,3
Tc3V9,H1,-18.208617515843798,5
Tc3V9,N1,-279.5392934660631,3
Tc3V9,O1,-447.29489535807807,3
Tc3V9,S1,-336.2525911349694,3
Tc3W9,C1,-158.18138233120044,5
Tc3W9,H1,-17.35712583082568,5
Tc3W9,N1,-278.97118072444937,5
Tc3W9,O1,-445.8088958351,5
Tc3W9,S1,-335.44324335282727,5
Tc3Y9,C1,-158.45742794271064,9
Tc3Y9,H1,-17.79597579143592,9
Tc3Y9,N1,-279.4295087296887,9
Tc3Y9,O1,-447.2976015302047,9
Tc3Y9,S1,-336.0609682976756,9
Tc3Zn9,C1,-156.69598159471934,7
Tc3Zn9,H1,-16.885879085028137,7
Tc3Zn9,N1,-276.6580190787063,7
Tc3Zn9,O1,-443.63411183154676,7
Tc3Zn9,S1,-333.7554208053043,7
Tc3Zr9,C1,-158.25902103530098,7
Tc3Zr9,H1,-17.709297601668368,7
Tc3Zr9,N1,-279.6343342583168,7
Tc3Zr9,O1,-447.30921181135636,7
Tc3Zr9,S1,-336.08596413066334,7
Tc6Ti6,C1,-158.1327319143311,7
Tc6Ti6,H1,-17.28696331838364,12
Tc6Ti6,N1,-278.4775776499082,8
Tc6Ti6,O1,-445.910087624623,8
Tc6Ti6,S1,-335.66894667967426,8
Tc6Tl6,C1,-159.08000644603817,10
Tc6Tl6,H1,-18.568704670084117,10
Tc6Tl6,N1,-278.0858269212331,10
Tc6Tl6,O1,-445.72094537707744,10
Tc6Tl6,S1,-334.9126123876922,8
Tc6V6,C1,-157.77788063851767,10
Tc6V6,H1,-17.17467989668512,10
Tc6V6,N1,-278.4646142826896,10
Tc6V6,O1,-445.79288125540916,10
Tc6V6,S1,-335.45823247151566,10
Tc6W6,C1,-158.01098546177673,10
Tc6W6,H1,-17.018351040602283,10
Tc6W6,N1,-278.7969870506349,10
Tc6W6,O1,-445.5940789665947,10
Tc6W6,S1,-335.4165219099268,10
Tc6Y6,C1,-158.97361660191382,10
Tc6Y6,H1,-17.983109022505232,12
Tc6Y6,N1,-279.03288865992363,9
Tc6Y6,O1,-446.88256016990636,10
Tc6Y6,S1,-336.0382101928335,8
Tc6Zn6,C1,-156.87546652213496,8
Tc6Zn6,H1,-16.97301605874236,11
Tc6Zn6,N1,-277.10594852572103,8
Tc6Zn6,O1,-444.0998074550371,8
Tc6Zn6,S1,-334.271809876358,8
Tc6Zr6,C1,-158.36571986469062,10
Tc6Zr6,H1,-17.36756615853301,11
Tc6Zr6,N1,-278.59956533137665,10
Tc6Zr6,O1,-445.9258877786051,10
Tc6Zr6,S1,-335.85194786210195,10
Tc9Ti3,C1,-158.05101367955285,7
Tc9Ti3,H1,-17.14660373503648,7
Tc9Ti3,N1,-278.46894279752087,7
Tc9Ti3,O1,-445.4867073357382,7
Tc9Ti3,S1,-335.3408890929859,7
Tc9Tl3,C1,-157.4648593822676,3
Tc9Tl3,H1,-16.95821592311404,3
Tc9Tl3,N1,-277.8515928255438,3
Tc9Tl3,O1,-444.82568635802454,3
Tc9Tl3,S1,-335.0757913014895,3
Tc9V3,C1,-157.83557924869092,3
Tc9V3,H1,-17.129086814842594,3
Tc9V3,N1,-278.29989547668083,3
Tc9V3,O1,-445.3982897943133,3
Tc9V3,S1,-335.18207991926465,3
Tc9W3,C1,-157.8378300383156,4
Tc9W3,H1,-17.10909869282841,3
Tc9W3,N1,-278.204388281305,3
Tc9W3,O1,-445.22727386591214,3
Tc9W3,S1,-335.13629975916774,3
Tc9Y3,C1,-159.4842259750294,5
Tc9Y3,H1,-17.34295822382046,5
Tc9Y3,N1,-278.4582781119607,5
Tc9Y3,O1,-445.53560401563664,6
Tc9Y3,S1,-335.90272376016947,4
Tc9Zn3,C1,-157.67469806415465,3
Tc9Zn3,H1,-17.055331447336357,3
Tc9Zn3,N1,-278.0502243629235,3
Tc9Zn3,O1,-445.0376986852498,3
Tc9Zn3,S1,-335.240918414318,3
Tc9Zr3,C1,-158.3647578062155,3
Tc9Zr3,H1,-17.26363527110516,3
Tc9Zr3,N1,-278.43282104600803,4
Tc9Zr3,O1,-445.49461809319837,3
Tc9Zr3,S1,-335.633750115212,4
Ti12,C1,-157.78782503875118,4
Ti12,C1H1,-175.04986354585344,8
Ti12,H1,-17.46930503292606,4
Ti12,H1N1,-296.3146886182185,8
Ti12,H1O1,-464.0458823070767,8
Ti12,H1S1,-352.62949883615147,8
Ti12,N1,-279.46624926806544,4
Ti12,O1,-447.15912102897346,4
Ti12,S1,-335.73041665160054,4
Ti3Tl9,C1,-156.086467684956,3
Ti3Tl9,H1,-16.546916536270146,3
Ti3Tl9,N1,-277.1282834935337,3
Ti3Tl9,O1,-445.1806877046147,3
Ti3Tl9,S1,-334.0584097685569,3
Ti3V9,C1,-158.38365203060312,5
Ti3V9,H1,-17.890202691200102,5
Ti3V9,N1,-279.7937331027242,5
Ti3V9,O1,-447.3080191363988,5
Ti3V9,S1,-336.22050918550667,5
Ti3W9,C1,-158.95324888109462,3
Ti3W9,H1,-18.147790140752477,5
Ti3W9,N1,-279.801742501455,3
Ti3W9,O1,-446.92265247049727,4
Ti3W9,S1,-336.27136753406376,3
Ti3Y9,C1,-157.96346907932457,9
Ti3Y9,H1,-17.44731238431268,9
Ti3Y9,N1,-279.72246703261044,9
Ti3Y9,O1,-447.3048975825004,9
Ti3Y9,S1,-335.9466968122688,7
Ti3Zn9,C1,-155.9766349204874,3
Ti3Zn9,H1,-16.797403855489392,6
Ti3Zn9,N1,-277.46180458187155,4
Ti3Zn9,O1,-445.34929420103435,5
Ti3Zn9,S1,-334.6677277563649,3
Ti3Zr9,C1,-157.93654586401317,7
Ti3Zr9,H1,-17.47953460846111,7
Ti3Zr9,N1,-279.498897214311,7
Ti3Zr9,O1,-447.11313324600997,7
Ti3Zr9,S1,-335.7829614256698,7
Ti6Tl6,C1,-156.98927840726174,8
Ti6Tl6,H1,-16.96053569358628,8
Ti6Tl6,N1,-278.3182646574169,8
Ti6Tl6,O1,-445.8300058824716,8
Ti6Tl6,S1,-334.68052078030814,8
Ti6V6,C1,-158.18875702439618,8
Ti6V6,H1,-17.437369344650506,9
Ti6V6,N1,-279.2737948508802,8
Ti6V6,O1,-446.8697030631447,7
Ti6V6,S1,-335.7681323099205,8
Ti6W6,C1,-158.2804264622464,8
Ti6W6,H1,-17.705647738748667,8
Ti6W6,N1,-279.34527589092613,8
Ti6W6,O1,-446.7504472685541,8
Ti6W6,S1,-335.9422542817374,8
Ti6Y6,C1,-158.4586335430722,8
Ti6Y6,H1,-17.430813169878093,8
Ti6Y6,N1,-279.88184138677025,8
Ti6Y6,O1,-447.1838737282451,8
Ti6Y6,S1,-336.12616990272363,8
Ti6Zn6,C1,-157.24516909097292,8
Ti6Zn6,H1,-17.256573644888704,8
Ti6Zn6,N1,-278.6152321495829,8
Ti6Zn6,O1,-446.3117513243851,8
Ti6Zn6,S1,-335.23911933367344,8
Ti6Zr6,C1,-158.08285371981765,8
Ti6Zr6,H1,-17.483352365619794,10
Ti6Zr6,N1,-279.513381289722,8
Ti6Zr6,O1,-447.0902254785615,8
Ti6Zr6,S1,-335.87445875152116,7
Ti9Tl3,C1,-158.04604270394702,7
Ti9Tl3,H1,-17.582345339265885,8
Ti9Tl3,N1,-279.750526459251,7
Ti9Tl3,O1,-447.3113623270219,7
Ti9Tl3,S1,-335.6588384669085,7
Ti9V3,C1,-158.02580872707767,7
Ti9V3,H1,-17.51020401499045,8
Ti9V3,N1,-279.5047009943228,7
Ti9V3,O1,-447.2320563814319,7
Ti9V3,S1,-335.73576491304266,7
Ti9W3,C1,-158.13400159750017,3
Ti9W3,H1,-17.50932726420433,3
Ti9W3,N1,-279.5287672864433,3
Ti9W3,O1,-447.2899808460934,3
Ti9W3,S1,-335.7875638230835,3
Ti9Y3,C1,-158.58005577198492,5
Ti9Y3,H1,-17.418531311770494,5
Ti9Y3,N1,-279.68024639363284,5
Ti9Y3,O1,-447.0517447721795,5
Ti9Y3,S1,-335.899657037211,5
Ti9Zn3,C1,-157.73536189883453,7
Ti9Zn3,H1,-17.56407194260828,9
Ti9Zn3,N1,-279.5646023660229,7
Ti9Zn3,O1,-447.2930086567794,7
Ti9Zn3,S1,-335.71013328606205,7
Ti9Zr3,C1,-158.19454787899667,7
Ti9Zr3,H1,-17.470656078134198,7
Ti9Zr3,N1,-279.6192787438522,7
Ti9Zr3,O1,-447.072413042737,6
Ti9Zr3,S1,-335.83588593460445,7
Tl12,C1,-153.83087253812846,4
Tl12,C1H1,-171.3994227942312,4
Tl12,C1H2,-188.9925047931756,4
Tl12,C1H3,-206.9917041790759,4
Tl12,H1,-15.506018381176546,8
Tl12,H1N1,-292.1103801483805,4
Tl12,H1O1,-459.9068426544072,4
Tl12,H1S1,-349.1947195943867,4
Tl12,H2O1,-476.76576246905825,4
Tl12,N1,-274.6794009890582,4
Tl12,O1,-442.91608096379423,4
Tl12,S1,-332.8221941505217,4
Tl3V9,C1,-157.82447196996873,5
Tl3V9,H1,-17.434835148469574,5
Tl3V9,N1,-279.04320245469717,5
Tl3V9,O1,-446.2385699810111,5
Tl3V9,S1,-335.15636148797785,5
Tl3W9,C1,-157.7858296279701,5
Tl3W9,H1,-17.395582319073583,5
Tl3W9,N1,-278.4810906395651,5
Tl3W9,O1,-445.57800778722594,5
Tl3W9,S1,-335.42514397296327,3
Tl3Zn9,C1,-155.81744315470132,4
Tl3Zn9,H1,-16.024182450782973,5
Tl3Zn9,N1,-275.99963189083064,4
Tl3Zn9,O1,-443.6741390969328,4
Tl3Zn9,S1,-333.7427362187227,4
Tl3Zr9,C1,-158.08349373156307,3
Tl3Zr9,H1,-17.575458682236786,3
Tl3Zr9,N1,-279.7611640694886,3
Tl3Zr9,O1,-447.28452156220374,3
Tl3Zr9,S1,-335.81822819550507,3
Tl6V6,C1,-157.37240734501393,8
Tl6V6,H1,-17.36567455918339,12
Tl6V6,N1,-278.12146635096724,8
Tl6V6,O1,-445.6764985747868,10
Tl6V6,S1,-334.33968336719045,7
Tl6W6,C1,-158.4190068292628,8
Tl6W6,H1,-18.012760451165377,9
Tl6W6,N1,-279.13509706675177,8
Tl6W6,O1,-445.69925273397894,8
Tl6W6,S1,-335.9155197773798,8
Tl6Y6,C1,-156.55800259929674,8
Tl6Y6,H1,-17.005323318462615,9
Tl6Y6,N1,-277.96953662325905,8
Tl6Y6,O1,-446.334869027658,8
Tl6Y6,S1,-335.0490857772493,8
Tl6Zn6,C1,-154.90345916607475,7
Tl6Zn6,H1,-15.925561320706038,10
Tl6Zn6,N1,-275.48705050873104,8
Tl6Zn6,O1,-443.32615148453624,8
Tl6Zn6,S1,-333.1568453276341,8
Tl6Zr6,C1,-156.88876799079662,8
Tl6Zr6,H1,-17.02044618110449,9
Tl6Zr6,N1,-278.2812540460545,8
Tl6Zr6,O1,-445.91282073601906,8
Tl6Zr6,S1,-334.83630731351514,8
Tl9V3,C1,-156.3410839235039,4
Tl9V3,H1,-16.738157869964198,4
Tl9V3,N1,-277.423989874118,3
Tl9V3,O1,-445.2767842985704,4
Tl9V3,S1,-334.2097534991117,3
Tl9W3,C1,-157.14165276898348,3
Tl9W3,H1,-17.105602982399432,3
Tl9W3,N1,-278.16407420793985,4
Tl9W3,O1,-445.48412279850163,4
Tl9W3,S1,-334.454758404765,3
Tl9Y3,C1,-154.93653242625442,4
Tl9Y3,H1,-16.229039952799212,3
Tl9Y3,N1,-276.21773453394417,3
Tl9Y3,O1,-444.478053718125,3
Tl9Y3,S1,-333.8629339353647,3
Tl9Zn3,C1,-154.53130498760584,3
Tl9Zn3,H1,-15.953195705529652,3
Tl9Zn3,N1,-275.1435397132009,3
Tl9Zn3,O1,-443.1677021813739,3
Tl9Zn3,S1,-333.2882300523488,3
Tl9Zr3,C1,-155.75059961475927,3
Tl9Zr3,H1,-16.544508464852697,3
Tl9Zr3,N1,-276.86223207908915,3
Tl9Zr3,O1,-444.90942218085183,3
Tl9Zr3,S1,-333.95384880154234,3
V12,C1,-158.1930092112998,8
V12,C1H1,-175.9384447552511,8
V12,C1H2,-192.70596833434684,4
V12,C1H3,-209.44074015575825,4
V12,H1,-17.61773918626568,8
V12,H1N1,-296.7603751669121,8
V12,H1O1,-463.55611794246215,6
V12,H1S1,-352.4879657618767,6
V12,H2O1,-477.7598471117526,4
V12,N1,-279.9456841913707,8
V12,O1,-447.36912937383386,8
V12,S1,-336.351701797852,8
V3W9,C1,-158.96188808729858,9
V3W9,H1,-18.119175465817534,9
V3W9,N1,-279.6968869712073,9
V3W9,O1,-446.82619042765873,8
V3W9,S1,-336.3136906239015,9
V3Y9,C1,-158.48686086395173,5
V3Y9,H1,-17.465488908452244,5
V3Y9,N1,-279.76727193671104,6
V3Y9,O1,-447.155695659967,6
V3Y9,S1,-335.9031181891769,3
V3Zn9,C1,-156.53096958604146,3
V3Zn9,H1,-16.84498840244487,3
V3Zn9,N1,-277.7626145935574,3
V3Zn9,O1,-445.1693430065716,3
V3Zn9,S1,-334.64036875072634,3
V3Zr9,C1,-158.2962312421696,3
V3Zr9,H1,-17.48002046772308,3
V3Zr9,N1,-279.34585943905404,4
V3Zr9,O1,-447.0954835342636,3
V3Zr9,S1,-335.79395890646265,3
V6W6,C1,-158.29973280305057,8
V6W6,H1,-17.83418533637814,9
V6W6,N1,-279.32004957751997,9
V6W6,O1,-446.4879209528408,8
V6W6,S1,-336.0570050956776,8
V6Y6,C1,-159.1264398154126,8
V6Y6,H1,-18.311653284796193,11
V6Y6,N1,-279.69983899818544,8
V6Y6,O1,-447.1577144725379,8
V6Y6,S1,-336.149077534119,8
V6Zn6,C1,-157.02273820515256,8
V6Zn6,H1,-17.153133106599853,9
V6Zn6,N1,-278.2237630587333,8
V6Zn6,O1,-445.6656540219774,8
V6Zn6,S1,-334.93807938579266,8
V6Zr6,C1,-158.94876648588615,8
V6Zr6,H1,-17.435519650833157,8
V6Zr6,N1,-279.9842499333208,8
V6Zr6,O1,-446.81454409142316,8
V6Zr6,S1,-336.03507081548014,8
V9W3,C1,-158.64716312630844,5
V9W3,H1,-18.292892396191746,5
V9W3,N1,-279.9704113119442,5
V9W3,O1,-447.0568556142971,5
V9W3,S1,-336.4739350620657,5
V9Y3,C1,-158.6553542970796,5
V9Y3,H1,-17.26020160263579,5
V9Y3,N1,-279.58855763569954,5
V9Y3,O1,-446.526861395545,5
V9Y3,S1,-336.0492069933425,3
V9Zn3,C1,-158.00899413270236,7
V9Zn3,H1,-17.524468766641803,7
V9Zn3,N1,-279.31272046338563,7
V9Zn3,O1,-446.6218132065769,7
V9Zn3,S1,-335.5008844109252,7
V9Zr3,C1,-158.86251864415317,9
V9Zr3,H1,-17.77759191655059,9
V9Zr3,N1,-279.5288242942879,9
V9Zr3,O1,-447.0207988979928,9
V9Zr3,S1,-336.3022041545446,9
W12,C1,-158.70716041813648,8
W12,C1H1,-175.9237417642653,10
W12,C1H2,-192.44630315957693,4
W12,C1H3,-209.03409677274976,4
W12,H1,-18.030859150745528,8
W12,H1N1,-296.1554088236189,8
W12,H1O1,-462.88683722128917,10
W12,H1S1,-352.7510724964159,10
W12,H2O1,-477.4807534170759,4
W12,N1,-279.3701189320018,8
W12,O1,-446.33804119472916,8
W12,S1,-336.1901623699341,8
W3Y9,C1,-158.4163314059988,5
W3Y9,H1,-17.463681256223936,5
W3Y9,N1,-279.5224229522937,5
W3Y9,O1,-447.08242315846655,5
W3Y9,S1,-335.7147891538443,5
W3Zn9,C1,-157.14512983959867,7
W3Zn9,H1,-17.035072299928288,7
W3Zn9,N1,-277.97284716022114,7
W3Zn9,O1,-445.0224692900374,7
W3Zn9,S1,-334.5471381957832,7
W3Zr9,C1,-158.24945106371524,3
W3Zr9,H1,-17.5294398783044,3
W3Zr9,N1,-279.419385006433,3
W3Zr9,O1,-447.18151150801714,3
W3Zr9,S1,-335.8119586926623,3
W6Y6,C1,-158.55679289597538,8
W6Y6,H1,-17.391256661434454,9
W6Y6,N1,-279.2941542722292,8
W6Y6,O1,-446.4869040634185,8
W6Y6,S1,-335.94670592808325,8
W6Zn6,C1,-157.39614138614706,8
W6Zn6,H1,-17.23486617157323,9
W6Zn6,N1,-278.0560228367176,8
W6Zn6,O1,-445.0977525767594,8
W6Zn6,S1,-334.92898833456275,8
W6Zr6,C1,-158.15713712423167,8
W6Zr6,H1,-17.662810897985764,9
W6Zr6,N1,-279.17965366697536,8
W6Zr6,O1,-446.5944177376987,8
W6Zr6,S1,-335.99702372249885,8
W9Y3,C1,-158.80761790846373,6
W9Y3,H1,-17.688649195417383,6
W9Y3,N1,-279.4683754295438,6
W9Y3,O1,-446.4078264213349,5
W9Y3,S1,-336.1836644275245,5
W9Zn3,C1,-157.91690958518302,3
W9Zn3,H1,-17.450807550514583,5
W9Zn3,N1,-278.61790838918387,3
W9Zn3,O1,-445.6453665747322,3
W9Zn3,S1,-335.42934037652594,3
W9Zr3,C1,-159.0384252745862,9
W9Zr3,H1,-18.19559945374931,9
W9Zr3,N1,-279.942775702606,9
W9Zr3,O1,-446.96477814174796,9
W9Zr3,S1,-336.34291959582697,9
Y12,C1,-157.2797691818978,8
Y12,C1H1,-174.55906038665853,8
Y12,C1H2,-191.8260625222938,4
Y12,C1H3,-208.55075483895052,4
Y12,H1,-17.428999531146474,8
Y12,H1N1,-296.16879709659406,6
Y12,H1O1,-464.5354534708713,8
Y12,H1S1,-353.08315559917537,8
Y12,H2O1,-477.21933773398814,4
Y12,N1,-279.35646534803345,8
Y12,O1,-447.35280540070926,8
Y12,S1,-335.9567311461269,8
Y3Zn9,C1,-156.35477519524284,7
Y3Zn9,H1,-16.609094276296673,7
Y3Zn9,N1,-277.3216704448496,7
Y3Zn9,O1,-444.9805999500313,7
Y3Zn9,S1,-334.39359265610983,7
Y3Zr9,C1,-158.03633626726878,3
Y3Zr9,H1,-17.4313202540161,3
Y3Zr9,N1,-279.2399900126493,3
Y3Zr9,O1,-447.0776013012455,3
Y3Zr9,S1,-335.70259573273506,3
Y6Zn6,C1,-157.35675712575903,7
Y6Zn6,H1,-17.106945864201407,8
Y6Zn6,N1,-278.4247100127686,8
Y6Zn6,O1,-446.28509641331766,8
Y6Zn6,S1,-335.24308770583593,8
Y6Zr6,C1,-157.98403870861694,8
Y6Zr6,H1,-17.409248692394613,9
Y6Zr6,N1,-279.63488991477607,8
Y6Zr6,O1,-447.1632507646427,8
Y6Zr6,S1,-335.8546319930083,8
Y9Zn3,C1,-157.82254676456432,6
Y9Zn3,H1,-17.53893556281764,5
Y9Zn3,N1,-279.27796431517345,5
Y9Zn3,O1,-447.41494164336837,5
Y9Zn3,S1,-335.9889778605211,5
Y9Zr3,C1,-157.74875085208987,5
Y9Zr3,H1,-17.409939453373227,5
Y9Zr3,N1,-279.542664684408,6
Y9Zr3,O1,-447.18461972833757,5
Y9Zr3,S1,-335.8959758812016,5
Zn12,C1,-155.2139137085469,8
Zn12,C1H1,-172.81000378992758,4
Zn12,C1H2,-189.86289043047873,4
Zn12,C1H3,-207.24905339296674,4
Zn12,H1,-15.906130351766478,12
Zn12,H1N1,-293.3672311112168,4
Zn12,H1O1,-460.169775100032,4
Zn12,H1S1,-349.37833208055235,4
Zn12,H2O1,-476.76090795817436,4
Zn12,N1,-275.6522321803932,8
Zn12,O1,-443.6253115339641,8
Zn12,S1,-333.3789738949854,8
Zn3Zr9,C1,-157.73613511030635,7
Zn3Zr9,H1,-17.506686943630484,7
Zn3Zr9,N1,-279.50487841255017,7
Zn3Zr9,O1,-447.15216852039157,7
Zn3Zr9,S1,-335.7238853752424,7
Zn6Zr6,C1,-157.9619426567442,8
Zn6Zr6,H1,-17.210758382097993,9
Zn6Zr6,N1,-278.651170768484,8
Zn6Zr6,O1,-446.3691673443391,8
Zn6Zr6,S1,-335.30944974035083,8
Zn9Zr3,C1,-156.74181236799632,7
Zn9Zr3,H1,-16.829506077432598,7
Zn9Zr3,N1,-277.36389924723335,7
Zn9Zr3,O1,-445.3671192901602,7
Zn9Zr3,S1,-334.7420484403774,7
Zr12,C1,-157.81410592935026,8
Zr12,C1H1,-174.98769043177344,8
Zr12,C1H2,-192.48635981325606,10
Zr12,C1H3,-208.61572569146847,4
Zr12,H1,-17.54522751505101,8
Zr12,H1N1,-296.4489431915408,8
Zr12,H1O1,-464.13775202071884,8
Zr12,H1S1,-352.7357571132361,8
Zr12,H2O1,-477.16172837715385,4
Zr12,N1,-279.50346614172486,8
Zr12,O1,-447.14198547632805,8
Zr12,S1,-335.7837188545436,8
