pl_name,pl_rade,pl_radeerr1,pl_radeerr2,pl_bmasse,pl_bmasseerr1,pl_bmasseerr2,pl_bmassprov,pl_orbper,pl_dens,discoverymethod,st_teff,st_mass,st_met
"Kepler-1597 b",1.06000000,0.47000000,-0.17000000,1.20000000,,,"M-R relationship",2.94654179000,5.540000,"Transit",6377.00,1.250000,0.0200
"Kepler-687 b",3.52000000,0.16000000,-0.20000000,12.20000000,,,"M-R relationship",20.50586978000,1.540000,"Transit",4841.00,0.770000,-0.0400
"Kepler-1596 b",1.90000000,0.25000000,-0.17000000,4.27000000,,,"M-R relationship",66.37337900000,3.420000,"Transit",5706.00,0.950000,-0.1100
"Kepler-692 b",3.11000000,0.37000000,-0.23000000,9.85000000,,,"M-R relationship",21.81293494000,1.800000,"Transit",5440.00,0.900000,-0.0100
"Kepler-150 c",3.69000000,0.59000000,-0.59000000,13.20000000,,,"M-R relationship",7.38199800000,1.440000,"Transit",5560.00,0.956000,0.1200
"Kepler-1494 b",3.07000000,0.46000000,-0.57000000,9.64000000,,,"M-R relationship",91.08048200000,1.830000,"Transit",5659.00,0.960000,0.0100
"Kepler-1502 b",3.18000000,1.12000000,-0.64000000,10.20000000,,,"M-R relationship",41.70836290000,1.740000,"Transit",6666.00,1.440000,0.0500
"Kepler-1490 b",3.04000000,0.37000000,-0.63000000,9.48000000,,,"M-R relationship",92.43629730000,1.850000,"Transit",5515.00,0.900000,-0.0800
"Kepler-1491 b",1.51000000,0.35000000,-0.14000000,2.89000000,,,"M-R relationship",16.58617620000,4.610000,"Transit",5728.00,1.000000,0.0600
"Kepler-171 b",2.34000000,1.05000000,-1.05000000,6.08000000,,,"M-R relationship",4.16697200000,2.610000,"Transit",5642.00,0.978000,0.1700
"Kepler-1926 b",2.31495961,,,5.97000000,,,"M-R relationship",42.87770081000,2.640000,"Transit",5256.00,0.768000,-0.1600
"Kepler-1631 b",1.35000000,0.20000000,-0.15000000,2.39000000,,,"M-R relationship",4.09513932000,5.340000,"Transit",5679.00,0.970000,0.0400
"KOI-1599.02",1.90000000,0.20000000,-0.20000000,9.00000000,0.30000000,-0.30000000,"Mass",13.60880000000,7.210000,"Transit",5833.00,1.020000,0.0600
"Kepler-719 b",8.52000000,1.83000000,-0.90000000,54.50000000,,,"M-R relationship",5.00731777900,0.484000,"Transit",5777.00,0.990000,-0.0200
"Kepler-734 b",3.56000000,0.14000000,-0.13000000,12.40000000,,,"M-R relationship",6.10485285600,1.510000,"Transit",5326.00,0.850000,-0.1700
"Kepler-1408 b",0.89000000,68.91000000,-0.15000000,0.64000000,,,"M-R relationship",2.99793191000,4.990000,"Transit",6170.00,1.210000,0.0000
"Kepler-1427 b",1.10000000,0.24000000,-0.12000000,1.37000000,,,"M-R relationship",0.96897237600,5.660000,"Transit",5793.00,1.010000,0.0600
"Kepler-1665 b",2.83910787,,,8.44000000,,,"M-R relationship",11.95480000000,2.030000,"Transit",5049.84,0.842000,-0.0130
"Kepler-342 e",0.88000000,0.08000000,-0.06000000,0.61500000,,,"M-R relationship",1.64422461300,4.960000,"Transit",6366.00,1.260000,0.1200
"Kepler-267 b",1.98000000,0.09000000,-0.09000000,37.90000000,21.30000000,-17.90000000,"Mass",3.35372800000,26.800000,"Transit",4258.00,0.541571,-0.1800
"Kepler-1738 b",2.82472883,,,8.37000000,,,"M-R relationship",7.67463016500,2.040000,"Transit",6063.00,1.079000,-0.0200
"Kepler-746 b",1.11000000,0.13000000,-0.09000000,1.41000000,,,"M-R relationship",3.48159251000,5.670000,"Transit",5418.00,0.910000,0.0900
"Kepler-760 b",3.06000000,0.26000000,-0.24000000,9.59000000,,,"M-R relationship",8.70419416000,1.840000,"Transit",5322.00,0.890000,0.0800
"Kepler-272 c",1.79000000,0.96000000,-0.96000000,97.80000000,55.50000000,-33.90000000,"Mass",6.05734200000,93.700000,"Transit",5297.00,0.910000,0.0400
"Kepler-775 b",1.19000000,0.04000000,-0.04000000,1.81000000,,,"M-R relationship",0.97486892600,5.900000,"Transit",5468.00,0.920000,-0.0400
"Kepler-498 b",3.03000000,0.50000000,-0.34000000,9.43000000,,,"M-R relationship",9.61375356000,1.860000,"Transit",5744.00,0.980000,-0.0400
"Kepler-877 b",2.12000000,0.14000000,-0.27000000,5.14000000,,,"M-R relationship",18.45847097000,2.960000,"Transit",5261.00,0.850000,-0.0600
"Kepler-865 b",2.49000000,0.49000000,-0.24000000,6.76000000,,,"M-R relationship",14.16399294000,2.410000,"Transit",5570.00,0.930000,-0.0100
"Kepler-288 c",2.85000000,1.36000000,-1.36000000,8.50000000,,,"M-R relationship",19.30577200000,2.020000,"Transit",5918.00,0.842000,-0.2400
"Kepler-794 b",2.11000000,0.52000000,-0.34000000,5.10000000,,,"M-R relationship",11.13125132000,2.980000,"Transit",5839.00,1.190000,0.3400
"Kepler-485 b",14.41000000,3.38000000,-1.63000000,,,,"Msini",3.24325979600,,"Transit",5958.00,1.070000,0.0400
"Kepler-340 c",3.37000000,0.77000000,-0.77000000,11.30000000,,,"M-R relationship",22.82466900000,1.620000,"Transit",6620.00,1.650000,0.0600
"Kepler-333 b",1.32000000,0.16000000,-0.16000000,28.20000000,29.00000000,-24.10000000,"Mass",12.55115800000,67.400000,"Transit",4259.00,0.601000,0.0465
"Kepler-951 b",5.59000000,0.24000000,-0.26000000,26.70000000,,,"M-R relationship",71.52530845000,0.840000,"Transit",4834.00,0.770000,-0.0100
"Kepler-66 b",2.80000000,0.16000000,-0.16000000,8.25000000,,,"M-R relationship",17.81581500000,2.070000,"Transit",5962.00,1.038000,-0.2000
"Kepler-1805 b",1.54502915,,,3.00000000,,,"M-R relationship",8.84794044500,4.470000,"Transit",3867.00,0.581000,0.1000
"Kepler-1792 b",2.51990972,,,6.89000000,,,"M-R relationship",4.19577980000,2.370000,"Transit",5229.00,0.878000,0.3200
"Kepler-276 d",2.80000000,1.23000000,-0.27000000,16.30000000,5.00000000,-4.30000000,"Mass",48.64800000000,0.760000,"Transit",5693.00,1.100000,-0.2900
"Kepler-372 c",2.09000000,0.90000000,-0.90000000,5.02000000,,,"M-R relationship",20.05376300000,3.020000,"Transit",6509.00,1.202000,-0.1300
"Kepler-114 b",1.26000000,0.13000000,-0.13000000,1.09000000,0.49000000,-0.31000000,"Mass",5.18854900000,2.530000,"Transit",4605.00,0.770000,0.2291
"Kepler-1207 b",1.62000000,0.51000000,-0.18000000,3.26000000,,,"M-R relationship",13.68237119000,4.210000,"Transit",5909.00,1.060000,0.0500
"Kepler-1249 b",2.38000000,0.97000000,-0.38000000,6.26000000,,,"M-R relationship",24.33471270000,2.550000,"Transit",6202.00,1.190000,0.0600
"Kepler-1859 b",1.58313575,,,3.13000000,,,"M-R relationship",2.72959995300,4.330000,"Transit",5887.00,1.090000,0.1600
"Kepler-1244 b",1.35000000,0.63000000,-0.25000000,2.39000000,,,"M-R relationship",3.70428172000,5.340000,"Transit",6680.00,1.460000,0.0500
"Kepler-213 c",2.34000000,0.45000000,-0.45000000,6.08000000,,,"M-R relationship",4.82296200000,2.610000,"Transit",5696.00,1.070000,0.1500
"Kepler-1388 b",2.59000000,0.13000000,-0.14000000,7.22000000,,,"M-R relationship",12.28546030000,2.280000,"Transit",4098.00,0.630000,0.0200
"Kepler-258 c",3.61000000,2.43000000,-2.43000000,12.70000000,,,"M-R relationship",33.65307900000,1.480000,"Transit",4942.00,0.820000,0.3031
"Kepler-355 b",1.46000000,0.66000000,-0.66000000,2.73000000,,,"M-R relationship",11.03189000000,4.820000,"Transit",6184.00,0.933000,-0.0600
"Kepler-324 e",2.03862444,,,235.01400000,,,"Mass",13.97939968000,0.160000,"Transit",5191.00,0.844000,0.0800
"Kepler-330 b",1.35000000,0.53000000,-0.53000000,2.39000000,,,"M-R relationship",8.25978000000,5.340000,"Transit",5117.00,0.848000,0.1600
"Kepler-233 c",2.71000000,0.78000000,-0.78000000,7.80000000,,,"M-R relationship",60.41895500000,2.150000,"Transit",5360.00,0.855000,-0.0900
"Kepler-174 d",2.19000000,0.13000000,-0.13000000,5.43000000,,,"M-R relationship",247.35373000000,2.840000,"Transit",4880.00,0.602000,-0.5600
"Kepler-200 c",1.59000000,0.29000000,-0.29000000,3.15000000,,,"M-R relationship",10.22215700000,4.310000,"Transit",5678.00,0.972000,-0.0060
"Kepler-130 d",1.64000000,0.16000000,-0.16000000,3.33000000,,,"M-R relationship",87.51790500000,4.150000,"Transit",5884.00,0.927000,-0.1990
"Kepler-541 b",3.36000000,0.58000000,-0.56000000,11.20000000,,,"M-R relationship",5.08005848000,1.620000,"Transit",6166.00,1.410000,0.0700
"Kepler-1585 b",1.79000000,0.25000000,-0.16000000,3.86000000,,,"M-R relationship",3.58274630000,3.700000,"Transit",5538.00,0.940000,0.0800
"Kepler-1275 b",1.48000000,0.65000000,-0.27000000,2.79000000,,,"M-R relationship",3.65691115000,4.730000,"Transit",6296.00,1.230000,0.0400
"Kepler-60 d",1.99000000,0.16000000,-0.16000000,4.16000000,0.84000000,-0.75000000,"Mass",11.89810000000,2.910000,"Transit",5905.00,1.041000,-0.0900
"Kepler-1176 b",2.45000000,0.63000000,-0.32000000,6.57000000,,,"M-R relationship",24.17385790000,2.450000,"Transit",5844.00,1.010000,-0.0100
"Kepler-1225 b",1.82000000,0.61000000,-0.24000000,3.97000000,,,"M-R relationship",7.01075434000,3.620000,"Transit",6140.00,1.130000,0.0100
"Kepler-1394 b",1.39000000,0.20000000,-0.22000000,2.51000000,,,"M-R relationship",3.93766373000,5.140000,"Transit",6481.00,1.640000,0.0600
"Kepler-1649 b",1.01700000,0.05100000,-0.05100000,1.03000000,,,"M-R relationship",8.68909900000,5.380000,"Transit",3240.00,0.197700,-0.1500
"TOI-1246 c",2.45109846,0.13824169,-0.08751012,9.10000000,1.30000000,-1.20000000,"Mass",5.90413700000,3.390000,"Transit",5213.00,0.888900,0.1680
"Kepler-1468 c",1.15000000,0.25000000,-0.13000000,1.60000000,,,"M-R relationship",3.54553021000,5.780000,"Transit",5893.00,1.040000,0.0300
"Kepler-326 c",1.40000000,0.10000000,-0.10000000,17.40000000,15.40000000,-10.70000000,"Mass",4.58035800000,34.800000,"Transit",5105.00,0.910000,0.2385
"Kepler-1085 c",3.26817741,,,10.70000000,,,"M-R relationship",56.77710000000,1.680000,"Transit",5816.00,1.050000,0.2200
"Kepler-1229 b",1.40000000,0.11000000,-0.13000000,2.54000000,,,"M-R relationship",86.82898900000,5.090000,"Transit",3784.00,0.540000,-0.0600
"Kepler-1542 e",0.76000000,0.10000000,-0.08000000,0.36300000,,,"M-R relationship",5.10115756000,4.540000,"Transit",5564.00,0.940000,0.0600
"Kepler-1178 b",1.07000000,0.06000000,-0.08000000,1.24000000,,,"M-R relationship",31.80634000000,5.560000,"Transit",4990.00,0.800000,-0.0500
"K2-187 c",1.40000000,0.20000000,-0.20000000,2.54000000,,,"M-R relationship",2.87151200000,5.090000,"Transit",5438.00,0.966999,0.0000
"Kepler-1060 b",2.38000000,0.45000000,-0.29000000,6.26000000,,,"M-R relationship",46.87793670000,2.550000,"Transit",5797.00,0.990000,-0.0300
"Kepler-990 b",2.60000000,0.65000000,-0.42000000,7.27000000,,,"M-R relationship",9.91723428000,2.270000,"Transit",5948.00,1.050000,0.0100
"Kepler-1126 b",1.73000000,0.21000000,-0.14000000,3.64000000,,,"M-R relationship",108.59332900000,3.860000,"Transit",5798.00,0.920000,-0.2600
"Kepler-100 c",2.20000000,0.05000000,-0.05000000,7.05000000,,,"Mass",12.81590000000,1.721102,"Transit",5825.00,1.080000,0.0200
"Kepler-172 c",2.86000000,0.53000000,-0.53000000,8.55000000,,,"M-R relationship",6.38899600000,2.010000,"Transit",5526.00,1.081000,0.3900
"Kepler-663 b",2.60000000,0.20000000,-0.16000000,7.27000000,,,"M-R relationship",4.99678284000,2.270000,"Transit",5264.00,0.860000,0.0300
"HD 102117 b",8.47000000,,,54.03110000,3.17830000,-3.17830000,"Msini",20.81330000000,0.489000,"Radial Velocity",5655.00,1.060000,0.2800
"HD 137388 b",9.32000000,,,63.56600000,6.35660000,-6.35660000,"Msini",330.00000000000,0.431000,"Radial Velocity",5181.00,0.680000,0.1900
"HD 50554 b",12.80000000,,,1859.29618095,286.04556630,-165.27077164,"Mass",1293.00000000000,4.870000,"Radial Velocity",5987.00,1.040000,-0.0400
"WASP-24 b",15.46842000,1.79344000,-1.79344000,394.10920000,92.17070000,-92.17070000,"Mass",2.34121000000,0.622000,"Transit",6075.00,1.430000,0.0000
"HD 156846 b",12.40000000,,,3391.24610000,235.19420000,-235.19420000,"Msini",359.51001000000,9.770000,"Radial Velocity",6090.00,1.380000,0.1500
"WASP-151 b",13.30506009,0.23538859,-0.23538859,100.43377661,9.85268062,-9.85268062,"Mass",4.53347750000,0.250651,"Transit",5871.00,1.081000,0.1000
"Kepler-80 g",1.13000000,0.14000000,-0.14000000,0.06500000,0.04400000,-0.03800000,"Mass",14.64558000000,0.310000,"Transit",4540.00,0.830000,0.0400
"Kepler-263 b",2.67000000,1.45000000,-1.45000000,7.61000000,,,"M-R relationship",16.56808700000,2.200000,"Transit",5265.00,0.793000,-0.0314
"K2-10 b",3.77300000,0.08800000,-0.04800000,25.20000000,8.40000000,-8.40000000,"Mass",19.30553000000,2.360000,"Transit",5533.00,0.880000,-0.0700
"TOI-411 b",1.36200000,0.04000000,-0.04000000,13.71000000,,,"Mass",4.04029500000,18.960000,"Transit",6169.00,1.098000,-0.0800
"WASP-120 b",15.58048317,0.89671846,-0.89671846,1541.47550000,66.74430000,-66.74430000,"Mass",3.61126721000,2.334107,"Transit",6450.00,1.393000,-0.0500
"Kepler-1006 b",1.54000000,0.27000000,-0.14000000,2.99000000,,,"M-R relationship",19.76172042000,4.500000,"Transit",5328.00,0.780000,-0.4000
"Kepler-398 d",0.88000000,0.03000000,-0.04000000,0.61500000,,,"M-R relationship",6.83437001000,4.960000,"Transit",4557.00,0.720000,-0.0600
"TOI-4034 b",17.71018951,0.22417961,-0.22417961,276.51071409,50.85254512,-50.85254512,"Mass",1.80209320000,0.275000,"Transit",5891.00,1.190000,0.1200
"TOI-5335 b",4.02422162,0.84491911,-0.55064827,15.30000000,,,"M-R relationship",3.61365988443,1.290000,"Transit",5528.92,0.945000,
"Kepler-253 d",3.17000000,1.30000000,-1.30000000,10.20000000,,,"M-R relationship",18.11986900000,1.760000,"Transit",5208.00,0.860000,0.1500
"K2-62 b",2.02000000,0.17000000,-0.06000000,4.74000000,,,"M-R relationship",6.67199000000,3.160000,"Transit",4455.00,0.670000,-0.1000
"Kepler-369 b",1.13000000,0.06000000,-0.06000000,1.51000000,,,"M-R relationship",2.73275600000,5.750000,"Transit",3591.00,0.500000,-0.0900
"Kepler-657 b",3.52000000,0.69000000,-0.32000000,12.20000000,,,"M-R relationship",24.54350418000,1.540000,"Transit",5808.00,1.010000,0.0300
"Kepler-513 b",2.20000000,0.31000000,-0.20000000,5.48000000,,,"M-R relationship",28.86235584000,2.830000,"Transit",5849.00,1.020000,-0.0100
"TOI-1180 b",3.07200000,0.27000000,-0.24300000,10.00000000,5.30000000,-5.40000000,"Mass",9.68676037800,1.930000,"Transit",4738.00,0.750000,0.0670
"11 UMi b",12.30000000,,,4684.81420000,794.57500000,-794.57500000,"Msini",516.21997000000,13.800000,"Radial Velocity",4213.00,2.780000,-0.0200
"Kepler-1390 b",1.18000000,0.25000000,-0.13000000,1.76000000,,,"M-R relationship",6.48021673000,5.890000,"Transit",5753.00,0.980000,-0.0100
"WASP-60 b",9.86392000,1.34508000,-1.34508000,174.80650000,60.38770000,-60.38770000,"Mass",4.30500000000,0.378000,"Transit",5900.00,1.190000,-0.0400
"Kepler-1762 b",2.76022913,,,8.05000000,,,"M-R relationship",29.53910065000,2.100000,"Transit",6572.00,1.298000,0.0700
"Kepler-98 b",1.99000000,0.22000000,-0.22000000,3.55000000,1.60000000,-1.60000000,"Mass",1.54168000000,2.180000,"Transit",5539.00,0.990000,0.1800
"Kepler-403 c",1.75000000,0.32000000,-0.32000000,3.71000000,,,"M-R relationship",54.28074900000,3.800000,"Transit",6090.00,1.299000,0.0790
"Kepler-292 b",1.32000000,0.14000000,-0.14000000,2.30000000,,,"M-R relationship",2.58082700000,5.500000,"Transit",5299.00,0.865000,0.0400
"K2-49 b",1.93000000,0.53000000,-0.53000000,4.38000000,,,"M-R relationship",2.77065000000,3.350000,"Transit",4175.00,0.510000,
"HD 142245 b",13.10000000,,,975.73810000,133.48860000,-133.48860000,"Msini",1299.00000000000,2.390000,"Radial Velocity",4922.00,3.500000,0.1700
"TOI-1452 b",1.67200000,0.07100000,-0.07100000,4.82000000,1.30000000,-1.30000000,"Mass",11.06201000000,5.600000,"Transit",3185.00,0.249000,-0.0700
"Kepler-110 b",1.83000000,0.36000000,-0.36000000,4.01000000,,,"M-R relationship",12.69111200000,3.600000,"Transit",5960.00,0.989000,-0.1498
"Kepler-1296 b",0.91000000,0.09000000,-0.06000000,0.69300000,,,"M-R relationship",8.38398650000,5.050000,"Transit",5359.00,0.870000,-0.0400
"Kepler-1221 b",1.88000000,0.30000000,-0.16000000,4.19000000,,,"M-R relationship",12.00096042000,3.470000,"Transit",5194.00,0.870000,0.0900
"Kepler-158 d",0.43000000,0.05000000,-0.05000000,0.04720000,,,"M-R relationship",0.64508800000,3.260000,"Transit",4895.97,0.656000,-0.3000
"Kepler-49 b",2.57900000,0.08700000,-0.08600000,9.77000000,0.94000000,-0.95000000,"Mass",7.20000000000,3.082111,"Transit",4095.60,0.607000,0.0300
"TOI-1295 b",15.69257298,0.89671846,-0.89671846,451.31633794,25.42627256,-25.42627256,"Mass",3.19688380000,0.650000,"Transit",6280.00,1.380000,0.2600
"Kepler-1691 b",1.83470985,,,4.02000000,,,"M-R relationship",3.84820000000,3.580000,"Transit",6000.00,1.110000,0.1600
"Kepler-180 c",3.01000000,1.34000000,-1.34000000,9.32000000,,,"M-R relationship",41.88577500000,1.880000,"Transit",5731.00,0.950000,0.0300
"HATS-33 b",13.78707000,1.25540800,-0.90792900,378.85336000,16.84499000,-16.84499000,"Mass",2.54955510000,0.790000,"Transit",5659.00,1.062000,0.2900
"K2-254 c",2.19000000,0.24000000,-0.18000000,5.43000000,,,"M-R relationship",12.11839000000,2.840000,"Transit",4629.00,0.710000,-0.1400
"HD 38283 b",14.00000000,,,127.13200000,12.71320000,-12.71320000,"Msini",363.20001000000,0.255000,"Radial Velocity",5981.00,1.370000,-0.1800
"Kepler-162 c",3.03000000,1.63000000,-1.63000000,9.43000000,,,"M-R relationship",19.44635500000,1.860000,"Transit",5816.00,1.053000,0.1000
"TOI-375 d",13.60000000,,,445.59542661,98.84463458,-87.72064033,"Msini",297.90000000000,0.973000,"Radial Velocity",5259.90,1.441000,0.0840
"K2-248 b",2.57000000,0.20000000,-0.14000000,7.13000000,,,"M-R relationship",7.17256000000,2.310000,"Transit",5528.00,0.880000,-0.1000
"Kepler-1252 b",1.67000000,0.42000000,-0.23000000,3.43000000,,,"M-R relationship",15.05403290000,4.050000,"Transit",5949.00,1.060000,0.0300
"WASP-35 b",14.57170000,0.78463000,-0.78463000,225.65930000,31.78300000,-31.78300000,"Mass",3.16158000000,0.378000,"Transit",5990.00,1.050000,-0.1500
"HD 155918 b",2.67000000,,,7.62788177,0.95348522,-1.27131363,"Msini",1.87567000000,2.200000,"Radial Velocity",5771.84,1.030000,-0.6616
"Kepler-300 c",2.25000000,1.04000000,-1.04000000,5.69000000,,,"M-R relationship",40.71495500000,2.740000,"Transit",5986.00,1.070000,0.0400
"HD 55696 b",12.90000000,,,1357.12729789,317.82840700,-219.30160083,"Mass",1827.00000000000,3.470000,"Radial Velocity",6012.00,1.290000,0.3700
"Kepler-787 b",1.28000000,0.06000000,-0.07000000,2.18000000,,,"M-R relationship",0.92831049800,5.710000,"Transit",4248.00,0.650000,-0.0900
"Kepler-79 e",3.53000000,0.16000000,-0.16000000,3.80000000,0.70000000,-0.60000000,"Mass",81.06650000000,0.480000,"Transit",6389.00,1.244000,0.0600
"NGTS-12 b",11.74703200,0.35868800,-0.35868800,66.10864000,6.99226000,-6.99226000,"Mass",7.53280600000,0.223000,"Transit",5690.00,1.021000,-0.0300
"Kepler-493 b",15.13000000,5.00000000,-2.55000000,,,,"Msini",3.00387658100,,"Transit",6457.00,1.360000,0.1100
"TOI-4155 b",3.21000000,0.17000000,-0.17000000,10.40000000,,,"M-R relationship",3.32072900000,1.730000,"Transit",5724.00,1.160000,0.1100
"HATS-28 b",13.38354600,0.78463000,-0.78463000,213.58176000,27.65121000,-27.65121000,"Mass",3.18107810000,0.480000,"Transit",5498.00,0.929000,0.0100
"Kepler-214 c",2.13000000,0.40000000,-0.40000000,5.18000000,,,"M-R relationship",28.77980000000,2.950000,"Transit",6169.00,1.110000,-0.0200
"HD 33142 b",13.70000000,,,400.46379282,15.89142035,-15.89142035,"Msini",330.00000000000,0.856000,"Radial Velocity",5025.40,1.520000,0.0600
"GJ 4274 b",1.53000000,,,2.97000000,0.54000000,-0.50000000,"Msini",1.63390000000,4.560000,"Radial Velocity",3228.00,0.180000,-0.1900
"Kepler-385 b",2.73000000,1.38000000,-1.38000000,12.80000000,11.40000000,-6.80000000,"Mass",10.04368600000,3.460000,"Transit",6326.00,0.992000,0.0100
"HD 27631 b",13.50000000,,,495.81231492,63.56568140,-47.67426105,"Mass",2198.14000000000,1.110000,"Radial Velocity",5737.00,0.944000,-0.1200
"KIC 5479689 b",14.20000000,,,158.91420350,127.13136280,-31.78284070,"Msini",1.70153100000,0.305000,"Orbital Brightness Modulation",5459.10,0.966000,0.1610
"TOI-2120 b",2.12200000,0.06500000,-0.06500000,6.80000000,,,"Mass",5.79981640000,,"Transit",3131.00,0.211000,0.3900
"Kepler-1257 b",1.52000000,0.18000000,-0.12000000,2.92000000,,,"M-R relationship",2.66831376200,4.570000,"Transit",5502.00,0.900000,-0.0900
"Kepler-1744 b",3.76754004,,,13.60000000,,,"M-R relationship",37.10110092000,1.400000,"Transit",5986.00,0.886000,-0.5000
"Kepler-901 b",1.37000000,0.07000000,-0.06000000,2.45000000,,,"M-R relationship",3.51749439400,5.240000,"Transit",4184.00,0.590000,-0.3000
"KELT-6 c",13.00000000,,,1179.14930000,66.74430000,-66.74430000,"Msini",1276.00000000000,2.950000,"Radial Velocity",6272.00,1.126000,-0.2700
"Kepler-298 b",1.96000000,0.10000000,-0.10000000,4.50000000,,,"M-R relationship",10.47546400000,3.280000,"Transit",4465.00,0.660000,-0.2100
"TIC 279401253 c",12.60000000,,,2548.98382414,57.20911326,-57.20911326,"Msini",155.30000000000,7.000000,"Transit",5951.00,1.130000,0.2000
"Kepler-143 c",3.37000000,0.84000000,-0.84000000,11.30000000,,,"M-R relationship",27.08251100000,1.620000,"Transit",5848.00,0.982000,-0.0100
"ups Leo b",14.20000000,,,162.09248757,19.06970442,-82.63538582,"Msini",385.20000000000,0.311000,"Radial Velocity",4836.00,1.480000,-0.2000
"Kepler-808 b",1.46000000,0.06000000,-0.08000000,2.73000000,,,"M-R relationship",0.63133235300,4.820000,"Transit",4653.00,0.760000,0.0500
"Kepler-885 b",2.50000000,0.40000000,-0.39000000,6.80000000,,,"M-R relationship",18.11472949000,2.390000,"Transit",6187.00,1.210000,0.1100
"Kepler-151 c",2.09000000,1.04000000,-1.04000000,5.02000000,,,"M-R relationship",24.67461200000,3.020000,"Transit",5460.00,0.870000,0.1245
"Kepler-923 b",1.38000000,0.29000000,-0.19000000,2.48000000,,,"M-R relationship",6.93366476000,5.190000,"Transit",5988.00,1.110000,0.0700
"Kepler-191 c",1.86000000,0.92000000,-0.92000000,4.12000000,,,"M-R relationship",17.73850600000,3.520000,"Transit",5282.00,0.857000,0.1300
"K2-247 c",2.19000000,0.25000000,-0.23000000,5.43000000,,,"M-R relationship",6.49424000000,2.840000,"Transit",4667.00,0.740000,-0.0800
"K2-322 b",1.92000000,0.29000000,-0.18000000,4.35000000,,,"M-R relationship",8.20500000000,3.380000,"Transit",4141.00,0.630000,
"HATS-44 b",11.96000300,1.40112500,-0.79583900,177.98480000,34.96130000,-34.96130000,"Mass",2.74390040000,0.560000,"Transit",5080.00,0.860000,0.3200
"K2-352 c",1.92000000,0.13000000,-0.07000000,4.35000000,,,"M-R relationship",8.23488500000,3.380000,"Transit",5791.00,0.980000,-0.0500
"TOI-1408 c",2.22000000,0.06000000,-0.06000000,7.60000000,0.20000000,-0.20000000,"Mass",2.16640000000,3.800000,"Transit Timing Variations",6117.00,1.312000,0.2500
"Kepler-1460 b",1.96000000,0.14000000,-0.13000000,4.50000000,,,"M-R relationship",29.96332470000,3.280000,"Transit",4422.00,0.700000,-0.0200
"Kepler-41 b",14.46000000,0.22000000,-0.22000000,177.98000000,25.43000000,-25.43000000,"Mass",1.85555820000,0.330000,"Transit",5750.00,1.150000,0.3800
"Kepler-229 d",3.85000000,1.38000000,-1.38000000,14.20000000,,,"M-R relationship",41.19491200000,1.370000,"Transit",5120.00,0.808000,0.0600
"HD 72659 b",13.20000000,,,949.67128012,821.90426050,-31.14718389,"Mass",3549.00000000000,2.270000,"Radial Velocity",5929.00,1.033000,-0.0200
"Kepler-11 b",1.80000000,0.03000000,-0.05000000,1.90000000,1.40000000,-1.00000000,"Mass",10.30390000000,1.720000,"Transit",5663.00,0.961000,0.0500
"Kepler-900 b",2.08000000,0.12000000,-0.34000000,4.98000000,,,"M-R relationship",6.99130860000,3.040000,"Transit",4836.00,0.780000,-0.0100
"K2-201 c",3.28568401,0.39804812,-0.18385433,10.80000000,,,"M-R relationship",22.77987800000,1.670000,"Transit",5507.00,0.956055,0.1300
"Kepler-580 b",2.57000000,0.29000000,-0.13000000,7.13000000,,,"M-R relationship",8.22241965600,2.310000,"Transit",4298.00,0.670000,-0.0600
"Kepler-1723 b",2.88046569,,,8.65000000,,,"M-R relationship",39.75289917000,1.990000,"Transit",6072.00,0.960000,-0.3000
"omi UMa b",13.00000000,,,1160.39151396,55.93779963,-94.71286529,"Msini",1569.81000000000,2.900000,"Radial Velocity",5075.00,2.720000,-0.1600
"Kepler-163 b",1.05000000,0.44000000,-0.44000000,1.16000000,,,"M-R relationship",7.81093700000,5.510000,"Transit",5776.00,0.882000,0.1412
"GJ 179 b",13.80000000,,,301.93698665,50.85254512,-34.96112477,"Mass",2288.00000000000,0.631000,"Radial Velocity",3370.00,0.357000,0.3000
"Kepler-1218 b",1.44000000,0.15000000,-0.14000000,2.67000000,,,"M-R relationship",22.92212660000,4.910000,"Transit",5986.00,1.060000,-0.0200
"HATS-57 b",12.76705100,0.31385200,-0.31385200,1000.21101000,23.20159000,-23.20159000,"Mass",2.35062100000,2.650000,"Transit",5587.00,1.026000,0.2680
"Kepler-603 c",6.50000000,1.48000000,-0.62000000,34.50000000,,,"M-R relationship",127.90757740000,0.690000,"Transit",5808.00,1.010000,0.0300
"HD 191939 f",13.20000000,,,915.34581216,82.63538582,-82.63538582,"Msini",2898.00000000000,2.190000,"Radial Velocity",5348.00,0.810000,-0.1500
"HD 30669 b",14.30000000,,,149.37000000,19.07000000,-19.07000000,"Msini",1684.00000000000,0.281000,"Radial Velocity",5400.00,0.920000,0.1300
"K2-244 b",1.75000000,0.13000000,-0.10000000,3.71000000,,,"M-R relationship",21.06884000000,3.800000,"Transit",5677.00,0.860000,-0.2900
"EPIC 201497682 b",0.69200000,0.05900000,-0.04800000,0.26000000,,,"M-R relationship",2.13174000000,4.310000,"Transit",4991.00,0.780000,-0.0892
"Kepler-653 c",0.78000000,0.13000000,-0.12000000,0.39900000,,,"M-R relationship",0.90037647600,4.620000,"Transit",5665.00,1.020000,0.2300
"K2-59 c",2.30000000,0.29000000,-0.29000000,5.90000000,,,"M-R relationship",11.29540000000,2.660000,"Transit",5055.00,0.774000,
"Kepler-531 b",2.78000000,0.08000000,-0.19000000,8.15000000,,,"M-R relationship",29.88485741000,2.080000,"Transit",4893.00,0.780000,-0.0300
"HD 104067 c",3.69000000,,,13.20000000,1.90000000,-1.90000000,"Msini",13.89920000000,1.440000,"Radial Velocity",4952.00,0.820000,0.1100
"HIP 97166 c",2.75000000,,,8.00000000,1.60000000,-1.60000000,"Msini",16.43200000000,2.110000,"Radial Velocity",5216.00,0.934200,0.2480
"TOI-2379 b",11.72459381,0.25780656,-0.25780656,1830.69162432,63.56568140,-63.56568140,"Mass",5.46938270000,6.210000,"Transit",3707.00,0.645000,0.5010
"WASP-140 b",14.23540549,0.67253884,-0.67253884,775.50520000,22.24810000,-22.24810000,"Mass",2.23598448000,1.578175,"Transit",5300.00,0.900000,0.1200
"K2-255 b",2.90000000,0.28000000,-0.11000000,8.75000000,,,"M-R relationship",1.96417000000,1.970000,"Transit",4676.00,0.710000,-0.1400
"Kepler-365 c",1.64000000,0.77000000,-0.77000000,3.33000000,,,"M-R relationship",17.78412900000,4.150000,"Transit",6012.00,1.020000,-0.2180
"Kepler-592 b",2.39000000,0.58000000,-0.25000000,6.30000000,,,"M-R relationship",2.82019240800,2.540000,"Transit",5913.00,1.040000,-0.0300
"Kepler-1542 d",0.87000000,0.12000000,-0.09000000,0.59000000,,,"M-R relationship",5.99273738000,4.920000,"Transit",5564.00,0.940000,0.0600
"Kepler-29 c",2.34000000,0.12000000,-0.11000000,4.50000000,1.10000000,-1.10000000,"Mass",13.28613000000,1.910000,"Transit",5378.00,0.761000,-0.4400
"Kepler-506 b",2.73000000,0.06000000,-0.06000000,7.90000000,,,"M-R relationship",6.88340550000,2.130000,"Transit",6236.00,1.190000,0.0900
"Kepler-1814 b",2.36961357,,,6.21000000,,,"M-R relationship",2.93535995500,2.560000,"Transit",4922.00,0.790000,0.2000
"Kepler-1004 b",6.28000000,0.78000000,-0.44000000,32.50000000,,,"M-R relationship",5.28789787000,0.721000,"Transit",4972.00,1.110000,-0.0400
"Kepler-1911 b",1.01100000,,,1.01000000,,,"M-R relationship",5.99079990400,5.370000,"Transit",5721.00,0.954000,0.0000
"Kepler-46 d",1.64000000,0.92000000,-0.92000000,3.33000000,,,"M-R relationship",6.76658900000,4.150000,"Transit",5309.00,0.883000,0.1700
"kap CrB b",13.40000000,,,591.16380000,,,"Mass",1253.68000000000,1.350000,"Radial Velocity",4840.00,1.330000,0.0900
"Kepler-1548 b",2.64000000,0.54000000,-0.21000000,7.46000000,,,"M-R relationship",124.82867900000,2.230000,"Transit",5706.00,0.990000,0.0500
"WASP-61 b",15.80469000,2.46598000,-2.46598000,851.78440000,266.97720000,-266.97720000,"Mass",3.85590000000,1.423000,"Transit",6250.00,1.820000,-0.1000
"Kepler-281 d",5.93747806,,,654.00000000,100.00000000,-104.00000000,"Mass",148.27200320000,12.300000,"Transit",5717.00,0.984000,0.0000
"HD 190360 c",5.53000000,,,26.20000000,27.00000000,-4.00000000,"Mass",17.11625000000,0.851000,"Radial Velocity",5560.00,0.996000,0.2600
"Kepler-1287 b",1.54000000,0.22000000,-0.13000000,2.99000000,,,"M-R relationship",11.47685909000,4.500000,"Transit",5715.00,0.960000,-0.0500
"Kepler-1506 b",1.32000000,0.19000000,-0.13000000,2.30000000,,,"M-R relationship",14.03291540000,5.500000,"Transit",5676.00,0.950000,-0.0500
"Kepler-913 b",2.06000000,0.08000000,-0.06000000,4.90000000,,,"M-R relationship",10.29672521000,3.080000,"Transit",4687.00,0.630000,-0.5200
"TOI-3160 A b",13.76462830,0.51561311,-0.50440413,378.21580433,50.85254512,-47.67426105,"Mass",3.97128100000,0.790000,"Transit",6190.00,1.088000,-0.1140
"Kepler-1066 b",2.36000000,0.50000000,-0.33000000,6.17000000,,,"M-R relationship",1.93155983900,2.580000,"Transit",5762.00,0.980000,-0.0300
"Kepler-262 c",1.64000000,0.68000000,-0.68000000,3.33000000,,,"M-R relationship",21.85372200000,4.150000,"Transit",5841.00,0.816000,-0.3382
"KOI-351 h",11.25200000,0.30600000,-0.30600000,203.00000000,16.00000000,-16.00000000,"Mass",331.60296000000,0.911829,"Transit",6031.13,1.242000,0.0830
"HD 99492 b",5.44000000,,,25.50000000,0.60000000,-0.60000000,"Msini",17.05030000000,0.870000,"Radial Velocity",4929.00,0.850000,0.3000
"Kepler-359 d",4.01000000,1.91000000,-1.91000000,2.70000000,2.50000000,-1.50000000,"Mass",77.09569100000,0.100000,"Transit",6248.00,0.827000,-0.2900
"Kepler-859 b",3.09000000,0.18000000,-0.15000000,9.75000000,,,"M-R relationship",20.38177573000,1.820000,"Transit",5020.00,0.810000,-0.0200
"WASP-157 b",11.19000000,0.28000000,-0.28000000,182.43442000,29.55819000,-29.55819000,"Mass",3.95162300000,0.640000,"Transit",5772.00,1.060000,0.2500
"Kepler-1333 b",2.81000000,0.40000000,-0.25000000,8.30000000,,,"M-R relationship",109.64718420000,2.060000,"Transit",5628.00,0.940000,-0.0400
"Kepler-1120 b",1.38000000,0.09000000,-0.07000000,2.48000000,,,"M-R relationship",2.94902905200,5.190000,"Transit",4904.00,0.780000,-0.0400
"Kepler-264 c",2.83000000,0.58000000,-0.58000000,8.40000000,,,"M-R relationship",140.10126100000,2.040000,"Transit",6158.00,1.426000,0.0469
"Kepler-1242 b",2.26000000,0.13000000,-0.13000000,5.73000000,,,"M-R relationship",13.62798432000,2.730000,"Transit",4895.00,0.770000,-0.0500
"K2-214 b",2.51000000,0.14000000,-0.07000000,6.85000000,,,"M-R relationship",8.59656000000,2.380000,"Transit",5875.00,1.030000,0.0400
"Kepler-1228 b",1.54000000,0.11000000,-0.14000000,2.99000000,,,"M-R relationship",0.57736957900,4.500000,"Transit",5063.00,0.780000,-0.1800
"Kepler-1501 b",1.56000000,0.68000000,-0.25000000,3.05000000,,,"M-R relationship",14.55645330000,4.410000,"Transit",6229.00,1.200000,0.0400
"HD 156279 b",12.50000000,,,2997.75753482,242.18524613,-254.58055401,"Msini",133.40355000000,8.430000,"Radial Velocity",5453.00,0.940000,0.1400
"TOI-1443 b",2.30381001,0.12697832,-0.10061016,30.00000000,,,"Mass",23.54067800000,14.000000,"Transit",5224.00,0.766300,-0.2940
"HD 72892 b",12.80000000,,,1737.88572948,143.65843996,-150.96849332,"Msini",39.44603000000,4.550000,"Radial Velocity",5688.00,1.010000,0.2500
"Kepler-385 c",3.04000000,1.56000000,-1.56000000,13.20000000,16.80000000,-9.00000000,"Mass",15.16316100000,2.580000,"Transit",6326.00,0.992000,0.0100
"TOI-2345 b",1.50400000,0.04700000,-0.04400000,3.49000000,0.85000000,-0.85000000,"Mass",1.05285730000,5.640000,"Transit",4687.00,0.727000,-0.1000
"Kepler-1099 b",2.83000000,0.43000000,-0.51000000,8.40000000,,,"M-R relationship",2.16845259300,2.040000,"Transit",5837.00,1.010000,-0.0200
"Kepler-587 b",2.23000000,0.64000000,-0.17000000,5.60000000,,,"M-R relationship",10.94027841000,2.770000,"Transit",5549.00,0.920000,-0.0500
"K2-197 b",2.56000000,0.16000000,-0.16000000,7.08000000,,,"M-R relationship",8.35788100000,2.320000,"Transit",5667.00,1.000000,0.0800
"HD 158259 b",1.28228000,0.06651520,-0.06651520,2.22000000,0.39000000,-0.45000000,"Msini",2.17800000000,6.120000,"Radial Velocity",5801.89,1.080000,
"Kepler-62 b",1.31000000,0.04000000,-0.04000000,9.00000000,,,"Mass",5.71493200000,,"Transit",4925.00,0.690000,-0.3700
"HD 21520 b",2.69700000,0.09000000,-0.09000000,17.70000000,,,"Mass",25.12920000000,1.350000,"Transit",5871.00,1.090000,0.0490
"Kepler-115 c",2.60000000,0.50000000,-0.50000000,7.27000000,,,"M-R relationship",8.99088900000,2.270000,"Transit",5979.00,1.042000,-0.0499
"Kepler-231 b",1.73000000,0.12000000,-0.12000000,35.40000000,19.70000000,-16.60000000,"Mass",10.06527500000,13.800000,"Transit",3767.00,0.580000,-0.1000
"Kepler-1142 b",1.47000000,0.43000000,-0.18000000,2.76000000,,,"M-R relationship",18.30272480000,4.770000,"Transit",5685.00,0.970000,0.0200
"HD 169830 b",13.20000000,,,804.42369812,71.19356317,-75.32533246,"Msini",225.67372000000,1.920000,"Radial Velocity",6300.00,1.170000,0.2100
"Kepler-548 b",11.99000000,2.19000000,-1.10000000,,,,"Msini",4.45419433800,,"Transit",5535.00,0.930000,0.0000
"GJ 9404 b",3.48000000,,,11.90000000,1.90000000,-1.90000000,"Msini",13.45860000000,1.550000,"Radial Velocity",3811.00,0.620000,
"K2-226 b",1.53899305,0.10312262,-0.08630915,2.98000000,,,"M-R relationship",3.27109000000,4.490000,"Transit",5288.00,0.856000,-0.0500
"HD 190228 b",12.90000000,,,1598.67688721,378.21580433,-0.95348522,"Mass",1143.59858000000,4.090000,"Radial Velocity",5360.00,1.415000,-0.2400
"Kepler-1495 b",2.94000000,0.72000000,-0.32000000,8.96000000,,,"M-R relationship",85.27325600000,1.940000,"Transit",5831.00,1.030000,0.0600
"Kepler-159 c",3.41000000,0.28000000,-0.28000000,11.50000000,,,"M-R relationship",43.59579200000,1.590000,"Transit",4625.00,0.628000,-0.0400
"Kepler-1014 b",2.39000000,0.21000000,-0.25000000,6.30000000,,,"M-R relationship",16.57110363000,2.540000,"Transit",5388.00,0.880000,-0.0600
"Kepler-1122 b",2.04000000,0.27000000,-0.14000000,4.82000000,,,"M-R relationship",42.19173570000,3.120000,"Transit",5544.00,0.920000,-0.0300
"TOI-4443.01",1.71932650,0.13466030,-0.13466030,3.60000000,,,"M-R relationship",1.84985670000,3.890000,"Transit",5834.00,1.049133,
"HD 100655 b",13.50000000,,,511.70630000,108.06220000,-108.06220000,"Msini",157.57001000000,1.140000,"Radial Velocity",4891.00,2.280000,0.0700
"Kepler-1730 b",4.48524519,,,18.40000000,,,"M-R relationship",13.81019974000,1.120000,"Transit",5942.00,1.009000,-0.0400
"Kepler-150 d",2.79000000,0.41000000,-0.41000000,8.20000000,,,"M-R relationship",12.56093000000,2.070000,"Transit",5560.00,0.956000,0.1200
"Kepler-248 c",4.07000000,0.49000000,-0.49000000,15.60000000,,,"M-R relationship",16.23949400000,1.270000,"Transit",5190.00,0.838000,0.1700
"HD 285507 b",13.80000000,,,311.47340000,31.78300000,-31.78300000,"Msini",6.08810000000,0.651000,"Radial Velocity",4503.00,0.820000,0.1300
"Kepler-1047 b",2.09000000,0.26000000,-0.17000000,5.02000000,,,"M-R relationship",56.18868870000,3.020000,"Transit",5754.00,1.080000,0.2900
"GJ 3138 c",1.88000000,,,4.18000000,0.61000000,-0.59000000,"Msini",5.97400000000,3.460000,"Radial Velocity",3717.00,0.681000,-0.3000
"Kepler-55 b",2.43000000,,,43.00000000,37.20000000,-18.00000000,"Mass",27.94814490000,16.500000,"Transit",4362.00,0.620000,-0.0100
"HD 116029 b",13.60000000,,,444.96200000,92.17070000,-92.17070000,"Msini",670.00000000000,0.972000,"Radial Velocity",4819.00,0.830000,0.0900
"HD 37605 c",13.10000000,,,1013.87770000,120.77540000,-120.77540000,"Msini",2720.00000000000,2.480000,"Radial Velocity",5329.00,0.940000,0.2700
"Kepler-1184 b",2.68000000,0.60000000,-0.30000000,7.65000000,,,"M-R relationship",53.59910440000,2.180000,"Transit",5983.00,1.050000,-0.0400
"TOI-1266 c",1.98000000,0.10000000,-0.10000000,3.17000000,0.76000000,-0.76000000,"Mass",18.80270000000,2.250000,"Transit",3563.00,0.437000,-0.1090
"Kepler-547 b",4.00000000,0.13000000,-0.31000000,15.10000000,,,"M-R relationship",6.01038428900,1.300000,"Transit",4828.00,0.780000,0.0100
"Kepler-1488 c",1.65156749,,,3.37000000,,,"M-R relationship",6.15826988200,4.110000,"Transit",5710.00,1.003000,0.0000
"HAT-P-57 b",19.50366000,4.03524000,-4.03524000,448.14030000,483.10160000,-483.10160000,"Mass",2.46530000000,0.332000,"Transit",6330.00,2.770000,-0.2500
"HD 8326 b",9.58000000,,,66.60000000,19.60000000,-19.60000000,"Msini",158.99100000000,0.416000,"Radial Velocity",4914.00,0.800000,0.0399
"TOI-150.01",14.06729500,0.23538900,-0.21297100,797.75330000,38.13960000,-38.13960000,"Mass",5.85748700000,1.680000,"Transit",6255.00,1.351000,0.2800
"TIC 86380416 b",2.41236120,0.29307308,-0.24128947,6.40000000,,,"M-R relationship",6.04086434610,2.510000,"Transit",5723.74,1.070000,
"TRAPPIST-1 g",1.12900000,0.01500000,-0.01300000,1.32100000,0.03800000,-0.03800000,"Mass",12.35244600000,5.055986,"Transit",2566.00,0.089800,0.0520
"HD 106315 b",2.44000000,0.17000000,-0.17000000,12.60000000,3.20000000,-3.20000000,"Mass",9.55237000000,4.700000,"Transit",6327.00,1.091000,-0.3110
"GJ 9827 b",1.44000000,0.09000000,-0.07000000,4.28000000,0.35000000,-0.33000000,"Mass",1.20897400000,7.858000,"Transit",4236.00,0.620000,-0.2900
"Kepler-1033 b",2.51000000,0.41000000,-0.18000000,6.85000000,,,"M-R relationship",7.56052806000,2.380000,"Transit",5547.00,0.940000,0.0600
"TOI-7155 b",2.40821473,0.34326283,-0.25569019,6.38000000,,,"M-R relationship",3.89489711981,2.510000,"Transit",4673.03,0.755000,
"K2-136 d",1.56500000,0.07700000,-0.07600000,3.00000000,,,"Mass",25.57500000000,4.300000,"Transit",4500.00,0.742000,-0.0200
"K2-154 b",1.99000000,0.21000000,-0.11000000,4.62000000,,,"M-R relationship",3.67626000000,3.220000,"Transit",4097.00,0.650000,0.2100
"V1298 Tau e",10.17000000,0.75000000,-0.75000000,15.30000000,4.20000000,-4.20000000,"Mass",48.67771400000,0.080000,"Transit",4970.00,1.100000,0.1000
"TOI-836 b",1.70400000,0.06700000,-0.06700000,4.53000000,0.92000000,-0.86000000,"Mass",3.81673000000,5.020000,"Transit",4552.00,0.678000,-0.2840
"K2-165 c",1.55409035,0.20925649,-0.11010438,3.03000000,,,"M-R relationship",4.38274500000,4.440000,"Transit",5185.00,0.834847,-0.0500
"Kepler-947 b",2.28000000,0.23000000,-0.23000000,5.82000000,,,"M-R relationship",26.96443170000,2.700000,"Transit",5508.00,0.900000,-0.0700
"WASP-12 b",22.02564708,0.98639030,-0.97518132,467.21010000,24.15508000,-21.93027000,"Mass",1.09141890100,0.266000,"Transit",6265.00,1.325000,0.1200
"WASP-17 b",20.96083000,2.69016000,-2.69016000,247.90740000,73.10090000,-73.10090000,"Mass",3.73543000000,0.082000,"Transit",6550.00,2.280000,-0.2500
"WASP-39 b",14.33631100,0.44836000,-0.44836000,89.31023000,10.17056000,-10.17056000,"Mass",4.05529410000,0.167000,"Transit",5485.00,0.913000,0.0100
"TOI-3235 b",11.39953337,0.49319515,-0.49319515,211.35589065,7.94571018,-7.94571018,"Mass",2.59261842000,0.780000,"Transit",3388.80,0.393900,0.2640
"HD 3167 e",2.83000000,,,8.41000000,1.02000000,-1.02000000,"Msini",96.63000000000,2.040000,"Radial Velocity",5261.00,0.837000,0.0400
"55 Cnc B b",1.69000000,,,3.50000000,0.80000000,-0.80000000,"Msini",6.79940000000,3.980000,"Radial Velocity",3286.00,0.260000,0.1600
"WASP-94 A b",17.71022000,1.45717000,-1.45717000,158.91500000,41.31790000,-41.31790000,"Mass",3.95019000000,0.118000,"Transit",6170.00,1.670000,0.2600
"WASP-69 b",11.21000000,0.22000000,-0.22000000,82.58000000,5.37000000,-5.37000000,"Mass",3.86813881000,0.291000,"Transit",4792.00,0.830000,0.3500
"KELT-7 b",17.93440000,0.67254000,-0.67254000,441.78370000,69.92260000,-69.92260000,"Mass",2.73477000000,0.442000,"Transit",6768.00,1.760000,0.0000
"NSVS 14256825 b",12.30000000,,,4497.29450000,50.85280000,-50.85280000,"Msini",3225.00000000000,13.300000,"Eclipse Timing Variations",40000.00,0.419000,
"HD 114082 b",11.20898070,0.33626942,-0.33626942,2542.62725600,317.82840700,-317.82840700,"Mass",109.75000000000,9.920000,"Radial Velocity",6651.00,1.470000,0.0000
"TIC 46432937 b",13.31626907,0.33626942,-0.33626942,1017.05090240,34.96112477,-34.96112477,"Mass",1.44044527000,2.370000,"Transit",3572.00,0.563000,0.3230
"Kepler-451 c",13.50000000,,,511.70373527,44.49597698,-44.49597698,"Msini",1460.00000000000,1.140000,"Eclipse Timing Variations",29564.00,0.480000,-0.0920
"TOI-2529 b",11.54525012,0.56044903,-0.56044903,743.71847238,62.61219618,-61.97653937,"Mass",64.59490000000,2.660000,"Transit",5802.00,1.110000,0.1000
"KOI-1599.01",1.90000000,0.30000000,-0.30000000,4.60000000,0.30000000,-0.30000000,"Mass",20.44150000000,3.690000,"Transit",5833.00,1.020000,0.0600
"Kepler-689 b",2.89000000,0.35000000,-0.23000000,8.70000000,,,"M-R relationship",22.36656079000,1.980000,"Transit",5518.00,0.910000,-0.0100
"NGC 2682 YBP 1194 b",12.30000000,,,101.70560000,9.53490000,-9.53490000,"Msini",6.95900000000,0.300000,"Radial Velocity",5780.00,1.010000,0.0230
"Kepler-1205 b",1.41000000,0.10000000,-0.09000000,2.57000000,,,"M-R relationship",1.07839035200,5.040000,"Transit",5226.00,0.840000,-0.0400
"Kepler-32 f",0.82000000,0.07000000,-0.07000000,969.22800000,,,"Mass",0.74296000000,1.500000,"Transit",3900.00,0.580000,0.0000
"CoRoT-20 c",12.20000000,,,5403.11000000,317.83000000,-317.83000000,"Msini",1675.00000000000,16.400000,"Radial Velocity",5880.00,1.140000,0.1400
"HD 149026 b",8.29466000,0.22418000,-0.22418000,120.77540000,19.06980000,-19.06980000,"Mass",2.87589000000,0.750000,"Radial Velocity",6179.00,1.420000,0.3200
"TRAPPIST-1 d",0.78800000,0.01100000,-0.01000000,0.38800000,0.01200000,-0.01200000,"Mass",4.04921900000,4.366784,"Transit",2566.00,0.089800,0.0520
"Kepler-968 b",2.00000000,0.08000000,-0.08000000,4.66000000,,,"M-R relationship",3.69298372800,3.200000,"Transit",4598.00,0.760000,0.1300
"BD+20 594 b",2.57807000,0.11209000,-0.11209000,22.24810000,9.53490000,-9.53490000,"Mass",41.68550000000,7.890000,"Transit",5766.00,1.670000,-0.1500
"HD 73534 b",13.70000000,,,353.42696000,18.75197000,-18.75197000,"Msini",1750.00000000000,0.755000,"Radial Velocity",4917.00,1.160000,0.2320
"GJ 3988 b",1.74000000,,,3.69000000,0.42000000,-0.41000000,"Msini",6.94420000000,3.850000,"Radial Velocity",3273.00,0.184200,-0.1200
"Kepler-116 b",3.42000000,0.65000000,-0.65000000,11.60000000,,,"M-R relationship",5.96873400000,1.590000,"Transit",6142.00,1.198000,0.0700
"Kepler-364 c",2.15000000,0.42000000,-0.42000000,5.27000000,,,"M-R relationship",59.98062700000,2.910000,"Transit",6108.00,1.076000,-0.0310
"HD 190984 b",13.00000000,,,1137.82569706,381.39408840,-143.02278315,"Mass",4885.00000000000,2.850000,"Radial Velocity",5988.00,0.910000,-0.4800
"Kepler-516 b",5.74000000,1.43000000,-1.16000000,27.90000000,,,"M-R relationship",24.85462415000,0.811000,"Transit",7099.00,1.620000,0.0100
"Kepler-119 b",3.60000000,1.37000000,-1.37000000,12.60000000,,,"M-R relationship",2.42208200000,1.480000,"Transit",5595.00,0.918000,0.0100
"WASP-75 b",14.23500000,0.53800000,-0.53800000,340.06000000,15.89000000,-15.89000000,"Mass",2.48419300000,0.690000,"Transit",6100.00,1.140000,0.0700
"Kepler-1518 b",3.05000000,0.92000000,-0.63000000,9.53000000,,,"M-R relationship",5.11177904000,1.850000,"Transit",6846.00,1.540000,0.0600
"K2-270 c",2.95000000,0.16000000,-0.16000000,9.01000000,,,"M-R relationship",4.40002800000,1.930000,"Transit",4877.00,0.850000,0.2600
"Kepler-550 b",4.42000000,0.34000000,-0.27000000,17.90000000,,,"M-R relationship",8.60010410900,1.140000,"Transit",5322.00,0.870000,-0.0200
"Kepler-763 d",1.67000000,0.08000000,-0.12000000,3.43000000,,,"M-R relationship",6.50327035000,4.050000,"Transit",4999.00,0.800000,0.1800
"Kepler-812 b",3.55000000,1.35000000,-0.68000000,12.30000000,,,"M-R relationship",10.11716531000,1.510000,"Transit",6761.00,1.450000,0.0200
"WASP-23 b",10.78300000,0.52700000,-0.62800000,280.95000000,27.96800000,-31.46400000,"Mass",2.94442560000,1.170000,"Transit",5150.00,0.780000,-0.0500
"Kepler-686 b",12.15000000,1.97000000,-1.01000000,,,,"Msini",1.59474546300,,"Transit",5649.00,0.940000,-0.0700
"Kepler-184 b",2.36000000,1.33000000,-1.33000000,6.17000000,,,"M-R relationship",10.68757600000,2.580000,"Transit",5788.00,0.872000,-0.1958
"Kepler-343 b",2.41000000,0.51000000,-0.51000000,6.39000000,,,"M-R relationship",8.96855000000,2.510000,"Transit",5807.00,1.055000,0.1445
"HD 103720 b",14.10000000,,,197.04600000,7.94500000,-7.94500000,"Msini",4.55570000000,0.386000,"Radial Velocity",5017.00,0.794000,-0.0200
"Kepler-1378 b",2.20000000,0.71000000,-0.14000000,5.48000000,,,"M-R relationship",11.95398936000,2.830000,"Transit",4407.00,0.700000,0.0300
"Kepler-229 c",4.92000000,1.74000000,-1.74000000,21.50000000,,,"M-R relationship",16.06863800000,0.992000,"Transit",5120.00,0.808000,0.0600
"Kepler-561 b",6.96000000,1.21000000,-0.61000000,38.70000000,,,"M-R relationship",58.36204950000,0.631000,"Transit",5646.00,0.960000,0.0200
"Kepler-1272 b",2.37000000,0.70000000,-0.32000000,6.21000000,,,"M-R relationship",51.13097040000,2.560000,"Transit",5926.00,1.060000,0.0600
"HD 18015 b",13.10000000,,,1048.83374310,216.12331676,-130.30964687,"Mass",2278.00000000000,2.560000,"Radial Velocity",5603.00,1.490000,-0.1400
"TOI-2019 b",5.33275337,0.26371361,-0.20823795,34.40000000,4.40000000,-4.40000000,"Mass",15.34440000000,1.250000,"Transit",5626.00,1.183200,0.4090
"Kepler-161 b",2.12000000,0.14000000,-0.14000000,2.63000000,0.83000000,-0.61000000,"Mass",4.92135500000,0.450000,"Transit",5078.00,0.853000,0.2400
"Kepler-75 b",11.77000000,0.34000000,-0.34000000,3209.90000000,127.10000000,-127.10000000,"Mass",8.88491160000,11.000000,"Transit",5200.00,0.910000,0.3000
"HD 30562 b",13.60000000,,,467.20775829,143.02278315,-57.20911326,"Mass",1157.00000000000,1.020000,"Radial Velocity",5882.00,1.120000,0.2000
"Kepler-292 e",2.67000000,0.35000000,-0.35000000,7.61000000,,,"M-R relationship",11.97901000000,2.200000,"Transit",5299.00,0.865000,0.0400
"Kepler-981 b",2.31000000,0.30000000,-0.18000000,5.95000000,,,"M-R relationship",4.46975773600,2.650000,"Transit",5718.00,0.980000,0.0100
"Kepler-176 b",1.43000000,0.73000000,-0.73000000,290.53700000,,,"Mass",5.43307400000,179.000000,"Transit",5232.00,0.860000,0.1300
"Kepler-726 b",3.26000000,0.32000000,-0.35000000,10.70000000,,,"M-R relationship",21.80451088000,1.700000,"Transit",5452.00,0.880000,-0.0900
"Kepler-594 b",2.18000000,0.22000000,-0.15000000,5.39000000,,,"M-R relationship",13.64618192000,2.860000,"Transit",5485.00,0.910000,-0.0300
"HD 180617 b",3.53000000,,,12.21400000,1.05000000,-1.05000000,"Msini",105.91100000000,1.530000,"Radial Velocity",3534.00,0.484000,-0.0400
"Kepler-238 d",3.07000000,0.57000000,-0.57000000,23.10000000,7.90000000,-6.10000000,"Mass",13.23354900000,2.950000,"Transit",5751.00,1.229000,0.3400
"HD 142022 A b",12.90000000,,,1433.40611557,289.22385037,-193.87532827,"Mass",1928.00000000000,3.670000,"Radial Velocity",5421.00,0.900000,0.1900
"Kepler-404 c",1.72000000,0.85000000,-0.85000000,3.61000000,,,"M-R relationship",14.75116600000,3.900000,"Transit",5654.00,0.860000,-0.0300
"Ross 128 b",1.11000000,,,1.40000000,0.21000000,-0.21000000,"Msini",9.86580000000,5.630000,"Radial Velocity",3192.00,0.168000,-0.0200
"Kepler-1936 b",3.16615594,,,10.20000000,,,"M-R relationship",126.55699920000,1.770000,"Transit",6501.00,1.419000,0.1000
"HD 216435 b",13.70000000,,,400.40000000,41.30000000,-41.30000000,"Msini",1311.00000000000,0.856000,"Radial Velocity",5999.00,1.300000,0.2440
"Kepler-1211 b",2.55000000,0.42000000,-0.41000000,7.04000000,,,"M-R relationship",11.01816836000,2.330000,"Transit",5705.00,0.960000,-0.0800
"Kepler-224 e",1.97000000,0.15000000,-0.15000000,4.54000000,,,"M-R relationship",18.64357700000,3.260000,"Transit",5018.00,0.777000,-0.0600
"TIC 445839811 b",2.47771211,0.39704670,-0.37972982,6.70000000,,,"M-R relationship",11.10862603180,2.420000,"Transit",5408.25,0.950000,0.0292
"Kepler-1759 b",0.90377910,,,0.67600000,,,"M-R relationship",3.72023010300,5.030000,"Transit",5017.00,0.760000,-0.0200
"Kepler-1215 b",1.22000000,0.18000000,-0.12000000,1.98000000,,,"M-R relationship",4.76703963000,5.990000,"Transit",5616.00,0.950000,0.0100
"HIP 14810 d",14.10000000,,,187.51970000,31.78300000,-31.78300000,"Msini",981.80000000000,0.368000,"Radial Velocity",5544.00,1.010000,0.2400
"Kepler-716 b",2.90000000,0.35000000,-0.17000000,8.75000000,,,"M-R relationship",10.37168453000,1.970000,"Transit",5099.00,0.830000,0.0000
"HAT-P-4 b",14.28000000,0.54900000,-0.67300000,213.25500000,10.48800000,-13.98400000,"Mass",3.05653600000,0.403000,"Transit",5860.00,1.248000,0.2400
"TOI-1691 b",3.66000000,0.23600000,-0.20700000,14.60000000,5.40000000,-5.30000000,"Mass",16.73688893500,1.760000,"Transit",5759.00,1.030000,0.0520
"Kepler-1045 b",2.69000000,0.21000000,-0.16000000,7.70000000,,,"M-R relationship",26.41045478000,2.170000,"Transit",5301.00,0.860000,-0.0300
"HD 158259 c",2.23000000,,,5.60000000,0.60000000,-0.59000000,"Msini",3.43200000000,2.770000,"Radial Velocity",5801.89,1.080000,
"WASP-144 b",9.52765000,0.56045000,-0.56045000,139.84520000,19.06980000,-19.06980000,"Mass",2.27831520000,0.950000,"Transit",5200.00,0.810000,0.1800
"TIC 139702105 b",2.45316949,0.29500474,-0.24622913,6.59000000,,,"M-R relationship",6.83601903383,2.450000,"Transit",5742.35,0.900000,-0.2800
"HATS-68 b",13.80948800,0.43715100,-0.32506100,410.00070000,18.75197000,-18.75197000,"Mass",3.58622020000,0.856000,"Transit",6147.00,1.351000,0.2100
"Kepler-170 b",3.20000000,0.22000000,-0.22000000,82.60000000,67.50000000,-62.40000000,"Mass",7.93059200000,13.900000,"Transit",5679.00,1.066000,0.3900
"WASP-88 b",16.36514000,2.35389000,-2.35389000,133.48860000,44.49620000,-44.49620000,"Mass",4.95400000000,0.141000,"Transit",6430.00,0.940000,-0.0800
"Kepler-357 c",2.67000000,1.57000000,-1.57000000,7.61000000,,,"M-R relationship",16.85837000000,2.200000,"Transit",5036.00,0.794000,0.0600
"Kepler-312 c",3.15000000,0.61000000,-0.61000000,10.10000000,,,"M-R relationship",19.74741200000,1.780000,"Transit",6115.00,1.314000,0.1500
"Kepler-744 b",1.62000000,0.12000000,-0.09000000,3.26000000,,,"M-R relationship",12.06222443000,4.210000,"Transit",5594.00,0.940000,0.0000
"TIC 437041147 b",2.21526814,0.32466894,-0.29917369,5.54000000,,,"M-R relationship",3.82301421497,2.800000,"Transit",5224.36,0.931000,0.2428
"Kepler-1167 b",1.71000000,0.12000000,-0.12000000,3.57000000,,,"M-R relationship",1.00393373900,3.920000,"Transit",4971.00,0.790000,-0.0500
"Kepler-1987 b",1.23000000,0.11000000,-0.09000000,2.04000000,,,"M-R relationship",2.34586300200,6.020000,"Transit",4769.00,0.799000,0.1200
"Kepler-28 c",1.85700000,0.04200000,-0.04200000,2.06000000,0.70000000,-0.52000000,"Mass",8.99000000000,1.764357,"Transit",4499.30,0.684000,0.1451
"Kepler-173 c",2.43000000,1.21000000,-1.21000000,6.48000000,,,"M-R relationship",8.00577700000,2.480000,"Transit",6031.00,1.067000,0.0357
"GJ 676 A b",12.80000000,,,1840.86213334,149.06152288,-151.60415014,"Mass",1051.44521000000,4.820000,"Radial Velocity",3734.00,0.626000,0.2300
"Kepler-127 c",2.66000000,0.14000000,-0.14000000,7.56000000,,,"M-R relationship",29.39319500000,2.210000,"Transit",6106.00,1.248000,0.2142
"TOI-2458 c",3.18000000,,,10.22000000,1.71000000,-1.90000000,"Msini",16.55300000000,1.750000,"Radial Velocity",6005.00,1.050000,-0.1000
"HD 22532 b",13.40000000,,,673.79622284,28.60455663,-28.60455663,"Msini",872.60000000000,1.540000,"Radial Velocity",5038.00,1.570000,-0.1900
"HD 115404 A b",6.09000000,,,30.82935548,6.35656814,-6.99222495,"Msini",10.49488000000,0.750000,"Radial Velocity",5019.17,0.830000,-0.1568
"Kepler-661 b",3.07000000,0.12000000,-0.21000000,9.64000000,,,"M-R relationship",6.02930132100,1.830000,"Transit",4483.00,0.700000,-0.0500
"Kepler-381 d",1.06678650,,,1.23000000,,,"M-R relationship",8.25629997300,5.570000,"Transit",6197.00,1.198000,-0.3200
"Kepler-1739 b",2.43056832,,,6.48000000,,,"M-R relationship",7.34370994600,2.480000,"Transit",5757.00,0.865000,-0.5000
"Kepler-1254 d",1.31000000,0.09000000,-0.11000000,2.27000000,,,"M-R relationship",5.72717226000,5.550000,"Transit",4985.00,0.780000,-0.1000
"K2-45 b",6.71000000,0.00000000,0.00000000,36.40000000,,,"M-R relationship",1.72926840000,0.662000,"Transit",4103.00,0.503000,
"XO-2 S b",10.90000000,,,82.63538582,3.17828407,-3.17828407,"Msini",18.22000000000,0.351000,"Radial Velocity",5325.00,0.980000,0.3200
"OGLE-TR-56 b",15.27800000,1.03100000,-1.00900000,441.77000000,57.21000000,-54.03000000,"Mass",1.21191890000,0.680000,"Transit",6050.00,1.228000,0.2500
"91 Aqr b",13.10000000,,,1017.00000000,,,"Msini",181.40000000000,2.490000,"Radial Velocity",4665.00,1.400000,-0.0300
"K2-405 b",4.56900000,0.08500000,-0.12300000,18.90000000,,,"M-R relationship",3.43547100000,1.090000,"Transit",4927.00,1.034000,0.1320
"HD 109246 b",13.90000000,,,273.33380000,79.45750000,-79.45750000,"Msini",68.27000000000,0.559000,"Radial Velocity",5844.00,1.200000,0.1000
"TOI-4515 b",12.17000000,0.43000000,-0.43000000,637.00000000,17.00000000,-17.00000000,"Mass",15.26644600000,1.941000,"Transit",5433.00,0.949000,0.0500
"Oph 11 b",12.30000000,,,4449.62000000,1906.98000000,-1589.15000000,"Mass",7300000.00000000000,13.100000,"Imaging",2375.00,0.016000,
"Kepler-96 b",2.67000000,0.22000000,-0.22000000,8.46000000,3.40000000,-3.40000000,"Mass",16.23850000000,2.260000,"Transit",5690.00,1.000000,0.0400
"Kepler-180 b",1.50000000,0.67000000,-0.67000000,2.86000000,,,"M-R relationship",13.81712400000,4.660000,"Transit",5731.00,0.950000,0.0300
"NGTS-6 b",14.86313400,1.08727300,-1.25540800,425.57437000,8.89924000,-8.89924000,"Mass",0.88205900000,0.711000,"Transit",4730.00,0.767000,0.1100
"Kepler-1756 b",1.47199944,,,2.77000000,,,"M-R relationship",2.35575008400,4.770000,"Transit",4915.00,0.781000,0.1600
"Kepler-1064 b",1.55000000,0.07000000,-0.05000000,3.02000000,,,"M-R relationship",16.54080322000,4.460000,"Transit",5153.00,0.850000,0.0000
"NN Ser d",13.30000000,,,724.62200000,120.77000000,-120.77000000,"Mass",2880.00000000000,1.690000,"Eclipse Timing Variations",57000.00,0.535000,
"Kepler-1146 b",1.23000000,0.10000000,-0.08000000,2.04000000,,,"M-R relationship",2.35226579700,6.020000,"Transit",4692.00,0.740000,-0.0600
"Kepler-667 b",4.73000000,0.39000000,-0.28000000,20.10000000,,,"M-R relationship",41.43962808000,1.040000,"Transit",5327.00,0.910000,0.1500
"Kepler-772 b",1.82000000,0.37000000,-0.24000000,3.97000000,,,"M-R relationship",12.99207337000,3.620000,"Transit",5714.00,0.980000,0.0300
"HD 93385 d",2.89000000,,,8.70000000,0.90000000,-0.90000000,"Msini",45.85000000000,1.980000,"Radial Velocity",5977.00,1.040000,0.0200
"Kepler-1921 c",1.41000000,0.33000000,-0.57000000,2.57000000,,,"M-R relationship",3.15722086000,5.040000,"Transit",6120.00,1.251000,0.0200
"K2-390 b",4.66200000,0.31300000,-0.34300000,19.60000000,,,"M-R relationship",3.31279200000,1.060000,"Transit",5558.00,0.789000,-0.1160
"K2-369 b",1.31300000,0.10100000,-0.09500000,2.28000000,,,"M-R relationship",5.76161200000,5.530000,"Transit",5682.00,0.735000,-0.2340
"Kepler-1056 b",3.01000000,1.33000000,-0.60000000,9.32000000,,,"M-R relationship",27.49560600000,1.880000,"Transit",6127.00,1.120000,0.0200
"Kepler-1554 b",2.90000000,0.23000000,-0.27000000,8.75000000,,,"M-R relationship",198.08877400000,1.970000,"Transit",5297.00,0.840000,-0.1000
"Kepler-234 c",3.51000000,1.56000000,-1.56000000,12.10000000,,,"M-R relationship",7.21205000000,1.540000,"Transit",6224.00,1.129000,0.2200
"WASP-13 b",13.67498000,1.56926000,-1.56926000,114.41880000,28.60470000,-28.60470000,"Mass",4.35301000000,0.222000,"Transit",5950.00,0.720000,0.0000
"Kepler-1963 b",0.74437023,,,0.33700000,,,"M-R relationship",1.96226000800,4.490000,"Transit",5726.00,0.915000,-0.1000
"NGTS-33 b",18.38272835,0.78462865,-0.78462865,1153.71711741,85.81366989,-85.81366989,"Mass",2.82797200000,0.190000,"Transit",7437.00,1.600000,-0.1100
"Kepler-310 d",2.47000000,1.15000000,-1.15000000,7.00000000,3.40000000,-4.10000000,"Mass",92.87612500000,3.300000,"Transit",5797.00,0.854000,-0.1200
"Kepler-161 c",2.05000000,0.15000000,-0.15000000,3.61000000,0.78000000,-1.19000000,"Mass",7.06424000000,1.310000,"Transit",5078.00,0.853000,0.2400
"Kepler-1169 b",0.94000000,0.06000000,-0.06000000,0.77900000,,,"M-R relationship",6.11009134000,5.150000,"Transit",6191.00,1.240000,0.2600
"Kepler-879 c",0.40000000,0.10000000,-0.10000000,0.03640000,,,"M-R relationship",0.64671600000,3.130000,"Transit",5456.75,0.974000,0.0500
"Kepler-784 c",1.55000000,0.24000000,-0.36000000,3.02000000,,,"M-R relationship",17.15723600000,4.460000,"Transit",5676.00,1.016000,0.1000
"Kepler-149 c",1.61000000,0.24000000,-0.24000000,3.22000000,,,"M-R relationship",55.32832800000,4.240000,"Transit",5381.00,1.013000,0.3805
"Kepler-1458 b",2.76000000,0.42000000,-0.21000000,8.05000000,,,"M-R relationship",47.98727640000,2.100000,"Transit",5653.00,0.960000,0.0200
"Kepler-1935 b",2.50271696,,,6.82000000,,,"M-R relationship",3.95140004200,2.390000,"Transit",5570.00,0.845000,-0.1800
"Kepler-920 c",3.80000000,0.58000000,-0.28000000,13.80000000,,,"M-R relationship",100.82741130000,1.380000,"Transit",5403.00,0.890000,0.0000
"Kepler-1864 b",0.75408365,,,0.35300000,,,"M-R relationship",3.88151001900,4.520000,"Transit",5854.00,1.030000,0.0600
"K2-110 b",2.59200000,0.09800000,-0.09700000,15.90000000,2.70000000,-2.70000000,"Mass",13.86375000000,5.020000,"Transit",5010.00,0.738000,-0.3400
"Kepler-1110 b",2.66000000,0.38000000,-0.26000000,7.56000000,,,"M-R relationship",9.69312032000,2.210000,"Transit",4781.00,0.730000,-0.1600
"Kepler-960 b",2.29000000,0.07000000,-0.25000000,5.86000000,,,"M-R relationship",3.12686223000,2.680000,"Transit",4755.00,0.770000,0.0200
"Kepler-348 b",1.52000000,0.29000000,-0.29000000,2.92000000,,,"M-R relationship",7.05677000000,4.570000,"Transit",6177.00,1.189000,-0.0300
"Kepler-1533 b",3.46000000,1.49000000,-0.68000000,11.80000000,,,"M-R relationship",308.54710000000,1.570000,"Transit",6431.00,1.310000,0.0300
"Kepler-129 c",2.52000000,0.07000000,-0.07000000,43.00000000,13.00000000,-12.00000000,"Mass",82.20000000000,14.800000,"Transit",5770.00,1.178000,0.2900
"K2-312 c",12.80000000,,,1719.45168187,165.27077164,-139.84449908,"Msini",921.20000000000,4.510000,"Radial Velocity",5959.00,1.180000,0.2550
"Kepler-880 b",2.66000000,1.05000000,-0.44000000,7.56000000,,,"M-R relationship",7.71468975000,2.210000,"Transit",6761.00,1.460000,0.0300
"Kepler-1189 b",1.77000000,0.52000000,-0.48000000,3.78000000,,,"M-R relationship",3.78858982000,3.750000,"Transit",6012.00,1.110000,0.0800
"TIC 62895484 b",3.49391667,0.34644116,-0.29602076,12.00000000,,,"M-R relationship",2.83985434327,1.550000,"Transit",5520.79,0.980000,0.0985
"Kepler-313 c",2.57000000,0.42000000,-0.42000000,7.13000000,,,"M-R relationship",32.27327300000,2.310000,"Transit",5727.00,1.114000,0.2600
"TOI-4342 c",2.34900000,0.09400000,-0.09200000,4.80000000,1.40000000,-1.40000000,"Mass",10.68866200000,2.010000,"Transit",3866.00,0.587000,0.2600
"HD 20003 b",3.43000000,,,11.66000000,1.04000000,-1.06000000,"Msini",11.84820000000,1.590000,"Radial Velocity",5494.00,0.875000,0.0400
"OGLE-TR-182 b",12.66600000,2.69000000,-0.89700000,320.99500000,47.67200000,-47.67200000,"Mass",3.97910000000,0.410000,"Transit",5924.00,1.140000,0.3700
"Kepler-1374 b",2.29000000,0.20000000,-0.18000000,5.86000000,,,"M-R relationship",10.65276707000,2.680000,"Transit",5323.00,0.850000,-0.1300
"Kepler-215 e",1.75000000,0.41000000,-0.41000000,3.71000000,,,"M-R relationship",68.16101000000,3.800000,"Transit",5739.00,0.788000,-0.4425
"Kepler-1942 b",2.11702870,,,5.13000000,,,"M-R relationship",4.62604999500,2.970000,"Transit",5834.00,0.852000,-0.5000
"Kepler-417 b",2.31000000,0.86000000,-0.17000000,11.00000000,9.30000000,-7.90000000,"Mass",12.33100000000,4.900000,"Transit Timing Variations",5177.00,0.900000,-0.2040
"Kepler-193 b",2.39000000,1.08000000,-1.08000000,6.30000000,,,"M-R relationship",11.38848000000,2.540000,"Transit",6335.00,1.051000,0.0000
"GJ 9773 b",14.20000000,,,172.58082500,5.08525451,-5.08525451,"Msini",2965.00000000000,0.331000,"Radial Velocity",3528.00,0.358000,-0.2000
"Kepler-549 c",2.93000000,0.25000000,-0.59000000,8.91000000,,,"M-R relationship",117.04049800000,1.950000,"Transit",5360.00,0.880000,-0.0300
"Kepler-327 c",1.03000000,0.05000000,-0.05000000,20.30000000,27.10000000,-17.70000000,"Mass",5.21233300000,102.000000,"Transit",3799.00,0.591913,-0.2000
"NGTS-27 b",15.64773706,0.42594127,-0.39231432,188.47224535,30.19369866,-22.88364530,"Mass",3.37041810000,0.266000,"Transit",5700.00,1.070000,0.0000
"Kepler-1600 b",3.13000000,0.28000000,-0.17000000,9.96000000,,,"M-R relationship",386.37054800000,1.780000,"Transit",5214.00,0.860000,0.0700
"HD 24064 b",12.30000000,,,4096.82870000,918.52870000,-918.52870000,"Msini",535.59998000000,12.100000,"Radial Velocity",4052.00,1.610000,-0.4900
"GJ 251 b",1.79000000,,,3.85000000,0.35000000,-0.33000000,"Msini",14.23700000000,3.690000,"Radial Velocity",3342.00,0.350000,0.0700
"Kepler-340 b",2.53000000,0.60000000,-0.60000000,6.94000000,,,"M-R relationship",14.84438700000,2.350000,"Transit",6620.00,1.650000,0.0600
"Kepler-299 b",1.32000000,0.27000000,-0.27000000,2.30000000,,,"M-R relationship",2.92712800000,5.500000,"Transit",5617.00,1.004000,0.1200
"Kepler-228 d",4.04000000,1.85000000,-1.85000000,15.40000000,,,"M-R relationship",11.09428600000,1.280000,"Transit",6043.00,1.006000,0.1800
"HD 96992 b",13.70000000,,,362.32620000,98.52730000,-98.52730000,"Msini",514.00000000000,0.774000,"Radial Velocity",4725.00,0.960000,-0.4500
"Kepler-1419 b",2.86000000,0.66000000,-0.29000000,8.55000000,,,"M-R relationship",42.52158950000,2.010000,"Transit",5796.00,1.010000,0.0400
"KOI-142 c",14.00000000,,,214.10000000,5.20000000,-5.20000000,"Mass",22.26492000000,0.429000,"Transit Timing Variations",5466.00,0.990000,0.2700
"HD 33844 c",13.50000000,,,556.20250000,57.20940000,-57.20940000,"Msini",916.00000000000,1.240000,"Radial Velocity",4861.00,1.780000,0.2700
"DP Leo b",12.70000000,,,1995.88832000,184.33363000,-184.33363000,"Mass",10220.00000000000,5.350000,"Eclipse Timing Variations",13500.00,0.690000,
"Kepler-235 d",2.05000000,0.10000000,-0.10000000,4.86000000,,,"M-R relationship",20.06054800000,3.100000,"Transit",4255.00,0.581000,-0.5100
"Kepler-202 b",1.63000000,0.10000000,-0.10000000,3.29000000,,,"M-R relationship",4.06942700000,4.170000,"Transit",4668.00,0.683000,-0.2100
"Kepler-1624 b",6.59000000,0.17000000,-0.17000000,35.30000000,,,"M-R relationship",3.29031400000,0.678000,"Transit",3768.00,0.541000,0.2690
"K2-271 b",7.28000000,0.23000000,-0.23000000,41.80000000,,,"M-R relationship",8.56242100000,0.595000,"Transit",5644.00,0.830000,-0.3000
"Kepler-1752 b",4.54060463,,,18.70000000,,,"M-R relationship",56.35850143000,1.100000,"Transit",5446.00,0.824000,-0.2000
"Kepler-1289 b",1.52000000,0.49000000,-0.24000000,2.92000000,,,"M-R relationship",7.99019627000,4.570000,"Transit",6080.00,1.100000,0.0200
"Kepler-963 c",0.60000000,0.20000000,-0.20000000,0.15600000,,,"M-R relationship",0.91978300000,3.970000,"Transit",5169.47,0.821000,-0.0200
"K2-415 b",1.01500000,0.05100000,-0.00510000,7.50000000,,,"Mass",4.01796940000,,"Transit",3173.00,0.163500,-0.1300
"Kepler-1007 b",1.44000000,0.07000000,-0.07000000,2.67000000,,,"M-R relationship",5.18500207300,4.910000,"Transit",4587.00,0.730000,0.0300
"HD 12661 b",13.30000000,,,772.32690000,44.49620000,-44.49620000,"Msini",262.70862000000,1.800000,"Radial Velocity",5645.00,1.200000,0.3600
"K2-75 b",2.67000000,0.32000000,-0.32000000,7.61000000,,,"M-R relationship",7.81420000000,2.200000,"Transit",5995.00,1.160000,0.3000
"HD 180314 b",12.00000000,,,7216.92963775,80.09275856,-81.04624379,"Msini",394.73000000000,22.900000,"Radial Velocity",4917.00,2.600000,0.2000
"Kepler-551 b",2.73000000,0.25000000,-0.15000000,7.90000000,,,"M-R relationship",12.37646610000,2.130000,"Transit",4286.00,0.650000,-0.0900
"Kepler-181 c",1.99000000,0.98000000,-0.98000000,4.62000000,,,"M-R relationship",4.30214900000,3.220000,"Transit",5333.00,0.810000,-0.0400
"TOI-3664 b",13.69737442,0.33626942,-0.33626942,114.41822652,38.13940884,-38.13940884,"Mass",3.29748390000,0.248000,"Transit",5593.00,0.980000,0.1700
"Kepler-268 c",3.38000000,0.69000000,-0.69000000,11.40000000,,,"M-R relationship",83.44639300000,1.620000,"Transit",6081.00,1.109000,0.0009
"K2-268 b",1.50000000,0.12000000,-0.07000000,2.86000000,,,"M-R relationship",2.15167600000,4.660000,"Transit",5106.00,0.840000,0.0300
"Kepler-924 b",3.07000000,1.11000000,-0.61000000,9.64000000,,,"M-R relationship",61.03701170000,1.830000,"Transit",6167.00,1.140000,0.0100
"Kepler-1186 b",2.23000000,0.36000000,-0.22000000,5.60000000,,,"M-R relationship",16.07677615000,2.770000,"Transit",5635.00,0.950000,0.0000
"Kepler-1492 b",1.49000000,0.28000000,-0.16000000,2.83000000,,,"M-R relationship",16.75255007000,4.700000,"Transit",4712.00,0.770000,0.0600
"EPIC 206317286 c",2.09400000,0.17600000,-0.16000000,5.03000000,,,"M-R relationship",17.51547200000,3.010000,"Transit",4752.00,0.832000,0.0190
"Kepler-1986 b",1.89000000,0.35000000,-0.15000000,4.23000000,,,"M-R relationship",19.54896660000,3.440000,"Transit",5549.00,0.776000,-0.5400
"Kepler-1448 b",1.61000000,0.21000000,-0.16000000,3.22000000,,,"M-R relationship",12.27065865000,4.240000,"Transit",5774.00,0.950000,-0.1600
"Kepler-465 b",2.95000000,0.25000000,-0.16000000,9.01000000,,,"M-R relationship",9.94067246600,1.930000,"Transit",6310.00,1.230000,0.0900
"Kepler-953 c",1.19000000,0.11000000,-0.09000000,1.81000000,,,"M-R relationship",9.10967112000,5.900000,"Transit",5416.00,0.950000,0.2600
"HD 150010 b",13.30000000,,,762.78817680,127.13136280,-127.13136280,"Msini",562.00000000000,1.780000,"Radial Velocity",4153.00,1.300000,-0.2500
"Kepler-92 c",2.60000000,0.08000000,-0.08000000,6.10000000,1.80000000,-1.80000000,"Mass",26.72300000000,4.747125,"Transit",5883.00,1.210000,0.1381
"EPIC 248847494 b",12.44199000,0.78463000,-0.78463000,4131.79000000,,,"Mass",3650.00000000000,,"Transit",4898.00,0.900000,-0.2300
"Kepler-1636 b",3.23000000,0.76000000,-0.35000000,10.50000000,,,"M-R relationship",425.47785000000,1.710000,"Transit",5797.00,1.010000,0.0300
"Kepler-1822 b",2.64755943,,,7.50000000,,,"M-R relationship",22.13339996000,2.220000,"Transit",5165.00,0.782000,-0.3200
"Kepler-164 c",2.73000000,0.52000000,-0.52000000,7.90000000,,,"M-R relationship",10.94572300000,2.130000,"Transit",5888.00,1.036000,0.0000
"HD 95872 b",13.00000000,,,1188.68420000,295.58190000,-295.58190000,"Msini",4375.00000000000,2.970000,"Radial Velocity",5312.00,0.700000,0.4100
"K2-100 b",3.88000000,0.16000000,-0.16000000,21.80000000,6.20000000,-6.20000000,"Mass",1.67390350000,2.040000,"Transit",5945.00,1.150000,0.2200
"K2-80 b",2.01000000,0.30000000,-0.30000000,4.70000000,,,"M-R relationship",19.09180000000,3.180000,"Transit",5441.00,0.900000,0.0700
"Kepler-649 b",2.26000000,0.14000000,-0.12000000,5.73000000,,,"M-R relationship",29.90722674000,2.730000,"Transit",5871.00,0.970000,-0.1700
"Kepler-1002 b",1.71000000,0.06000000,-0.05000000,3.57000000,,,"M-R relationship",4.33642933100,3.920000,"Transit",6144.00,1.220000,0.0400
"Kepler-246 c",1.50000000,0.76000000,-0.76000000,2.86000000,,,"M-R relationship",11.18716100000,4.660000,"Transit",5206.00,0.853000,0.2000
"GJ 1132 c",1.52000000,,,2.91000000,0.27000000,-0.27000000,"Msini",8.92900000000,4.550000,"Radial Velocity",3090.00,0.198000,-0.1800
"WASP-164 b",12.64375200,0.45956900,-0.48198700,676.97790000,38.13960000,-41.31790000,"Mass",1.77712550000,1.960000,"Transit",5806.00,0.946000,-0.0100
"HD 195019 b",13.00000000,,,1264.96340000,54.03110000,-54.03110000,"Msini",18.20132000000,3.160000,"Radial Velocity",5751.00,1.210000,0.0500
"Kepler-424 c",12.70000000,,,2215.18000000,197.05000000,-197.05000000,"Msini",223.30000000000,5.940000,"Radial Velocity",5460.00,1.010000,0.4400
"Kepler-1473 b",1.19000000,0.09000000,-0.08000000,1.81000000,,,"M-R relationship",14.42735510000,5.900000,"Transit",6046.00,1.090000,-0.0100
"Kepler-384 c",1.13000000,0.33000000,-0.33000000,1.51000000,,,"M-R relationship",45.34826900000,5.750000,"Transit",5577.00,0.882000,-0.2900
"Kepler-191 b",1.34000000,0.66000000,-0.66000000,2.36000000,,,"M-R relationship",9.93963200000,5.390000,"Transit",5282.00,0.857000,0.1300
"TOI-270 b",1.28000000,0.05000000,-0.04000000,1.48000000,0.18000000,-0.18000000,"Mass",3.35992000000,3.890000,"Transit",3506.00,0.386000,-0.1700
"GJ 357 d",2.34000000,,,6.10000000,1.00000000,-1.00000000,"Msini",55.66100000000,2.620000,"Radial Velocity",3505.00,0.342000,-0.1200
"V1298 Tau c",5.08000000,0.37000000,-0.37000000,4.70000000,0.60000000,-0.60000000,"Mass",8.24916400000,0.200000,"Transit",4970.00,1.100000,0.1000
"HATS-48 A b",8.96720000,0.16813500,-0.16813500,77.23269000,6.99226000,-9.53490000,"Mass",3.13166660000,0.589000,"Transit",4546.00,0.727900,0.1860
"TOI-1130 b",3.66000000,0.03000000,-0.04000000,19.80000000,0.20000000,-0.30000000,"Mass",4.07455400000,2.230000,"Transit",4360.00,0.745000,0.1100
"NGTS-8 b",12.21781000,0.33627000,-0.33627000,295.58190000,12.71320000,-9.53490000,"Mass",2.49970000000,0.890000,"Transit",5241.00,0.890000,0.2400
"TOI-784 b",1.93000000,0.11000000,-0.09000000,9.67000000,0.83000000,-0.82000000,"Mass",2.79703650000,7.400000,"Transit",5558.00,0.910000,-0.1300
"EPIC 228836835 b",1.10000000,0.30000000,-0.20000000,1.37000000,,,"M-R relationship",0.72811300000,5.660000,"Transit",3782.00,0.418179,-0.1800
"Kepler-1685 b",2.57673985,,,7.16000000,,,"M-R relationship",20.49050000000,2.300000,"Transit",5484.00,0.960000,0.2100
"TOI-4377 b",15.10970598,0.90792744,-0.90792744,304.16178550,28.28672822,-27.65107141,"Mass",4.37808100000,0.881000,"Transit",4974.00,1.360000,0.2050
"HR 8799 c",13.00000000,1.00000000,0.00000000,3000.00000000,1000.00000000,-1000.00000000,"Mass",69000.00000000000,7.500000,"Imaging",7204.58,1.500000,-0.4700
"K2-269 b",1.57000000,0.12000000,-0.12000000,3.09000000,,,"M-R relationship",4.14496500000,4.390000,"Transit",6209.00,1.160000,-0.0800
"Kepler-179 c",2.00000000,0.81000000,-0.81000000,4.66000000,,,"M-R relationship",6.40013000000,3.200000,"Transit",5302.00,0.893000,0.1200
"Kepler-311 c",1.43000000,0.28000000,-0.28000000,2.63000000,,,"M-R relationship",19.73828600000,4.940000,"Transit",5905.00,0.994000,-0.0300
"TOI-122 b",2.72000000,0.18000000,-0.18000000,7.85000000,,,"M-R relationship",5.07803000000,2.140000,"Transit",3403.00,0.312000,
"HD 64121 b",13.20000000,,,813.64072192,60.38739733,-60.38739733,"Msini",623.00000000000,1.940000,"Radial Velocity",5078.00,1.640000,-0.2100
"iot Dra b",12.40000000,,,3756.73177074,133.48793094,-130.30964687,"Msini",510.85440000000,10.800000,"Radial Velocity",4504.00,1.540000,0.0300
"Kepler-298 d",2.50000000,0.20000000,-0.20000000,6.80000000,,,"M-R relationship",77.47363300000,2.390000,"Transit",4465.00,0.660000,-0.2100
"GJ 1137 c",2.11000000,,,5.12000000,0.70000000,-0.69000000,"Msini",9.64120000000,2.990000,"Radial Velocity",5033.80,0.836000,0.1300
"Kepler-375 b",1.45000000,0.51000000,-0.51000000,2.70000000,,,"M-R relationship",12.12593400000,4.870000,"Transit",5826.00,0.891000,-0.0400
"Kepler-666 b",2.40000000,0.58000000,-0.28000000,6.35000000,,,"M-R relationship",4.49876092000,2.520000,"Transit",5887.00,1.030000,0.0100
"Kepler-239 b",2.33000000,0.15000000,-0.15000000,6.04000000,,,"M-R relationship",11.76305100000,2.620000,"Transit",4914.00,0.757000,0.1700
"Kepler-931 b",1.33000000,0.14000000,-0.09000000,2.33000000,,,"M-R relationship",8.03755877000,5.440000,"Transit",5241.00,0.860000,-0.0100
"Kepler-205 b",1.51000000,0.14000000,-0.14000000,2.89000000,,,"M-R relationship",2.75564000000,4.610000,"Transit",4321.00,0.592000,-0.1254
"K2-351 b",2.54000000,0.25000000,-0.19000000,6.99000000,,,"M-R relationship",7.80616400000,2.340000,"Transit",5769.00,1.020000,0.0800
"Kepler-1697 b",1.25954761,,,2.12000000,,,"M-R relationship",33.49690000000,5.830000,"Transit",4681.53,0.747000,0.0341
"Kepler-1269 b",1.63000000,0.46000000,-0.18000000,3.29000000,,,"M-R relationship",37.33315360000,4.170000,"Transit",5998.00,1.100000,0.0700
"TOI-5076 b",3.48935569,0.09975993,-0.09415544,16.14568308,2.47906157,-2.47906157,"Mass",23.44316200000,2.080000,"Transit",4780.00,0.789000,0.0820
"HD 240237 b",12.20000000,,,5050.31870000,1773.49140000,-1773.49140000,"Msini",745.70001000000,15.300000,"Radial Velocity",3926.00,8.760000,-0.2500
"Kepler-1019 b",1.46000000,0.05000000,-0.16000000,2.73000000,,,"M-R relationship",1.41122984700,4.820000,"Transit",4433.00,0.700000,0.0100
"HD 192310 b",4.27000000,,,16.90000000,0.90000000,-0.90000000,"Msin(i)/sin(i)",74.72000000000,1.190000,"Radial Velocity",5166.00,0.800000,-0.0400
"Kepler-1909 b",1.09217411,,,1.33000000,,,"M-R relationship",2.39160990700,5.610000,"Transit",4935.00,0.663000,-0.4200
"Barnard c",0.74300000,,,0.33500000,0.03000000,-0.03000000,"Msini",4.12440000000,4.490000,"Radial Velocity",3195.00,0.162000,-0.5600
"GJ 229 A c",2.87000000,,,8.58136699,0.63565681,-0.63565681,"Msini",121.93268000000,1.990000,"Radial Velocity",3564.00,0.509000,
"Kepler-972 b",4.65000000,1.52000000,-1.10000000,19.50000000,,,"M-R relationship",7.03932553000,1.070000,"Transit",6146.00,1.150000,0.0400
"WASP-72 b",14.45961000,2.01762000,-2.01762000,731.00900000,222.48100000,-222.48100000,"Mass",2.21673000000,0.870000,"Transit",6250.00,2.780000,-0.0600
"Kepler-783 b",0.78000000,0.04000000,-0.08000000,0.39900000,,,"M-R relationship",4.29264638000,4.620000,"Transit",5521.00,0.930000,0.0100
"Kepler-407 b",1.19000000,0.05000000,-0.05000000,1.93000000,0.50000000,-0.50000000,"Mass",0.66931240000,5.876579,"Transit",5487.00,0.990000,0.3500
"Kepler-1219 b",2.12000000,0.56000000,-0.45000000,5.14000000,,,"M-R relationship",16.10467749000,2.960000,"Transit",5944.00,1.250000,0.0500
"TOI-3353.01",2.66675550,0.23077600,-0.23077600,7.59000000,,,"M-R relationship",4.66579650000,2.200000,"Transit",6365.00,1.332089,
"GJ 3341 b",2.46000000,,,6.60000000,0.10000000,-0.10000000,"Msini",14.20700000000,2.440000,"Radial Velocity",3526.00,0.470000,-0.0900
"TOI-5174 b",5.35100000,,,24.80000000,,,"M-R relationship",12.21428600000,0.889000,"Transit",5643.77,1.000000,0.4150
"Kepler-130 b",1.02000000,0.04000000,-0.04000000,1.04000000,,,"M-R relationship",8.45745800000,5.390000,"Transit",5884.00,0.927000,-0.1990
"TOI-7166 b",2.01000000,0.06000000,-0.05000000,4.70000000,,,"M-R relationship",12.92063621000,3.180000,"Transit",3099.00,0.190000,-0.2000
"KIC 8540376 c",2.40000000,1.90000000,-1.40000000,6.35000000,,,"M-R relationship",75.20000000000,2.520000,"Transit",6474.00,1.040000,-0.1600
"Kepler-122 f",1.75000000,0.60000000,-0.16000000,36.00000000,19.40000000,-16.20000000,"Mass",56.26800000000,36.900000,"Transit Timing Variations",5917.00,1.030000,-0.0800
"K2-278 b",2.98000000,0.23000000,-0.23000000,9.17000000,,,"M-R relationship",3.33496600000,1.900000,"Transit",6747.00,1.400000,0.0000
"Kepler-1932 b",1.51482218,,,2.91000000,,,"M-R relationship",0.52417701500,4.600000,"Transit",5278.00,0.911000,0.1400
"Kepler-123 b",2.94000000,0.57000000,-0.57000000,55.30000000,31.20000000,-27.80000000,"Mass",17.23236600000,12.000000,"Transit",6089.00,1.079000,-0.0800
"K2-291 b",1.58900000,0.09500000,-0.07200000,6.49000000,1.16000000,-1.16000000,"Mass",2.22517700000,8.840000,"Transit",5520.00,0.934000,0.0800
"Kepler-332 d",1.18000000,0.08000000,-0.08000000,1.76000000,,,"M-R relationship",34.21154000000,5.890000,"Transit",4955.00,0.743000,-0.1300
"Kepler-955 b",3.13000000,0.27000000,-0.17000000,9.96000000,,,"M-R relationship",14.53244172000,1.780000,"Transit",5350.00,0.890000,0.0200
"Kepler-224 d",2.30000000,0.14000000,-0.14000000,5.90000000,,,"M-R relationship",11.34939300000,2.660000,"Transit",5018.00,0.777000,-0.0600
"Kepler-474 b",3.06000000,0.48000000,-0.37000000,9.59000000,,,"M-R relationship",5.66067293500,1.840000,"Transit",5785.00,0.990000,-0.0100
"CoRoT-1 b",16.70000000,0.90000000,-0.90000000,327.35000000,38.14000000,-38.14000000,"Mass",1.50895570000,0.380000,"Transit",5950.00,0.950000,-0.3000
"Kepler-1309 b",2.37000000,0.20000000,-0.20000000,6.21000000,,,"M-R relationship",28.84326470000,2.560000,"Transit",5235.00,0.850000,-0.0300
"Kepler-57 c",2.19600000,0.06700000,-0.06500000,6.86000000,1.52000000,-1.43000000,"Mass",11.60000000000,3.528714,"Transit",5187.90,0.859000,0.1166
"HD 150706 b",13.30000000,,,772.32302901,152.55763536,-120.77479466,"Mass",5894.00000000000,1.800000,"Radial Velocity",5961.00,1.170000,-0.0100
"Kepler-1038 c",1.41623380,,,2.59000000,,,"M-R relationship",7.12765979800,5.010000,"Transit",5159.00,0.868000,0.1600
"HATS-41 b",14.90797000,3.25061000,-2.24180000,3082.95100000,508.52800000,-508.52800000,"Mass",4.19364900000,5.100000,"Transit",6424.00,1.496000,0.4700
"WASP-142 b",17.14977000,0.89672000,-0.89672000,266.97720000,28.60470000,-28.60470000,"Mass",2.05286800000,0.310000,"Transit",6010.00,1.330000,0.2600
"TOI-2071 b",2.56484195,0.22555937,-0.19617115,7.10000000,,,"M-R relationship",5.67395386982,2.310000,"Transit",5755.41,1.063000,0.0480
"XO-2 N b",11.13053700,0.13450800,-0.13450800,199.91507000,5.40311000,-5.40311000,"Mass",2.61585906000,0.715000,"Transit",5290.00,0.960000,0.3700
"K2-69 b",2.32000000,0.36000000,-0.36000000,5.99000000,,,"M-R relationship",7.06599000000,2.640000,"Transit",4127.00,0.551000,
"Kepler-229 b",2.20000000,0.78000000,-0.78000000,5.48000000,,,"M-R relationship",6.25297200000,2.830000,"Transit",5120.00,0.808000,0.0600
"Kepler-1802 c",2.32200000,,,6.00000000,,,"M-R relationship",33.13610077000,2.630000,"Transit",4245.00,0.649000,0.0000
"Kepler-855 b",8.35000000,1.70000000,-0.81000000,52.70000000,,,"M-R relationship",7.88663110400,0.497000,"Transit",5835.00,1.030000,0.0600
"Kepler-338 b",2.44000000,0.13000000,-0.13000000,30.60000000,24.20000000,-21.10000000,"Mass",13.72697600000,11.600000,"Transit",5923.00,1.105000,-0.0290
"Kepler-1872 b",2.38421141,,,6.28000000,,,"M-R relationship",3.82591009100,2.550000,"Transit",5223.00,0.913000,0.3200
"Kepler-434 b",12.67000000,2.91000000,-2.02000000,908.96000000,111.24000000,-111.24000000,"Mass",12.87470990000,2.400000,"Transit",5977.00,1.198000,0.2500
"Kepler-1471 b",1.41000000,0.20000000,-0.14000000,2.57000000,,,"M-R relationship",3.63899398000,5.040000,"Transit",5660.00,0.950000,-0.0300
"EPIC 206042996 b",1.70000000,0.20000000,-0.20000000,3.53000000,,,"M-R relationship",5.29860000000,3.950000,"Transit",4114.00,0.565000,0.0060
"Kepler-301 c",1.35000000,0.72000000,-0.72000000,2.39000000,,,"M-R relationship",5.41902600000,5.340000,"Transit",5815.00,1.022000,0.1870
"Kepler-971 b",2.13000000,0.22000000,-0.24000000,5.18000000,,,"M-R relationship",9.59070716000,2.950000,"Transit",5431.00,0.880000,-0.0600
"Kepler-619 b",3.16000000,0.65000000,-0.31000000,10.10000000,,,"M-R relationship",5.40427219700,1.760000,"Transit",5980.00,1.090000,0.0500
"Kepler-81 b",2.42000000,0.38000000,-0.38000000,17.20000000,6.30000000,-5.50000000,"Mass",5.95500000000,6.670000,"Transit",4385.00,0.640000,-0.1800
"K2-9 b",2.25000000,0.53000000,-0.96000000,5.69000000,,,"M-R relationship",18.44980000000,2.740000,"Transit",3390.00,0.300000,-0.2500
"WASP-136 b",16.81347105,1.68134710,-1.68134710,479.92089457,25.42627256,-25.42627256,"Mass",5.21536178778,0.583527,"Transit",6250.00,1.410000,-0.1800
"Kepler-1496 b",2.22000000,0.91000000,-0.36000000,5.56000000,,,"M-R relationship",64.65880170000,2.790000,"Transit",6182.00,1.180000,0.0500
"Kepler-932 b",1.37000000,0.13000000,-0.10000000,2.45000000,,,"M-R relationship",1.92143739600,5.240000,"Transit",5331.00,0.870000,-0.0100
"HD 1605 b",13.80000000,,,296.85322000,25.10857000,-25.10857000,"Msini",577.20000000000,0.621000,"Radial Velocity",4915.00,1.330000,0.2200
"K2-308 b",9.91600000,0.98500000,-0.98500000,70.60000000,,,"M-R relationship",3.38628000000,0.398000,"Transit",6100.00,1.090000,-0.1000
"HD 158996 b",12.30000000,,,4449.62000000,731.00900000,-731.00900000,"Msini",820.20000000000,13.100000,"Radial Velocity",4069.00,1.800000,-0.2000
"Kepler-1955 b",1.16654878,,,1.69000000,,,"M-R relationship",14.26519966000,5.850000,"Transit",5825.00,1.049000,0.1400
"Kepler-322 c",1.67000000,0.18000000,-0.18000000,3.43000000,,,"M-R relationship",4.33723400000,4.050000,"Transit",5388.00,0.908000,0.1200
"WASP-41 c",13.10000000,,,1010.69940000,63.56600000,-63.56600000,"Msini",421.00000000000,2.470000,"Radial Velocity",5545.00,0.930000,0.0600
"Kepler-1029 b",1.26000000,0.08000000,-0.07000000,2.13000000,,,"M-R relationship",4.41769647900,5.850000,"Transit",5030.00,0.820000,0.0100
"Kepler-317 b",2.09000000,0.96000000,-0.96000000,109.80000000,113.60000000,-95.90000000,"Mass",5.52424200000,66.100000,"Transit",5497.00,0.865000,0.1300
"Kepler-65 c",2.58000000,0.06000000,-0.06000000,5.40000000,1.70000000,-1.70000000,"Mass",5.85994400000,1.640000,"Transit",6211.00,1.250000,0.1700
"Kepler-416 d",1.61000000,0.23000000,-0.17000000,3.22000000,,,"M-R relationship",3.07644709000,4.240000,"Transit",5670.00,0.949000,0.0600
"K2-367 b",2.41300000,0.22500000,-0.19600000,6.41000000,,,"M-R relationship",20.64509900000,2.510000,"Transit",4348.00,0.756000,-0.3510
"EPIC 201595106 b",1.56500000,0.07900000,-0.07900000,7.67000000,0.75000000,-0.75000000,"Mass",0.87724000000,11.100000,"Transit",5679.00,0.958000,0.0100
"Kepler-1154 c",2.36000000,0.95000000,-0.49000000,6.17000000,,,"M-R relationship",8.45808312000,2.580000,"Transit",6327.00,1.260000,0.0400
"Kepler-863 b",2.90000000,0.68000000,-0.32000000,8.75000000,,,"M-R relationship",15.59461874000,1.970000,"Transit",5678.00,0.960000,-0.0300
"Kepler-1234 b",2.81000000,0.16000000,-0.81000000,8.30000000,,,"M-R relationship",11.94014029000,2.060000,"Transit",4967.00,0.800000,0.0100
"K2-228 b",1.21000000,0.10000000,-0.06000000,1.92000000,,,"M-R relationship",2.69828000000,5.960000,"Transit",4715.00,0.710000,-0.2500
"K2-224 b",1.56000000,0.16000000,-0.14000000,3.05000000,,,"M-R relationship",4.47904000000,4.410000,"Transit",5620.00,0.910000,-0.1900
"K2-229 b",1.00000000,0.02000000,-0.02000000,2.55000000,0.38000000,-0.38000000,"Mass",0.58421600000,7.600000,"Transit",5315.00,0.870000,-0.0900
"Kepler-374 d",1.31000000,0.70000000,-0.70000000,2.27000000,,,"M-R relationship",5.02821900000,5.550000,"Transit",5977.00,1.033000,0.1111
"Kepler-186 b",1.07000000,0.12000000,-0.12000000,1.24000000,,,"M-R relationship",3.88679070000,5.560000,"Transit",3788.00,0.478000,-0.2800
"Kepler-150 e",3.12000000,0.55000000,-0.55000000,9.91000000,,,"M-R relationship",30.82655700000,1.790000,"Transit",5560.00,0.956000,0.1200
"K2-183 d",2.30000000,0.20000000,-0.20000000,5.90000000,,,"M-R relationship",22.62034400000,2.660000,"Transit",5482.00,0.942219,0.0900
"Kepler-301 b",1.35000000,0.72000000,-0.72000000,2.39000000,,,"M-R relationship",2.50855300000,5.340000,"Transit",5815.00,1.022000,0.1870
"HR 8799 d",13.00000000,1.00000000,0.00000000,3000.00000000,1000.00000000,-1000.00000000,"Mass",37000.00000000000,7.500000,"Imaging",7204.58,1.500000,-0.4700
"Kepler-282 e",3.10000000,1.26000000,-0.25000000,56.20000000,16.20000000,-16.70000000,"Mass",44.34700000000,10.400000,"Transit",5656.00,0.970000,-0.2000
"Kepler-1581 b",0.80000000,0.14000000,-0.09000000,0.43700000,,,"M-R relationship",6.28385491000,4.690000,"Transit",6022.00,1.120000,0.0700
"Kepler-546 b",7.00000000,1.93000000,-0.77000000,39.10000000,,,"M-R relationship",4.14702025800,0.626000,"Transit",5967.00,1.110000,0.1400
"TOI-283 b",2.34000000,0.09000000,-0.09000000,6.54000000,2.04000000,-2.04000000,"Mass",17.61745000000,2.810000,"Transit",5213.00,0.800000,-0.0900
"Kepler-1058 b",2.72000000,0.11000000,-0.32000000,7.85000000,,,"M-R relationship",110.96546000000,2.140000,"Transit",4644.00,0.730000,-0.0600
"Kepler-685 b",10.58000000,3.06000000,-1.19000000,78.80000000,,,"M-R relationship",1.62552220000,0.366000,"Transit",5963.00,1.110000,0.1500
"Kepler-589 c",1.11727238,,,1.45000000,,,"M-R relationship",3.52466011000,5.710000,"Transit",5372.00,0.832000,-0.0200
"TOI-849 b",3.64000000,0.38000000,-0.38000000,41.80000000,2.50000000,-2.40000000,"Mass",0.76554800000,5.600000,"Transit",5257.00,0.970000,0.1900
"WD 1856+534 b",10.40000000,1.00000000,-1.00000000,4386.05400000,,,"Mass",1.40794050000,21.400000,"Transit",4710.00,0.518000,
"GJ 3473 b",1.26400000,0.05000000,-0.04900000,1.86000000,0.30000000,-0.30000000,"Mass",1.19800350000,5.030000,"Transit",3347.00,0.360000,0.1100
"TOI-1442 b",1.17000000,0.06000000,-0.06000000,1.71000000,,,"M-R relationship",0.40906770000,5.870000,"Transit",3330.00,0.290000,
"GJ 3929 b",1.09000000,0.04000000,-0.04000000,1.75000000,0.44000000,-0.45000000,"Mass",2.61623500000,7.300000,"Transit",3384.00,0.313000,-0.0200
"TOI-500 c",2.09000000,,,5.03000000,0.41000000,-0.41000000,"Msini",6.63560000000,3.030000,"Radial Velocity",4440.00,0.740000,0.1200
"EPIC 229004835 b",2.33200000,0.08000000,-0.09400000,10.40000000,1.60000000,-1.50000000,"Mass",16.14113200000,4.490000,"Transit",5868.00,0.970000,-0.1200
"GJ 1061 c",1.19000000,,,1.81000000,0.13000000,-0.11000000,"Mass",6.68210000000,5.900000,"Radial Velocity",2953.00,0.120000,-0.0800
"16 Cyg B b",13.50000000,,,565.73740000,25.42640000,-25.42640000,"Msini",798.50000000000,1.260000,"Radial Velocity",5750.00,1.080000,0.0600
"Kepler-1467 b",3.30000000,0.31000000,-0.25000000,10.90000000,,,"M-R relationship",47.05690430000,1.670000,"Transit",5332.00,0.860000,-0.0700
"HD 174205 b",13.00000000,,,1334.87930940,158.91420350,-158.91420350,"Msini",582.00000000000,3.340000,"Radial Velocity",4308.00,1.800000,-0.2800
"Kepler-1952 b",1.23923346,,,2.07000000,,,"M-R relationship",27.21080017000,5.980000,"Transit",5973.00,0.922000,-0.3400
"TOI-561 e",2.51700000,0.04500000,-0.04500000,12.40000000,1.40000000,-1.40000000,"Mass",77.14400000000,4.300000,"Transit",5342.00,0.806000,-0.4100
"TOI-178 b",1.20000000,0.04100000,-0.03700000,0.96000000,0.70000000,-0.65000000,"Mass",1.91456010000,3.142761,"Transit",4316.00,0.647000,-0.2300
"TOI-178 g",2.93900000,0.05700000,-0.05500000,4.40000000,0.39000000,-0.37000000,"Mass",20.71663000000,0.959369,"Transit",4316.00,0.647000,-0.2300
"TOI-1420 b",11.89000000,0.33000000,-0.33000000,25.10000000,3.80000000,-3.80000000,"Mass",6.95610630000,0.082000,"Transit",5510.00,0.987000,0.2800
"TOI-2431 b",1.53400000,0.03400000,-0.03300000,6.20000000,1.60000000,-1.60000000,"Mass",0.22419578000,9.400000,"Transit",4109.00,0.661000,-0.0200
"TOI-2076 b",2.59000000,0.10000000,-0.10000000,6.70000000,1.80000000,-1.80000000,"Mass",10.35504000000,2.080000,"Transit",5187.00,0.849000,-0.0900
"TOI-431 c",1.49000000,,,2.83000000,0.41000000,-0.34000000,"Msini",4.84940000000,4.700000,"Radial Velocity",4850.00,0.780000,0.2000
"GJ 3090 b",2.18000000,0.06000000,-0.06000000,4.52000000,0.47000000,-0.47000000,"Mass",2.85310198000,2.400000,"Transit",3707.00,0.519000,0.1200
"TOI-700 e",0.95300000,0.08900000,-0.07500000,0.81800000,,,"M-R relationship",27.80978000000,5.190000,"Transit",3459.00,0.415000,-0.0700
"TOI-1136 e",2.63900000,0.07200000,-0.08800000,6.07000000,1.09000000,-1.01000000,"Mass",18.80100000000,1.810000,"Transit",5770.00,1.022000,0.0700
"Kepler-602 b",2.09000000,0.65000000,-0.32000000,5.02000000,,,"M-R relationship",15.28469497000,3.020000,"Transit",6062.00,1.080000,-0.0200
"Kepler-372 b",1.36000000,0.59000000,-0.59000000,2.42000000,,,"M-R relationship",6.84969200000,5.290000,"Transit",6509.00,1.202000,-0.1300
"EPIC 212624936 c",2.30000000,0.50000000,-0.50000000,5.90000000,,,"M-R relationship",11.81143700000,2.660000,"Transit",5765.00,1.000000,-0.3900
"WASP-44 b",12.32990000,0.90792900,-0.85188400,276.51210000,20.02329000,-19.70546000,"Mass",2.42380400000,0.811000,"Transit",5420.00,0.935000,-0.0030
"Kepler-1512 b",1.18000000,0.07000000,-0.11000000,1.76000000,,,"M-R relationship",20.35972599000,5.890000,"Transit",4372.00,0.730000,0.2000
"Qatar-2 b",14.05600000,0.14600000,-0.14600000,792.63500000,17.16200000,-17.16200000,"Mass",1.33711647000,1.573000,"Transit",4645.00,0.743000,0.0200
"TOI-286 b",1.42000000,0.10000000,-0.10000000,4.53000000,0.78000000,-0.78000000,"Mass",4.51172440000,8.630000,"Transit",5152.00,0.832000,-0.0500
"GJ 180 d",2.66000000,,,7.56000000,1.07000000,-1.07000000,"Msini",106.30000000000,2.210000,"Radial Velocity",3371.00,0.430000,
"Kepler-244 b",2.76000000,1.16000000,-1.16000000,8.05000000,,,"M-R relationship",4.31179200000,2.100000,"Transit",5554.00,0.933000,0.0700
"IRAS 04125+2902 b",10.73820351,0.86309151,-0.84067355,80.80000000,,,"M-R relationship",8.83497800000,0.359000,"Transit",4080.00,0.700000,
"Kepler-51 e",2.18000000,,,5.40000000,1.50000000,-1.50000000,"Mass",264.28400000000,2.860000,"Transit Timing Variations",5674.00,0.960000,0.0470
"TOI-2076 e",1.30100000,0.05900000,-0.05900000,4.70000000,1.50000000,-1.50000000,"Mass",3.02237530000,11.500000,"Transit",5187.00,0.849000,-0.0900
"KELT-3 b",17.48604000,1.23299000,-1.23299000,616.59020000,104.88390000,-104.88390000,"Mass",2.70339000000,0.750000,"Transit",6304.00,1.960000,0.0500
"HAT-P-29 b",13.11453000,1.45717000,-1.45717000,279.69040000,79.45750000,-79.45750000,"Mass",5.72319000000,0.710842,"Transit",6087.00,1.450000,0.2100
"Wolf 1061 b",1.21000000,,,1.91000000,0.26000000,-0.25000000,"Msini",4.88690000000,5.920000,"Radial Velocity",3342.00,0.294000,-0.0900
"Kepler-238 f",2.00000000,0.85000000,-0.17000000,13.50000000,2.90000000,-2.50000000,"Mass",50.44700000000,1.700000,"Transit",5800.00,1.060000,0.3400
"TYC 3318-01333-1 b",13.10000000,,,1086.97860000,111.24050000,-111.24050000,"Msini",562.00000000000,2.660000,"Radial Velocity",4776.00,1.190000,-0.0600
"Kepler-1010 b",2.32000000,0.44000000,-0.18000000,5.99000000,,,"M-R relationship",34.26857050000,2.640000,"Transit",5253.00,0.860000,-0.0100
"Kepler-1230 b",2.71000000,0.49000000,-0.29000000,7.80000000,,,"M-R relationship",9.95661537000,2.150000,"Transit",5961.00,1.060000,0.0100
"V830 Tau b",14.00000000,,,222.48100000,38.13960000,-38.13960000,"Mass",4.92700000000,0.446000,"Radial Velocity",4250.00,1.000000,-0.0800
"K2-195 c",2.57581891,0.27157754,-0.14909276,7.16000000,,,"M-R relationship",28.48278600000,2.300000,"Transit",5712.00,0.963364,-0.0900
"Kepler-1434 b",1.11000000,0.21000000,-0.20000000,1.41000000,,,"M-R relationship",8.05333618000,5.670000,"Transit",6291.00,1.470000,0.1900
"K2-187 b",1.20000000,0.20000000,-0.20000000,1.87000000,,,"M-R relationship",0.77401000000,5.950000,"Transit",5438.00,0.966999,0.0000
"Kepler-1699 b",1.56671124,,,3.08000000,,,"M-R relationship",3.49082000000,4.400000,"Transit",5575.53,0.810000,0.2250
"Kepler-1152 b",0.87000000,0.05000000,-0.06000000,0.59000000,,,"M-R relationship",1.64680190800,4.920000,"Transit",3964.00,0.550000,-0.2500
"Kepler-156 b",2.30000000,0.17000000,-0.17000000,5.90000000,,,"M-R relationship",4.97345600000,2.660000,"Transit",5094.00,0.864000,0.2535
"Kepler-80 f",1.21000000,0.06000000,-0.05000000,4459.73000000,,,"Mass",0.98678730000,703.000000,"Transit",4540.00,0.730000,0.0400
"K2-177 b",2.11620480,0.28262597,-0.15917785,5.13000000,,,"M-R relationship",14.15518500000,2.970000,"Transit",6063.00,1.210525,0.4100
"Kepler-964 b",2.12000000,0.09000000,-0.07000000,5.14000000,,,"M-R relationship",13.52251060000,2.960000,"Transit",5427.00,0.930000,0.0300
"Kepler-220 e",1.33000000,0.12000000,-0.12000000,2.33000000,,,"M-R relationship",45.90273300000,5.440000,"Transit",4632.00,0.729000,-0.1738
"Kepler-50 c",2.17000000,0.07000000,-0.08000000,8.20000000,,,"Mass",9.37647000000,9.249213,"Transit",6225.00,1.240000,0.0300
"HD 160691 d",3.23000000,,,10.49000000,0.83000000,-0.81000000,"Msini",9.63920000000,1.710000,"Radial Velocity",5773.00,1.130000,0.2800
"Kepler-985 b",2.98000000,0.14000000,-0.15000000,9.17000000,,,"M-R relationship",116.33190100000,1.900000,"Transit",5434.00,0.910000,0.0000
"Kepler-834 b",2.02000000,0.10000000,-0.10000000,4.74000000,,,"M-R relationship",13.32388301000,3.160000,"Transit",4554.00,0.700000,-0.1300
"TOI-1860 b",1.31000000,0.04000000,-0.04000000,2.27000000,,,"M-R relationship",1.06621070000,5.550000,"Transit",5752.00,0.990000,0.0400
"K2-343 c",2.02000000,0.10000000,-0.07000000,4.74000000,,,"M-R relationship",7.67697200000,3.160000,"Transit",3804.00,0.490000,-0.1000
"Kepler-12 b",19.66058600,0.34747900,-0.40352400,137.30256000,16.84499000,-16.20933000,"Mass",4.43796290000,0.110000,"Transit",5947.00,1.166000,0.0700
"Kepler-51 b",7.10000000,0.30000000,-0.30000000,2.10000000,1.50000000,-0.80000000,"Mass",45.15400000000,0.030000,"Transit",6018.00,1.040000,0.0500
"K2-33 b",5.04000000,0.34000000,-0.37000000,1175.97100000,,,"Mass",5.42486500000,,"Transit",3540.00,0.560000,
"HAT-P-1 b",14.78467100,0.21297100,-0.21297100,166.86075000,6.03877000,-6.03877000,"Mass",4.46529976000,0.282000,"Transit",5980.00,1.151000,0.1300
"WASP-63 b",15.80469000,1.56926000,-1.56926000,117.59710000,28.60470000,-28.60470000,"Mass",4.37808000000,0.173000,"Transit",5550.00,1.280000,0.0800
"K2-22 b",2.30000000,0.10000000,-0.10000000,444.96200000,,,"Mass",0.38107300000,,"Transit",3879.00,0.595292,0.0320
"KELT-11 b",15.13212395,1.12089807,-1.12089807,65.15482343,5.40308292,-5.40308292,"Mass",4.73620865000,0.093000,"Transit",5375.00,1.440000,0.1700
"WASP-166 b",7.06167000,0.33627000,-0.33627000,32.10083000,1.58915000,-1.58915000,"Mass",5.44354000000,0.540000,"Transit",6050.00,1.190000,0.1900
"TOI-1346 b",2.39000000,0.16000000,-0.16000000,6.30000000,,,"M-R relationship",1.76225380000,2.540000,"Transit",5099.00,0.820000,-0.0100
"Kepler-363 d",2.05000000,0.40000000,-0.40000000,4.86000000,,,"M-R relationship",11.93212500000,3.100000,"Transit",5593.00,1.226000,0.3965
"Kepler-1594 b",1.06000000,0.26000000,-0.12000000,1.20000000,,,"M-R relationship",2.71603809000,5.540000,"Transit",5946.00,1.060000,0.0300
"Gaia-1 b",13.77583728,0.23538859,-0.23538859,533.95172376,34.96112477,-34.96112477,"Mass",3.05252400000,1.120000,"Transit",5470.00,0.949000,
"WASP-14 b",15.46842000,0.89672000,-0.89672000,2809.61720000,444.96200000,-444.96200000,"Mass",2.24375000000,2.250000,"Transit",6475.00,1.620000,0.0000
"Kepler-1262 b",1.82000000,0.32000000,-0.17000000,3.97000000,,,"M-R relationship",8.67900242000,3.620000,"Transit",5771.00,0.990000,-0.0200
"WASP-180 A b",13.89916000,0.44836000,-0.44836000,286.04700000,31.78300000,-31.78300000,"Mass",3.40926400000,0.610000,"Transit",6600.00,1.300000,0.1000
"HD 5891 b",12.60000000,,,2425.04290000,454.49690000,-454.49690000,"Msini",177.11000000000,6.660000,"Radial Velocity",4673.00,1.930000,-0.3700
"Kepler-1632 b",2.47000000,0.84000000,-0.35000000,6.66000000,,,"M-R relationship",448.30355800000,2.430000,"Transit",6137.00,1.120000,0.0000
"GJ 3512 c",14.30000000,,,143.97626837,7.31005336,-7.31005336,"Msini",2354.00000000000,0.271000,"Radial Velocity",3141.00,0.123000,-0.0700
"HD 43691 b",13.20000000,,,810.46650000,108.06220000,-108.06220000,"Msini",36.99870000000,1.940000,"Radial Velocity",6093.00,1.320000,0.3300
"K2-401 b",2.26200000,0.20900000,-0.19200000,5.74000000,,,"M-R relationship",6.29309900000,2.730000,"Transit",4213.00,0.870000,-0.0980
"Kepler-780 b",0.89000000,0.09000000,-0.06000000,0.64000000,,,"M-R relationship",0.67737516400,4.990000,"Transit",5769.00,1.010000,0.0500
"TOI-544 c",4.92000000,,,21.50000000,2.00000000,-2.00000000,"Msini",50.08900000000,0.992000,"Radial Velocity",4169.00,0.631000,-0.1700
"Kepler-986 b",2.36000000,0.29000000,-0.19000000,6.17000000,,,"M-R relationship",56.43499380000,2.580000,"Transit",5642.00,0.960000,0.0400
"TOI-4602.01",2.45000000,0.23000000,-0.23000000,5.53000000,0.93000000,-0.94000000,"Mass",3.98129990000,2.180000,"Transit",5966.00,0.900000,-0.2600
"NGTS-10 b",13.50684500,1.31145300,-0.93034700,687.14846000,29.24036000,-34.00781000,"Mass",0.76689440000,1.430000,"Transit",4600.00,0.696000,-0.0200
"TOI-421 c",5.09000000,0.07000000,-0.07000000,14.10000000,1.40000000,-1.40000000,"Mass",16.06754100000,0.589957,"Transit",5291.00,0.833000,-0.0440
"L 98-59 e",1.49000000,,,2.82000000,0.19000000,-0.19000000,"Msini",12.82780000000,5.200000,"Radial Velocity",3415.00,0.292300,-0.4600
"TOI-500 e",3.99000000,,,15.05000000,1.12000000,-1.11000000,"Msini",61.30000000000,1.300000,"Radial Velocity",4440.00,0.740000,0.1200
"TOI-1136 f",3.73591482,0.08619766,-0.07925738,9.70000000,3.90000000,-3.70000000,"Mass",26.32100000000,0.890000,"Transit",5770.00,1.022000,0.0700
"Kepler-1980 b",2.21000000,0.36000000,-0.12000000,5.52000000,,,"M-R relationship",33.02571790000,2.810000,"Transit",5819.00,1.049000,0.1400
"LP 890-9 c",1.36700000,0.05500000,-0.03900000,25.30000000,,,"Mass",8.45746300000,,"Transit",2850.00,0.118000,-0.0280
"TOI-6109 c",4.83260000,0.07360000,-0.06320000,20.80000000,,,"M-R relationship",8.53887800000,1.010000,"Transit",5660.00,1.030000,0.0895
"HD 110067 e",1.94000000,0.04000000,-0.04000000,3.90000000,,,"Mass",30.79309100000,,"Transit",5266.00,0.798000,-0.2000
"TOI-500 d",6.35000000,,,33.12000000,0.88000000,-0.88000000,"Msini",26.23300000000,0.711000,"Radial Velocity",4440.00,0.740000,0.1200
"LP 791-18 b",1.21200000,0.05900000,-0.05800000,1.94000000,,,"M-R relationship",0.94799810000,5.990000,"Transit",2960.00,0.139000,-0.0900
"GJ 9827 c",1.13000000,0.07000000,-0.05000000,1.86000000,0.37000000,-0.39000000,"Mass",3.64810300000,7.142000,"Transit",4236.00,0.620000,-0.2900
"WASP-107 c",13.00000000,,,111.23994245,12.71313628,-12.71313628,"Msini",1066.00000000000,0.278000,"Radial Velocity",4425.00,0.683000,0.0200
"TOI-1806.01",3.40953670,0.35126720,-0.35126720,11.50000000,,,"M-R relationship",15.14546930000,1.590000,"Transit",3272.00,0.392935,
"CoRoT-20 b",9.41556000,0.44836000,-0.44836000,1366.66900000,63.56600000,-63.56600000,"Mass",9.24285000000,8.870000,"Transit",5880.00,1.140000,0.1400
"HD 134987 b",13.50000000,,,511.70630000,22.24810000,-22.24810000,"Msini",258.17999000000,1.140000,"Radial Velocity",5736.00,1.100000,0.2800
"HD 60532 c",13.30000000,,,797.75330000,50.85280000,-50.85280000,"Msini",600.10000000000,1.860000,"Radial Velocity",6245.00,1.500000,-0.2600
"WASP-7 b",14.90797000,1.04243700,-1.04243700,305.11680000,41.31790000,-41.31790000,"Mass",4.95464160000,0.550000,"Transit",6400.00,1.276000,0.0000
"TIC 77319217 b",3.10879526,0.34451974,-0.29615262,9.85000000,,,"M-R relationship",7.54830765124,1.800000,"Transit",5961.52,1.160000,
"Kepler-1214 b",2.36000000,0.19000000,-0.11000000,6.17000000,,,"M-R relationship",18.82634264000,2.580000,"Transit",5130.00,0.850000,0.0500
"Kepler-27 b",4.00000000,,,2895.31000000,,,"Mass",15.33480000000,,"Transit",5400.00,0.650000,0.4100
"TOI-4336 A b",2.13700000,0.08000000,-0.08000000,3.33000000,0.34000000,-0.37000000,"Mass",16.33635100000,1.870000,"Transit",3307.00,0.306000,0.1400
"Kepler-167 c",1.67400000,0.06900000,-0.06900000,3.44000000,,,"M-R relationship",7.40610600000,4.030000,"Transit",4884.00,0.777000,0.0200
"TOI-1136 b",1.90000000,0.21000000,-0.15000000,3.50000000,0.80000000,-0.70000000,"Mass",4.17270000000,2.800000,"Transit",5770.00,1.022000,0.0700
"Kepler-1256 b",1.49000000,0.44000000,-0.22000000,2.83000000,,,"M-R relationship",12.41277540000,4.700000,"Transit",6129.00,1.170000,0.0500
"Kepler-564 b",4.63000000,0.66000000,-0.36000000,19.40000000,,,"M-R relationship",3.75083228500,1.070000,"Transit",5626.00,0.950000,-0.0100
"Kepler-228 b",1.53000000,0.71000000,-0.71000000,2.96000000,,,"M-R relationship",2.56654600000,4.540000,"Transit",6043.00,1.006000,0.1800
"GJ 367 c",1.86000000,,,4.13000000,0.36000000,-0.36000000,"Msini",11.53010000000,3.530000,"Radial Velocity",3522.00,0.455000,-0.0100
"TOI-199 c",11.40000000,,,88.99195396,6.35656814,-3.17828407,"Mass",273.69000000000,0.330000,"Transit Timing Variations",5255.00,0.936000,0.2200
"HD 110067 g",2.60700000,0.05200000,-0.05200000,8.40000000,,,"Mass",54.76992000000,,"Transit",5266.00,0.798000,-0.2000
"HD 190007 b",4.06000000,,,15.50000000,1.20000000,-1.30000000,"Msini",11.72412800000,1.270000,"Radial Velocity",4610.00,0.770000,0.1600
"HD 155358 c",13.90000000,,,261.00000000,22.00000000,-22.00000000,"Msini",391.90000000000,0.534000,"Radial Velocity",5900.00,0.920000,-0.5100
"Kepler-891 b",6.41000000,1.46000000,-0.60000000,33.60000000,,,"M-R relationship",53.44945593000,0.701000,"Transit",5887.00,1.060000,0.0900
"TOI-1873 b",2.86356397,0.30160474,-0.23997153,8.57000000,,,"M-R relationship",7.00572708834,2.010000,"Transit",5597.99,1.015000,
"Kepler-480 b",2.78000000,0.29000000,-0.21000000,8.15000000,,,"M-R relationship",4.91958379500,2.080000,"Transit",6322.00,1.250000,0.1100
"Kepler-384 b",1.12000000,0.32000000,-0.32000000,1.46000000,,,"M-R relationship",22.59705300000,5.710000,"Transit",5577.00,0.882000,-0.2900
"HATS-65 b",16.82470900,0.56045000,-0.56045000,260.93843000,26.37989000,-26.37989000,"Mass",3.10516100000,0.300000,"Transit",6277.00,1.257000,0.1990
"Kepler-221 d",2.73000000,0.25000000,-0.25000000,3.61000000,0.91000000,-0.81000000,"Mass",10.04156000000,0.900000,"Transit",5243.00,0.854000,0.0616
"Kepler-296 f",1.80000000,0.31000000,-0.30000000,3.89000000,,,"M-R relationship",63.33627000000,3.200000,"Transit",3740.00,0.498000,-0.0800
"TOI-512 b",1.54000000,0.10000000,-0.10000000,3.57000000,0.53000000,-0.55000000,"Mass",7.18886000000,5.623888,"Transit",5277.00,0.740000,-0.1100
"Kepler-1905 b",1.44607340,,,2.69000000,,,"M-R relationship",3.42392993000,4.890000,"Transit",5788.00,1.038000,0.1600
"Kepler-230 c",2.04000000,1.04000000,-1.04000000,4.82000000,,,"M-R relationship",91.77324200000,3.120000,"Transit",5588.00,0.784000,-0.2100
"Kepler-1713 b",1.71673535,,,3.59000000,,,"M-R relationship",18.01160049000,3.900000,"Transit",6477.00,1.300000,0.1000
"Kepler-1036 b",3.01000000,0.14000000,-0.53000000,9.32000000,,,"M-R relationship",122.88080580000,1.880000,"Transit",5533.00,0.950000,0.0400
"Kepler-1863 b",2.26309256,,,5.74000000,,,"M-R relationship",44.99760056000,2.720000,"Transit",5871.00,1.097000,0.2100
"HD 51608 c",3.87000000,,,14.31000000,1.63000000,-1.53000000,"Msini",95.94460000000,1.360000,"Radial Velocity",5358.00,0.800000,-0.0700
"K2-121 b",7.16000000,0.12000000,-0.06000000,51.00000000,11.00000000,-11.00000000,"Mass",5.18573800000,0.700000,"Transit",4526.00,0.710000,0.0400
"Kepler-1962 b",1.21463929,,,1.95000000,,,"M-R relationship",7.99145984600,5.980000,"Transit",5700.00,1.003000,0.1600
"Kepler-886 b",1.52000000,0.42000000,-0.19000000,2.92000000,,,"M-R relationship",6.24146367000,4.570000,"Transit",6098.00,1.100000,-0.0100
"Kepler-220 b",0.81000000,0.05000000,-0.05000000,0.45700000,,,"M-R relationship",4.15980700000,4.730000,"Transit",4632.00,0.729000,-0.1738
"Kepler-444 b",0.40300000,0.01600000,-0.01400000,0.03740000,,,"M-R relationship",3.60010530000,3.140000,"Transit",5046.00,0.758000,-0.5500
"Kepler-402 d",1.38000000,0.27000000,-0.27000000,2.48000000,,,"M-R relationship",8.92109900000,5.190000,"Transit",6090.00,1.072000,-0.0800
"GJ 832 b",13.80000000,,,314.65012293,28.60455663,-25.42627256,"Mass",3853.00000000000,0.658000,"Radial Velocity",3472.00,0.450000,-0.3000
"Kepler-414 b",1.71000000,0.31000000,-0.14000000,3.50000000,3.40000000,-2.90000000,"Mass",4.70000000000,3.850000,"Transit Timing Variations",5536.00,0.890000,0.1800
"Kepler-1480 b",1.67000000,0.11000000,-0.08000000,3.43000000,,,"M-R relationship",22.12679948000,4.050000,"Transit",5156.00,0.850000,0.0700
"TOI-2141 c",2.35000000,,,6.14000000,0.86000000,-0.86000000,"Msini",5.46240000000,2.600000,"Radial Velocity",5635.00,0.896000,-0.1400
"Kepler-24 d",1.67000000,0.39000000,-0.39000000,293.95900000,,,"Mass",4.24438400000,152.000000,"Transit",5897.00,1.046000,-0.0708
"HAT-P-2 b",10.65975900,0.43715100,-0.59407700,2866.81223114,31.78284070,-31.78284070,"Mass",5.63351580000,7.290000,"Transit",6380.00,1.330000,0.1800
"Kepler-1083 b",3.36000000,0.16000000,-0.63000000,11.20000000,,,"M-R relationship",33.41779930000,1.620000,"Transit",5049.00,0.810000,-0.0200
"Kepler-576 b",3.27000000,0.84000000,-0.39000000,10.70000000,,,"M-R relationship",29.91136794000,1.680000,"Transit",5672.00,0.990000,0.0900
"Gl 410 b",2.83000000,,,8.40000000,1.30000000,-1.30000000,"Msini",6.02000000000,2.040000,"Radial Velocity",3842.00,0.550000,0.0500
"K2-378 b",2.88000000,0.27000000,-0.23000000,8.65000000,,,"M-R relationship",2.06043800000,1.990000,"Transit",4823.00,0.923000,-0.2060
"Kepler-1321 b",4.92000000,0.60000000,-0.61000000,21.50000000,,,"M-R relationship",11.12830484000,0.992000,"Transit",4094.00,0.540000,-0.4500
"Kepler-1599 b",1.62000000,0.33000000,-0.23000000,3.26000000,,,"M-R relationship",122.36355300000,4.210000,"Transit",5767.00,0.990000,0.0200
"Kepler-219 c",3.58000000,0.60000000,-0.60000000,12.50000000,,,"M-R relationship",22.71461300000,1.500000,"Transit",5786.00,1.164000,0.3600
"Kepler-1790 b",3.14461450,,,10.00000000,,,"M-R relationship",31.58889961000,1.770000,"Transit",5866.00,1.020000,0.0000
"HATS-35 b",16.40997600,0.77342100,-0.49319600,388.38826000,24.79074000,-24.79074000,"Mass",1.82099930000,0.484000,"Transit",6300.00,1.317000,0.2100
"Kepler-112 c",2.40000000,0.58000000,-0.58000000,6.35000000,,,"M-R relationship",28.57426300000,2.520000,"Transit",5544.00,0.782000,-0.5221
"HD 103891 b",13.20000000,,,918.52409623,298.75870258,-266.97586188,"Mass",1919.00000000000,2.190000,"Radial Velocity",6072.00,1.280000,-0.1900
"WASP-8 c",12.50000000,,,3003.37000000,718.27000000,-330.53000000,"Msini",4323.00000000000,8.450000,"Radial Velocity",5690.00,1.040000,0.1700
"Kepler-165 b",2.32000000,1.41000000,-1.41000000,5.99000000,,,"M-R relationship",8.18084800000,2.640000,"Transit",5211.00,0.746000,-0.2500
"WASP-92 b",16.37634900,0.86309300,-0.86309300,255.85315000,21.61244000,-21.61244000,"Mass",2.17467420000,0.346000,"Transit",6280.00,1.190000,0.0000
"Kepler-1290 b",1.42000000,0.21000000,-0.13000000,2.60000000,,,"M-R relationship",4.69500134000,4.990000,"Transit",5660.00,0.950000,-0.0200
"Kepler-1025 b",1.98000000,0.41000000,-0.22000000,4.58000000,,,"M-R relationship",37.32294930000,3.240000,"Transit",6089.00,1.090000,-0.0300
"Kepler-1679 b",2.06920360,,,4.93000000,,,"M-R relationship",9.75376000000,3.060000,"Transit",5501.00,0.960000,-0.0400
"Kepler-350 c",3.10000000,1.42000000,-0.60000000,6.10000000,3.30000000,-3.20000000,"Mass",17.84900000000,0.350000,"Transit",6492.30,1.000000,0.0410
"Kepler-773 b",1.43000000,0.09000000,-0.07000000,2.63000000,,,"M-R relationship",3.74910006100,4.940000,"Transit",5850.00,1.040000,0.0500
"HD 51608 b",3.62000000,,,12.77000000,1.20000000,-1.19000000,"Msini",14.07260000000,1.480000,"Radial Velocity",5358.00,0.800000,-0.0700
"TOI-912 b",1.93000000,0.13000000,-0.13000000,5.10000000,0.50000000,-0.50000000,"Mass",4.67806910000,4.000000,"Transit",3572.00,0.418000,-0.1900
"Kepler-630 b",3.18000000,0.34000000,-0.34000000,10.20000000,,,"M-R relationship",161.47439370000,1.740000,"Transit",5829.00,1.020000,0.0300
"Kepler-874 b",3.94000000,1.07000000,-0.59000000,14.70000000,,,"M-R relationship",40.06867270000,1.320000,"Transit",6020.00,1.090000,0.0300
"EPIC 220492298 b",0.99000000,0.10000000,-0.10000000,0.93700000,,,"M-R relationship",0.76240600000,5.310000,"Transit",5620.00,0.950000,0.2800
"Kepler-1948 b",1.03283226,,,1.09000000,,,"M-R relationship",15.57129955000,5.440000,"Transit",3872.00,0.585000,0.1200
"Kepler-196 c",2.24000000,0.17000000,-0.17000000,5.65000000,,,"M-R relationship",47.42773700000,2.760000,"Transit",5128.00,0.839000,0.0300
"WASP-33 b",17.85593700,0.82946600,-0.82946600,665.21819000,44.17837000,-44.17837000,"Mass",1.21987000000,0.689000,"Transit",7430.00,1.495000,0.1000
"Kepler-454 c",12.90000000,,,1433.40611557,38.13940884,-38.13940884,"Msini",524.19000000000,3.670000,"Radial Velocity",5687.00,1.030000,0.3200
"HD 42012 b",13.50000000,,,508.52800000,31.78300000,-31.78300000,"Msini",857.50000000000,1.140000,"Radial Velocity",5405.00,0.830000,-0.0900
"Kepler-1810 b",3.91815325,,,14.60000000,,,"M-R relationship",101.13300320000,1.330000,"Transit",5492.00,0.921000,0.1600
"Kepler-247 b",1.64000000,0.46000000,-0.46000000,3.33000000,,,"M-R relationship",3.33616000000,4.150000,"Transit",5100.00,0.887000,0.3000
"Kepler-182 c",3.43000000,1.53000000,-1.53000000,11.60000000,,,"M-R relationship",20.68434200000,1.580000,"Transit",6250.00,1.114000,0.0720
"Kepler-1303 b",1.42000000,0.35000000,-0.14000000,2.60000000,,,"M-R relationship",7.56127224000,4.990000,"Transit",5771.00,1.010000,0.0400
"Kepler-110 c",2.21000000,0.44000000,-0.44000000,5.52000000,,,"M-R relationship",31.71977500000,2.810000,"Transit",5960.00,0.989000,-0.1498
"TOI-375 b",10.77183045,0.49319515,-0.48198617,236.78216321,16.52707716,-16.84490557,"Mass",9.45469000000,1.037000,"Transit",5259.90,1.441000,0.0840
"GJ 667 C c",1.77000000,,,3.80000000,1.50000000,-1.20000000,"Msini",28.14000000000,3.770000,"Radial Velocity",3350.00,0.330000,-0.5500
"Kepler-866 b",1.63000000,0.08000000,-0.12000000,3.29000000,,,"M-R relationship",2.61703253600,4.170000,"Transit",4751.00,0.750000,-0.0700
"Kepler-549 b",2.57000000,0.23000000,-0.17000000,11.00000000,4.20000000,-3.20000000,"Mass",42.94956490000,1.900000,"Transit",5360.00,0.880000,-0.0300
"Kepler-347 d",3.04000000,0.45000000,-0.71000000,9.48000000,,,"M-R relationship",85.51734400000,1.850000,"Transit",5592.00,1.000000,0.1600
"Kepler-965 b",3.38000000,0.55000000,-0.39000000,11.40000000,,,"M-R relationship",134.25272980000,1.620000,"Transit",5886.00,1.050000,0.0300
"HD 164922 c",3.66000000,,,13.00000000,3.00000000,-2.00000000,"Msini",75.74000000000,1.460000,"Radial Velocity",5390.00,0.926000,0.1800
"Kepler-280 c",2.01000000,0.97000000,-0.97000000,4.70000000,,,"M-R relationship",4.80709100000,3.180000,"Transit",5744.00,0.962000,0.1213
"Kepler-645 b",2.10000000,0.63000000,-0.28000000,5.06000000,,,"M-R relationship",3.27582262100,3.000000,"Transit",6170.00,1.130000,-0.0100
"HIP 55507 b",12.60000000,,,2585.53409095,792.02839024,-546.34703163,"Mass",5138.43727000000,7.100000,"Radial Velocity",4171.00,0.650000,
"Kepler-399 d",1.89000000,1.01000000,-1.01000000,4.23000000,,,"M-R relationship",58.03461600000,3.440000,"Transit",5502.00,0.902000,0.1400
"K2-58 d",1.71000000,0.25000000,-0.25000000,3.57000000,,,"M-R relationship",22.88270000000,3.920000,"Transit",5413.00,0.890000,0.1100
"NGC 2682 Sand 1429 b",13.40000000,,,572.09113260,63.56568140,-63.56568140,"Msini",77.48000000000,1.310000,"Radial Velocity",6000.00,1.260000,-0.0130
"Kepler-1630 b",2.19000000,0.20000000,-0.10000000,5.43000000,,,"M-R relationship",509.99740200000,2.840000,"Transit",4736.00,0.660000,-0.4600
"KELT-12 b",19.95202000,1.90553000,-1.79344000,301.93850000,44.49620000,-44.49620000,"Mass",5.03162300000,0.209000,"Transit",6279.00,1.591000,0.1900
"HIP 9618 c",3.42855926,0.09718640,-0.08596176,7.00000000,,,"Mass",52.56363000000,1.000000,"Transit",5649.00,0.942000,-0.0180
"HD 110067 c",2.38800000,0.03600000,-0.03600000,6.30000000,,,"Mass",13.67369400000,,"Transit",5266.00,0.798000,-0.2000
"Kepler-1441 b",1.31000000,0.22000000,-0.13000000,2.27000000,,,"M-R relationship",39.44198390000,5.550000,"Transit",5802.00,1.000000,0.0100
"Kepler-192 b",2.74000000,0.45000000,-0.45000000,7.95000000,,,"M-R relationship",9.92674600000,2.120000,"Transit",5479.00,1.028000,0.3570
"Kepler-115 b",1.09000000,0.21000000,-0.21000000,1.32000000,,,"M-R relationship",2.40367900000,5.600000,"Transit",5979.00,1.042000,-0.0499
"WASP-77 A b",13.56000000,0.22000000,-0.22000000,529.31142902,0.14302278,-0.14302278,"Mass",1.36002939500,1.330000,"Transit",5617.00,0.903000,-0.1000
"55 Cnc d",13.00000000,,,1232.49300000,21.61200000,-21.61200000,"Mass",4799.00000000000,3.080000,"Radial Velocity",5198.00,1.015000,0.3900
"Kepler-1455 b",2.16000000,0.15000000,-0.16000000,5.31000000,,,"M-R relationship",49.27676400000,2.900000,"Transit",4075.00,0.620000,-0.0200
"Kepler-283 b",2.13000000,0.26000000,-0.26000000,5.18000000,,,"M-R relationship",11.00815100000,2.950000,"Transit",4351.00,0.596000,-0.1700
"HAT-P-52 b",11.30988100,0.80704800,-0.80704800,259.98494000,9.21707000,-9.21707000,"Mass",2.75359530000,0.980000,"Transit",5131.00,0.887000,0.2800
"Kepler-341 d",1.85000000,0.94000000,-0.94000000,4.08000000,,,"M-R relationship",27.66631300000,3.540000,"Transit",6012.00,0.976000,0.0700
"Kepler-1489 b",1.77000000,0.23000000,-0.18000000,3.78000000,,,"M-R relationship",82.29475100000,3.750000,"Transit",5655.00,0.930000,-0.1300
"HD 156411 b",14.00000000,,,235.18000000,15.89000000,-12.71000000,"Msini",842.20000000000,0.471000,"Radial Velocity",5900.00,1.250000,-0.1200
"Kepler-926 b",2.31000000,0.57000000,-0.23000000,5.95000000,,,"M-R relationship",52.06886010000,2.650000,"Transit",5806.00,1.010000,0.0300
"K2-325 b",2.20000000,0.14000000,-0.15000000,5.48000000,,,"M-R relationship",6.93000000000,2.830000,"Transit",3287.00,0.274000,
"Kepler-879 b",2.57000000,0.66000000,-0.28000000,7.13000000,,,"M-R relationship",33.38559380000,2.310000,"Transit",5792.00,1.020000,0.0500
"Kepler-1641 b",3.11000000,1.13000000,-0.58000000,9.85000000,,,"M-R relationship",19.67226600000,1.800000,"Transit",6152.00,1.120000,-0.0200
"Kepler-1924 b",2.65446572,,,7.53000000,,,"M-R relationship",15.33170033000,2.210000,"Transit",5726.00,1.018000,0.1600
"GJ 740 b",1.53000000,,,2.96000000,0.50000000,-0.48000000,"Msini",2.37756000000,4.540000,"Radial Velocity",3913.00,0.580000,0.0800
"Kepler-68 d",13.90000000,,,267.00000000,16.00000000,-16.00000000,"Mass",632.62000000000,0.546000,"Radial Velocity",5847.00,1.057000,0.1100
"WASP-108 b",15.13212395,0.44835923,-0.44835923,283.50293904,,,"Mass",2.67555212374,0.477431,"Transit",6783.00,1.167000,0.1478
"Kepler-184 c",1.97000000,1.11000000,-1.11000000,8.80000000,7.40000000,-5.70000000,"Mass",20.30300500000,6.320000,"Transit",5788.00,0.872000,-0.1958
"Lupus-TR-3 b",9.97600000,0.78500000,-0.78500000,257.43100000,57.20700000,-57.20700000,"Mass",3.91405000000,1.400000,"Transit",5000.00,0.870000,
"Kepler-1087 b",0.61000000,0.17000000,-0.05000000,0.16500000,,,"M-R relationship",0.69384285500,3.990000,"Transit",5589.00,0.960000,0.0100
"HIP 8923 b",12.50000000,,,3171.92750186,247.90615746,-50.85254512,"Mass",5160.00000000000,8.920000,"Radial Velocity",5980.00,1.010000,0.4200
"HAT-P-11 b",4.36000000,0.06000000,-0.06000000,25.00000000,1.50000000,-1.50000000,"Mass",4.88800000000,1.172000,"Transit",4653.00,0.811000,0.3100
"Kepler-1356 b",1.53000000,0.11000000,-0.10000000,2.96000000,,,"M-R relationship",0.63400293700,4.540000,"Transit",5106.00,0.820000,-0.0200
"Kepler-969 c",0.99000000,0.02000000,-0.05000000,0.93700000,,,"M-R relationship",1.68293460400,5.310000,"Transit",5214.00,0.920000,0.2200
"TOI-6223 b",5.07000000,0.22000000,-0.22000000,22.60000000,,,"M-R relationship",3.85521900000,0.953000,"Transit",3895.00,0.582000,-0.1200
"TOI-7384 b",3.56000000,0.21000000,-0.21000000,12.40000000,,,"M-R relationship",6.23402580000,1.510000,"Transit",3185.00,0.318000,0.0000
"Kepler-832 b",2.06000000,0.32000000,-0.17000000,4.90000000,,,"M-R relationship",7.13969410000,3.080000,"Transit",5596.00,0.920000,-0.0800
"Kepler-988 b",2.07000000,0.47000000,-0.16000000,4.94000000,,,"M-R relationship",17.76080053000,3.060000,"Transit",4005.00,0.550000,-0.3200
"TOI-1278 b",12.21778896,2.69015537,-2.24179614,5879.82552950,158.91420350,-158.91420350,"Mass",14.47567000000,18.000000,"Transit",3799.00,0.540000,-0.0100
"Kepler-732 c",1.27000000,0.07000000,-0.10000000,2.15000000,,,"M-R relationship",0.89304123600,5.770000,"Transit",3631.00,0.490000,-0.0100
"Kepler-533 b",3.38000000,0.08000000,-0.32000000,11.40000000,,,"M-R relationship",28.51120525000,1.620000,"Transit",4758.00,0.780000,0.0100
"Kepler-392 c",1.10000000,0.23000000,-0.23000000,1.37000000,,,"M-R relationship",10.42311800000,5.660000,"Transit",5938.00,0.874000,-0.4362
"HIP 10090 c",13.90000000,,,270.15414595,9.53485221,-38.13940884,"Mass",321.82000000000,0.553000,"Radial Velocity",5661.00,0.940000,0.4700
"WASP-62 b",14.79588000,0.89672000,-0.89672000,165.27160000,25.42640000,-25.42640000,"Mass",4.41195000000,0.262000,"Transit",6230.00,1.110000,0.0400
"K2-25 b",3.44000000,0.12000000,-0.12000000,24.50000000,5.70000000,-5.20000000,"Mass",3.48456408000,3.310000,"Transit",3207.00,0.263400,0.1500
"TOI-7510 c",10.81000000,0.32000000,-0.32000000,131.00000000,11.00000000,-11.00000000,"Mass",22.56874230000,0.573000,"Transit",5720.00,1.063000,0.2500
"Kepler-354 d",1.24000000,0.40000000,-0.40000000,2.07000000,,,"M-R relationship",24.20984200000,5.970000,"Transit",4648.00,0.652000,-0.0300
"Kepler-1342 b",1.66000000,0.22000000,-0.13000000,3.39000000,,,"M-R relationship",2.21571035800,4.070000,"Transit",5527.00,0.930000,0.0300
"Kepler-1059 b",1.73000000,0.12000000,-0.15000000,3.64000000,,,"M-R relationship",3.76419104800,3.860000,"Transit",4906.00,0.750000,-0.1500
"Kepler-518 b",2.11000000,0.05000000,-0.05000000,5.10000000,,,"M-R relationship",8.51203587700,2.980000,"Transit",5842.00,0.960000,-0.2300
"TOI-128.01",2.21898000,0.10878000,-0.10878000,5.56000000,,,"M-R relationship",4.94046810000,2.800000,"Transit",6086.00,0.851969,
"HIP 9618 b",3.82838127,0.10440228,-0.08816578,8.30000000,1.70000000,-1.70000000,"Mass",20.77285800000,0.810000,"Transit",5649.00,0.942000,-0.0180
"Kepler-154 c",2.95000000,0.62000000,-0.62000000,9.01000000,,,"M-R relationship",62.30327600000,1.930000,"Transit",5690.00,0.933000,0.0200
"TOI-6564 b",16.39873876,0.21297063,-0.21297063,222.16205649,20.97667486,-20.97667486,"Mass",3.98541300000,0.277000,"Transit",5943.00,1.180000,0.1900
"HD 260655 b",1.24000000,0.02300000,-0.02300000,2.14000000,0.34000000,-0.34000000,"Mass",2.76953000000,6.200000,"Transit",3803.00,0.439000,-0.4300
"TOI-1136 d",4.62700000,0.07700000,-0.07200000,8.35000000,1.80000000,-1.60000000,"Mass",12.51990000000,1.810000,"Transit",5770.00,1.022000,0.0700
"TOI-4010 d",6.18000000,0.14000000,-0.15000000,38.15000000,3.27000000,-3.22000000,"Mass",14.70886000000,0.900000,"Transit",4960.00,0.880000,0.3700
"LTT 1445 A b",1.34000000,0.11000000,-0.06000000,2.73000000,0.25000000,-0.23000000,"Mass",5.35876350000,6.200000,"Transit",3562.00,0.257000,-0.3400
"TOI-1801 b",2.07900000,0.12400000,-0.11000000,5.73800000,1.45500000,-1.42800000,"Mass",10.64387000000,3.701000,"Transit",3863.00,0.556000,-0.1900
"GJ 1252 b",1.19300000,0.07400000,-0.07400000,1.32000000,0.28000000,-0.28000000,"Mass",0.51823310000,4.200000,"Transit",3458.00,0.381000,0.1000
"TOI-558 b",12.17295304,0.45956821,-0.42594127,1147.36054927,47.67426105,-47.67426105,"Mass",14.57407100000,3.500000,"Transit",6466.00,1.349000,-0.0040
"TOI-969 b",2.76500000,0.08800000,-0.09700000,9.10000000,1.00000000,-1.00000000,"Mass",1.82373050000,2.340000,"Transit",4435.00,0.734000,0.1750
"Kepler-472 b",3.22000000,0.13000000,-0.28000000,10.50000000,,,"M-R relationship",4.17625551400,1.730000,"Transit",4996.00,0.850000,0.1600
"Kepler-1129 b",2.96000000,0.51000000,-0.33000000,9.06000000,,,"M-R relationship",24.33978040000,1.920000,"Transit",5831.00,1.000000,-0.0400
"Kepler-1836 b",2.55303229,,,7.05000000,,,"M-R relationship",5.25416994100,2.330000,"Transit",6123.00,1.053000,-0.1400
"Kepler-52 c",1.84000000,,,45.40000000,,,"Mass",16.38500210000,20.000000,"Transit",4075.00,0.540000,0.0000
"WASP-67 b",12.89035000,1.23299000,-1.23299000,136.66690000,28.60470000,-28.60470000,"Mass",4.61442000000,0.388000,"Transit",5200.00,0.910000,-0.0700
"pi Men d",3.72000000,,,13.38000000,1.35000000,-1.35000000,"Msini",124.64000000000,1.430000,"Radial Velocity",5998.00,1.070000,0.0900
"LHS 1903 c",2.04600000,0.07800000,-0.07400000,4.55000000,0.73000000,-0.69000000,"Mass",6.22618500000,2.910000,"Transit",3664.00,0.538000,-0.1100
"HD 207496 b",2.25000000,0.12000000,-0.10000000,6.10000000,1.60000000,-1.60000000,"Mass",6.44100800000,3.170000,"Transit",4819.00,0.800000,0.0950
"TOI-3714 b",11.32107051,0.33626942,-0.33626942,222.47988490,9.53485221,-9.53485221,"Mass",2.15484900000,0.850000,"Transit",3660.00,0.530000,0.1000
"WASP-121 b",19.52604438,0.06725388,-0.06725388,371.85923619,13.66662150,-13.66662150,"Mass",1.27492504000,0.275000,"Transit",6628.00,1.330000,0.1700
"TOI-1533 b",2.89000000,0.06000000,-0.06000000,28.10000000,3.30000000,-3.40000000,"Mass",3.64579740000,6.500000,"Transit",5146.00,0.880000,0.2400
"TOI-1533 c",7.50000000,,,36.60000000,4.00000000,-3.90000000,"Mass",8.06379260000,0.480000,"Transit",5146.00,0.880000,0.2400
"TOI-815 c",2.62000000,0.10000000,-0.09000000,23.50000000,2.40000000,-2.40000000,"Mass",34.97614500000,7.200000,"Transit",4869.00,0.776000,-0.0900
"Kepler-9 c",8.08000000,0.54000000,-0.41000000,29.90000000,1.10000000,-1.30000000,"Mass",38.98530000000,0.310000,"Transit",5774.00,1.022000,0.0500
"Kepler-238 c",2.39000000,0.45000000,-0.45000000,152.52200000,,,"Mass",6.15555700000,3.200000,"Transit",5751.00,1.229000,0.3400
"Kepler-55 c",2.21000000,,,69.80000000,32.60000000,-18.30000000,"Mass",42.15164180000,35.500000,"Transit",4362.00,0.620000,-0.0100
"Kepler-218 b",1.48000000,0.12000000,-0.12000000,2.79000000,,,"M-R relationship",3.61933700000,4.730000,"Transit",5502.00,1.019000,0.3700
"Kepler-424 b",9.98000000,0.90000000,-0.67000000,327.35000000,41.32000000,-41.32000000,"Mass",3.31186440000,1.940000,"Transit",5460.00,1.010000,0.4400
"Kepler-720 b",8.41000000,1.61000000,-0.80000000,53.40000000,,,"M-R relationship",4.70832654200,0.493000,"Transit",5618.00,0.950000,0.0000
"HD 16175 b",12.80000000,,,1875.18760130,572.09113260,-317.82840700,"Mass",990.00000000000,4.910000,"Radial Velocity",5981.00,1.630000,0.3000
"Kepler-1195 b",2.08000000,0.19000000,-0.17000000,4.98000000,,,"M-R relationship",8.49642241000,3.040000,"Transit",4965.00,0.740000,-0.2500
"EPIC 212737443 c",2.69000000,0.14600000,-0.14600000,7.70000000,,,"M-R relationship",65.55000000000,2.170000,"Transit",4684.00,0.690000,-0.1370
"Kepler-882 b",1.23000000,0.15000000,-0.09000000,2.04000000,,,"M-R relationship",3.98953966600,6.020000,"Transit",5476.00,0.900000,-0.0300
"Kepler-1312 b",2.10000000,0.08000000,-0.07000000,5.06000000,,,"M-R relationship",5.44832528600,3.000000,"Transit",5719.00,0.990000,-0.0200
"Kepler-272 b",1.43000000,0.77000000,-0.77000000,78.00000000,93.80000000,-66.90000000,"Mass",2.97135300000,147.000000,"Transit",5297.00,0.910000,0.0400
"TOI-5293 A b",11.90000000,0.40000000,-0.40000000,170.40000000,21.80000000,-21.90000000,"Mass",2.93028900000,0.560000,"Transit",3586.00,0.540000,-0.0300
"TOI-1710 b",5.25800000,0.08500000,-0.08500000,13.20000000,2.80000000,-2.90000000,"Mass",24.28336000000,0.500000,"Transit",5730.00,1.025800,0.1470
"HAT-P-6 b",16.58932000,1.68135000,-1.68135000,419.53560000,95.34900000,-95.34900000,"Mass",3.85298000000,0.558000,"Transit",6570.00,1.790000,-0.1300
"DMPP-2 d",11.60000000,,,91.79000000,6.11000000,-7.32000000,"Msini",16.49100000000,0.323000,"Radial Velocity",6500.00,1.410000,
"DMPP-7 b",9.13000000,,,61.39000000,4.33000000,-4.06000000,"Msini",4.98400000000,0.443000,"Radial Velocity",5996.82,1.090000,
"Kepler-212 b",1.09000000,0.21000000,-0.21000000,1.32000000,,,"M-R relationship",16.25758200000,5.600000,"Transit",5852.00,1.166000,0.2200
"Kepler-55 d",1.59000000,0.09000000,-0.09000000,3.15000000,,,"M-R relationship",2.21109900000,4.310000,"Transit",4503.00,0.631000,-0.0100
"Kepler-999 b",2.34000000,0.65000000,-0.49000000,6.08000000,,,"M-R relationship",5.99185701700,2.610000,"Transit",6237.00,1.290000,0.0500
"Kepler-167 e",10.16000000,0.42000000,-0.42000000,321.00669107,50.85254512,-47.67426105,"Mass",1071.23205000000,1.680000,"Transit",4884.00,0.777000,0.0200
"TOI-1136 g",2.53000000,0.11000000,-0.12000000,5.60000000,4.10000000,-3.20000000,"Mass",39.54500000000,1.900000,"Transit",5770.00,1.022000,0.0700
"WASP-84 c",1.95000000,0.12000000,-0.12000000,15.20000000,4.50000000,-4.20000000,"Mass",1.44688490000,11.200000,"Transit",5280.00,0.853000,0.0000
"TOI-1338 c",10.30000000,,,75.40000000,4.00000000,-3.60000000,"Mass",215.79000000000,0.379000,"Radial Velocity",5723.20,1.093600,0.0100
"TOI-2194 b",1.98920000,0.13130000,-0.06680000,4.61000000,,,"M-R relationship",15.33759700000,3.220000,"Transit",4756.00,0.740000,-0.3720
"Kepler-1143 c",3.60000000,0.51000000,-0.35000000,12.60000000,,,"M-R relationship",210.63059100000,1.480000,"Transit",5053.00,0.810000,-0.0600
"HD 177830 c",7.87000000,,,47.67250000,6.35633000,-6.35633000,"Msini",110.90000000000,0.537000,"Radial Velocity",4949.00,1.470000,0.5450
"GJ 367 d",2.33000000,,,6.03000000,0.49000000,-0.49000000,"Msini",34.36900000000,2.620000,"Radial Velocity",3522.00,0.455000,-0.0100
"TOI-6109 b",4.87040000,0.16220000,-0.12310000,21.10000000,,,"M-R relationship",5.69047600000,1.000000,"Transit",5660.00,1.030000,0.0895
"TOI-125 d",2.93000000,0.17000000,-0.17000000,13.60000000,1.20000000,-1.20000000,"Mass",19.98000000000,2.980000,"Transit",5320.00,0.859000,-0.0200
"TOI-2031 A b",14.20177855,0.26901554,-0.26901554,254.26272560,73.10053361,-73.10053361,"Mass",5.71548654000,0.490000,"Transit",6490.00,1.174000,-0.2400
"Kepler-431 c",0.66800000,,,0.22900000,,,"M-R relationship",8.70300000000,4.220000,"Transit",6004.00,1.071000,0.0700
"TIC 279401253 b",11.20898070,0.44835923,-0.44835923,1951.46641898,123.95307873,-133.48793094,"Mass",76.80000000000,7.610000,"Transit",5951.00,1.130000,0.2000
"Kepler-253 c",2.65000000,1.11000000,-1.11000000,7.51000000,,,"M-R relationship",10.28195100000,2.220000,"Transit",5208.00,0.860000,0.1500
"Kepler-899 b",2.68000000,0.46000000,-0.26000000,7.65000000,,,"M-R relationship",19.17891293000,2.180000,"Transit",5595.00,0.930000,-0.0600
"TOI-3474 b",14.67255574,0.36989636,-0.35868738,193.87532827,44.49597698,-47.67426105,"Mass",3.87951050000,0.337000,"Transit",6020.00,1.121000,0.1460
"K2-108 b",5.33000000,0.21000000,-0.21000000,59.40000000,4.40000000,-4.40000000,"Mass",4.73399900000,2.220000,"Transit",5599.00,1.170000,0.3600
"Kepler-914 b",1.38000000,0.17000000,-0.12000000,2.48000000,,,"M-R relationship",4.40966548000,5.190000,"Transit",5877.00,1.100000,0.2200
"Kepler-440 b",1.86000000,0.24000000,-0.19000000,4.12000000,,,"M-R relationship",101.11141000000,3.520000,"Transit",4134.00,0.575000,-0.3000
"Kepler-60 b",1.71000000,0.13000000,-0.13000000,4.19000000,0.56000000,-0.52000000,"Mass",7.13340000000,4.620000,"Transit",5905.00,1.041000,-0.0900
"Kepler-48 e",13.40000000,,,657.00000000,25.00000000,-25.00000000,"Mass",982.00000000000,1.500000,"Radial Velocity",5194.00,0.880000,0.1700
"2MASS J19383260+4603591 b",13.40000000,,,603.87700000,31.78300000,-31.78300000,"Mass",406.00000000000,1.380000,"Eclipse Timing Variations",29564.00,0.480000,-0.0920
"HD 126105 b",13.50000000,,,530.77343969,60.38739733,-54.03082919,"Msini",524.00000000000,1.190000,"Radial Velocity",4875.00,1.200000,0.0000
"TOI-5205 b",11.60000000,0.30000000,-0.30000000,343.00000000,18.00000000,-17.00000000,"Mass",1.63075700000,1.210000,"Transit",3430.00,0.392000,0.0000
"HD 20329 b",1.72000000,0.07000000,-0.07000000,7.42000000,1.09000000,-1.09000000,"Mass",0.92611800000,8.060000,"Transit",5596.00,0.900000,-0.0700
"WASP-124 b",13.89916000,0.33627000,-0.33627000,190.69800000,22.24810000,-22.24810000,"Mass",3.37265000000,0.430000,"Transit",6050.00,1.070000,-0.0200
"Kepler-1518 c",2.90000000,0.82000000,-0.68000000,8.75000000,,,"M-R relationship",9.63102580000,1.970000,"Transit",6432.00,1.060000,-0.3400
"Kepler-382 b",1.32000000,0.63000000,-0.63000000,2.30000000,,,"M-R relationship",5.26215500000,5.500000,"Transit",5600.00,1.002000,0.0820
"Kepler-1106 b",1.65000000,0.49000000,-0.23000000,3.36000000,,,"M-R relationship",1.25275217400,4.110000,"Transit",6104.00,1.110000,0.0000
"WASP-131 b",13.74221034,0.41473229,-0.41473229,86.76715511,6.03873973,-6.03873973,"Mass",5.32201250000,0.196277,"Transit",5990.00,1.060000,-0.2000
"TRAPPIST-1 e",0.92000000,0.01300000,-0.01200000,0.69200000,0.02200000,-0.02200000,"Mass",6.10101300000,4.901605,"Transit",2566.00,0.089800,0.0520
"TRAPPIST-1 f",1.04500000,0.01300000,-0.01200000,1.03900000,0.03100000,-0.03100000,"Mass",9.20754000000,5.022904,"Transit",2566.00,0.089800,0.0520
"TRAPPIST-1 h",0.75500000,0.01400000,-0.01400000,0.32600000,0.02000000,-0.02000000,"Mass",18.77286600000,4.162780,"Transit",2566.00,0.089800,0.0520
"LHS 1140 b",1.73000000,0.02500000,-0.02500000,5.60000000,0.19000000,-0.19000000,"Mass",24.73723000000,5.900000,"Transit",3096.00,0.184400,-0.1500
"HAT-P-23 b",15.33400000,1.00900000,-1.00900000,664.23700000,35.27800000,-35.27800000,"Mass",1.21288400000,1.010000,"Transit",5905.00,1.130000,0.1500
"Kepler-190 c",1.46000000,0.10000000,-0.10000000,2.73000000,,,"M-R relationship",3.76302400000,4.820000,"Transit",5106.00,0.834000,0.0600
"Kepler-216 c",3.04000000,0.59000000,-0.59000000,9.48000000,,,"M-R relationship",17.40666900000,1.850000,"Transit",6091.00,1.126000,-0.1489
"GJ 86 b",12.90000000,,,1404.80860000,63.56600000,-63.56600000,"Msini",15.76491000000,3.600000,"Radial Velocity",5182.00,0.930000,-0.2200
"Kepler-267 d",2.27000000,0.12000000,-0.12000000,5.77000000,,,"M-R relationship",28.46451500000,2.710000,"Transit",4258.00,0.541571,-0.1800
"Kepler-858 b",4.87000000,0.23000000,-0.20000000,21.10000000,,,"M-R relationship",76.13602028000,1.000000,"Transit",5653.00,0.960000,-0.0400
"K2-396 c",3.12400000,0.17800000,-0.11200000,9.93000000,,,"M-R relationship",25.76051000000,1.790000,"Transit",5236.00,0.954000,0.2370
"TOI-4638.01",2.93300000,0.37600000,-0.24500000,8.92000000,,,"M-R relationship",10.28391878700,1.940000,"Transit",5700.00,1.020000,
"K2-198 b",4.18900000,0.22800000,-0.09800000,16.30000000,,,"M-R relationship",17.04286830000,1.220000,"Transit",5212.90,0.799000,0.0940
"Kepler-296 c",2.00000000,0.33000000,-0.32000000,4.66000000,,,"M-R relationship",5.84163660000,1.200000,"Transit",3740.00,0.498000,-0.0800
"Kepler-1801 b",2.70926154,,,7.80000000,,,"M-R relationship",10.44089985000,2.160000,"Transit",5738.00,0.936000,-0.0600
"HD 118203 b",12.77823800,0.32506044,-0.32506044,680.15279098,38.13940884,-38.13940884,"Mass",6.13497790000,1.790000,"Radial Velocity",5742.00,1.270000,0.2870
"NY Vir c",12.80000000,,,1760.77820000,63.56600000,-63.56600000,"Msini",8799.00000000000,4.610000,"Eclipse Timing Variations",32780.00,0.459000,
"Kepler-204 b",2.53000000,0.54000000,-0.54000000,6.94000000,,,"M-R relationship",14.40097400000,2.350000,"Transit",5812.00,1.038000,0.0700
"TOI-201 c",10.40000000,0.30000000,-0.30000000,4990.00000000,100.00000000,-100.00000000,"Mass",2890.00000000000,24.000000,"Transit Timing Variations",6423.00,1.320000,0.2400
"Kepler-122 d",2.20000000,0.44000000,-0.44000000,5.48000000,,,"M-R relationship",21.58747500000,2.830000,"Transit",6050.00,0.982000,-0.0800
"Kepler-139 b",2.94000000,0.57000000,-0.57000000,7.00000000,3.00000000,-3.00000000,"Mass",15.77104400000,2.169438,"Transit",5594.00,1.078000,0.3500
"TOI-2364 b",8.60849718,0.25780656,-0.20176165,71.51139158,13.66662150,-15.57359194,"Mass",4.01975170000,0.610000,"Transit",5306.00,0.954000,0.3440
"Kepler-1302 b",1.43000000,0.15000000,-0.09000000,2.63000000,,,"M-R relationship",8.83922659000,4.940000,"Transit",5236.00,0.860000,0.0400
"Kepler-977 b",2.62000000,0.17000000,-0.17000000,7.37000000,,,"M-R relationship",26.85328322000,2.250000,"Transit",5315.00,0.870000,-0.0100
"K2-340 b",3.36000000,0.44000000,-0.32000000,11.20000000,,,"M-R relationship",29.74045100000,1.620000,"Transit",5532.00,0.930000,0.0800
"TOI-238 c",2.18000000,0.18000000,-0.18000000,6.70000000,1.10000000,-1.10000000,"Mass",8.46565100000,1.830000,"Radial Velocity",5059.00,0.790000,-0.1140
"Kepler-1858 b",2.42168247,,,6.44000000,,,"M-R relationship",88.07160187000,2.490000,"Transit",4939.00,0.785000,0.1600
"K2-365 b",2.90600000,0.19500000,-0.17600000,8.78000000,,,"M-R relationship",23.44817200000,1.970000,"Transit",5561.00,0.823000,-0.0210
"Kepler-55 e",1.55000000,0.23000000,-0.23000000,3.02000000,,,"M-R relationship",4.61753400000,4.460000,"Transit",4503.00,0.631000,-0.0100
"Kepler-1074 b",1.25000000,0.24000000,-0.09000000,2.10000000,,,"M-R relationship",5.94566534000,5.910000,"Transit",4002.00,0.600000,-0.0600
"Kepler-1278 b",1.01000000,0.31000000,-0.12000000,1.01000000,,,"M-R relationship",3.23941344000,5.390000,"Transit",6074.00,1.110000,0.0200
"Kepler-1582 b",1.49000000,0.17000000,-0.14000000,2.83000000,,,"M-R relationship",4.83817712000,4.700000,"Transit",3208.00,0.280000,0.4800
"WASP-90 b",18.27067000,1.00881000,-1.00881000,200.23290000,22.24810000,-22.24810000,"Mass",3.91624300000,0.193000,"Transit",6430.00,1.550000,0.1100
"K2-165 b",1.27443657,0.14459836,-0.09720175,2.17000000,,,"M-R relationship",2.35499200000,5.760000,"Transit",5185.00,0.834847,-0.0500
"TrES-5 b",13.38354600,0.16813500,-0.16813500,568.91570000,21.61244000,-21.61244000,"Mass",1.48224686000,1.310000,"Transit",5171.00,0.901000,0.2000
"K2-205 b",1.99552771,0.26954694,-0.23149515,4.64000000,,,"M-R relationship",26.67226300000,3.210000,"Transit",5890.00,0.951027,-0.2600
"Kepler-1987 e",1.92000000,0.18000000,-0.13000000,4.35000000,,,"M-R relationship",8.74292005000,3.380000,"Transit",4769.00,0.799000,0.1200
"Kepler-2000 c",1.57000000,0.06000000,-0.10000000,3.09000000,,,"M-R relationship",20.61803480000,4.390000,"Transit",3757.00,0.581000,0.4800
"TrES-1 b",12.66617000,0.67254000,-0.67254000,266.97720000,34.96130000,-34.96130000,"Mass",3.03007000000,0.712000,"Transit",5230.00,1.040000,0.0200
"Kepler-111 b",1.58000000,0.20000000,-0.20000000,3.12000000,,,"M-R relationship",3.34181500000,4.350000,"Transit",5952.00,1.171000,0.2200
"TOI-813 b",6.71000000,0.38000000,-0.38000000,36.40000000,,,"M-R relationship",83.89110000000,0.662000,"Transit",5907.00,1.320000,0.1000
"HIP 54373 b",2.87000000,,,8.62000000,1.84000000,-1.84000000,"Msini",7.76000000000,2.000000,"Radial Velocity",4021.00,0.570000,
"Kepler-1028 b",1.33000000,0.15000000,-0.11000000,2.33000000,,,"M-R relationship",2.51462432000,5.440000,"Transit",5522.00,0.900000,-0.0900
"HD 72490 b",13.50000000,,,561.92344000,25.42640000,-25.42640000,"Msini",858.00000000000,1.260000,"Radial Velocity",4934.00,1.210000,-0.1300
"GJ 433 c",6.27000000,,,32.42200000,6.32900000,-6.32900000,"Msini",5094.10500000000,0.723000,"Radial Velocity",3461.00,0.480000,-0.1700
"HD 80653 b",1.61300000,0.07100000,-0.07100000,5.72000000,0.36000000,-0.35000000,"Mass",0.71957300000,7.470000,"Transit",5959.00,1.180000,0.2550
"Kepler-1049 b",0.95000000,0.10000000,-0.16000000,0.80900000,,,"M-R relationship",3.27346073600,5.180000,"Transit",3864.00,0.510000,-0.3300
"K2-127 b",8.37000000,0.33000000,-0.33000000,52.90000000,,,"M-R relationship",3.58816300000,0.496000,"Transit",4575.00,0.720000,-0.1100
"WTS-1 b",16.70000000,1.79000000,-2.02000000,1274.44000000,111.24000000,-111.24000000,"Mass",3.35205700000,1.610000,"Transit",6250.00,1.200000,-0.5000
"Kepler-1351 b",0.65000000,0.05000000,-0.04000000,0.20800000,,,"M-R relationship",0.91614076800,4.160000,"Transit",4439.00,0.700000,-0.0300
"Kepler-593 b",2.87000000,0.69000000,-0.29000000,8.60000000,,,"M-R relationship",21.21708973000,2.000000,"Transit",5967.00,1.080000,0.0400
"Kepler-90 i",1.32000000,0.21000000,-0.21000000,2.30000000,,,"M-R relationship",14.44912000000,5.500000,"Transit",6015.00,1.120000,0.0980
"Kepler-307 c",2.20000000,0.07000000,-0.07000000,3.64000000,0.65000000,-0.58000000,"Mass",13.07290000000,1.740000,"Transit",5367.00,0.907000,0.1900
"Kepler-1155 b",2.03000000,0.45000000,-0.20000000,4.78000000,,,"M-R relationship",33.46974300000,3.140000,"Transit",5842.00,1.030000,0.0400
"Kepler-436 c",2.33000000,0.19000000,-0.14000000,6.04000000,,,"M-R relationship",16.79713874000,2.620000,"Transit",4685.00,0.750000,0.0200
"Kepler-721 b",2.64000000,0.14000000,-0.14000000,7.46000000,,,"M-R relationship",5.39202538800,2.230000,"Transit",5075.00,0.820000,-0.0100
"K2-173 b",1.60826194,0.15968465,-0.10547102,3.22000000,,,"M-R relationship",5.86869900000,4.250000,"Transit",5580.00,0.881538,-0.2500
"Kepler-762 b",12.68000000,2.64000000,-1.26000000,,,,"Msini",3.77055209800,,"Transit",5944.00,1.060000,0.0200
"Kepler-135 c",1.16000000,0.23000000,-0.23000000,1.65000000,,,"M-R relationship",11.44870800000,5.810000,"Transit",6090.00,1.047000,-0.1050
"HAT-P-15 b",11.88154000,0.78463000,-0.78463000,616.59020000,95.34900000,-95.34900000,"Mass",10.86350000000,1.960000,"Transit",5568.00,1.000000,0.2200
"HD 96700 c",1.69000000,,,3.50000000,0.40000000,-0.40000000,"Msini",19.88000000000,3.980000,"Radial Velocity",5845.00,0.890000,-0.1800
"Kepler-250 b",1.13000000,0.68000000,-0.68000000,1.51000000,,,"M-R relationship",4.14814100000,5.750000,"Transit",5160.00,0.806000,0.0100
"K2-138 g",3.01300000,0.30300000,-0.25100000,4.32000000,5.26000000,-3.03000000,"Mass",41.96797000000,0.900000,"Transit",5356.30,0.935000,0.1400
"CoRoT-4 b",13.34000000,0.67000000,-0.56000000,228.83000000,25.43000000,-25.43000000,"Mass",9.20205000000,0.525000,"Transit",6190.00,1.160000,0.0500
"Kepler-2001 b",1.04000000,0.13000000,-0.08000000,1.12000000,,,"M-R relationship",1.09001100300,5.470000,"Transit",5081.00,0.864000,0.1200
"Kepler-1817 b",2.27349126,,,5.79000000,,,"M-R relationship",44.29919815000,2.710000,"Transit",5316.00,0.878000,0.1600
"K2-19 b",7.00000000,0.20000000,-0.20000000,30.80000000,2.50000000,-0.90000000,"Mass",7.91930000000,0.494000,"Transit",5322.00,0.880000,0.0600
"HD 102329 b",12.60000000,,,2593.49280000,696.04770000,-696.04770000,"Msini",778.09998000000,7.120000,"Radial Velocity",4745.00,3.210000,0.0500
"HD 20794 d",2.04000000,,,4.80000000,0.60000000,-0.60000000,"Msin(i)/sin(i)",89.68000000000,3.110000,"Radial Velocity",5368.00,0.790000,-0.4200
"Kepler-395 c",1.32000000,0.09000000,-0.09000000,2.30000000,,,"M-R relationship",34.98926200000,5.500000,"Transit",4262.00,0.622827,-0.0200
"Kepler-1609 b",2.22000000,0.90000000,-0.32000000,5.56000000,,,"M-R relationship",114.34219000000,2.790000,"Transit",6132.00,1.180000,0.1000
"Kepler-281 b",2.82000000,1.12000000,-1.12000000,324.00000000,82.00000000,-65.00000000,"Mass",14.64600800000,52.000000,"Transit",5723.00,0.950000,0.0200
"Kepler-1634 b",3.19000000,0.52000000,-0.60000000,10.30000000,,,"M-R relationship",374.87623900000,1.740000,"Transit",5474.00,0.920000,0.0200
"TOI-2427 b",1.80000000,0.12000000,-0.12000000,3.89000000,,,"M-R relationship",1.30600110000,3.670000,"Transit",4072.00,0.640000,
"Kepler-1701 b",2.22186207,,,5.57000000,,,"M-R relationship",169.13400000000,2.790000,"Transit",5146.00,0.870000,0.0300
"HAT-P-67 b",23.98721870,0.28022452,-0.28022452,143.02278315,47.67426105,-47.67426105,"Mass",4.81010690000,0.061000,"Transit",6640.00,1.730000,0.1400
"TOI-1288 b",4.96846551,0.10805813,-0.10007430,44.10000000,2.70000000,-2.60000000,"Mass",2.69982790000,1.970000,"Transit",5388.00,0.955200,0.2570
"Kepler-1335 b",1.45000000,0.10000000,-0.09000000,2.70000000,,,"M-R relationship",6.26406846000,4.870000,"Transit",4903.00,0.770000,-0.0700
"Kepler-266 c",3.89000000,1.89000000,-1.89000000,14.40000000,,,"M-R relationship",107.72360100000,1.340000,"Transit",5885.00,0.947000,0.1600
"rho CrB b",13.70000000,,,347.99500000,0.05400000,-0.05400000,"Msini",39.84900000000,0.744000,"Radial Velocity",5817.00,1.000000,-0.2000
"K2-413 c",1.23270000,0.05650000,-0.05930000,2.05000000,,,"M-R relationship",5.33010000000,6.010000,"Transit",4116.00,0.808000,-0.2050
"HD 38801 b",12.50000000,,,3082.31534000,182.11659000,-186.56621000,"Msini",685.25000000000,8.670000,"Radial Velocity",5338.00,1.207000,0.2500
"Kepler-129 d",12.60000000,,,2637.97577810,349.61124770,-222.47988490,"Msini",2646.00000000000,7.250000,"Radial Velocity",5770.00,1.178000,0.2900
"TOI-1630.01",2.41700000,0.22800000,-0.16200000,6.42000000,,,"M-R relationship",12.05573473300,2.500000,"Transit",5504.00,0.950000,
"TOI-7009 b",3.71000000,0.15000000,-0.15000000,13.30000000,,,"M-R relationship",2.32066120000,1.430000,"Transit",4080.00,0.583000,-0.1100
"Kepler-32 e",1.50000000,0.10000000,-0.10000000,4.08181000,,,"Mass",2.89600000000,0.091000,"Transit",3900.00,0.580000,0.0000
"TOI-6716 b",0.98200000,0.06700000,-0.06700000,0.91100000,,,"M-R relationship",4.71858980000,5.290000,"Transit",3110.00,0.223000,0.0000
"Kepler-1882 b",1.48674404,,,2.81000000,,,"M-R relationship",13.78730011000,4.700000,"Transit",5691.00,1.068000,0.2600
"Kepler-387 c",0.89000000,0.22000000,-0.22000000,0.64000000,,,"M-R relationship",11.83754900000,4.990000,"Transit",5774.00,0.850000,-0.3000
"Kepler-680 b",2.42000000,0.82000000,-0.25000000,6.44000000,,,"M-R relationship",3.68992629100,2.500000,"Transit",5890.00,1.080000,0.1300
"Kepler-175 b",2.56000000,1.28000000,-1.28000000,7.08000000,,,"M-R relationship",11.90351500000,2.320000,"Transit",6064.00,0.969000,0.0400
"Kepler-375 c",2.65000000,0.96000000,-0.96000000,7.51000000,,,"M-R relationship",19.98632600000,2.220000,"Transit",5826.00,0.891000,-0.0400
"Kepler-1044 b",2.67000000,0.62000000,-0.29000000,7.61000000,,,"M-R relationship",6.77408868000,2.200000,"Transit",5985.00,1.080000,0.0400
"Kepler-1312 c",1.02732734,,,1.07000000,,,"M-R relationship",1.11611998100,5.420000,"Transit",5721.00,0.983000,0.0200
"K2-264 c",2.66800000,0.20100000,-0.19400000,7.60000000,,,"M-R relationship",19.66030200000,2.200000,"Transit",3660.00,0.496000,-0.0130
"Kepler-53 b",2.89000000,,,111.00000000,,,"Mass",18.64895250000,1.180000,"Transit",5858.00,0.980000,0.0000
"HD 134606 c",3.37000000,,,11.31000000,1.00000000,-0.99000000,"Msini",58.88300000000,1.620000,"Radial Velocity",5576.00,1.046000,0.3430
"HD 10180 e",5.39000000,,,25.10000000,1.20000000,-1.20000000,"Msin(i)/sin(i)",49.74800000000,0.881000,"Radial Velocity",5911.00,1.060000,0.0800
"Kepler-1027 b",0.89000000,0.04000000,-0.02000000,0.64000000,,,"M-R relationship",1.90780519900,4.990000,"Transit",5436.00,0.910000,-0.0600
"Kepler-338 e",1.56000000,0.07000000,-0.07000000,8.50000000,7.20000000,-6.30000000,"Mass",9.34100000000,12.300000,"Transit Timing Variations",5999.00,1.140000,-0.0290
"tau Cet h",1.19000000,,,1.83000000,0.68000000,-0.26000000,"Msini",49.41000000000,5.970000,"Radial Velocity",5310.00,0.783000,-0.5200
"Kepler-1714 b",3.26437302,,,10.70000000,,,"M-R relationship",10.27530003000,1.690000,"Transit",6150.00,1.448000,0.2200
"Kepler-1241 b",2.63000000,0.21000000,-0.23000000,7.41000000,,,"M-R relationship",18.55257010000,2.240000,"Transit",5261.00,0.840000,-0.0900
"TOI-1898 b",9.39553231,0.23429150,-0.30913881,129.00000000,7.00000000,-8.00000000,"Mass",45.52234000000,0.850000,"Transit",6241.00,1.248400,-0.0950
"BD+15 2940 b",13.70000000,,,352.78000000,,,"Msini",137.48000000000,0.754000,"Radial Velocity",4796.00,1.100000,0.2800
"Kepler-11 d",3.12000000,0.06000000,-0.07000000,7.30000000,0.80000000,-1.50000000,"Mass",22.68450000000,1.280000,"Transit",5663.00,0.961000,0.0500
"Kepler-10 b",1.47000000,0.03000000,-0.02000000,3.24000000,0.32000000,-0.32000000,"Mass",0.83749070000,5.540000,"Transit",5708.00,0.910000,-0.1500
"Kepler-177 c",8.73000000,0.36000000,-0.34000000,14.70000000,2.70000000,-2.50000000,"Mass",49.40926000000,0.121000,"Transit",5732.00,0.921000,-0.1100
"EPIC 206024342 c",1.40000000,0.50000000,-0.50000000,2.54000000,,,"M-R relationship",0.91172400000,5.090000,"Transit",5724.00,0.928000,-0.2200
"51 Peg b",14.10000000,,,193.87532827,19.06970442,-15.89142035,"Mass",4.23079660000,0.380000,"Radial Velocity",5761.00,1.070000,0.2058
"TIC 52059926 b",10.71000000,0.52000000,-0.57000000,5380.00000000,390.00000000,-370.00000000,"Mass",175.53200000000,24.100000,"Transit",4505.00,0.730000,-0.0800
"TRAPPIST-1 b",1.11600000,0.01400000,-0.01200000,1.37400000,0.06900000,-0.06900000,"Mass",1.51082600000,5.441939,"Transit",2566.00,0.089800,0.0520
"55 Cnc f",7.59000000,,,44.81200000,3.81400000,-3.81400000,"Mass",260.58000000000,0.563000,"Radial Velocity",5198.00,1.015000,0.3900
"55 Cnc c",8.51000000,,,54.47380000,1.74800000,-1.74800000,"Mass",44.39360000000,0.486000,"Radial Velocity",5198.00,1.015000,0.3900
"GJ 3470 b",4.57000000,0.18000000,-0.18000000,13.90000000,1.50000000,-1.50000000,"Mass",3.33664960000,0.800000,"Radial Velocity",3600.00,0.539000,0.2000
"HD 3167 d",1.92000000,,,4.33000000,0.45000000,-0.45000000,"Msini",8.41120000000,3.360000,"Radial Velocity",5261.00,0.837000,0.0400
"HIP 107772 b",3.64000000,,,12.90000000,3.00000000,-3.00000000,"Msini",55.19900000000,1.470000,"Radial Velocity",4006.00,0.630000,
"Kepler-48 d",2.04000000,0.11000000,-0.11000000,7.93000000,4.60000000,-4.60000000,"Mass",42.89610000000,5.080000,"Transit",5194.00,0.880000,0.1700
"TOI-907.01",9.61588510,0.61162790,-0.61162790,67.00000000,,,"M-R relationship",4.58491290000,0.414000,"Transit",6272.00,1.069357,
"Kepler-1921 b",2.89459458,,,8.72000000,,,"M-R relationship",20.03479958000,1.980000,"Transit",6120.00,1.251000,0.0200
"Kepler-1210 b",1.70000000,0.30000000,-0.13000000,3.53000000,,,"M-R relationship",8.07124073000,3.950000,"Transit",5568.00,0.940000,0.0400
"Kepler-410 A b",2.83800000,0.05400000,-0.05400000,8.44000000,,,"M-R relationship",17.83364800000,2.030000,"Transit",6273.00,1.214000,0.0100
"Kepler-841 b",5.23000000,0.41000000,-0.36000000,23.80000000,,,"M-R relationship",124.41983980000,0.914000,"Transit",5324.00,0.850000,-0.0900
"EPIC 201754305 d",1.03000000,0.08500000,-0.08600000,1.08000000,,,"M-R relationship",2.71578000000,5.430000,"Transit",4761.00,0.670000,-0.3300
"K2-137 b",0.64000000,0.10000000,-0.10000000,158.91500000,,,"Mass",0.17971900000,,"Transit",3697.00,0.463000,-0.0590
"Kepler-1416 b",0.88000000,0.33000000,-0.14000000,0.61500000,,,"M-R relationship",1.49514952000,4.960000,"Transit",6019.00,1.090000,0.0300
"Kepler-100 d",1.61000000,0.05000000,-0.05000000,3.00000000,,,"Mass",35.33310000000,2.695922,"Transit",5825.00,1.080000,0.0200
"WASP-162 b",11.20900000,0.56045000,-0.56045000,1652.71600000,63.56600000,-63.56600000,"Mass",9.62468000000,6.900000,"Transit",5300.00,0.950000,0.2800
"KOBE-1 b",2.91000000,,,8.80000000,0.76000000,-0.76000000,"Msini",8.53990000000,1.960000,"Radial Velocity",4135.00,0.629000,-0.0100
"Kepler-1766 b",2.27904508,,,5.81000000,,,"M-R relationship",105.01499940000,2.700000,"Transit",5868.00,0.915000,-0.2200
"HD 127195 c",14.10000000,,,206.58846455,6.35656814,-6.35656814,"Msini",836.99000000000,0.405000,"Radial Velocity",4981.00,1.340000,-0.0400
"K2-287 b",9.49402300,0.14571700,-0.14571700,100.11645000,8.58141000,-8.58141000,"Mass",14.89329100000,0.630000,"Transit",5695.00,1.056000,0.2000
"K2-162 b",1.44000000,0.11000000,-0.07000000,2.67000000,,,"M-R relationship",9.45889000000,4.910000,"Transit",4842.00,0.750000,-0.1700
"HD 103197 b",5.83000000,,,28.60470000,6.35660000,-6.35660000,"Msini",47.84000000000,0.793000,"Radial Velocity",5250.00,0.800000,0.2200
"HD 63765 b",14.20000000,,,168.44990000,9.53490000,-9.53490000,"Msini",358.00000000000,0.323000,"Radial Velocity",5449.00,0.650000,-0.1600
"TOI-500 b",1.16600000,0.06100000,-0.05800000,1.42000000,0.18000000,-0.18000000,"Mass",0.54817700000,4.890000,"Transit",4440.00,0.740000,0.1200
"HD 206893 b",14.01122587,0.22417961,-0.22417961,6197.65393650,444.95976980,-413.17692910,"Mass",11100.00000000000,12.400000,"Imaging",6500.00,1.310000,
"HD 207897 b",2.34302132,0.12364600,-0.09173373,14.80000000,1.50000000,-1.40000000,"Mass",16.20166000000,6.290000,"Transit",5106.00,0.820800,-0.0300
"TOI-4153 b",16.11851425,0.50440413,-0.47077719,365.50266805,57.20911326,-57.20911326,"Mass",4.61741410000,0.477000,"Transit",6860.00,1.572000,0.3170
"TOI-6707 b",5.72673066,0.41846318,-0.39880235,27.80000000,,,"M-R relationship",3.83479363758,0.813000,"Transit",6289.49,1.140000,-0.0801
"TOI-262 b",2.07000000,0.15000000,-0.15000000,4.94000000,,,"M-R relationship",11.14529000000,3.060000,"Transit",5310.00,0.913000,0.2600
"Kepler-1072 b",1.58000000,0.72000000,-0.24000000,3.12000000,,,"M-R relationship",1.56906650200,4.350000,"Transit",6199.00,1.200000,0.0700
"HIP 107773 b",13.40000000,,,629.30340000,66.74430000,-66.74430000,"Msini",144.30000000000,1.440000,"Radial Velocity",4945.00,2.420000,0.0300
"Kepler-1925 b",3.00177922,,,9.28000000,,,"M-R relationship",46.71640015000,1.890000,"Transit",5856.00,1.057000,0.1600
"ups And d",12.50000000,,,3257.74117175,222.47988490,-1048.83374310,"Mass",1276.46000000000,9.170000,"Radial Velocity",6156.77,1.300000,0.1014
"TOI-4791 b",12.44196858,0.56044903,-0.56044903,734.18362017,101.70509024,-104.88337431,"Mass",4.28088000000,2.090000,"Transit",6058.00,1.242000,0.2070
"Kepler-1751 b",1.82417378,,,3.98000000,,,"M-R relationship",7.01731014300,3.600000,"Transit",6052.00,0.974000,-0.2600
"HATS-56 b",18.92079200,0.43715100,-0.61649500,191.33366000,11.12405000,-11.12405000,"Mass",4.32479900000,0.155000,"Transit",6536.00,1.573000,0.1900
"Kepler-1769 b",4.46500000,,,18.20000000,,,"M-R relationship",89.19349670000,1.120000,"Transit",6071.00,1.061000,-0.0600
"GJ 338 B b",3.25000000,,,10.60000000,1.20000000,-1.20000000,"Msini",24.42200000000,1.700000,"Radial Velocity",4014.00,0.640000,-0.0300
"TOI-4582 b",10.53644186,1.00880826,-1.34507768,168.44905571,15.89142035,-15.89142035,"Mass",31.03400000000,0.791000,"Transit",5190.00,1.340000,0.1700
"HATS-25 b",14.12334000,1.12090000,-1.12090000,194.82979000,13.34886000,-13.34886000,"Mass",4.29864320000,0.380000,"Transit",5715.00,0.994000,0.0200
"Kepler-351 d",2.72000000,0.19000000,-0.30000000,7.85000000,,,"M-R relationship",142.54424700000,2.140000,"Transit",5225.00,0.810000,-0.1600
"Kepler-311 d",2.05000000,0.33000000,-0.29000000,4.86000000,,,"M-R relationship",232.04032600000,3.100000,"Transit",5903.00,0.974000,-0.1000
"Kepler-309 b",1.56000000,0.14000000,-0.14000000,3.05000000,,,"M-R relationship",5.92365300000,4.410000,"Transit",4713.00,0.816000,0.2700
"Kepler-176 d",2.51000000,1.32000000,-1.32000000,1.72000000,0.46000000,-0.31000000,"Mass",25.75197400000,0.600000,"Transit",5232.00,0.860000,0.1300
"HD 20868 b",13.70000000,,,397.28750000,187.51970000,-187.51970000,"Msini",380.85001000000,0.849000,"Radial Velocity",4802.00,0.390000,0.0500
"Kepler-277 c",3.36000000,0.83000000,-0.72000000,64.20000000,18.10000000,-15.70000000,"Mass",33.00600000000,7.800000,"Transit",5946.00,1.120000,0.0900
"Kepler-150 f",3.64000000,0.52000000,-0.39000000,12.90000000,,,"M-R relationship",637.20930000000,1.470000,"Transit",5528.00,0.970000,0.1200
"Kepler-279 d",3.10000000,1.24000000,-0.30000000,37.50000000,5.50000000,-4.50000000,"Mass",54.41400000000,0.300000,"Transit",6689.45,1.100000,-0.1141
"HAT-P-42 b",14.34800000,1.71500000,-1.71500000,331.80100000,26.37900000,-26.37900000,"Mass",4.64187800000,0.610000,"Transit",5743.00,1.178000,0.2700
"Kepler-262 b",1.36000000,0.59000000,-0.59000000,2.42000000,,,"M-R relationship",13.06085500000,5.290000,"Transit",5841.00,0.816000,-0.3382
"TOI-2211.01",1.56100000,0.19800000,-0.14400000,3.06000000,,,"M-R relationship",3.09268675700,4.420000,"Transit",5253.00,0.900000,
"TOI-5777 b",3.09551273,3.33613185,-0.62792622,9.78000000,,,"M-R relationship",6.91716177373,1.810000,"Transit",4408.03,0.658000,
"Kepler-173 b",1.29000000,0.64000000,-0.64000000,2.21000000,,,"M-R relationship",4.26374200000,5.660000,"Transit",6031.00,1.067000,0.0357
"Kepler-335 b",3.39000000,0.67000000,-0.67000000,11.40000000,,,"M-R relationship",6.56233100000,1.610000,"Transit",5877.00,1.367000,0.2780
"TOI-5605 b",2.52611303,0.34360463,-0.27750529,6.92000000,,,"M-R relationship",5.91340454843,2.360000,"Transit",4583.79,0.680000,-0.0269
"TOI-1221 b",2.91000000,0.13000000,-0.12000000,1112.39942450,,,"Mass",91.68278000000,,"Transit",5592.00,0.930000,0.0600
"Kepler-881 b",1.78000000,0.43000000,-0.32000000,3.82000000,,,"M-R relationship",4.44448017000,3.720000,"Transit",5961.00,1.060000,0.0000
"Kepler-324 c",3.15000000,0.33000000,-0.33000000,6.20000000,1.70000000,-1.20000000,"Mass",51.80561200000,1.730000,"Transit",5194.00,0.901000,0.1800
"Kepler-1226 b",1.45000000,0.26000000,-0.15000000,2.70000000,,,"M-R relationship",17.29234530000,4.870000,"Transit",5923.00,1.020000,-0.0800
"Kepler-1048 b",1.61000000,0.09000000,-0.08000000,3.22000000,,,"M-R relationship",6.92101021000,4.240000,"Transit",4651.00,0.750000,0.0100
"HD 69830 c",3.46000000,,,11.80000000,,,"Msini",31.56000000000,1.570000,"Radial Velocity",5385.00,0.860000,-0.0500
"HATS-38 b",6.88232600,0.19055300,-0.19055300,23.51942000,3.49613000,-3.49613000,"Mass",4.37502100000,0.403000,"Transit",5732.00,0.890000,-0.1020
"HD 154857 b",13.30000000,,,778.68350000,34.96130000,-34.96130000,"Msini",408.60001000000,1.820000,"Radial Velocity",5589.00,1.960000,-0.2200
"Kepler-1530 c",1.65000000,0.24000000,-0.11000000,3.36000000,,,"M-R relationship",5.32274060000,4.110000,"Transit",5477.00,0.920000,0.0300
"Kepler-1047 c",0.99000000,0.13000000,-0.09000000,0.93700000,,,"M-R relationship",3.18897601000,5.310000,"Transit",5754.00,1.080000,0.2900
"Kepler-1274 b",1.42000000,0.10000000,-0.10000000,2.60000000,,,"M-R relationship",6.98152703000,4.990000,"Transit",6179.00,1.450000,0.1100
"K2-31 b",11.88154000,3.92315000,-3.92315000,563.83042000,25.10857000,-25.10857000,"Mass",1.25785000000,0.032000,"Transit",5280.00,0.910000,0.0800
"GJ 1265 b",2.63000000,,,7.40000000,0.50000000,-0.50000000,"Msini",3.65110000000,2.240000,"Radial Velocity",3236.00,0.178000,-0.0400
"G 9-40 b",1.90000000,0.06500000,-0.06500000,4.00000000,0.63000000,-0.63000000,"Mass",5.74599820000,3.200000,"Transit",3395.00,0.295200,-0.0700
"K2-379 b",2.18100000,0.36300000,-0.19800000,5.40000000,,,"M-R relationship",8.77724700000,2.860000,"Transit",4603.00,0.856000,-0.0450
"EPIC 205950854 c",1.31000000,0.14400000,-0.06300000,2.27000000,,,"M-R relationship",8.05072200000,5.550000,"Transit",5502.70,0.877000,-0.1300
"HD 147873 c",13.30000000,,,731.00900000,57.20940000,-57.20940000,"Msini",491.54000000000,1.710000,"Radial Velocity",5972.00,1.380000,0.0300
"Kepler-290 b",2.25000000,1.22000000,-1.22000000,5.69000000,,,"M-R relationship",14.58934700000,2.740000,"Transit",5147.00,0.756000,-0.1000
"Kepler-857 b",6.80000000,1.70000000,-0.68000000,37.20000000,,,"M-R relationship",85.35129427000,0.650000,"Transit",5773.00,0.990000,0.0200
"Kepler-872 b",1.99000000,0.50000000,-0.23000000,4.62000000,,,"M-R relationship",2.57885506800,3.220000,"Transit",5902.00,1.050000,0.0400
"Kepler-1430 b",1.18000000,0.09000000,-0.08000000,1.76000000,,,"M-R relationship",2.46050993000,5.890000,"Transit",4796.00,0.770000,-0.0300
"Kepler-1311 b",1.24000000,0.25000000,-0.26000000,2.07000000,,,"M-R relationship",11.17269940000,5.970000,"Transit",5748.00,1.050000,0.0900
"Kepler-126 d",2.50000000,0.05000000,-0.05000000,54.59018723,23.11478081,-23.11478081,"Msini",100.28313400000,18.398878,"Transit",6239.00,1.108000,-0.1600
"Kepler-445 c",2.51000000,0.36000000,-0.36000000,6.85000000,,,"M-R relationship",4.87122900000,2.380000,"Transit",3157.00,0.180000,0.2700
"GJ 3293 e",1.63000000,,,3.28000000,0.64000000,-0.64000000,"Msini",13.25430000000,4.160000,"Radial Velocity",3466.00,0.420000,0.0200
"HD 147018 c",12.70000000,,,2080.00000000,100.00000000,-100.00000000,"Msini",1008.00000000000,5.580000,"Radial Velocity",5441.00,0.927000,0.1000
"Kepler-1350 b",2.52000000,0.16000000,-0.25000000,6.90000000,,,"M-R relationship",4.49686040000,2.370000,"Transit",3827.00,0.550000,-0.0600
"Kepler-1174 b",1.59000000,0.31000000,-0.16000000,3.15000000,,,"M-R relationship",6.89225223000,4.310000,"Transit",5936.00,1.040000,-0.0400
"HD 85426 c",3.19000000,,,10.30000000,1.60000000,-1.50000000,"Msini",35.73000000000,1.740000,"Radial Velocity",5746.00,0.991000,-0.0200
"Kepler-675 b",2.44000000,0.24000000,-0.16000000,6.53000000,,,"M-R relationship",2.33743801000,2.470000,"Transit",4945.00,0.790000,-0.0500
"Kepler-1061 b",1.98000000,0.11000000,-0.37000000,4.58000000,,,"M-R relationship",2.75798266600,3.240000,"Transit",6067.00,1.090000,-0.0300
"Kepler-865 c",0.89000000,0.19000000,-0.13000000,0.64000000,,,"M-R relationship",6.20920207000,4.990000,"Transit",5440.00,0.782000,-0.2400
"nu Oph c",12.00000000,,,7838.32346000,,,"Mass",3180.60000000000,24.900000,"Radial Velocity",4887.00,2.610000,0.1000
"TOI-1751 b",2.95078450,0.11061818,-0.08190008,19.50000000,3.50000000,-3.40000000,"Mass",37.46852000000,4.130000,"Transit",5970.00,0.938200,-0.3730
"Kepler-851 b",1.68000000,0.27000000,-0.21000000,3.46000000,,,"M-R relationship",8.50699658000,4.010000,"Transit",5455.00,0.890000,-0.0700
"Kepler-605 b",1.44000000,0.17000000,-0.09000000,2.67000000,,,"M-R relationship",3.38353806600,4.910000,"Transit",5462.00,0.910000,0.0200
"Kepler-234 b",3.70000000,1.66000000,-1.66000000,13.20000000,,,"M-R relationship",2.71150600000,1.430000,"Transit",6224.00,1.129000,0.2200
"Kepler-360 b",1.65000000,0.78000000,-0.78000000,3.36000000,,,"M-R relationship",3.28967200000,4.110000,"Transit",6053.00,0.994000,0.1500
"K2-419 A b",10.55000000,0.39000000,-0.39000000,196.00000000,15.00000000,-15.00000000,"Mass",20.35847252000,0.916000,"Transit",3711.00,0.562000,-0.1100
"Kepler-172 e",2.76000000,0.56000000,-0.56000000,8.05000000,,,"M-R relationship",35.11873600000,2.100000,"Transit",5526.00,1.081000,0.3900
"Kepler-275 d",3.33000000,0.74000000,-0.74000000,11.10000000,,,"M-R relationship",35.67606200000,1.650000,"Transit",6165.00,1.189000,0.0800
"K2-146 c",2.19000000,0.07000000,-0.07000000,7.49000000,0.24000000,-0.24000000,"Mass",4.00498000000,3.920000,"Transit",3385.00,0.331000,-0.0200
"Kepler-1144 b",1.99000000,0.30000000,-0.16000000,4.62000000,,,"M-R relationship",17.14647302000,3.220000,"Transit",5753.00,0.980000,-0.0300
"Kepler-1088 b",1.42000000,0.11000000,-0.10000000,2.60000000,,,"M-R relationship",23.12748644000,4.990000,"Transit",5975.00,1.080000,0.0500
"GJ 163 d",5.92000000,,,29.40000000,2.90000000,-2.90000000,"Msini",603.95116000000,0.779000,"Radial Velocity",3500.00,0.400000,0.1000
"WASP-168 b",16.81350000,5.60450000,-3.36270000,133.48860000,12.71320000,-12.71320000,"Mass",4.15365800000,0.160000,"Transit",6000.00,1.080000,-0.0100
"HD 4313 b",13.40000000,,,612.45841000,28.60470000,-28.60470000,"Msini",356.21000000000,1.400000,"Radial Velocity",4943.00,1.630000,0.1400
"HD 93083 b",14.30000000,,,143.34061156,3.81394088,-3.81394088,"Msini",144.72000000000,0.269000,"Radial Velocity",5033.80,0.836000,0.1300
"K2-181 b",2.69000000,0.21000000,-0.09000000,7.70000000,,,"M-R relationship",6.89410000000,2.170000,"Transit",5528.00,0.960000,0.1800
"Kepler-1787 b",2.31898181,,,5.99000000,,,"M-R relationship",39.31370163000,2.640000,"Transit",6060.00,1.008000,-0.2200
"Kepler-1939 b",1.16480773,,,1.68000000,,,"M-R relationship",2.79065990400,5.840000,"Transit",4353.00,0.648000,-0.1800
"K2-384 d",1.39200000,0.11800000,-0.07500000,2.52000000,,,"M-R relationship",6.67958200000,5.130000,"Transit",3623.00,0.330000,0.0680
"Kepler-157 b",1.32000000,0.26000000,-0.26000000,2.30000000,,,"M-R relationship",1.73234200000,5.500000,"Transit",5774.00,0.950000,-0.0593
"WASP-130 b",9.97601000,0.33627000,-0.33627000,390.93090000,12.71320000,-12.71320000,"Mass",11.55098000000,2.340000,"Transit",5625.00,1.040000,0.2600
"Kepler-1469 b",2.80000000,0.37000000,-0.26000000,8.25000000,,,"M-R relationship",21.86353010000,2.070000,"Transit",5507.00,0.920000,0.0200
"Kepler-1183 b",2.82000000,0.52000000,-0.30000000,8.35000000,,,"M-R relationship",28.50571890000,2.050000,"Transit",5765.00,1.000000,0.0400
"Kepler-1900 b",1.62314676,,,3.27000000,,,"M-R relationship",2.98622989700,4.200000,"Transit",6173.00,1.104000,-0.0400
"WASP-114 b",15.00885100,0.71737600,-0.71737600,562.24127000,20.34112000,-20.34112000,"Mass",1.54877430000,0.970000,"Transit",5940.00,1.289000,0.1400
"Kepler-1777 b",2.13189678,,,5.19000000,,,"M-R relationship",12.18420029000,2.940000,"Transit",5771.00,0.984000,0.0600
"Kepler-976 b",3.96000000,0.29000000,-0.20000000,14.90000000,,,"M-R relationship",105.95641480000,1.320000,"Transit",5232.00,0.870000,0.0700
"Kepler-1776 b",2.61157023,,,7.33000000,,,"M-R relationship",35.01190186000,2.260000,"Transit",5872.00,1.041000,0.1000
"WASP-123 b",15.13212395,0.56044903,-0.56044903,285.72917000,11.44188000,-11.44188000,"Mass",2.97764359000,0.490693,"Transit",5740.00,1.166000,0.1800
"G 192-15 b",1.02000000,,,1.03000000,0.18000000,-0.18000000,"Msini",2.27476000000,5.330000,"Radial Velocity",2999.00,0.132000,
"Kepler-848 b",1.70000000,0.31000000,-0.25000000,3.53000000,,,"M-R relationship",6.91134416000,3.950000,"Transit",5695.00,1.010000,0.1500
"Kepler-388 c",0.86000000,0.11000000,-0.11000000,0.56600000,,,"M-R relationship",13.29700400000,4.890000,"Transit",4498.00,0.635000,0.0000
"WASP-141 b",13.56289000,0.89672000,-0.89672000,854.96270000,47.67450000,-47.67450000,"Mass",3.31065100000,1.980000,"Transit",5900.00,1.250000,0.2900
"Kepler-33 b",1.74000000,0.18000000,-0.18000000,3.68000000,,,"M-R relationship",5.66793000000,3.840000,"Transit",5904.00,1.291000,0.0250
"Kepler-1602 b",1.34000000,0.58000000,-0.23000000,2.36000000,,,"M-R relationship",11.17931605000,5.390000,"Transit",6296.00,1.220000,0.0200
"Kepler-644 b",3.15000000,1.16000000,-0.61000000,10.10000000,,,"M-R relationship",3.17391710300,1.780000,"Transit",6747.00,1.490000,0.0800
"WASP-101 b",16.02887000,1.00881000,-1.00881000,162.09330000,25.42640000,-25.42640000,"Mass",3.58572000000,0.240000,"Transit",6380.00,1.410000,0.2000
"K2-24 c",7.50000000,0.30000000,-0.30000000,15.40000000,1.90000000,-1.80000000,"Mass",42.33910000000,0.200000,"Transit",5625.00,1.070000,0.3400
"Kepler-1260 b",1.77000000,0.51000000,-0.28000000,3.78000000,,,"M-R relationship",19.11877530000,3.750000,"Transit",5961.00,1.060000,0.0100
"Kepler-598 c",3.02420941,,,9.40000000,,,"M-R relationship",86.49450000000,1.870000,"Transit",5245.00,0.900000,0.0300
"Kepler-169 c",1.21000000,0.08000000,-0.08000000,1.92000000,,,"M-R relationship",6.19546900000,5.960000,"Transit",4997.00,0.825000,0.1700
"Kepler-403 d",1.42000000,0.30000000,-0.19000000,2.60000000,,,"M-R relationship",13.61159129000,4.990000,"Transit",6209.00,1.250000,0.1600
"Kepler-725 c",3.08000000,,,9.70000000,3.30000000,-2.30000000,"Mass",207.54100000000,1.820000,"Transit Timing Variations",5395.00,0.950000,0.1400
"Kepler-82 d",1.77000000,0.27000000,-0.27000000,885.09800000,,,"Mass",2.38296100000,220.000000,"Transit",5428.00,0.946000,0.2107
"Kepler-883 b",1.78000000,0.17000000,-0.13000000,3.82000000,,,"M-R relationship",12.98495573000,3.720000,"Transit",6116.00,1.060000,-0.1300
"HD 108863 b",13.30000000,,,767.24162000,24.79074000,-24.79074000,"Msini",437.70000000000,1.790000,"Radial Velocity",4878.00,1.590000,0.2000
"Kepler-1747 b",4.26508000,,,16.80000000,,,"M-R relationship",6.23031997700,1.190000,"Transit",5477.00,0.983000,0.2100
"Kepler-411 d",3.31900000,0.10400000,-0.10400000,15.20000000,5.10000000,-5.10000000,"Mass",58.02035000000,2.300000,"Transit",4974.00,0.870000,0.2100
"HD 87816 c",12.40000000,,,3877.50656540,683.33107505,-505.34716713,"Msini",7596.00000000000,11.200000,"Radial Velocity",4989.00,2.410000,0.1400
"Kepler-226 d",1.22000000,0.49000000,-0.49000000,1.98000000,,,"M-R relationship",8.10904400000,5.990000,"Transit",5571.00,0.904000,0.0900
"HD 80606 b",11.56766808,0.16813471,-0.16813471,1323.46926959,1.49379351,-1.49379351,"Mass",111.43676500000,5.080000,"Radial Velocity",5565.00,1.050000,0.3500
"WASP-126 c",9.38000000,,,64.20000000,24.60000000,-24.60000000,"Mass",7.63000000000,0.427000,"Transit Timing Variations",5800.00,1.120000,0.2068
"TOI-1752 b",1.69300000,0.06800000,-0.06800000,3.51000000,,,"M-R relationship",0.93518610000,3.970000,"Transit",3762.00,0.524000,-0.1100
"TOI-5624 f",3.66000000,,,13.00000000,3.70000000,-3.70000000,"Msini",45.37000000000,1.460000,"Transit Timing Variations",5327.00,0.858000,-0.0230
"WASP-15 b",15.80469000,4.03524000,-4.03524000,171.62820000,92.17070000,-92.17070000,"Mass",3.75210000000,0.263000,"Transit",6300.00,1.180000,-0.1700
"WASP-18 b",13.89913607,0.88550948,-0.88550948,3241.84975140,111.23994245,-111.23994245,"Mass",0.94145223000,6.600000,"Transit",6432.00,1.294000,0.1070
"WASP-19 b",15.86070769,0.49319515,-0.53803107,366.77398168,24.79061575,-25.42627256,"Mass",0.78883852000,0.506000,"Transit",5616.00,0.965000,0.0400
"HD 86226 b",14.30000000,,,143.02350000,12.71320000,-15.89150000,"Mass",1628.00000000000,0.269000,"Radial Velocity",5863.00,1.019000,0.0180
"Qatar-6 b",11.90395800,0.79583900,-0.79583900,212.31044000,20.97678000,-20.97678000,"Mass",3.50619500000,0.692000,"Transit",5052.00,0.822000,-0.0250
"Kepler-1392 b",1.96000000,0.22000000,-0.16000000,4.50000000,,,"M-R relationship",15.14103970000,3.280000,"Transit",5479.00,0.880000,-0.1100
"WASP-47 b",12.86000000,0.10000000,-0.10000000,374.00000000,17.00000000,-16.00000000,"Mass",4.15915100000,0.993000,"Transit",5565.00,1.058000,0.4300
"TOI-2134 b",2.69000000,0.16000000,-0.16000000,9.13000000,0.78000000,-0.76000000,"Mass",9.22920050000,2.607000,"Transit",4580.00,0.744000,0.1200
"TOI-4010 e",13.30000000,,,692.00000000,66.00000000,-63.00000000,"Msini",762.00000000000,1.620000,"Radial Velocity",4960.00,0.880000,0.3700
"KELT-20 b",19.51486900,0.77342100,-0.82946600,1074.90106000,,,"Mass",3.47410850000,0.806000,"Transit",8720.00,1.760000,-0.2900
"K2-18 c",2.65000000,,,7.51000000,1.33000000,-1.33000000,"Msini",8.96200000000,2.220000,"Radial Velocity",3457.00,0.359000,0.0900
"TOI-3362 b",12.80065596,0.48198617,-0.45956821,1598.35905880,212.30937588,-205.31715092,"Mass",18.09547000000,4.190000,"Transit",6532.00,1.445000,0.0170
"WASP-32 b",10.76064000,1.68135000,-1.68135000,835.89290000,260.62060000,-260.62060000,"Mass",2.71866000000,3.240000,"Transit",6140.00,0.720000,-0.1300
"K2-370 b",2.67000000,0.05000000,-0.05000000,11.10000000,1.50000000,-1.40000000,"Mass",2.14080930000,3.200000,"Transit",5662.00,0.962000,0.0800
"Kepler-1001 c",1.57799279,,,3.11000000,,,"M-R relationship",9.18186000000,4.350000,"Transit",5376.00,0.930000,0.0400
"EPIC 211945201 b",5.76000000,0.30000000,-0.30000000,11.00000000,7.00000000,-7.00000000,"Mass",19.49221000000,0.330000,"Transit",6069.00,1.170000,0.1000
"HD 86081 b",13.60000000,,,470.38840000,73.10090000,-73.10090000,"Msini",2.13784310000,1.030000,"Radial Velocity",5939.00,1.210000,0.2200
"Kepler-1498 b",1.33000000,0.11000000,-0.09000000,2.33000000,,,"M-R relationship",48.05140500000,5.440000,"Transit",5256.00,0.860000,-0.0100
"Kepler-945 b",2.63000000,0.47000000,-0.25000000,7.41000000,,,"M-R relationship",31.00338140000,2.240000,"Transit",5718.00,0.970000,-0.0100
"K2-90 b",2.60000000,0.10000000,-0.10000000,7.27000000,,,"M-R relationship",13.73331400000,2.270000,"Transit",4484.00,0.629000,-0.2250
"Kepler-1764 b",4.55527871,,,18.80000000,,,"M-R relationship",70.46829987000,1.090000,"Transit",6461.00,1.162000,-0.1400
"K2-366 b",2.35900000,0.18700000,-0.16700000,6.16000000,,,"M-R relationship",15.93703900000,2.580000,"Transit",5601.00,0.825000,-0.2160
"Kepler-958 b",2.06000000,0.10000000,-0.08000000,4.90000000,,,"M-R relationship",9.76788050000,3.080000,"Transit",5421.00,0.910000,0.0100
"LTT 3780 b",1.32500000,0.05700000,-0.05800000,2.46000000,0.19000000,-0.19000000,"Mass",0.76837931000,5.800000,"Transit",3358.00,0.381000,0.0600
"WASP-139 b",8.96720000,0.56045000,-0.56045000,37.18611000,5.40311000,-5.40311000,"Mass",5.92426200000,0.310000,"Transit",5310.00,0.920000,0.2000
"TOI-1338 b",7.66100000,0.05300000,-0.05300000,11.30000000,2.10000000,-2.10000000,"Mass",95.40010000000,0.560000,"Transit",5723.20,1.093600,0.0100
"TOI-1823 b",7.54062410,0.33185186,-0.25202617,67.40000000,8.10000000,-8.30000000,"Mass",38.80000000000,0.860000,"Transit",4927.00,0.841400,0.2430
"K2-141 c",7.00000000,4.60000000,-2.80000000,8.00000000,,,"Mass",7.74850000000,0.081000,"Transit",4570.00,0.708000,0.0000
"K2-232 b",11.20900000,0.24659800,-0.22418000,126.49634000,11.75971000,-11.75971000,"Mass",11.16845400000,0.405000,"Transit",6154.00,1.188000,0.1000
"TOI-3984 A b",7.90000000,0.24000000,-0.24000000,44.00000000,8.70000000,-8.00000000,"Mass",4.35332600000,0.490000,"Transit",3476.00,0.490000,0.1800
"Kepler-79 d",7.15000000,0.20000000,-0.20000000,5.30000000,0.90000000,-0.90000000,"Mass",52.08970000000,0.080000,"Transit",6389.00,1.244000,0.0600
"TOI-5789 b",1.26000000,,,2.12000000,0.28000000,-0.28000000,"Msini",2.76369000000,5.820000,"Radial Velocity",5185.00,0.821000,-0.1200
"HAT-P-11 c",13.20000000,,,851.78013076,130.30964687,-130.30964687,"Mass",3361.00000000000,2.040000,"Radial Velocity",4653.00,0.811000,0.3100
"Kepler-215 c",1.77000000,0.42000000,-0.42000000,3.78000000,,,"M-R relationship",14.66710800000,3.750000,"Transit",5739.00,0.788000,-0.4425
"Kepler-326 d",1.21000000,0.09000000,-0.09000000,6.90000000,8.50000000,-5.90000000,"Mass",6.76688800000,21.400000,"Transit",5105.00,0.910000,0.2385
"TOI-791 b",11.13051784,0.36989636,-0.36989636,9.50000000,1.64000000,-1.81000000,"Mass",139.29931000000,0.037000,"Transit",6294.00,1.280000,-0.1400
"TOI-2147 b",10.50000000,0.30000000,-0.30000000,116.00000000,22.00000000,-22.00000000,"Mass",26.20518000000,0.550000,"Transit",5983.00,0.990000,-0.2900
"TOI-3523 A b",15.97279750,0.41473229,-0.39231432,435.42491759,38.13940884,-34.96112477,"Mass",2.30458952000,0.587000,"Transit",6450.00,1.131000,-0.3660
"WASP-188 b",14.81827249,0.57165802,-0.57165802,458.62639130,94.07720847,-94.71286529,"Mass",5.74891600000,0.780000,"Transit",6850.00,1.500000,0.0000
"TOI-6019 b",12.30000000,0.30000000,-0.30000000,149.00000000,15.00000000,-15.00000000,"Mass",14.54795200000,0.440000,"Transit",5561.00,1.130000,0.0400
"TOI-6884 b",10.39072511,0.57165802,-0.58286700,8365.24367224,311.47183886,-295.58041851,"Mass",4.80826400000,41.000000,"Transit",6330.00,1.410000,0.0940
"TOI-791 c",12.94637271,0.44835923,-0.44835923,18.60000000,2.24000000,-2.09000000,"Mass",232.01570000000,0.047000,"Transit",6294.00,1.280000,-0.1400
"ZTF J1230-2655 b",13.78704626,0.00560449,-0.00560449,7024.00779470,,,"Mass",0.23597766000,,"Transit",10000.00,0.646000,
"bet Pic c",12.50000000,,,2765.10714090,254.26272560,-222.47988490,"Mass",1202.00000000000,7.780000,"Radial Velocity",8038.68,1.789000,-0.2100
"V1298 Tau d",6.53000000,0.42000000,-0.42000000,6.00000000,0.70000000,-0.70000000,"Mass",12.40139400000,0.120000,"Transit",4970.00,1.100000,0.1000
"TOI-700 b",0.91400000,0.05300000,-0.04900000,0.70400000,,,"M-R relationship",9.97721900000,5.070000,"Transit",3459.00,0.415000,-0.0700
"LP 791-18 d",1.03200000,0.04400000,-0.04300000,0.91000000,0.19000000,-0.19000000,"Mass",2.75485000000,4.560000,"Transit",2960.00,0.139000,-0.0900
"V1298 Tau b",9.41000000,0.57000000,-0.57000000,13.10000000,5.30000000,-5.30000000,"Mass",24.14000600000,0.090000,"Transit",4970.00,1.100000,0.1000
"L 98-59 d",1.62700000,0.04100000,-0.04100000,1.64000000,0.07000000,-0.07000000,"Mass",7.45072900000,2.200000,"Transit",3415.00,0.292300,-0.4600
"BD-08 2823 c",12.50000000,,,104.00000000,10.00000000,-10.00000000,"Msini",237.60000000000,0.293000,"Radial Velocity",4746.00,0.740000,-0.0700
"Kepler-1745 b",1.92872921,,,4.38000000,,,"M-R relationship",3.01619005200,3.350000,"Transit",5611.00,0.995000,0.1600
"Kepler-806 b",1.14000000,0.33000000,-0.24000000,1.55000000,,,"M-R relationship",8.09219642000,5.750000,"Transit",5770.00,0.990000,0.0000
"TOI-125 b",2.72600000,0.07500000,-0.07500000,9.50000000,0.88000000,-0.88000000,"Mass",4.65382000000,2.570000,"Transit",5320.00,0.859000,-0.0200
"Kepler-79 c",3.76000000,0.11000000,-0.11000000,4.60000000,1.30000000,-1.10000000,"Mass",27.40260000000,0.480000,"Transit",6389.00,1.244000,0.0600
"WASP-148 c",13.90000000,,,124.58873554,7.31005336,-8.58136699,"Mass",34.52400000000,0.255000,"Radial Velocity",5555.00,0.954000,0.0990
"TOI-270 d",2.00000000,0.05000000,-0.05000000,4.20000000,0.16000000,-0.16000000,"Mass",11.38194000000,2.900000,"Transit",3506.00,0.386000,-0.1700
"HATS-72 b",8.09738160,0.03586880,-0.03586880,39.85588200,1.23953700,-1.23953700,"Mass",7.32794740000,0.411000,"Transit",4656.10,0.731100,0.0990
"L 168-9 b",1.63000000,0.14000000,-0.14000000,4.07000000,0.45000000,-0.45000000,"Mass",1.40152604000,5.180000,"Transit",3842.00,0.614000,-0.0300
"HD 23079 b",13.20000000,,,845.42356262,15.89142035,-15.89142035,"Msini",735.74000000000,2.020000,"Radial Velocity",5994.00,1.160000,-0.1290
"Kepler-219 d",2.81000000,0.48000000,-0.48000000,19.10000000,29.90000000,-17.70000000,"Mass",47.90364500000,4.730000,"Transit",5786.00,1.164000,0.3600
"Kepler-1137 b",2.20000000,0.83000000,-0.40000000,5.48000000,,,"M-R relationship",23.92107910000,2.830000,"Transit",6807.00,1.500000,0.0500
"Kepler-53 c",3.17000000,,,36.00000000,,,"Mass",38.55830380000,0.920000,"Transit",5858.00,0.980000,0.0000
"KOI-7368 b",2.22000000,0.12000000,-0.12000000,5.56000000,,,"M-R relationship",6.84303440000,2.790000,"Transit",5241.00,0.879000,0.0578
"TOI-1842 b",12.34850230,0.27917829,-0.29433660,89.40000000,7.80000000,-7.80000000,"Mass",9.57391810000,0.260000,"Transit",6039.00,1.464300,0.3320
"TOI-7510 b",7.31000000,0.23000000,-0.23000000,18.10000000,1.70000000,-1.70000000,"Mass",11.53086900000,0.255000,"Transit",5720.00,1.063000,0.2500
"Kepler-967 c",3.65000000,0.15000000,-0.13000000,12.90000000,,,"M-R relationship",198.71125020000,1.460000,"Transit",5178.00,0.840000,-0.0300
"TOI-1199 b",10.51402390,0.28022452,-0.28022452,75.96098927,6.35656814,-6.35656814,"Mass",3.67146300000,0.358000,"Transit",5710.00,1.230000,0.4400
"Kepler-271 c",0.95000000,0.06000000,-0.06000000,0.80900000,,,"M-R relationship",7.41086267000,5.180000,"Transit",5555.00,0.900000,-0.1300
"HD 175541 b",14.10000000,,,190.06234000,9.21707000,-9.21707000,"Msini",298.43000000000,0.373000,"Radial Velocity",5013.00,1.390000,-0.0700
"Kepler-1831 b",1.97019818,,,4.54000000,,,"M-R relationship",5.78387022000,3.260000,"Transit",6063.00,1.117000,0.0700
"HIP 35173 b",3.61000000,,,12.70000000,2.70000000,-2.70000000,"Msini",41.51600000000,1.480000,"Radial Velocity",4881.00,0.790000,
"K2-63 c",3.90000000,1.20000000,-1.20000000,14.50000000,,,"M-R relationship",25.45560000000,1.340000,"Transit",6771.00,1.400000,
"Kepler-289 c",11.23000000,0.21000000,-0.21000000,157.18000000,7.04000000,-7.31000000,"Mass",125.87230000000,0.660000,"Transit",5990.00,1.080000,0.0500
"WASP-82 b",18.15858000,1.45717000,-1.45717000,371.86110000,63.56600000,-63.56600000,"Mass",2.70579000000,0.354000,"Transit",6480.00,1.480000,0.1200
"Kepler-1869 c",0.74000000,0.12000000,-0.03000000,0.33000000,,,"M-R relationship",1.71682830400,4.470000,"Transit",5808.00,0.987000,-0.0600
"gam Lib b",13.70000000,,,357.87478628,32.10066911,-34.32546796,"Msini",414.88000000000,0.765000,"Radial Velocity",4879.00,1.780000,-0.2700
"Kepler-743 b",1.21000000,0.03000000,-0.05000000,1.92000000,,,"M-R relationship",3.17926292100,5.960000,"Transit",5486.00,0.940000,0.0100
"Kepler-732 b",2.18000000,0.12000000,-0.16000000,5.39000000,,,"M-R relationship",9.46781404800,2.860000,"Transit",3631.00,0.490000,-0.0100
"Kepler-149 b",4.21000000,0.60000000,-0.60000000,16.50000000,,,"M-R relationship",29.19894300000,1.220000,"Transit",5381.00,1.013000,0.3805
"Kepler-1203 b",1.06000000,0.06000000,-0.04000000,1.20000000,,,"M-R relationship",0.58800076500,5.540000,"Transit",4105.00,0.640000,0.0100
"K2-258 b",3.00000000,0.21000000,-0.20000000,9.27000000,,,"M-R relationship",19.09210000000,1.890000,"Transit",6351.00,1.210000,0.0100
"HD 63433 b",2.14000000,0.08700000,-0.06900000,21.75500000,,,"Mass",7.10794750000,12.998000,"Transit",5553.00,0.956000,-0.0700
"Kepler-1775 b",3.64762153,,,12.90000000,,,"M-R relationship",85.65399933000,1.460000,"Transit",5818.00,1.149000,0.2400
"Kepler-907 b",1.20000000,0.06000000,-0.05000000,1.87000000,,,"M-R relationship",15.86621821000,5.950000,"Transit",6106.00,1.080000,-0.1500
"TOI-540 b",0.90300000,0.05200000,-0.05200000,0.67400000,,,"M-R relationship",1.23914910000,5.030000,"Transit",3216.00,0.159000,
"Kepler-647 c",4.00135002,,,15.10000000,,,"M-R relationship",29.66630000000,1.300000,"Transit",5906.74,1.070000,-0.4146
"Kepler-54 c",1.23000000,,,0.70000000,0.25000000,-0.16000000,"Mass",12.07172490000,2.376368,"Transit",3705.00,0.510000,-0.2700
"Kepler-138 b",0.64000000,0.02000000,-0.02000000,0.07000000,0.02000000,-0.02000000,"Mass",10.31340000000,1.700000,"Transit",3841.00,0.535000,-0.1800
"Kepler-1536 b",3.14000000,0.36000000,-0.53000000,10.00000000,,,"M-R relationship",364.75803100000,1.770000,"Transit",4434.00,0.710000,0.0500
"Kepler-509 b",2.49000000,0.06000000,-0.06000000,6.76000000,,,"M-R relationship",41.74600392000,2.410000,"Transit",6060.00,1.100000,0.0100
"Kepler-545 b",2.69000000,0.30000000,-0.21000000,7.70000000,,,"M-R relationship",13.24934059000,2.170000,"Transit",5882.00,1.040000,0.0300
"Kepler-1919 b",2.62390658,,,7.38000000,,,"M-R relationship",37.88660049000,2.240000,"Transit",5513.00,0.868000,-0.1600
"GJ 317 b",13.30000000,,,794.50000000,222.50000000,-127.10000000,"Mass",695.69000000000,1.860000,"Radial Velocity",3496.00,0.402000,-0.0200
"Kepler-81 d",1.21000000,0.27000000,-0.27000000,1.92000000,,,"M-R relationship",20.83784600000,5.960000,"Transit",4500.00,0.648000,-0.1800
"61 Vir b",2.11000000,,,5.10000000,0.50000000,-0.50000000,"Msini",4.21500000000,2.980000,"Radial Velocity",5577.00,0.942000,-0.0100
"GJ 876 e",3.92000000,,,14.60000000,1.70000000,-1.70000000,"Mass",124.26000000000,1.330000,"Radial Velocity",3293.74,0.320000,0.2129
"Kepler-1987 c",1.33000000,0.12000000,-0.09000000,2.33000000,,,"M-R relationship",3.64830183000,5.440000,"Transit",4769.00,0.799000,0.1200
"K2-360 c",4.02000000,,,15.23000000,1.82000000,-1.82000000,"Msini",9.79692000000,1.290000,"Radial Velocity",5679.00,0.958000,0.0100
"Kepler-314 b",0.83000000,0.12000000,-0.12000000,0.49800000,,,"M-R relationship",2.46106900000,4.790000,"Transit",5378.00,0.990000,0.3220
"HAT-P-12 b",10.74900000,0.32500000,-0.23500000,67.05900000,3.81400000,-3.81400000,"Mass",3.21305980000,0.319200,"Transit",4650.00,0.733000,-0.2900
"HAT-P-17 b",11.76945000,0.44836000,-0.44836000,184.34140000,19.06980000,-19.06980000,"Mass",10.33852000000,0.440000,"Transit",5246.00,0.990000,0.0000
"WASP-103 b",17.12700000,0.81800000,-0.52700000,473.54700000,27.96800000,-27.96800000,"Mass",0.92554200000,0.550000,"Transit",6110.00,1.220000,0.0600
"HATS-6 b",11.18658200,0.21297100,-0.21297100,101.38777000,22.24810000,-22.24810000,"Mass",3.32527250000,0.399000,"Transit",3724.00,0.574000,0.2000
"HAT-P-32 b",22.19382000,0.50440500,-0.50440500,216.12440000,34.96130000,-31.78300000,"Mass",2.15000820000,0.108000,"Transit",6001.00,1.132000,-0.1600
"KELT-8 b",18.15858000,1.12090000,-1.12090000,209.76780000,38.13960000,-38.13960000,"Mass",3.24406000000,0.167000,"Transit",5754.00,0.810000,0.2700
"Kepler-502 b",4.77000000,1.46000000,-0.66000000,20.40000000,,,"M-R relationship",4.28686431000,1.030000,"Transit",6125.00,1.150000,0.0500
"DMPP-4 b",3.53000000,,,12.20000000,1.80000000,-1.90000000,"Msini",3.49820000000,1.520000,"Radial Velocity",6400.00,1.250000,-0.0070
"Kepler-1140 b",2.77000000,0.45000000,-0.37000000,8.10000000,,,"M-R relationship",24.08627070000,2.090000,"Transit",4850.00,0.760000,-0.0800
"HD 74698 c",14.00000000,,,126.00000000,19.00000000,-19.00000000,"Msini",3449.00000000000,0.252000,"Radial Velocity",5783.00,1.039000,0.0700
"HATS-58 A b",12.27385500,0.69495800,-0.69495800,327.36490000,73.10090000,-73.10090000,"Mass",4.21808960000,0.960000,"Transit",7175.00,1.461000,
"Kepler-910 b",0.82000000,0.04000000,-0.03000000,0.47700000,,,"M-R relationship",2.36436901500,4.750000,"Transit",6230.00,1.260000,0.1200
"Kepler-691 b",2.09000000,0.09000000,-0.09000000,5.02000000,,,"M-R relationship",8.11437900000,3.020000,"Transit",3715.00,0.530000,0.0400
"Kepler-23 b",1.63800000,0.04700000,-0.04700000,2.56000000,0.43000000,-0.40000000,"Mass",7.10000000000,3.186870,"Transit",5828.00,1.078000,-0.1120
"Kepler-1823 b",2.08612680,,,5.00000000,,,"M-R relationship",21.10339928000,3.030000,"Transit",6000.00,1.068000,0.0600
"Kepler-1861 b",2.20677414,,,5.50000000,,,"M-R relationship",40.03060150000,2.810000,"Transit",5855.00,1.161000,0.2600
"Kepler-370 c",1.91000000,0.89000000,-0.89000000,4.31000000,,,"M-R relationship",19.02293000000,3.400000,"Transit",5852.00,0.982000,0.1323
"Kepler-302 c",12.45000000,2.54000000,-2.54000000,,,,"Msini",127.28218400000,,"Transit",5740.00,1.021000,0.1600
"Kepler-120 b",2.15000000,0.17000000,-0.17000000,8.50000000,9.70000000,-7.50000000,"Mass",6.31250100000,4.700000,"Transit",4096.00,0.654000,-0.1200
"TOI-778 b",15.40000000,0.50000000,-0.50000000,878.00000000,77.00000000,-72.00000000,"Mass",4.63361100000,1.300000,"Transit",6643.00,1.400000,0.0000
"Kepler-1499 b",1.19000000,0.25000000,-0.14000000,1.81000000,,,"M-R relationship",44.20080000000,5.900000,"Transit",5097.00,0.820000,-0.0100
"Kepler-1073 b",2.30000000,0.49000000,-0.25000000,5.90000000,,,"M-R relationship",8.67888593000,2.660000,"Transit",5792.00,1.000000,0.0000
"8 UMi b",13.50000000,,,524.41687155,19.06970442,-19.06970442,"Msini",93.31000000000,1.170000,"Radial Velocity",4847.00,1.510000,-0.0300
"HD 159868 b",13.30000000,,,704.94694000,18.75197000,-18.75197000,"Msini",1184.10000000000,1.650000,"Radial Velocity",5534.00,1.190000,-0.0800
"Kepler-92 b",3.51000000,0.10000000,-0.10000000,64.30000000,13.90000000,-13.90000000,"Mass",13.74900000000,2.098071,"Transit",5883.00,1.210000,0.1381
"Kepler-405 c",4.66000000,26.65000000,-26.65000000,19.60000000,,,"M-R relationship",29.72668200000,1.060000,"Transit",5818.00,0.873000,-0.0600
"GJ 682 c",2.89000000,,,8.70000000,5.80000000,-4.60000000,"Msini",57.32000000000,1.980000,"Radial Velocity",3028.00,0.270000,
"Kepler-282 c",1.20000000,0.29000000,-0.29000000,1.87000000,,,"M-R relationship",13.63872300000,5.950000,"Transit",5602.00,0.860000,-0.2000
"Kepler-1574 b",1.29000000,0.28000000,-0.15000000,2.21000000,,,"M-R relationship",6.94243340000,5.660000,"Transit",5892.00,1.060000,0.0800
"HD 152843 b",3.05000000,0.11000000,-0.11000000,9.82000000,1.71000000,-1.61000000,"Mass",11.62071000000,1.900000,"Transit",6310.00,1.150000,-0.1600
"HD 205739 b",13.60000000,,,435.41000000,22.25000000,-28.60000000,"Msini",279.80000000000,0.951000,"Radial Velocity",6176.00,1.220000,0.1900
"HD 184010 d",14.30000000,,,143.02278315,12.71313628,-19.06970442,"Msini",836.40000000000,0.269000,"Radial Velocity",4971.00,1.350000,-0.1700
"Gl 49 b",2.24000000,,,5.63000000,0.67000000,-0.68000000,"Msini",13.85080000000,2.750000,"Radial Velocity",3805.00,0.515000,0.1300
"GJ 2056 b",4.17000000,,,16.20000000,3.60000000,-3.60000000,"Msini",69.97100000000,1.230000,"Radial Velocity",4069.95,0.620000,
"Kepler-154 f",1.50000000,0.34000000,-0.21000000,2.86000000,,,"M-R relationship",9.91935684000,4.660000,"Transit",5769.00,0.980000,-0.0400
"Kepler-658 b",1.63000000,0.06000000,-0.06000000,3.29000000,,,"M-R relationship",1.28707676200,4.170000,"Transit",4103.00,0.630000,-0.0400
"NGTS-34 b",3.65000000,0.22000000,-0.22000000,19.10000000,4.90000000,-4.50000000,"Mass",43.12655000000,2.160000,"Transit",6134.00,1.266000,0.2280
"HIP 65 A b",22.75427000,6.83749000,-5.49241000,1021.18779000,24.79074000,-24.79074000,"Mass",0.98097340000,0.480000,"Transit",4590.00,0.781000,0.1800
"Kepler-1013 b",2.15000000,0.36000000,-0.20000000,5.27000000,,,"M-R relationship",18.93054959000,2.910000,"Transit",4954.00,0.810000,0.0400
"Kepler-313 b",2.53000000,0.31000000,-0.31000000,6.94000000,,,"M-R relationship",14.97041800000,2.350000,"Transit",5727.00,1.114000,0.2600
"Kepler-1914 b",2.94298030,,,8.97000000,,,"M-R relationship",30.82789993000,1.930000,"Transit",5982.00,1.047000,-0.0400
"Barnard b",0.72000000,,,0.29900000,0.02600000,-0.02600000,"Msini",3.15420000000,4.400000,"Radial Velocity",3195.00,0.162000,-0.5600
"WASP-94 B b",14.10000000,,,196.41100000,8.89900000,-9.21700000,"Msini",2.00839000000,0.385000,"Radial Velocity",6040.00,1.240000,0.2300
"K2-336 b",1.22000000,0.09000000,-0.05000000,1.98000000,,,"M-R relationship",21.19473300000,5.990000,"Transit",5424.00,0.860000,-0.1700
"K2-55 b",4.43000000,0.29000000,-0.32000000,44.00000000,5.30000000,-5.30000000,"Mass",2.84927100000,2.800000,"Transit",4300.00,0.688000,0.3760
"WASP-80 b",11.19779100,0.33627000,-0.34747900,170.99254000,11.12405000,-11.44188000,"Mass",3.06785234000,0.717000,"Transit",4143.00,0.577000,-0.1300
"HAT-P-18 b",11.15300000,0.58300000,-0.58300000,62.61000000,4.13200000,-4.13200000,"Mass",5.50802300000,0.250000,"Transit",4803.00,0.770000,0.1000
"WASP-52 b",14.24000000,0.34000000,-0.34000000,146.20000000,6.36000000,-6.36000000,"Mass",1.74977980000,0.290000,"Transit",5000.00,0.870000,0.0300
"HIP 39330 b",13.50000000,,,530.77343969,60.38739733,-25.42627256,"Mass",4650.00000000000,1.190000,"Radial Velocity",5748.00,0.960000,0.1600
"TOI-1516 b",15.24421375,0.33626942,-0.33626942,1004.33776612,38.13940884,-38.13940884,"Mass",2.05601400000,1.560000,"Transit",6520.00,1.140000,-0.0500
"GJ 1214 b",2.73300000,0.03300000,-0.03100000,8.41000000,0.36000000,-0.35000000,"Mass",1.58040453100,2.260000,"Transit",3101.00,0.182000,0.2400
"bet Pic b",18.49485000,0.67254000,-0.67254000,2765.10714090,826.35385820,-794.57101750,"Mass",8682.00000000000,2.400000,"Imaging",8038.68,1.789000,-0.2100
"Kepler-412 b",15.03126900,0.49319600,-0.51561400,299.07803000,39.72875000,-6.03877000,"Mass",1.72086040000,0.520000,"Transit",5750.00,1.167000,0.2700
"CoRoT-8 b",6.39000000,0.22000000,-0.22000000,69.92000000,9.53000000,-9.53000000,"Mass",6.21229000000,1.600000,"Transit",5080.00,0.880000,0.3000
"Kepler-1381 b",2.25000000,0.29000000,-0.19000000,5.69000000,,,"M-R relationship",25.38426860000,2.740000,"Transit",5747.00,0.960000,-0.1000
"Kepler-1372 b",1.27000000,0.44000000,-0.13000000,2.15000000,,,"M-R relationship",1.31155556800,5.770000,"Transit",5677.00,0.980000,0.0500
"Kepler-84 f",2.20000000,0.43000000,-0.43000000,5.48000000,,,"M-R relationship",44.55216900000,2.830000,"Transit",6031.00,1.060000,-0.0700
"HD 104067 b",9.20000000,,,62.10000000,3.30000000,-3.20000000,"Msini",55.85100000000,0.438000,"Radial Velocity",4952.00,0.820000,0.1100
"BD+49 828 b",13.50000000,,,508.50000000,127.10000000,-63.60000000,"Msini",2590.00000000000,1.140000,"Radial Velocity",4943.00,1.520000,-0.1900
"eps Ind A b",12.70000000,,,2065.88464550,228.83645304,-187.51876013,"Mass",25450.00000000000,5.540000,"Radial Velocity",4700.00,0.800000,-0.1700
"TOI-261.01",3.04498630,0.21149070,-0.21149070,9.51000000,,,"M-R relationship",3.36392540000,1.850000,"Transit",5890.30,0.496728,-0.3500
"Kepler-176 c",2.60000000,1.33000000,-1.33000000,1.33000000,0.40000000,-0.27000000,"Mass",12.75971200000,0.487000,"Transit",5232.00,0.860000,0.1300
"K2-344 b",1.59000000,0.10000000,-0.05000000,3.15000000,,,"M-R relationship",3.35585000000,4.310000,"Transit",4374.00,0.510000,-0.9500
"Kepler-369 c",1.41000000,0.06000000,-0.06000000,2.57000000,,,"M-R relationship",14.87157200000,5.040000,"Transit",3591.00,0.500000,-0.0900
"7 CMa b",13.40000000,,,587.98550000,19.06980000,-19.06980000,"Msin(i)/sin(i)",735.10000000000,1.340000,"Radial Velocity",4826.00,1.340000,0.2100
"Kepler-1012 b",1.29000000,0.08000000,-0.06000000,2.21000000,,,"M-R relationship",5.50860439000,5.660000,"Transit",5556.00,0.950000,0.0500
"Kepler-1613 b",2.08000000,0.44000000,-0.51000000,4.98000000,,,"M-R relationship",1.51842990000,3.040000,"Transit",6005.00,1.080000,0.0100
"TOI-5726.01",2.55400000,0.28000000,-0.17700000,7.05000000,,,"M-R relationship",5.49112521500,2.330000,"Transit",5874.00,1.060000,
"Kepler-36 b",1.49800000,0.06100000,-0.04900000,3.83000000,0.11000000,-0.10000000,"Mass",13.86825000000,6.260000,"Transit",5979.00,1.034000,-0.1800
"Kepler-616 c",3.41000000,0.57000000,-0.30000000,11.50000000,,,"M-R relationship",90.41135560000,1.590000,"Transit",5753.00,0.980000,-0.0200
"HIP 91258 b",13.70000000,,,346.43470000,66.74430000,-66.74430000,"Msini",5.05050000000,0.740000,"Radial Velocity",5519.00,0.970000,0.2300
"WASP-76 b",20.78145022,0.86309151,-0.85188253,284.13859586,4.44959770,-4.13176929,"Mass",1.80988198000,0.170000,"Transit",6329.00,1.458000,0.3660
"TOI-2374 b",7.48759911,0.20176165,-0.20176165,61.65871096,4.44959770,-4.76742611,"Mass",4.31361930000,0.803000,"Transit",5002.00,0.802000,0.1280
"HAT-P-26 b",7.06167000,0.44836000,-0.44836000,22.24810000,6.35660000,-6.35660000,"Mass",4.23452000000,0.258608,"Transit",5079.00,1.120000,-0.0400
"Kepler-79 b",3.51000000,0.10000000,-0.10000000,7.60000000,3.80000000,-2.60000000,"Mass",13.48451000000,0.970000,"Transit",6389.00,1.244000,0.0600
"K2-389 c",2.04000000,0.15100000,-0.13800000,4.82000000,,,"M-R relationship",20.85133700000,3.120000,"Transit",5782.00,0.802000,-0.0340
"Kepler-1405 b",3.96000000,0.88000000,-0.45000000,14.90000000,,,"M-R relationship",28.22741840000,1.320000,"Transit",5925.00,1.050000,0.0300
"K2-414 b",1.21900000,0.10040000,-0.07310000,1.98000000,,,"M-R relationship",4.36960000000,6.010000,"Transit",4343.00,0.814000,-0.1020
"Kepler-362 c",1.45000000,0.61000000,-0.61000000,2.70000000,,,"M-R relationship",37.86628100000,4.870000,"Transit",5788.00,0.904000,-0.1200
"TOI-1466 b",2.46741991,0.33214130,-0.25190743,6.65000000,,,"M-R relationship",1.87190602231,2.430000,"Transit",4435.39,0.660000,
"Kepler-1947 b",1.01016660,,,1.01000000,,,"M-R relationship",6.96363019900,5.380000,"Transit",6040.00,0.984000,-0.4400
"Kepler-260 c",1.74000000,0.54000000,-0.54000000,3.68000000,,,"M-R relationship",76.05017800000,3.840000,"Transit",5250.00,1.013000,0.2900
"Kepler-484 b",2.28000000,0.07000000,-0.05000000,5.82000000,,,"M-R relationship",10.04556931300,2.700000,"Transit",5668.00,0.960000,-0.1000
"Kepler-1407 b",2.25000000,0.53000000,-0.32000000,5.69000000,,,"M-R relationship",20.07115040000,2.740000,"Transit",6010.00,1.100000,0.0500
"GJ 1132 b",1.19151465,0.03811053,-0.04483592,1.83704819,0.19069704,-0.18751876,"Mass",1.62892911000,5.970000,"Transit",3229.00,0.194500,-0.1700
"TRAPPIST-1 c",1.09700000,0.01400000,-0.01200000,1.30800000,0.05600000,-0.05600000,"Mass",2.42193700000,5.463993,"Transit",2566.00,0.089800,0.0520
"TOI-5728 b",1.31000000,0.05000000,-0.05000000,2.27000000,,,"M-R relationship",11.49761000000,5.550000,"Transit",3419.00,0.360000,-0.1200
"Kepler-211 b",1.26000000,0.09000000,-0.09000000,2.13000000,,,"M-R relationship",4.13857500000,5.850000,"Transit",5123.00,0.867000,0.1510
"TOI-5515 b",2.65362762,0.25797628,-0.22080259,7.53000000,,,"M-R relationship",8.59225810839,2.210000,"Transit",5483.65,0.963000,
"Kepler-197 b",1.02000000,0.04000000,-0.04000000,1.04000000,,,"M-R relationship",5.59930800000,5.390000,"Transit",6004.00,0.857000,-0.4410
"Kepler-790 b",2.18000000,0.17000000,-0.14000000,5.39000000,,,"M-R relationship",13.73469807000,2.860000,"Transit",5208.00,0.840000,-0.0500
"Kepler-113 c",2.18000000,0.06000000,-0.06000000,8.70000000,,,"Mass",8.92507000000,0.308247,"Transit",4725.00,0.750000,0.0500
"Kepler-1891 b",1.52139156,,,2.93000000,,,"M-R relationship",4.02229023000,4.570000,"Transit",5516.00,0.873000,-0.1400
"Kepler-876 b",1.43000000,0.10000000,-0.09000000,2.63000000,,,"M-R relationship",5.14438011000,4.940000,"Transit",5060.00,0.810000,-0.0300
"Kepler-1456 b",1.14000000,0.09000000,-0.15000000,1.55000000,,,"M-R relationship",18.13738290000,5.750000,"Transit",4231.00,0.640000,-0.0900
"Kepler-571 b",2.64000000,0.32000000,-0.17000000,7.46000000,,,"M-R relationship",4.79859938800,2.230000,"Transit",5527.00,0.930000,0.0100
"TOI-5678 b",4.91000000,0.08000000,-0.08000000,20.00000000,4.00000000,-4.00000000,"Mass",47.73022000000,0.928000,"Transit",5485.00,0.905000,0.0000
"Kepler-1280 b",1.87000000,0.83000000,-0.29000000,4.16000000,,,"M-R relationship",66.55790570000,3.500000,"Transit",6227.00,1.200000,0.0400
"K2-75 c",2.77000000,0.38000000,-0.38000000,8.10000000,,,"M-R relationship",18.31100000000,2.090000,"Transit",5995.00,1.160000,0.3000
"Kepler-1414 b",1.23000000,0.09000000,-0.08000000,2.04000000,,,"M-R relationship",3.51576315000,6.020000,"Transit",4951.00,0.800000,-0.0200
"Kepler-710 b",1.88000000,0.24000000,-0.15000000,4.19000000,,,"M-R relationship",4.34728552700,3.470000,"Transit",5611.00,0.940000,-0.0400
"TOI-640 b",19.27944680,0.56044903,-0.56044903,181.16219199,6.35656814,-6.35656814,"Mass",5.00377700000,0.138000,"Transit",6460.00,1.536000,0.0720
"Kepler-573 b",2.79000000,0.36000000,-0.23000000,8.20000000,,,"M-R relationship",22.18329658000,2.070000,"Transit",5746.00,0.990000,0.0200
"Kepler-297 c",6.54000000,1.18000000,-1.18000000,42.10000000,14.10000000,-9.30000000,"Mass",74.92013700000,0.827000,"Transit",5619.00,0.927000,-0.1100
"HD 10180 h",9.40000000,,,64.40000000,4.60000000,-4.60000000,"Msin(i)/sin(i)",2205.00000000000,0.426000,"Radial Velocity",5911.00,1.060000,0.0800
"Kepler-1791 b",3.12103321,,,9.91000000,,,"M-R relationship",7.72086000400,1.790000,"Transit",5887.00,0.985000,-0.0600
"Kepler-1197 b",1.25000000,0.03000000,-0.09000000,2.10000000,,,"M-R relationship",2.03231845000,5.910000,"Transit",4708.00,0.780000,0.0600
"Kepler-198 b",2.82000000,0.42000000,-0.42000000,8.35000000,,,"M-R relationship",17.79003700000,2.050000,"Transit",5574.00,0.995000,0.1142
"K2-148 d",1.64000000,0.24000000,-0.21000000,3.33000000,,,"M-R relationship",9.75790000000,4.150000,"Transit",4079.00,0.650000,-0.1100
"Kepler-142 b",1.99000000,0.39000000,-0.39000000,4.62000000,,,"M-R relationship",2.02415200000,3.220000,"Transit",5790.00,0.978000,0.0500
"Kepler-9 d",1.64000000,0.19000000,-0.14000000,8.41466053,4.18940522,-4.18940522,"Msini",1.59285100000,13.547166,"Transit",5777.00,1.070000,0.1200
"WASP-54 b",17.71022000,1.90553000,-1.90553000,187.51970000,44.49620000,-44.49620000,"Mass",3.69364000000,0.167000,"Transit",6100.00,1.080000,-0.2700
"K2-250 b",2.71257333,0.17934369,-0.13450777,7.81000000,,,"M-R relationship",4.01392000000,2.150000,"Transit",5003.00,0.809000,-0.0200
"Kepler-31 b",5.50000000,1.10000000,-1.10000000,36.74180000,,,"Mass",20.86130000000,0.780000,"Transit",6340.00,1.210000,-0.0760
"CoRoT-7 c",2.83000000,,,8.40000000,0.90000000,-0.90000000,"Mass",3.69800000000,2.040000,"Radial Velocity",5256.00,0.899000,0.0600
"GJ 849 b",13.90000000,,,283.82076745,29.87587026,-30.82935548,"Msini",1925.31000000000,0.581000,"Radial Velocity",3467.00,0.450000,0.0900
"K2-167 b",2.36509493,0.21297063,-0.14571675,6.50000000,1.60000000,-1.50000000,"Mass",9.97854100000,2.870000,"Transit",6310.00,1.084000,-0.4560
"Kepler-1151 b",2.22000000,0.24000000,-0.17000000,5.56000000,,,"M-R relationship",65.64784240000,2.790000,"Transit",5470.00,0.880000,-0.1100
"Kepler-1261 b",2.26000000,0.14000000,-0.14000000,5.73000000,,,"M-R relationship",48.43089910000,2.730000,"Transit",5006.00,0.820000,0.0300
"Kepler-1339 b",0.71000000,0.06000000,-0.04000000,0.28500000,,,"M-R relationship",1.34155512700,4.380000,"Transit",5586.00,0.940000,0.0100
"Kepler-1086 c",2.94000000,0.11000000,-0.13000000,8.96000000,,,"M-R relationship",161.51633450000,1.940000,"Transit",4350.00,0.700000,0.0600
"TOI-2096 c",1.91400000,0.09500000,-0.09500000,4.32000000,,,"M-R relationship",6.38784000000,3.390000,"Transit",3300.00,0.231000,-0.0300
"Kepler-1758 b",2.57059831,,,7.13000000,,,"M-R relationship",9.97721004500,2.310000,"Transit",5557.00,1.035000,0.1600
"Kepler-352 c",1.24000000,0.10000000,-0.10000000,2.07000000,,,"M-R relationship",16.33299500000,5.970000,"Transit",5212.00,0.798000,-0.1100
"Kepler-30 c",12.30000000,0.40000000,-0.40000000,640.00000000,50.00000000,-50.00000000,"Mass",60.32310500000,1.880000,"Transit",5498.00,0.990000,0.1800
"Kepler-62 c",0.54000000,0.03000000,-0.03000000,4.00000000,,,"Mass",12.44170000000,,"Transit",4925.00,0.690000,-0.3700
"Kepler-270 c",1.77000000,0.37000000,-0.37000000,3.78000000,,,"M-R relationship",25.26288700000,3.750000,"Transit",6067.00,1.170000,0.1500
"HD 19994 b",13.60000000,,,435.41000000,38.14000000,-38.14000000,"Msini",466.20000000000,0.951000,"Radial Velocity",6188.00,1.365000,0.2700
"Kepler-446 c",1.11000000,0.18000000,-0.18000000,1.41000000,,,"M-R relationship",3.03617900000,5.670000,"Transit",3359.00,0.220000,-0.3000
"Kepler-1551 b",2.66000000,0.91000000,-0.42000000,7.56000000,,,"M-R relationship",24.49736980000,2.210000,"Transit",6136.00,1.140000,0.0100
"NGTS-15 b",12.32987877,1.12089807,-1.12089807,238.68913366,32.41849751,-27.96889982,"Mass",3.27623000000,0.740000,"Transit",5600.00,0.995000,0.1500
"K2-16 c",2.54000000,1.12000000,-0.47000000,6.99000000,,,"M-R relationship",19.07863000000,2.340000,"Transit",4742.00,0.680000,-0.3300
"K2-270 b",1.38000000,0.11000000,-0.11000000,2.48000000,,,"M-R relationship",1.54306900000,5.190000,"Transit",4877.00,0.850000,0.2600
"K2-374 c",2.21300000,0.09100000,-0.08600000,5.53000000,,,"M-R relationship",16.43445000000,2.800000,"Transit",5789.00,0.731000,-0.2920
"Kepler-646 b",1.99000000,0.37000000,-0.19000000,4.62000000,,,"M-R relationship",15.87364565000,3.220000,"Transit",5634.00,0.930000,-0.0700
"Kepler-1611 b",0.81000000,0.16000000,-0.07000000,0.45700000,,,"M-R relationship",5.17624290000,4.730000,"Transit",5605.00,0.940000,0.0100
"TOI-921 b",3.53409617,0.45814199,-0.34294656,12.20000000,,,"M-R relationship",5.12871907628,1.520000,"Transit",6011.66,1.130000,-0.0579
"Kepler-406 c",0.85000000,0.03000000,-0.03000000,2.71000000,1.80000000,-1.80000000,"Mass",4.62332000000,24.390000,"Transit",5538.00,1.070000,0.1800
"Kepler-431 d",1.11000000,,,1.41000000,,,"M-R relationship",11.92200000000,5.670000,"Transit",6004.00,1.071000,0.0700
"HD 190360 d",3.48000000,,,11.90000000,6.20000000,-1.70000000,"Mass",88.69000000000,1.550000,"Radial Velocity",5560.00,0.996000,0.2600
"Kepler-1326 b",4.18000000,1.51000000,-0.76000000,16.30000000,,,"M-R relationship",42.35142670000,1.230000,"Transit",6725.00,1.450000,0.0200
"HD 132563 b",13.60000000,,,473.54700000,28.60350000,-28.60350000,"Msini",1544.00000000000,1.030000,"Radial Velocity",6289.00,1.231000,-0.0600
"HAT-P-44 c",13.00000000,,,1271.30000000,444.90000000,-254.30000000,"Msini",872.20000000000,3.180000,"Radial Velocity",5295.00,0.942000,0.3300
"K2-149 b",1.64000000,0.20000000,-0.18000000,3.33000000,,,"M-R relationship",11.33200000000,4.150000,"Transit",3745.00,0.595000,0.1100
"Kepler-1000 b",4.76000000,0.34000000,-0.31000000,20.30000000,,,"M-R relationship",120.01812720000,1.030000,"Transit",6453.00,1.400000,0.3500
"HD 204313 c",4.31000000,,,17.16273398,1.58914204,-1.58914204,"Msini",34.95875000000,1.180000,"Radial Velocity",5767.00,1.030000,0.1800
"Kepler-342 b",2.25000000,0.40000000,-0.40000000,5.69000000,,,"M-R relationship",15.17031800000,2.740000,"Transit",6175.00,1.213000,-0.0006
"HD 4203 c",13.30000000,,,689.66000000,165.26000000,-165.26000000,"Msini",6700.00000000000,1.610000,"Radial Velocity",5582.00,0.990000,0.3400
"TIC 270471727 b",2.75029559,0.36285616,-0.24677497,8.00000000,,,"M-R relationship",10.45623256647,2.110000,"Transit",5271.39,0.900000,-0.0900
"Kepler-1185 b",1.33000000,0.08000000,-0.05000000,2.33000000,,,"M-R relationship",104.35189760000,5.440000,"Transit",5622.00,0.960000,-0.0400
"Kepler-596 b",3.46000000,1.63000000,-0.47000000,11.80000000,,,"M-R relationship",21.30022655000,1.570000,"Transit",6267.00,1.210000,0.0300
"Kepler-1686 b",1.42553017,,,2.62000000,,,"M-R relationship",9.30987000000,4.970000,"Transit",5714.96,1.020000,0.0775
"Kepler-263 c",2.47000000,1.35000000,-1.35000000,6.66000000,,,"M-R relationship",47.33277300000,2.430000,"Transit",5265.00,0.793000,-0.0314
"HD 4308 b",4.12000000,,,15.89150000,0.00000000,0.00000000,"Msini",15.56000000000,1.250000,"Radial Velocity",5686.00,0.930000,-0.3500
"TOI-1437 b",2.24000000,0.23000000,-0.22000000,9.60000000,3.90000000,-3.30000000,"Mass",18.84094200000,3.910000,"Transit",6008.00,1.100000,-0.4924
"Kepler-522 b",6.91000000,1.50000000,-1.21000000,38.20000000,,,"M-R relationship",38.58422849000,0.636000,"Transit",6392.00,1.540000,0.4100
"KELT-15 b",19.50366000,2.24180000,-2.24180000,416.35730000,136.66690000,-136.66690000,"Mass",3.32944000000,0.360000,"Transit",6003.00,2.060000,0.0500
"TOI-892 b",11.99363000,0.22418000,-0.22418000,301.93850000,22.24810000,-22.24810000,"Mass",10.62656000000,0.962000,"Transit",6261.00,1.280000,0.2400
"Kepler-1545 b",2.70000000,0.22000000,-0.18000000,7.75000000,,,"M-R relationship",163.69234900000,2.160000,"Transit",5201.00,0.840000,-0.0600
"Kepler-1667 b",2.98385261,,,9.19000000,,,"M-R relationship",83.57810000000,1.900000,"Transit",5941.54,1.090000,-0.2603
"TOI-2803 A b",18.11371281,0.38110534,-0.35868738,309.88269682,26.37975778,-22.24798849,"Mass",1.96229325000,0.287000,"Transit",6280.00,1.118000,-0.1050
"K2-34 b",13.75000000,0.58000000,-0.59000000,539.67534000,19.38763000,-15.89150000,"Mass",2.99563480000,0.940000,"Transit",6168.00,1.160000,0.0100
"Kepler-632 b",2.21000000,0.33000000,-0.08000000,5.52000000,,,"M-R relationship",30.99660733000,2.810000,"Transit",5322.00,0.910000,0.1100
"K2-133 b",1.34000000,0.07700000,-0.07600000,2.36000000,,,"M-R relationship",3.07133000000,5.390000,"Transit",3655.00,0.461000,
"Kepler-124 c",1.75000000,0.09000000,-0.09000000,3.71000000,,,"M-R relationship",13.82137500000,3.800000,"Transit",4984.00,0.706000,-0.4600
"Kepler-1720 b",3.21585295,,,10.40000000,,,"M-R relationship",12.70639992000,1.720000,"Transit",5573.00,0.939000,-0.0400
"TOI-1347 c",1.60000000,0.10000000,-0.10000000,6.40000000,,,"Mass",4.84196200000,4.100000,"Transit",5464.00,0.913000,0.0400
"Kepler-117 b",8.05900000,0.26900000,-0.26900000,29.87500000,10.48800000,-10.48800000,"Mass",18.79592280000,0.300000,"Transit",6150.00,1.129000,-0.0400
"Kepler-267 c",2.13000000,0.11000000,-0.11000000,5.18000000,,,"M-R relationship",6.87745000000,2.950000,"Transit",4258.00,0.541571,-0.1800
"Kepler-1292 b",1.82000000,0.29000000,-0.14000000,3.97000000,,,"M-R relationship",3.27646405000,3.620000,"Transit",5556.00,0.950000,0.0800
"Kepler-1736 b",3.87658560,,,14.30000000,,,"M-R relationship",37.81029892000,1.350000,"Transit",6085.00,0.976000,-0.2800
"Kepler-1538 b",2.82000000,0.70000000,-0.31000000,8.35000000,,,"M-R relationship",175.13881900000,2.050000,"Transit",5837.00,1.030000,0.0200
"WASP-66 b",15.69260000,3.13852000,-3.13852000,746.90050000,311.47340000,-311.47340000,"Mass",4.08605000000,1.144000,"Transit",6600.00,1.330000,-0.3100
"K2-156 b",1.10000000,0.09000000,-0.06000000,1.37000000,,,"M-R relationship",0.81314300000,5.660000,"Transit",4460.00,0.660000,-0.3300
"Kepler-1165 c",3.36093385,,,11.20000000,,,"M-R relationship",29.96870041000,1.620000,"Transit",6249.00,1.130000,-0.0400
"Kepler-1819 b",3.90351256,,,14.50000000,,,"M-R relationship",16.48690033000,1.340000,"Transit",6090.00,1.173000,0.2100
"Kepler-1821 b",2.59248115,,,7.24000000,,,"M-R relationship",16.45809937000,2.280000,"Transit",5475.00,0.946000,0.1400
"Kepler-1393 b",0.80000000,0.04000000,-0.08000000,0.43700000,,,"M-R relationship",2.44357812000,4.690000,"Transit",5697.00,0.950000,-0.0900
"Kepler-1664 b",3.03320653,,,9.45000000,,,"M-R relationship",14.38680000000,1.860000,"Transit",5735.81,0.944000,0.3698
"K2-332 b",2.20000000,0.19000000,-0.15000000,5.48000000,,,"M-R relationship",17.70632000000,2.830000,"Transit",3315.00,0.270000,0.0900
"Kepler-102 b",0.46000000,0.02600000,-0.02600000,1.10000000,,,"Mass",5.28696500000,62.000000,"Transit",4909.00,0.803000,0.1100
"HATS-31 b",18.38276000,2.46598000,-2.46598000,279.69040000,38.13960000,-38.13960000,"Mass",3.37796000000,0.243000,"Transit",6050.00,1.275000,0.0000
"K2-282 b",2.50000000,0.20000000,-0.10000000,6.80000000,,,"M-R relationship",4.16978300000,2.390000,"Transit",5499.00,0.940000,-0.2300
"Kepler-255 d",1.32000000,0.14000000,-0.10000000,2.30000000,,,"M-R relationship",1.04562265800,5.500000,"Transit",5431.00,0.900000,0.0200
"HD 196885 A b",13.20000000,,,819.97000000,50.85000000,-50.85000000,"Msini",1333.00000000000,1.960000,"Radial Velocity",6254.00,1.280000,0.2200
"HATS-46 b",10.12172700,0.65012200,-0.50440500,54.98459000,19.70546000,-19.70546000,"Mass",4.74237290000,0.280000,"Transit",5495.00,0.917000,-0.0600
"HD 4917 b",13.50000000,,,513.29545000,29.24036000,-29.24036000,"Msini",400.50000000000,1.150000,"Radial Velocity",4802.00,1.320000,0.1800
"Kepler-85 e",1.27000000,0.20000000,-0.20000000,0.60000000,0.50000000,-0.40000000,"Mass",25.21675100000,1.600000,"Transit",5436.00,0.947000,0.1200
"HATS-8 b",9.78545700,1.37870700,-0.84067500,43.86054000,6.03877000,-6.03877000,"Mass",3.58389300000,0.259000,"Transit",5679.00,1.056000,0.2100
"Kepler-761 b",2.03000000,0.25000000,-0.17000000,4.78000000,,,"M-R relationship",10.12804789000,3.140000,"Transit",5706.00,0.950000,-0.0900
"TOI-1117 b",2.46000000,0.13000000,-0.12000000,8.90000000,0.95000000,-0.96000000,"Mass",2.22816000000,3.300000,"Transit",5635.00,0.970000,0.1360
"HD 1502 b",13.20000000,,,874.03250000,50.85280000,-50.85280000,"Msini",428.50000000000,2.090000,"Radial Velocity",4947.00,1.460000,0.0900
"Kepler-826 b",1.25000000,0.20000000,-0.14000000,2.10000000,,,"M-R relationship",4.48758907000,5.910000,"Transit",6079.00,1.050000,-0.1200
"HD 145377 b",12.80000000,,,1913.33660000,152.55840000,-152.55840000,"Msini",103.95000000000,5.010000,"Radial Velocity",6014.00,1.200000,0.1100
"TOI-201 d",1.39000000,0.07000000,-0.07000000,5.80000000,2.00000000,-2.00000000,"Mass",5.84889000000,11.000000,"Transit",6423.00,1.320000,0.2400
"Kepler-1669 d",1.22000000,0.05000000,-0.06000000,1.98000000,,,"M-R relationship",4.72941177000,5.990000,"Transit",4224.00,0.609000,-0.2000
"NGC 2682 YBP 1514 b",14.00000000,,,127.13200000,120.77540000,-120.77540000,"Msini",5.11800000000,0.255000,"Radial Velocity",5725.00,0.960000,0.0300
"Kepler-1958 b",2.05124311,,,4.86000000,,,"M-R relationship",9.32861995700,3.090000,"Transit",5749.00,0.961000,-0.1000
"Kepler-1395 b",0.80000000,0.09000000,-0.06000000,0.43700000,,,"M-R relationship",3.78470649000,4.690000,"Transit",6138.00,1.170000,0.1200
"TOI-2169 A b",12.50922246,0.41473229,-0.40352331,329.58805806,24.47278734,-24.15495893,"Mass",8.21482820000,0.920000,"Transit",6270.00,1.420000,0.1230
"Kepler-733 b",2.82000000,0.46000000,-0.19000000,8.35000000,,,"M-R relationship",20.83424726000,2.050000,"Transit",5418.00,0.900000,0.0100
"HIP 29442 c",1.55100000,0.04500000,-0.04500000,4.50000000,0.32000000,-0.32000000,"Mass",3.53795590000,6.300000,"Radial Velocity",5289.00,0.901000,0.2400
"HD 114783 c",13.40000000,,,603.87397330,158.91420350,-127.13136280,"Mass",4352.00000000000,1.380000,"Radial Velocity",5135.00,0.900000,0.2100
"Kepler-1603 b",1.29000000,0.47000000,-0.19000000,2.21000000,,,"M-R relationship",2.27163926000,5.660000,"Transit",6241.00,1.210000,0.0700
"Kepler-113 b",1.82000000,0.05000000,-0.05000000,11.70000000,4.20000000,-4.20000000,"Mass",4.75400000000,10.730000,"Transit",4725.00,0.750000,0.0500
"Kepler-996 b",1.98000000,0.63000000,-0.25000000,4.58000000,,,"M-R relationship",3.77059058400,3.240000,"Transit",6014.00,1.090000,0.0300
"Kepler-122 b",2.34000000,0.46000000,-0.46000000,6.08000000,,,"M-R relationship",5.76619300000,2.610000,"Transit",6050.00,0.982000,-0.0800
"TOI-7510 d",10.52000000,0.32000000,-0.32000000,190.00000000,20.00000000,-20.00000000,"Mass",48.86446800000,0.890000,"Transit",5720.00,1.063000,0.2500
"HD 114386 b",13.60000000,,,464.02947422,117.59651059,-69.92224954,"Mass",937.70001000000,1.010000,"Radial Velocity",4836.00,0.600000,-0.0500
"Kepler-305 e",1.79381530,,,3.87000000,,,"M-R relationship",3.20538000000,3.680000,"Transit",4974.00,0.820000,0.0900
"TOI-257 b",7.16253867,0.14571675,-0.14571675,43.86032017,7.31005336,-7.31005336,"Mass",18.38818000000,0.650000,"Transit",6095.00,1.407000,0.1750
"Kepler-24 b",2.34800000,0.09200000,-0.09100000,11.14000000,2.25000000,-1.93000000,"Mass",8.14000000000,4.686574,"Transit",6028.00,1.060000,-0.0708
"K2-345 b",2.11000000,0.20000000,-0.09000000,5.10000000,,,"M-R relationship",10.36743700000,2.980000,"Transit",3779.00,0.560000,0.2600
"Kepler-221 b",1.71000000,0.17000000,-0.17000000,5.95575000,,,"Mass",2.79590600000,0.190000,"Transit",5243.00,0.854000,0.0616
"Kepler-295 b",1.22000000,0.64000000,-0.64000000,1.98000000,,,"M-R relationship",12.64516400000,5.990000,"Transit",5603.00,0.890000,-0.0300
"Kepler-233 b",2.43000000,0.66000000,-0.66000000,6.48000000,,,"M-R relationship",8.47238200000,2.480000,"Transit",5360.00,0.855000,-0.0900
"K2-119 b",2.53000000,0.20000000,-0.20000000,6.94000000,,,"M-R relationship",7.72728300000,2.350000,"Transit",4740.00,0.760000,-0.0500
"HD 117618 b",8.59000000,,,55.30242000,4.44962000,-4.44962000,"Msini",25.80000000000,0.479000,"Radial Velocity",5990.00,1.077000,0.0283
"Kepler-131 c",0.84000000,0.07000000,-0.07000000,8.25000000,5.90000000,-5.90000000,"Mass",25.51690000000,77.700000,"Transit",5685.00,1.020000,0.1200
"K2-341 b",3.21000000,0.25000000,-0.19000000,10.40000000,,,"M-R relationship",36.55255100000,1.730000,"Transit",5817.00,0.980000,-0.0500
"HD 214823 b",12.10000000,,,5914.78665427,1316.76309020,-339.75856708,"Mass",1854.84424000000,18.300000,"Radial Velocity",6215.00,1.115000,0.1700
"Kepler-95 b",3.42000000,0.09000000,-0.09000000,13.00000000,2.90000000,-2.90000000,"Mass",11.52310000000,1.710000,"Transit",5699.00,1.080000,0.3000
"Kepler-221 e",2.63000000,0.25000000,-0.25000000,7.86706000,,,"Mass",18.36991700000,0.570000,"Transit",5243.00,0.854000,0.0616
"Kepler-1227 b",2.29000000,0.52000000,-0.23000000,5.86000000,,,"M-R relationship",94.28875770000,2.680000,"Transit",5747.00,0.970000,-0.0400
"Kepler-1557 b",1.53000000,0.50000000,-0.21000000,2.96000000,,,"M-R relationship",3.74032496000,4.540000,"Transit",6099.00,1.110000,0.0200
"AT2021ueyL b",13.60000000,,,425.89006538,143.02278315,-158.91420350,"Mass",4168.69000000000,0.930000,"Microlensing",3680.00,0.490000,
"Kepler-52 d",1.95000000,0.21000000,-0.21000000,88.87750000,,,"Mass",36.44517100000,18.000000,"Transit",4263.00,0.577000,0.0000
"Kepler-1304 b",2.29000000,0.19000000,-0.53000000,5.86000000,,,"M-R relationship",16.12888530000,2.680000,"Transit",5259.00,0.850000,-0.0500
"Kepler-367 c",1.20000000,0.16000000,-0.16000000,1.87000000,,,"M-R relationship",53.57863700000,5.950000,"Transit",4710.00,0.768000,0.1974
"Kepler-50 b",1.71000000,0.05000000,-0.10000000,8.90000000,,,"Mass",7.81254000000,6.049820,"Transit",6225.00,1.240000,0.0300
"Kepler-583 b",2.28000000,0.29000000,-0.15000000,5.82000000,,,"M-R relationship",6.51002530000,2.700000,"Transit",5523.00,0.940000,0.0700
"HD 30856 b",13.50000000,,,491.68301000,28.92253000,-28.92253000,"Msini",847.00000000000,1.100000,"Radial Velocity",4895.00,1.170000,-0.0600
"Kepler-237 b",1.41000000,0.75000000,-0.75000000,2.57000000,,,"M-R relationship",4.71510600000,5.040000,"Transit",4861.00,0.696000,0.2200
"Kepler-1279 b",1.75000000,0.88000000,-0.27000000,3.71000000,,,"M-R relationship",23.47741010000,3.800000,"Transit",6221.00,1.210000,0.0600
"HD 39091 b",12.30000000,,,4481.38053870,158.91420350,-127.13136280,"Mass",2088.80000000000,13.200000,"Radial Velocity",5998.00,1.070000,0.0900
"NGTS-5 b",12.73342400,0.25780700,-0.25780700,72.78307000,11.75971000,-11.75971000,"Mass",3.35698660000,0.194000,"Transit",4987.00,0.661000,0.1200
"TOI-201 b",11.40000000,0.10000000,-0.10000000,164.00000000,5.00000000,-5.00000000,"Mass",52.97860000000,0.610000,"Transit",6423.00,1.320000,0.2400
"Kepler-185 c",2.02000000,1.17000000,-1.17000000,4.74000000,,,"M-R relationship",20.72904200000,3.160000,"Transit",5208.00,0.763000,-0.1400
"Kepler-1375 b",1.74000000,0.68000000,-0.34000000,3.68000000,,,"M-R relationship",3.30041920000,3.840000,"Transit",6704.00,1.470000,0.0900
"TOI-4156 c",2.92303762,0.33738824,-0.27076650,8.87000000,,,"M-R relationship",12.82282706375,1.950000,"Transit",5971.64,1.100000,
"TOI-700 c",2.60000000,0.14000000,-0.13000000,7.27000000,,,"M-R relationship",16.05113700000,2.270000,"Transit",3459.00,0.415000,-0.0700
"HD 38529 b",14.10000000,,,206.58846455,17.16273398,-18.11621920,"Msini",14.30990000000,0.405000,"Radial Velocity",5697.00,0.980000,0.5100
"Kepler-1076 b",0.80000000,0.04000000,-0.03000000,0.43700000,,,"M-R relationship",6.14727918000,4.690000,"Transit",4868.00,0.790000,-0.0100
"Kepler-1410 b",1.78000000,0.12000000,-0.14000000,3.82000000,,,"M-R relationship",60.86616800000,3.720000,"Transit",4092.00,0.630000,0.0100
"Kepler-1795 b",1.66301611,,,3.40000000,,,"M-R relationship",13.36019993000,4.060000,"Transit",4500.00,0.768000,0.2800
"Kepler-1692 b",1.11177184,,,1.42000000,,,"M-R relationship",5.95966000000,5.680000,"Transit",5146.00,0.870000,0.3600
"EPIC 212624936 b",1.20000000,0.30000000,-0.30000000,1.87000000,,,"M-R relationship",0.57865700000,5.950000,"Transit",5765.00,1.000000,-0.3900
"Kepler-148 b",1.80000000,0.87000000,-0.87000000,3.89000000,,,"M-R relationship",1.72936600000,3.670000,"Transit",5272.00,0.860000,0.1400
"Kepler-1616 b",1.02000000,0.47000000,-0.15000000,1.04000000,,,"M-R relationship",6.76284377000,5.390000,"Transit",6266.00,1.210000,0.0200
"HD 2039 b",12.70000000,,,1999.15070000,368.68280000,-368.68280000,"Msini",1120.00000000000,5.360000,"Radial Velocity",5945.00,1.230000,0.3000
"HD 105618 c",11.90000000,,,8419.59232984,1379.37528638,-898.50090659,"Mass",77114.07158000000,27.500000,"Radial Velocity",5671.00,1.010000,
"Gaia-2 b",14.81827249,0.14571675,-0.14571675,259.66580852,14.93793513,-14.93793513,"Mass",3.69152240000,0.439000,"Transit",5720.00,1.000000,
"WASP-167 b",17.71022000,0.56045000,-0.56045000,2542.64000000,,,"Mass",2.02195960000,,"Transit",7000.00,1.590000,0.1000
"GJ 480 b",2.91000000,,,8.80000000,0.70000000,-0.70000000,"Msini",9.55360000000,1.960000,"Radial Velocity",3509.00,0.450000,0.2600
"Kepler-1192 b",2.36000000,0.24000000,-0.22000000,6.17000000,,,"M-R relationship",25.20347870000,2.580000,"Transit",5438.00,0.860000,-0.1600
"Kepler-921 b",2.87000000,0.33000000,-0.73000000,8.60000000,,,"M-R relationship",51.30063400000,2.000000,"Transit",5663.00,0.930000,-0.1200
"Kepler-1797 b",3.05774442,,,9.58000000,,,"M-R relationship",23.35939980000,1.840000,"Transit",6244.00,1.069000,-0.2000
"NGTS-32 b",15.91675259,0.33626942,-0.33626942,181.16219199,15.89142035,-15.89142035,"Mass",3.31211000000,0.240000,"Transit",5680.00,1.070000,-0.0300
"Kepler-431 b",0.76400000,,,0.37000000,,,"M-R relationship",6.80300000000,4.560000,"Transit",6004.00,1.071000,0.0700
"GJ 3222 b",3.40000000,,,11.44182265,3.49611248,-1.90697044,"Msini",10.66669000000,1.600000,"Radial Velocity",5257.46,0.890000,0.1600
"WASP-56 b",10.53646000,1.00881000,-1.00881000,143.02350000,28.60470000,-28.60470000,"Mass",4.61710000000,0.583000,"Transit",5600.00,0.710000,0.1200
"Kepler-154 b",2.26000000,0.44000000,-0.44000000,5.73000000,,,"M-R relationship",33.04053200000,2.730000,"Transit",5690.00,0.933000,0.0200
"Kepler-82 f",4.84000000,,,20.90000000,1.00000000,-1.00000000,"Mass",75.73200000000,1.010000,"Transit Timing Variations",5401.00,0.910000,0.2107
"TOI-269 b",2.77000000,0.12000000,-0.12000000,8.80000000,1.40000000,-1.40000000,"Mass",3.69771040000,2.280000,"Transit",3514.00,0.391700,-0.2900
"TOI-1718 b",4.10824994,0.27405530,-0.26669680,15.80000000,,,"M-R relationship",5.58703768615,1.250000,"Transit",5304.91,0.930000,0.2000
"WASP-79 b",17.14974047,0.44835923,-0.44835923,270.15414595,25.42627256,-25.42627256,"Mass",3.66239200000,0.130000,"Transit",6600.00,1.390000,0.0300
"KIC 10068024 b",13.40000000,,,635.65681400,127.13136280,-127.13136280,"Msini",2.07354900000,1.450000,"Orbital Brightness Modulation",6118.40,1.220000,0.0100
"Kepler-354 c",1.31000000,0.42000000,-0.42000000,2.27000000,,,"M-R relationship",16.93440200000,5.550000,"Transit",4648.00,0.652000,-0.0300
"TOI-697 b",2.35859364,0.20903984,-0.18176315,6.16000000,,,"M-R relationship",8.60788713593,2.580000,"Transit",5681.95,0.970000,
"TOI-2537 b",11.25381662,0.66132986,-0.68374782,415.40172795,28.92238504,-27.96889982,"Mass",94.10220000000,1.600000,"Transit",4870.00,0.771000,0.0800
"HD 148164 b",13.70000000,,,390.93090000,79.45750000,-79.45750000,"Msini",328.55000000000,0.835000,"Radial Velocity",6032.00,1.210000,0.2400
"HD 107148 c",4.70000000,,,19.89605828,3.08293555,-3.11471839,"Msini",18.32670000000,1.050000,"Radial Velocity",5752.92,1.105215,0.2964
"K2-194 b",3.64229858,0.61766974,-0.50000005,12.90000000,,,"M-R relationship",39.72138600000,1.470000,"Transit",5979.00,1.110086,0.1000
"Kepler-84 b",2.23000000,0.10000000,-0.10000000,40.00000000,13.70000000,-10.30000000,"Mass",8.72600000000,19.800000,"Transit",6039.00,1.000000,-0.0700
"Kepler-1245 b",1.44000000,0.12000000,-0.10000000,2.67000000,,,"M-R relationship",4.35409304000,4.910000,"Transit",5306.00,0.860000,-0.0100
"OGLE-2016-BLG-0007L b",1.09000000,,,1.32000000,0.91000000,-0.67000000,"Mass",14200.00000000000,5.600000,"Microlensing",,0.590000,
"Kepler-528 b",2.08000000,0.29000000,-0.19000000,4.98000000,,,"M-R relationship",19.78297415000,3.040000,"Transit",5807.00,1.010000,0.0200
"Kepler-1090 b",2.25000000,0.21000000,-0.17000000,5.69000000,,,"M-R relationship",198.68017900000,2.740000,"Transit",5321.00,0.860000,-0.0400
"K2-285 b",2.59000000,0.06000000,-0.06000000,9.68000000,1.21000000,-1.37000000,"Mass",3.47174500000,3.070000,"Transit",4975.00,0.830000,0.0000
"HD 96700 d",3.61000000,,,12.70000000,1.00000000,-1.00000000,"Msini",103.50000000000,1.480000,"Radial Velocity",5845.00,0.890000,-0.1800
"Kepler-769 c",1.79000000,0.76000000,-0.27000000,3.86000000,,,"M-R relationship",15.98701740000,3.700000,"Transit",6186.00,1.190000,0.0600
"LTT 9779 b",4.72000000,0.23000000,-0.23000000,29.32000000,0.78000000,-0.81000000,"Mass",0.79205200000,1.536000,"Transit",5443.00,1.020000,0.2700
"TOI-421 b",2.64000000,0.08000000,-0.08000000,6.70000000,0.60000000,-0.60000000,"Mass",5.19757600000,2.040038,"Transit",5291.00,0.833000,-0.0440
"Kepler-244 c",2.05000000,0.87000000,-0.87000000,4.86000000,,,"M-R relationship",9.76729200000,3.100000,"Transit",5554.00,0.933000,0.0700
"HD 12235 b",3.23000000,,,10.48833743,1.27131363,-1.58914204,"Msini",4.36305000000,1.710000,"Radial Velocity",5986.00,1.100000,0.3100
"Kepler-1470 b",1.07000000,0.09000000,-0.08000000,1.24000000,,,"M-R relationship",16.29509030000,5.560000,"Transit",4961.00,0.800000,-0.0100
"Kepler-1544 b",1.78000000,0.09000000,-0.07000000,3.82000000,,,"M-R relationship",168.81117400000,3.720000,"Transit",4886.00,0.810000,0.0200
"Kepler-831 b",1.27000000,0.10000000,-0.07000000,2.15000000,,,"M-R relationship",5.62153941000,5.770000,"Transit",5732.00,0.990000,0.0200
"Kepler-144 b",1.33000000,0.26000000,-0.26000000,2.33000000,,,"M-R relationship",5.88527300000,5.440000,"Transit",6075.00,1.154000,-0.1848
"Kepler-1910 b",1.18400000,,,1.78000000,,,"M-R relationship",5.68876981700,5.890000,"Transit",4234.00,0.636000,-0.0200
"COCONUTS-2 b",12.57647635,0.05604490,-0.04483592,2383.71305250,127.13136280,-127.13136280,"Mass",402000000.00000000000,6.580000,"Imaging",3552.00,0.400000,0.0000
"Kepler-294 c",2.71000000,1.27000000,-1.27000000,7.80000000,,,"M-R relationship",6.62640000000,2.150000,"Transit",5913.00,0.947000,0.1100
"Kepler-623 b",3.01000000,0.34000000,-0.21000000,9.32000000,,,"M-R relationship",9.07097734000,1.880000,"Transit",5443.00,0.900000,-0.0300
"K2-104 b",1.79000000,0.10000000,-0.06000000,3.86000000,,,"M-R relationship",1.97419540000,3.700000,"Transit",3712.00,0.510000,0.1800
"HD 31527 c",3.85000000,,,14.16000000,1.28000000,-1.23000000,"Msini",51.20530000000,1.360000,"Radial Velocity",5898.00,0.960000,-0.1700
"Kepler-1371 c",0.64000000,0.07000000,-0.05000000,0.19600000,,,"M-R relationship",2.00541269000,4.110000,"Transit",5361.00,0.870000,-0.0700
"K2-14 b",4.81000000,0.42000000,-0.42000000,20.70000000,,,"M-R relationship",8.36802000000,1.020000,"Transit",3789.00,0.470000,-0.3700
"Pr0211 b",13.40000000,,,597.52040000,9.53490000,-9.53490000,"Msini",2.14610000000,1.360000,"Radial Velocity",5300.00,0.935000,0.1800
"75 Cet b",13.30000000,,,787.89662095,23.51930212,-28.60455663,"Msini",696.62000000000,1.840000,"Radial Velocity",4809.00,1.920000,0.1000
"Kepler-963 b",2.66000000,0.30000000,-0.19000000,7.56000000,,,"M-R relationship",9.97683705000,2.210000,"Transit",5461.00,0.910000,-0.0200
"K2-168 b",1.86000000,0.24000000,-0.11000000,4.12000000,,,"M-R relationship",15.85230000000,3.520000,"Transit",5502.70,0.877000,-0.1300
"TOI-5736 b",1.56000000,0.07000000,-0.07000000,3.05000000,,,"M-R relationship",0.64899000000,4.410000,"Transit",3949.00,0.570000,
"Kepler-1041 b",2.94000000,0.62000000,-0.53000000,8.96000000,,,"M-R relationship",24.75764210000,1.940000,"Transit",5957.00,1.060000,0.0100
"Kepler-1816 b",1.96793970,,,4.53000000,,,"M-R relationship",91.50099945000,3.270000,"Transit",5051.00,0.786000,-0.2400
"Kepler-1338 b",0.92000000,0.19000000,-0.10000000,0.72100000,,,"M-R relationship",0.93511805700,5.090000,"Transit",5909.00,1.040000,0.0000
"TOI-2109 b",15.09849700,0.52682209,-0.52682209,1595.49860314,238.37130525,-238.37130525,"Mass",0.67247414000,2.550000,"Transit",6540.00,1.453000,0.0680
"bet Pic d",14.12331568,0.33626942,-0.33626942,762.78817680,190.69704420,-190.69704420,"Mass",33200.00000000000,1.490000,"Imaging",8038.68,1.789000,-0.2100
"TOI-1075 b",1.79100000,0.11600000,-0.08100000,9.95000000,1.36000000,-1.30000000,"Mass",0.60473280000,9.320000,"Transit",3875.00,0.604000,-0.0800
"Kepler-59 c",1.98000000,,,3.81000000,2.64000000,-0.98000000,"Mass",17.98012350000,1.620000,"Transit",6074.00,1.040000,-0.2000
"BD+42 2315 b",14.20000000,,,174.80562385,,,"Msini",123.05000000000,0.335000,"Radial Velocity",4500.00,1.380000,-0.2000
"HD 219134 g",3.28000000,,,10.80622000,1.27132000,-1.27132000,"Msini",94.20000000000,1.680000,"Radial Velocity",4913.00,0.794000,0.0800
"OGLE-2018-BLG-0740L b",12.90000000,,,1500.00000000,200.00000000,-200.00000000,"Mass",5480.00000000000,3.840000,"Microlensing",5912.00,1.000000,-0.2400
"Kepler-1247 b",2.33000000,0.21000000,-0.16000000,6.04000000,,,"M-R relationship",13.71220213000,2.620000,"Transit",5303.00,0.860000,-0.0500
"Kepler-1833 b",1.30027362,,,2.24000000,,,"M-R relationship",6.89212989800,5.600000,"Transit",6164.00,1.286000,0.3800
"Kepler-1035 b",1.17000000,0.28000000,-0.11000000,1.71000000,,,"M-R relationship",2.71407755500,5.870000,"Transit",5763.00,0.980000,-0.0300
"TOI-1803 b",2.99000000,0.08000000,-0.08000000,10.32000000,1.66000000,-0.48000000,"Mass",6.29328700000,2.150310,"Transit",4687.00,0.756000,0.0140
"Kepler-1368 b",1.65000000,0.35000000,-0.17000000,3.36000000,,,"M-R relationship",0.67564948600,4.110000,"Transit",5906.00,1.070000,0.1000
"TOI-1135 b",9.91994792,0.31385146,-0.31385146,58.79825529,,,"Mass",8.02773270000,0.150000,"Transit",6320.00,1.119000,-0.0390
"K2-227 b",1.66551298,1.22117412,-0.17927703,3.41000000,,,"M-R relationship",13.62183200000,4.060000,"Transit",5673.00,0.950811,-0.1000
"MASCARA-4 b",16.98160576,0.49319515,-0.49319515,532.36258173,76.59664609,-76.59664609,"Mass",2.82409320000,0.481000,"Transit",7800.00,1.750000,0.0000
"Kepler-152 b",2.79000000,0.17000000,-0.17000000,8.20000000,,,"M-R relationship",18.20797300000,2.070000,"Transit",5088.00,0.779000,-0.1200
"Kepler-1700 b",2.90129941,,,8.76000000,,,"M-R relationship",234.23900000000,1.970000,"Transit",6031.00,1.120000,0.0700
"TOI-261.02",3.34822227,1.26961870,-1.26961870,11.20000000,,,"M-R relationship",13.03935862135,1.640000,"Transit",5890.30,1.069000,-0.3500
"Kepler-140 c",1.80000000,0.35000000,-0.35000000,3.89000000,,,"M-R relationship",91.35328200000,3.670000,"Transit",6077.00,1.044000,-0.0390
"HD 5278 b",2.45000000,0.05000000,-0.05000000,7.80000000,1.50000000,-1.40000000,"Mass",14.33915600000,2.900000,"Transit",6203.00,1.126000,-0.1200
"Kepler-1062 b",1.76000000,0.09000000,-0.10000000,3.75000000,,,"M-R relationship",9.30412078000,3.780000,"Transit",4597.00,0.750000,0.1100
"Kepler-495 b",5.23000000,0.42000000,-0.34000000,23.80000000,,,"M-R relationship",3.41303622100,0.914000,"Transit",5346.00,0.860000,-0.0700
"HD 106515 A b",12.10000000,,,6006.95689230,476.74261050,-444.95976980,"Mass",3626.00000000000,18.600000,"Radial Velocity",5362.00,0.890000,0.0300
"TOI-4201 b",13.67495645,0.44835923,-0.44835923,788.21444936,28.60455663,-28.60455663,"Mass",3.58191940000,1.820000,"Transit",3794.00,0.610000,0.5200
"Kepler-476 b",3.08000000,0.51000000,-0.30000000,9.69000000,,,"M-R relationship",14.00640607000,1.820000,"Transit",5837.00,1.030000,0.0400
"Kepler-336 c",2.10000000,0.37000000,-0.37000000,5.06000000,,,"M-R relationship",9.60000100000,3.000000,"Transit",5867.00,1.090000,0.3370
"Kepler-1111 b",2.00000000,0.54000000,-0.26000000,4.66000000,,,"M-R relationship",8.79617863000,3.200000,"Transit",6077.00,1.100000,0.0200
"Kepler-463 b",3.05000000,0.43000000,-0.30000000,9.53000000,,,"M-R relationship",8.98101683300,1.850000,"Transit",5661.00,0.870000,-0.2800
"Kepler-1689 b",0.94678642,,,0.79900000,,,"M-R relationship",8.48300000000,5.170000,"Transit",5731.43,1.023000,-0.1455
"Kepler-285 c",1.12000000,0.49000000,-0.49000000,1.46000000,,,"M-R relationship",6.18667600000,5.710000,"Transit",5411.00,0.915000,0.1700
"TOI-5716 b",0.96000000,0.05000000,-0.05000000,0.84000000,,,"M-R relationship",6.76630000000,5.220000,"Transit",3436.00,0.190000,-0.5400
"Kepler-396 b",3.50000000,1.28000000,-0.65000000,75.50000000,11.80000000,-5.80000000,"Mass",42.99400000000,9.680000,"Transit",5656.00,0.850000,0.1558
"HD 260655 c",1.53300000,0.05100000,-0.04600000,3.09000000,0.48000000,-0.48000000,"Mass",5.70588000000,4.700000,"Transit",3803.00,0.439000,-0.4300
"TOI-2260 b",1.62000000,0.13000000,-0.13000000,3.26000000,,,"M-R relationship",0.35247280000,4.210000,"Transit",5534.00,0.990000,0.2200
"TOI-2445 b",1.25000000,0.08000000,-0.08000000,2.10000000,,,"M-R relationship",0.37112810000,5.910000,"Transit",3333.00,0.250000,
"HD 159868 c",14.00000000,,,244.09344000,13.98452000,-13.98452000,"Msini",351.00000000000,0.489000,"Radial Velocity",5534.00,1.190000,-0.0800
"XO-5 b",12.78000000,0.34000000,-0.34000000,378.20000000,9.53000000,-9.53000000,"Mass",4.18775580000,1.060000,"Transit",5430.00,1.040000,0.0500
"Kepler-1443 b",0.97000000,0.22000000,-0.09000000,0.87100000,,,"M-R relationship",2.41811321000,5.240000,"Transit",6289.00,1.190000,0.0000
"KOI-1257 b",10.54000000,1.35000000,-1.35000000,460.83000000,111.24000000,-111.24000000,"Mass",86.64766100000,2.100000,"Transit",5520.00,0.990000,0.2700
"Kepler-155 b",2.09000000,0.21000000,-0.21000000,5.02000000,,,"M-R relationship",5.93119400000,3.020000,"Transit",4508.00,0.635000,-0.1420
"K2-74 b",2.31000000,0.19000000,-0.19000000,5.95000000,,,"M-R relationship",19.56660000000,2.650000,"Transit",6060.00,0.960000,-0.2100
"TOI-2580 b",17.37392009,0.56044903,-0.56044903,200.23189641,25.42627256,-25.42627256,"Mass",3.39775000000,0.220000,"Transit",6120.00,1.330000,0.2600
"TOI-1670 b",2.06000000,0.19000000,-0.15000000,41.31769291,,,"Mass",10.98462000000,8.600000,"Transit",6170.00,1.210000,0.0900
"LTT 1445 A c",1.14700000,0.05500000,-0.05400000,1.54000000,0.20000000,-0.19000000,"Mass",3.12390350000,5.570000,"Transit",3340.00,0.257000,-0.3400
"HD 127195 b",14.00000000,,,212.94503269,6.35656814,-6.35656814,"Msini",534.50000000000,0.426000,"Radial Velocity",4981.00,1.340000,-0.0400
"HD 34445 f",6.88000000,,,37.90000000,6.50000000,-6.50000000,"Msini",676.80000000000,0.640000,"Radial Velocity",5836.00,1.070000,0.1400
"Kepler-265 d",2.49000000,0.54000000,-0.54000000,6.76000000,,,"M-R relationship",43.13061700000,2.410000,"Transit",5835.00,0.970000,-0.1100
"K2-323 b",2.10000000,0.09000000,-0.11000000,5.06000000,,,"M-R relationship",24.93000000000,3.000000,"Transit",3710.00,0.478000,
"Kepler-1669 c",1.90120972,,,4.27000000,,,"M-R relationship",1.60932004500,3.410000,"Transit",4224.00,0.609000,-0.2000
"Kepler-943 b",5.93000000,0.79000000,-0.53000000,29.50000000,,,"M-R relationship",49.77014380000,0.777000,"Transit",5612.00,0.930000,-0.0700
"Kepler-578 b",2.00000000,0.18000000,-0.22000000,4.66000000,,,"M-R relationship",1.61688369600,3.200000,"Transit",5334.00,0.870000,-0.0300
"TOI-237 b",1.44000000,0.12000000,-0.12000000,2.67000000,,,"M-R relationship",5.43609800000,4.910000,"Transit",3212.00,0.179000,-0.3443
"Kepler-169 f",2.58000000,0.24000000,-0.24000000,7.18000000,,,"M-R relationship",87.09019500000,2.300000,"Transit",4997.00,0.825000,0.1700
"Kepler-1321 c",2.40000000,0.30000000,-0.18000000,6.35000000,,,"M-R relationship",2.22649108600,2.520000,"Transit",4094.00,0.540000,-0.4500
"Kepler-432 c",13.30000000,,,772.32690000,69.92260000,-76.27920000,"Msini",406.20000000000,1.800000,"Radial Velocity",4995.00,1.320000,-0.0700
"K2-138 b",1.51000000,0.11000000,-0.08400000,3.10000000,1.05000000,-1.05000000,"Mass",2.35309000000,4.900000,"Transit",5356.30,0.935000,0.1400
"HD 68402 b",12.60000000,,,2510.84441530,540.30829190,-476.74261050,"Mass",1103.00000000000,6.900000,"Radial Velocity",5950.00,1.120000,0.2900
"Kepler-1893 b",1.70557445,,,3.55000000,,,"M-R relationship",4.17936992600,3.930000,"Transit",5633.00,0.973000,0.1600
"Kepler-912 b",2.80000000,0.84000000,-0.51000000,8.25000000,,,"M-R relationship",2.53475627300,2.070000,"Transit",5998.00,1.070000,0.0200
"Kepler-273 b",1.50000000,0.86000000,-0.86000000,2.86000000,,,"M-R relationship",2.93653200000,4.660000,"Transit",5626.00,0.756000,-0.2800
"Kepler-1647 b",11.87390000,0.13770000,-0.13770000,483.00000000,206.00000000,-206.00000000,"Mass",1107.59230000000,1.590000,"Transit",6210.00,1.220700,-0.1400
"Kepler-929 b",1.11000000,0.27000000,-0.15000000,1.41000000,,,"M-R relationship",0.92103213500,5.670000,"Transit",5869.00,1.010000,-0.0400
"Kepler-341 c",1.70000000,0.86000000,-0.86000000,3.53000000,,,"M-R relationship",8.01041000000,3.950000,"Transit",6012.00,0.976000,0.0700
"K2-210 b",0.86000000,0.20000000,-0.20000000,0.56600000,,,"M-R relationship",0.57023000000,4.890000,"Transit",5500.00,0.911717,0.0000
"WASP-172 b",17.59813000,1.12090000,-1.12090000,149.38010000,31.78300000,-31.78300000,"Mass",5.47743300000,0.160000,"Transit",6900.00,1.490000,-0.1000
"Kepler-1382 b",1.88000000,0.39000000,-0.34000000,4.19000000,,,"M-R relationship",16.35830550000,3.470000,"Transit",6161.00,1.360000,0.3000
"Kepler-26 c",2.72000000,0.12000000,-0.12000000,6.20000000,0.65000000,-0.65000000,"Mass",17.25590000000,1.610000,"Transit",3914.00,0.544000,-0.1300
"K2-406 b",4.60200000,0.31100000,-0.29200000,19.20000000,,,"M-R relationship",22.54940600000,1.080000,"Transit",5784.00,0.798000,-0.0380
"Kepler-393 b",1.29000000,0.25000000,-0.25000000,2.21000000,,,"M-R relationship",9.18241700000,5.660000,"Transit",6189.00,1.256000,0.0322
"Kepler-1743 b",1.59887007,,,3.18000000,,,"M-R relationship",7.64971017800,4.280000,"Transit",5855.00,1.266000,0.4000
"Kepler-959 b",4.38000000,1.21000000,-0.87000000,17.60000000,,,"M-R relationship",14.80074836000,1.150000,"Transit",7005.00,1.600000,0.0200
"Kepler-802 b",3.54000000,0.47000000,-0.40000000,12.30000000,,,"M-R relationship",40.05874730000,1.520000,"Transit",5507.00,0.930000,0.0600
"Kepler-209 c",3.10000000,0.51000000,-0.51000000,9.80000000,,,"M-R relationship",41.74988200000,1.810000,"Transit",5513.00,0.971000,0.1100
"Kepler-421 b",4.16000000,0.19000000,-0.16000000,16.10000000,,,"M-R relationship",704.19840000000,1.230000,"Transit",5308.00,0.794000,-0.2500
"Kepler-142 c",2.86000000,0.55000000,-0.55000000,8.55000000,,,"M-R relationship",4.76170200000,2.010000,"Transit",5790.00,0.978000,0.0500
"Kepler-1421 b",0.93000000,0.20000000,-0.11000000,0.74900000,,,"M-R relationship",6.91311120000,5.120000,"Transit",6335.00,1.250000,0.0500
"Kepler-1649 c",1.06000000,0.15000000,-0.10000000,1.20000000,,,"M-R relationship",19.53527000000,5.540000,"Transit",3240.00,0.197700,-0.1500
"EPIC 201238110 b",1.87000000,0.20000000,-0.45000000,4.16000000,,,"M-R relationship",28.16560000000,3.500000,"Transit",3587.00,0.410000,
"TYC 3667-1280-1 b",12.80000000,,,1716.28200000,127.13200000,-127.13200000,"Msini",26.46800000000,4.500000,"Radial Velocity",5130.00,1.870000,-0.0800
"Kepler-906 b",2.11000000,0.10000000,-0.10000000,5.10000000,,,"M-R relationship",41.69799760000,2.980000,"Transit",6035.00,1.060000,-0.0900
"HIP 67851 b",13.70000000,,,365.50266805,12.71313628,-12.71313628,"Msini",89.23000000000,0.781000,"Radial Velocity",4840.00,1.280000,0.0100
"TOI-776 c",2.04700000,0.08100000,-0.07800000,6.90000000,2.60000000,-2.50000000,"Mass",15.66532300000,4.400000,"Transit",3725.00,0.542000,-0.2100
"TOI-451 b",1.84000000,0.11000000,-0.11000000,4.70000000,2.10000000,-2.20000000,"Mass",1.85870330000,4.100000,"Transit",5490.00,0.930000,0.0200
"HAT-P-13 c",12.30000000,,,4538.42100000,88.98900000,-88.98900000,"Msini",446.27000000000,13.400000,"Radial Velocity",5653.00,1.320000,0.4600
"TOI-451 c",2.93000000,0.16000000,-0.16000000,3.70000000,3.20000000,-2.40000000,"Mass",9.19246300000,0.810000,"Transit",5490.00,0.930000,0.0200
"TOI-561 c",2.86500000,0.04100000,-0.04100000,5.93000000,0.67000000,-0.67000000,"Mass",10.77883800000,1.300000,"Transit",5342.00,0.806000,-0.4100
"HATS-77 b",13.05846252,0.23538859,-0.23538859,436.69623122,31.78284070,-23.51930212,"Mass",3.08762620000,1.077000,"Transit",4071.00,0.655000,0.2530
"K2-202 b",2.30165603,0.18443149,-0.12920215,5.91000000,,,"M-R relationship",3.40516400000,2.660000,"Transit",5491.00,0.971461,0.2700
"Kepler-1046 b",1.71000000,0.12000000,-0.11000000,3.57000000,,,"M-R relationship",14.37508035000,3.920000,"Transit",5913.00,1.040000,0.0000
"Kepler-106 e",2.56000000,0.33000000,-0.33000000,11.17000000,5.80000000,-5.80000000,"Mass",43.84450000000,3.100000,"Transit",5858.00,1.000000,-0.1200
"Kepler-838 b",2.73000000,0.51000000,-0.25000000,7.90000000,,,"M-R relationship",15.74957994000,2.130000,"Transit",5770.00,0.980000,-0.0600
"Kepler-389 b",1.51000000,0.77000000,-0.77000000,2.89000000,,,"M-R relationship",3.24410700000,4.610000,"Transit",5376.00,0.765000,-0.1000
"Kepler-53 d",2.12000000,1.05000000,-1.05000000,37.19070000,,,"Mass",9.75196200000,1.400000,"Transit",6085.00,0.966000,0.0000
"Kepler-254 d",2.50000000,1.19000000,-1.19000000,6.80000000,,,"M-R relationship",18.74647700000,2.390000,"Transit",5957.00,0.849000,-0.1300
"Kepler-1531 b",1.11000000,0.48000000,-0.18000000,1.41000000,,,"M-R relationship",1.13854337600,5.670000,"Transit",6260.00,1.160000,-0.0300
"TOI-5532 b",2.52763693,0.64556628,-0.37858431,6.93000000,,,"M-R relationship",5.65396594310,2.360000,"Transit",4208.45,0.636083,
"HR 8799 b",13.00000000,1.00000000,-1.00000000,2000.00000000,1000.00000000,-600.00000000,"Mass",170000.00000000000,5.000000,"Imaging",7204.58,1.500000,-0.4700
"HD 216536 b",13.80000000,,,333.72150000,127.13200000,-127.13200000,"Msini",148.60001000000,0.698000,"Radial Velocity",4639.00,0.810000,-0.1700
"Kepler-1711 b",1.92300000,,,4.36000000,,,"M-R relationship",21.06080055000,3.370000,"Transit",5706.00,0.940000,0.0000
"Kepler-625 c",1.05000000,0.05000000,-0.03000000,1.16000000,,,"M-R relationship",4.16536510000,5.510000,"Transit",5789.00,1.040000,0.1000
"Kepler-54 b",2.10000000,,,0.98000000,0.34000000,-0.22000000,"Mass",8.01094340000,0.760000,"Transit",3705.00,0.510000,-0.2700
"TOI-561 d",2.61500000,0.05900000,-0.05900000,13.33000000,0.98000000,-0.98000000,"Mass",25.71268000000,4.100000,"Transit",5342.00,0.806000,-0.4100
"Kepler-1583 b",0.60000000,0.09000000,-0.05000000,0.15600000,,,"M-R relationship",9.32807355000,3.970000,"Transit",5645.00,0.940000,-0.0700
"Kepler-1319 b",1.34000000,0.72000000,-0.08000000,2.36000000,,,"M-R relationship",2.88676264500,5.390000,"Transit",3655.00,0.560000,0.4400
"HD 11977 b",12.70000000,,,2080.00000000,,,"Msini",711.00000000000,5.580000,"Radial Velocity",4970.00,1.910000,-0.2100
"Kepler-1851 b",3.90012032,,,14.50000000,,,"M-R relationship",12.02289963000,1.340000,"Transit",5982.00,0.967000,-0.2800
"CoRoT-35 b",18.83108758,1.23298788,-1.23298788,349.61124770,117.59651059,-117.59651059,"Mass",3.22748000000,0.290000,"Transit",6390.00,1.010000,-0.5000
"Kepler-1124 b",1.28000000,0.12000000,-0.07000000,2.18000000,,,"M-R relationship",2.85234897500,5.710000,"Transit",3658.00,0.350000,-0.5900
"TIC 77552382 b",5.69176189,0.68938597,-0.51868695,27.50000000,,,"M-R relationship",3.51025904942,0.820000,"Transit",4981.07,0.830000,
"Kepler-202 c",1.85000000,0.10000000,-0.10000000,4.08000000,,,"M-R relationship",16.28249300000,3.540000,"Transit",4668.00,0.683000,-0.2100
"Kepler-276 c",2.90000000,1.27000000,-0.28000000,16.60000000,4.40000000,-3.60000000,"Mass",31.88400000000,0.890000,"Transit",5693.00,1.100000,-0.2900
"Kepler-1793 b",3.79037518,,,13.80000000,,,"M-R relationship",8.77999973300,1.390000,"Transit",5191.00,0.850000,-0.0600
"Kepler-218 d",2.66000000,0.28000000,-0.18000000,7.56000000,,,"M-R relationship",124.52446470000,2.210000,"Transit",5542.00,1.010000,0.3100
"Kepler-153 c",2.53000000,1.52000000,-1.52000000,6.94000000,,,"M-R relationship",46.90232000000,2.350000,"Transit",5404.00,0.756000,-0.2700
"gam1 Leo b",12.50000000,,,2790.43000000,317.81700000,-317.81700000,"Msini",428.50000000000,7.850000,"Radial Velocity",4330.00,1.230000,-0.5100
"K2-42 b",2.15000000,0.24000000,-0.24000000,5.27000000,,,"M-R relationship",6.68796000000,2.910000,"Transit",4613.00,0.702000,
"Kepler-1894 b",1.20117759,,,1.87000000,,,"M-R relationship",2.76266002700,5.930000,"Transit",5772.00,0.999000,0.0000
"K2-349 b",1.38000000,0.10000000,-0.07000000,2.48000000,,,"M-R relationship",9.03217800000,5.190000,"Transit",4385.00,0.540000,-0.6600
"Kepler-193 c",2.75000000,1.24000000,-1.24000000,8.00000000,,,"M-R relationship",50.69749400000,2.110000,"Transit",6335.00,1.051000,0.0000
"HD 217786 c",2.61000000,,,7.31005336,0.63565681,-0.63565681,"Msini",2.52221000000,2.260000,"Radial Velocity",5966.00,1.140000,-0.1350
"HD 29985 b",12.80000000,,,1739.47487151,617.85842321,-367.72746690,"Mass",20608.14049000000,4.560000,"Radial Velocity",4678.00,0.750000,-0.2200
"bet UMi b",12.70000000,,,1938.70000000,317.80000000,-317.80000000,"Msini",522.30000000000,5.200000,"Radial Velocity",4126.00,1.400000,-0.2700
"GJ 273 c",1.06000000,,,1.18000000,0.16000000,-0.16000000,"Msini",4.72340000000,5.440000,"Radial Velocity",3382.00,0.290000,0.0900
"Kepler-62 f",1.41000000,0.07000000,-0.07000000,35.00000000,,,"Mass",267.29100000000,,"Transit",4925.00,0.690000,-0.3700
"TOI-4342 b",2.32900000,0.08600000,-0.08500000,7.30000000,1.30000000,-1.30000000,"Mass",5.53825920000,3.180000,"Transit",3866.00,0.587000,0.2600
"Kepler-1156 b",1.32000000,0.14000000,-0.09000000,2.30000000,,,"M-R relationship",11.89520511000,5.500000,"Transit",5778.00,1.000000,0.0200
"Kepler-989 b",2.21000000,0.14000000,-0.13000000,5.52000000,,,"M-R relationship",7.96431535200,2.810000,"Transit",5074.00,0.820000,0.0100
"Kepler-132 d",1.55000000,0.30000000,-0.30000000,3.02000000,,,"M-R relationship",18.01019900000,4.460000,"Transit",6003.00,0.929000,-0.2159
"MOA-2009-BLG-266L b",3.21000000,,,10.40000000,1.70000000,-1.70000000,"Mass",2800.00000000000,1.730000,"Microlensing",,0.560000,
"Kepler-1773 b",3.50469499,,,12.10000000,,,"M-R relationship",40.80970001000,1.540000,"Transit",6183.00,1.241000,0.2600
"HD 22946 d",2.60700000,0.06000000,-0.06000000,26.57000000,,,"Mass",47.42489000000,10.800000,"Transit",6169.00,1.098000,-0.0800
"Kepler-400 b",1.65000000,0.30000000,-0.30000000,3.36000000,,,"M-R relationship",9.02438900000,4.110000,"Transit",5886.00,1.080000,0.0844
"HD 87646 b",12.40000000,,,3941.09200000,222.48100000,-222.48100000,"Msini",13.48100000000,11.400000,"Radial Velocity",5770.00,1.120000,-0.1700
"HD 113337 c",12.10000000,,,6299.67685515,772.32302901,-818.40814802,"Mass",5429.93477000000,19.500000,"Radial Velocity",6774.00,1.410000,0.0700
"Kepler-674 b",1.69000000,0.10000000,-0.07000000,3.50000000,,,"M-R relationship",2.24338184700,3.980000,"Transit",4192.00,0.600000,-0.2700
"TOI-3884 b",6.43000000,0.20000000,-0.20000000,32.59000000,7.31000000,-7.38000000,"Mass",4.54458280000,0.670000,"Transit",3180.00,0.298000,0.0400
"TOI-4010 c",5.93000000,0.11000000,-0.12000000,20.31000000,2.13000000,-2.11000000,"Mass",5.41465400000,0.500000,"Transit",4960.00,0.880000,0.3700
"HD 30177 b",12.60000000,,,2622.08435775,333.71982735,-270.15414595,"Mass",2539.00000000000,7.200000,"Radial Velocity",5680.00,0.980000,0.4300
"KOBE-1 c",3.56000000,,,12.40000000,1.10000000,-1.10000000,"Msini",29.67100000000,1.510000,"Radial Velocity",4135.00,0.629000,-0.0100
"HD 134606 d",7.59000000,,,44.80000000,2.90000000,-2.90000000,"Msini",966.50000000000,0.563000,"Radial Velocity",5576.00,1.046000,0.3430
"HD 45364 c",14.20000000,,,174.48779544,2.38371305,-2.35193021,"Msini",345.43000000000,0.335000,"Radial Velocity",5466.00,0.820000,-0.1700
"Kepler-137 b",1.47000000,0.11000000,-0.11000000,2.76000000,,,"M-R relationship",8.43638700000,4.770000,"Transit",5187.00,0.850000,0.0500
"HD 218566 b",9.32000000,,,63.56600000,19.06980000,-19.06980000,"Msini",225.70000000000,0.431000,"Radial Velocity",4730.00,0.760000,0.2800
"TOI-815 b",2.94000000,0.05000000,-0.05000000,7.60000000,1.50000000,-1.40000000,"Mass",11.19725900000,1.640000,"Transit",4869.00,0.776000,-0.0900
"Qatar-7 b",19.05530000,0.33627000,-0.33627000,597.52040000,79.45750000,-79.45750000,"Mass",2.03204600000,0.502000,"Transit",6387.00,1.409000,0.2760
"Kepler-177 b",3.50000000,0.19000000,-0.15000000,5.84000000,0.86000000,-0.82000000,"Mass",36.86010000000,0.750000,"Transit",5732.00,0.921000,-0.1100
"Kepler-884 b",1.23000000,0.05000000,-0.05000000,2.04000000,,,"M-R relationship",5.69919514000,6.020000,"Transit",5715.00,1.000000,0.0500
"K2-140 b",13.56286665,1.00880826,-1.00880826,295.58041851,12.71313628,-12.71313628,"Mass",6.56918800000,0.660000,"Transit",5585.00,0.960000,0.1000
"TOI-1759 b",3.14000000,0.10000000,-0.10000000,10.80000000,1.50000000,-1.50000000,"Mass",18.85019000000,1.910000,"Transit",4065.00,0.606000,0.0500
"TOI-1468 c",2.12600000,0.09200000,-0.09300000,4.10000000,1.10000000,-1.10000000,"Mass",15.53247700000,2.310000,"Transit",3376.00,0.352700,-0.0100
"Kepler-1433 b",1.56000000,0.45000000,-0.18000000,3.05000000,,,"M-R relationship",4.13592271000,4.410000,"Transit",6097.00,1.140000,0.0700
"Kepler-894 b",2.78000000,0.30000000,-0.34000000,8.15000000,,,"M-R relationship",9.80322400000,2.080000,"Transit",5603.00,0.870000,-0.2500
"Kepler-817 b",9.03000000,2.06000000,-1.13000000,60.20000000,,,"M-R relationship",3.99010622900,0.449000,"Transit",5861.00,1.030000,0.0200
"HD 196067 c",3.21000000,,,10.40000000,1.39000000,-1.39000000,"Msini",4.60108800000,1.730000,"Radial Velocity",6072.00,1.160000,0.2130
"HD 27894 c",8.24000000,,,51.48846000,3.49613000,-12.71320000,"Msini",36.07000000000,0.506000,"Radial Velocity",4875.00,0.800000,0.3000
"HD 41004 A b",13.20000000,,,807.25000000,235.18000000,-235.18000000,"Msini",963.00000000000,1.930000,"Radial Velocity",5310.00,0.950000,0.2300
"WASP-149 b",15.24421375,0.67253884,-0.67253884,314.96795134,62.29436777,-62.29436777,"Mass",1.33281300000,0.490000,"Transit",5750.00,1.050000,0.0000
"MOA-2011-BLG-293L b",12.90000000,,,1500.00000000,100.00000000,-100.00000000,"Mass",550.00000000000,3.840000,"Microlensing",,0.860000,
"TOI-178 e",2.30100000,0.03800000,-0.03900000,3.48000000,0.29000000,-0.29000000,"Mass",9.96318000000,1.582408,"Transit",4316.00,0.647000,-0.2300
"TOI-1468 b",1.40100000,0.05900000,-0.06000000,3.04000000,0.46000000,-0.46000000,"Mass",1.88052010000,6.100000,"Transit",3376.00,0.352700,-0.0100
"Kepler-1794 b",1.79426276,,,3.87000000,,,"M-R relationship",9.76298046100,3.680000,"Transit",5052.00,0.773000,0.0200
"HD 224018 c",2.42000000,0.07000000,-0.08000000,10.40000000,1.30000000,-1.10000000,"Mass",36.57669000000,4.000000,"Transit",5784.00,1.013000,0.0500
"Kepler-904 b",1.77000000,0.59000000,-0.24000000,3.78000000,,,"M-R relationship",3.02166863200,3.750000,"Transit",6160.00,1.160000,0.0500
"Kepler-383 c",1.24000000,0.49000000,-0.49000000,2.07000000,,,"M-R relationship",31.20075100000,5.970000,"Transit",4710.00,0.669000,-0.1785
"HIP 65891 b",12.70000000,,,1938.75328270,413.17692910,-413.17692910,"Mass",1089.60000000000,5.200000,"Radial Velocity",5000.00,2.500000,0.1600
"Kepler-1894 c",1.21000000,0.37000000,-0.11000000,1.92000000,,,"M-R relationship",5.05368985000,5.960000,"Transit",5772.00,0.999000,0.0000
"K2-391 b",1.37100000,0.28400000,-0.18800000,2.45000000,,,"M-R relationship",4.62265400000,5.220000,"Transit",5543.00,0.757000,-0.5430
"TIC 38825265 b",2.18869476,0.35685651,-0.24522877,5.43000000,,,"M-R relationship",3.31336980985,2.850000,"Transit",4375.52,0.640000,
"Kepler-58 b",2.78000000,,,35.50000000,,,"Mass",10.21849540000,10.100000,"Transit",5843.00,0.950000,0.1000
"PSR B1257+12 d",1.80000000,,,3.90000000,0.20000000,-0.20000000,"Mass",98.21140000000,3.670000,"Pulsar Timing",,1.400000,
"WASP-5 b",12.18400000,0.76200000,-0.79600000,502.15000000,41.32000000,-31.78000000,"Mass",1.62842790000,1.640000,"Transit",5700.00,0.960000,0.0900
"TOI-1064 b",2.58700000,0.04300000,-0.04200000,13.50000000,1.70000000,-1.80000000,"Mass",6.44386800000,4.300620,"Transit",4734.00,0.748000,0.0500
"Kepler-1298 b",1.31000000,0.23000000,-0.23000000,2.27000000,,,"M-R relationship",7.12811928000,5.550000,"Transit",6339.00,1.450000,0.1300
"Kepler-250 d",2.18000000,1.25000000,-1.25000000,5.39000000,,,"M-R relationship",17.64831200000,2.860000,"Transit",5160.00,0.806000,0.0100
"HD 6860 b",11.90000000,,,8981.83078182,651.54823435,-689.68764319,"Msini",663.87000000000,29.300000,"Radial Velocity",3802.00,2.490000,-0.0300
"GJ 486 b",1.28900000,0.01900000,-0.01400000,2.77000000,0.07600000,-0.07300000,"Mass",1.46712127000,6.660000,"Radial Velocity",3317.00,0.312000,-0.1500
"KELT-1 b",12.44200000,0.35868700,-0.24659800,8654.15000000,158.90800000,-152.55200000,"Mass",1.21751400000,24.700000,"Transit",6516.00,1.335000,0.0520
"Kepler-638 b",1.83000000,0.56000000,-0.31000000,4.01000000,,,"M-R relationship",6.07972888000,3.600000,"Transit",5382.00,0.880000,0.0400
"Kepler-1590 b",1.14000000,0.34000000,-0.15000000,1.55000000,,,"M-R relationship",7.61760804000,5.750000,"Transit",6053.00,1.110000,0.0300
"Gaia-4 b",12.40000000,,,3750.37520260,232.01473711,-209.76674862,"Mass",571.30000000000,10.800000,"Astrometry",4034.00,0.644000,0.0500
"K2-2016-BLG-0005L b",13.70000000,,,349.61124770,28.60455663,-28.60455663,"Mass",4700.00000000000,0.747000,"Microlensing",,0.584000,
"Kepler-1628 b",6.43000000,0.94000000,-0.51000000,33.80000000,,,"M-R relationship",76.37803300000,0.699000,"Transit",3724.00,0.550000,0.1700
"TOI-1744.01",2.68000000,0.26300000,-0.17200000,7.65000000,,,"M-R relationship",22.34170292700,2.180000,"Transit",6179.00,1.180000,
"TOI-3807 b",18.49481816,,,330.54154328,47.67426105,-44.49597698,"Mass",2.89897270000,0.289000,"Transit",5772.00,1.181000,0.2780
"TOI-1410 c",5.63000000,,,27.00000000,3.30000000,-3.20000000,"Msini",47.56000000000,0.831000,"Radial Velocity",4635.00,0.794100,0.3280
"Kepler-397 c",6.18000000,0.56000000,-0.56000000,31.60000000,,,"M-R relationship",135.49852700000,0.736000,"Transit",5307.00,0.844000,-0.2400
"SWEEPS-4 b",9.07900000,1.12100000,-1.12100000,1207.70000000,,,"Mass",4.20000000000,8.870000,"Transit",,1.240000,
"TOI-858 B b",14.06727078,0.43715025,-0.43715025,349.61124770,25.42627256,-22.24798849,"Mass",3.27971780000,0.690000,"Transit",5842.00,1.081000,0.1530
"HR 858 c",1.97900000,0.05400000,-0.05100000,3.80000000,,,"Mass",5.97386500000,2.900000,"Transit",6354.00,1.204000,0.0250
"Kepler-397 b",2.46000000,21.32000000,-21.32000000,6.62000000,,,"M-R relationship",22.25094900000,2.440000,"Transit",5307.00,0.844000,-0.2400
"Kepler-1240 b",1.15000000,0.20000000,-0.10000000,1.60000000,,,"M-R relationship",4.86638150000,5.780000,"Transit",5682.00,0.980000,0.0400
"TOI-5005 b",6.25000000,0.24000000,-0.24000000,32.70000000,5.90000000,-5.90000000,"Mass",6.30850440000,0.740000,"Transit",5749.00,0.970000,0.1500
"HD 34445 c",8.42000000,,,53.50000000,5.00000000,-5.00000000,"Msini",214.67000000000,0.492000,"Radial Velocity",5836.00,1.070000,0.1400
"TOI-4588 b",2.92922558,0.32112619,-0.28427818,8.90000000,,,"M-R relationship",13.11881173651,1.950000,"Transit",7746.12,2.018000,0.2100
"Kepler-47 d",7.04000000,0.66000000,-0.49000000,19.02000000,23.84000000,-11.67000000,"Mass",187.36600000000,0.300000,"Transit",5636.00,0.957000,-0.2500
"Kepler-1520 b",5.77000000,0.22000000,-0.30000000,28.10000000,,,"M-R relationship",0.65355357200,0.804000,"Transit",4677.00,0.760000,0.0400
"WASP-71 b",13.22662000,1.34508000,-1.34508000,441.78370000,104.88390000,-104.88390000,"Mass",2.90367000000,1.100000,"Transit",6050.00,0.760000,0.1500
"HD 151450 c",12.80000000,,,1636.18063924,375.03752026,-336.26245461,"Mass",18144.76236000000,4.290000,"Radial Velocity",6091.98,1.140000,
"Kepler-811 b",2.70000000,0.68000000,-0.48000000,7.75000000,,,"M-R relationship",23.58447697000,2.160000,"Transit",5747.00,1.010000,0.0500
"Kepler-31 c",5.30000000,1.10000000,-1.10000000,1493.70000000,,,"Mass",42.63180000000,0.730000,"Transit",6340.00,1.210000,-0.0760
"Kepler-63 b",6.11000000,0.20000000,-0.20000000,120.00000000,,,"Mass",9.43415050000,3.000000,"Transit",5576.00,0.984000,0.0500
"TOI-4994 b",8.54124329,0.33626942,-0.30264248,88.99195396,11.75965106,-10.80616584,"Mass",21.49198400000,0.780000,"Transit",5640.00,1.005000,0.1650
"Kepler-411 e",3.28000000,,,10.80000000,1.10000000,-1.10000000,"Mass",31.50972800000,1.680000,"Transit Timing Variations",4974.00,0.870000,0.2100
"Kepler-777 b",1.47000000,0.08000000,-0.08000000,2.76000000,,,"M-R relationship",5.72812599000,4.770000,"Transit",4043.00,0.580000,-0.1700
"HD 94890 c",12.50000000,,,2831.85110637,76.27881768,-79.45710175,"Msini",2492.19000000000,7.970000,"Radial Velocity",4867.00,1.740000,-0.0200
"Kepler-83 d",1.94000000,0.13000000,-0.13000000,4.10000000,2.80000000,-1.30000000,"Mass",5.16979600000,0.560000,"Transit",4648.00,0.580000,-0.2000
"LHS 1478 b",1.24200000,0.05100000,-0.04900000,2.33000000,0.20000000,-0.20000000,"Mass",1.94953780000,6.670000,"Transit",3381.00,0.236000,-0.1300
"Kepler-1770 b",2.84141754,,,8.45000000,,,"M-R relationship",16.84189987000,2.020000,"Transit",5602.00,0.941000,0.1000
"WASP-57 b",11.76945000,0.59407700,-0.59407700,204.68252000,19.70546000,-19.70546000,"Mass",2.83891856000,0.693000,"Transit",5600.00,0.886000,-0.2500
"TYC 1422-614-1 b",13.30000000,,,794.50000000,127.10000000,-127.10000000,"Msini",198.40000000000,1.860000,"Radial Velocity",4806.00,1.150000,-0.2000
"Kepler-1116 b",2.54000000,0.54000000,-0.22000000,6.99000000,,,"M-R relationship",41.69778270000,2.340000,"Transit",5641.00,0.950000,0.0100
"HD 238914 b",12.80000000,,,1906.98000000,858.14100000,-858.14100000,"Msini",4100.00000000000,5.000000,"Radial Velocity",4769.00,1.470000,-0.2500
"WASP-171 b",10.98482000,0.78463000,-0.44836000,344.52772000,29.87602000,-29.87602000,"Mass",3.81862440000,1.500000,"Transit",5965.00,1.171000,0.0400
"Kepler-1643 b",2.32000000,0.13000000,-0.13000000,5.99000000,,,"M-R relationship",5.34265700000,2.640000,"Transit",4916.00,0.845000,-0.0100
"Kepler-265 b",1.86000000,0.45000000,-0.45000000,4.12000000,,,"M-R relationship",6.84626200000,3.520000,"Transit",5835.00,0.970000,-0.1100
"HAT-P-5 b",13.56289000,1.12090000,-1.12090000,311.47340000,63.56600000,-63.56600000,"Mass",2.78849000000,0.668403,"Transit",5960.00,1.040000,0.2400
"HAT-P-9 b",15.61413700,0.75100300,-0.72858500,238.05467000,20.34112000,-20.02329000,"Mass",3.92281072000,0.342000,"Transit",6350.00,1.281000,0.1200
"Kepler-449 b",2.05600000,0.06900000,-0.06900000,4.88000000,,,"M-R relationship",12.58242000000,3.090000,"Transit",5649.18,1.020000,-0.1651
"TOI-2346 b",16.11851425,0.48198617,-0.45956821,394.10722468,69.92224954,-69.92224954,"Mass",3.33120290000,0.520000,"Transit",6480.00,1.271000,-0.0300
"TOI-2669 b",19.72780603,1.79343691,-1.79343691,193.87532827,60.38739733,-60.38739733,"Mass",6.20340000000,0.139000,"Transit",4800.00,1.190000,0.1000
"K2-404 b",2.53000000,0.08400000,-0.08300000,6.94000000,,,"M-R relationship",13.11536500000,2.350000,"Transit",3748.00,0.552000,0.0050
"TOI-1685 b",1.42100000,0.06000000,-0.06000000,3.07000000,0.34000000,-0.33000000,"Mass",0.66913923000,5.300000,"Transit",3470.00,0.466000,0.0100
"Kepler-408 b",0.82000000,0.03000000,-0.03000000,5.00000000,,,"Mass",2.46502000000,,"Transit",6104.00,1.080000,-0.2000
"Kepler-1542 b",0.76000000,0.11000000,-0.08000000,0.36300000,,,"M-R relationship",3.95116882000,4.540000,"Transit",5564.00,0.940000,0.0600
"Kepler-288 b",1.67000000,0.80000000,-0.80000000,3.43000000,,,"M-R relationship",6.09732600000,4.050000,"Transit",5918.00,0.842000,-0.2400
"K2-377 b",1.69300000,0.14600000,-0.13200000,3.51000000,,,"M-R relationship",12.83223500000,3.970000,"Transit",4200.00,0.821000,-0.0080
"HATS-74 A b",11.56766808,0.23538859,-0.23538859,464.02947422,44.49597698,-44.49597698,"Mass",1.73185606000,1.640000,"Transit",3776.90,0.601000,0.5140
"XO-3 b",14.79585452,0.28022452,-0.28022452,4217.58296089,111.23994245,-114.41822652,"Mass",3.19152309000,7.160000,"Transit",6970.00,1.449000,-0.1590
"Kepler-1866 b",2.08215108,,,4.99000000,,,"M-R relationship",11.66009998000,3.040000,"Transit",5791.00,1.030000,0.1600
"K2-165 d",2.64809498,0.25333143,-0.14795979,7.50000000,,,"M-R relationship",14.10136100000,2.220000,"Transit",5185.00,0.834847,-0.0500
"Kepler-796 b",1.30000000,0.36000000,-0.22000000,2.24000000,,,"M-R relationship",6.40087618000,5.600000,"Transit",5475.00,0.930000,0.0900
"Kepler-336 d",2.37000000,0.48000000,-0.48000000,6.21000000,,,"M-R relationship",20.67877200000,2.560000,"Transit",5867.00,1.090000,0.3370
"TOI-4479 b",2.82000000,0.65000000,-0.63000000,8.35000000,,,"M-R relationship",1.15890000000,2.050000,"Transit",3400.00,0.452000,0.0000
"Kepler-1928 b",1.99200000,0.13300000,-0.07800000,4.63000000,,,"M-R relationship",19.57783000000,3.220000,"Transit",5720.00,1.010000,0.1200
"EPIC 206024342 b",1.70000000,0.59000000,-0.31000000,3.53000000,,,"M-R relationship",4.50756000000,3.950000,"Transit",5724.00,0.928000,-0.2200
"HATS-26 b",19.61575000,2.35389000,-2.35389000,206.58950000,24.15508000,-24.15508000,"Mass",3.30238810000,0.153000,"Transit",6071.00,1.299000,-0.0200
"K2-221 b",1.67890272,0.16686160,-0.09566216,3.46000000,,,"M-R relationship",2.39909400000,4.020000,"Transit",5716.00,1.010842,0.1300
"HATS-55 b",14.02245900,0.29143400,-0.29143400,292.72143000,24.15508000,-24.15508000,"Mass",4.20420010000,0.587000,"Transit",6214.00,1.195500,0.1080
"Kepler-1131 b",1.59000000,0.36000000,-0.15000000,3.15000000,,,"M-R relationship",3.53232449000,4.310000,"Transit",5851.00,1.030000,0.0500
"TOI-669 b",2.58606487,0.13042739,-0.11014467,10.00000000,1.40000000,-1.40000000,"Mass",3.94515200000,3.170000,"Transit",5597.00,0.924500,0.0010
"WASP-184 b",14.90797000,1.00881000,-1.00881000,181.16310000,31.78300000,-31.78300000,"Mass",5.18170000000,0.320000,"Transit",6000.00,1.230000,0.1200
"K2-138 d",2.39000000,0.10400000,-0.08400000,7.92000000,1.39000000,-1.35000000,"Mass",5.40479000000,3.100000,"Transit",5356.30,0.935000,0.1400
"HIP 48714 b",5.11000000,,,22.90000000,2.80000000,-2.80000000,"Msini",17.81800000000,0.943000,"Radial Velocity",4015.50,0.580000,
"HAT-P-62 b",12.02723629,0.32506044,-0.32506044,241.86741773,27.96889982,-27.96889982,"Mass",2.64532350000,0.770000,"Transit",5629.00,1.023000,0.4140
"KIC 7917485 b",12.40000000,,,3750.39400000,254.26400000,-190.69800000,"Msini",840.00000000000,10.800000,"Pulsation Timing Variations",7067.00,1.630000,-0.0200
"Kepler-105 c",1.44000000,0.04000000,-0.04000000,5.60000000,1.20000000,-1.20000000,"Mass",7.12592000000,10.400000,"Transit",5933.00,0.991000,-0.0900
"GJ 367 b",0.73600000,0.03500000,-0.03500000,0.50300000,0.07800000,-0.07800000,"Mass",0.32192260000,6.900000,"Transit",3535.00,0.451000,-0.0100
"HD 34445 d",6.07000000,,,30.70000000,3.90000000,-3.90000000,"Msini",117.87000000000,0.754000,"Radial Velocity",5836.00,1.070000,0.1400
"Kepler-1322 c",2.15492527,,,5.29000000,,,"M-R relationship",6.45998001100,2.900000,"Transit",5704.00,0.897000,-0.3000
"HIP 65407 b",14.30000000,,,136.03124000,10.17056000,-10.17056000,"Msini",28.12500000000,0.256000,"Radial Velocity",5460.00,0.930000,0.2500
"K2-179 b",2.51267885,0.16431084,-0.12074766,6.86000000,,,"M-R relationship",5.17219100000,2.380000,"Transit",5015.00,0.824345,0.0300
"Kepler-68 c",0.97900000,0.01900000,-0.01900000,1.30000000,,,"Mass",9.60502700000,7.500000,"Transit",5847.00,1.057000,0.1100
"Kepler-25 b",2.74800000,0.03800000,-0.03500000,8.70000000,2.50000000,-2.30000000,"Mass",6.23829700000,2.320000,"Transit",6354.00,1.165000,0.1100
"Kepler-504 b",1.59000000,0.18000000,-0.22000000,3.15000000,,,"M-R relationship",9.54927542200,4.310000,"Transit",3519.00,0.330000,-0.3100
"TOI-5301 b",13.09208946,0.85188253,-0.78462865,1182.32167404,117.59651059,-117.59651059,"Mass",5.85885800000,2.880000,"Transit",6240.00,1.483000,0.0300
"WASP-91 b",11.54527000,0.44836000,-0.44836000,425.89220000,25.42640000,-25.42640000,"Mass",2.79858100000,1.590000,"Transit",4920.00,0.840000,0.1900
"Kepler-895 b",1.54000000,0.09000000,-0.07000000,2.99000000,,,"M-R relationship",2.80624232800,4.500000,"Transit",4315.00,0.650000,-0.1600
"Kepler-288 d",2.67000000,1.27000000,-1.27000000,7.61000000,,,"M-R relationship",56.63374200000,2.200000,"Transit",5918.00,0.842000,-0.2400
"PSR B0329+54 b",1.22000000,,,1.97000000,0.19000000,-0.19000000,"Msini",10140.00000000000,5.960000,"Pulsar Timing",,1.440000,
"NGTS-18 b",13.56286665,2.01761653,-2.01761653,129.99181846,25.74410097,-20.02318964,"Mass",3.05125000000,0.280000,"Transit",5610.00,1.003000,0.1500
"K2-166 b",2.19000000,0.20000000,-0.19000000,5.43000000,,,"M-R relationship",8.52695000000,2.840000,"Transit",5960.00,1.160000,0.0900
"Kepler-295 c",1.17000000,0.62000000,-0.62000000,1.71000000,,,"M-R relationship",21.52625800000,5.870000,"Transit",5603.00,0.890000,-0.0300
"HD 8673 b",12.30000000,,,4210.59073594,536.49435102,-450.04502431,"Mass",1644.69097000000,12.400000,"Radial Velocity",6389.05,1.280000,0.1474
"HATS-17 b",8.70939300,0.62770400,-0.62770400,425.25654000,20.65895000,-20.65895000,"Mass",16.25461100000,3.500000,"Transit",5846.00,1.131000,0.3000
"Kepler-323 c",1.57000000,0.04000000,-0.04000000,6.80000000,3.40000000,-3.20000000,"Mass",3.55382290000,9.600000,"Transit",6004.00,1.015000,-0.1400
"Kepler-626 b",2.29000000,0.28000000,-0.20000000,5.86000000,,,"M-R relationship",14.48585199000,2.680000,"Transit",5813.00,1.010000,0.0100
"TOI-431 d",3.29000000,0.09000000,-0.09000000,9.90000000,1.53000000,-1.49000000,"Mass",12.46103000000,1.360000,"Transit",4850.00,0.780000,0.2000
"GJ 3929 c",2.26000000,,,5.71000000,0.94000000,-0.94000000,"Msini",15.04000000000,2.720000,"Radial Velocity",3384.00,0.313000,-0.0200
"TOI-199 b",9.07927437,0.05604490,-0.05604490,54.03082919,6.35656814,-6.35656814,"Mass",104.85400000000,0.397000,"Transit",5255.00,0.936000,0.2200
"Kepler-230 b",4.26000000,2.17000000,-2.17000000,16.80000000,,,"M-R relationship",32.62555500000,1.190000,"Transit",5588.00,0.784000,-0.2100
"Kepler-933 b",2.46000000,0.23000000,-0.16000000,6.62000000,,,"M-R relationship",14.20443009000,2.440000,"Transit",5346.00,0.870000,-0.0200
"HD 11506 b",12.90000000,,,1551.00262616,631.20721630,-105.83685953,"Mass",1617.70000000000,3.970000,"Radial Velocity",6123.00,1.220000,0.3000
"K2-251 b",2.35000000,0.26000000,-0.21000000,6.12000000,,,"M-R relationship",9.30075000000,2.590000,"Transit",3717.00,0.520000,-0.0400
"Kepler-867 b",4.64000000,0.41000000,-0.30000000,19.40000000,,,"M-R relationship",150.24212700000,1.070000,"Transit",5541.00,0.920000,-0.0200
"K2-219 c",1.43839723,0.21399624,-0.19150365,2.66000000,,,"M-R relationship",6.66767000000,4.910000,"Transit",5753.00,1.021545,0.1300
"K2-200 b",1.36439870,0.14347100,-0.10540256,2.43000000,,,"M-R relationship",2.84988300000,5.260000,"Transit",5233.00,0.860208,-0.0400
"TOI-1772.01",2.90500000,0.32800000,-0.21400000,8.78000000,,,"M-R relationship",8.05424687400,1.970000,"Transit",5583.00,0.990000,0.1282
"TOI-836.01",2.58700000,0.08800000,-0.08800000,9.60000000,2.70000000,-2.50000000,"Mass",8.59545000000,3.060000,"Transit",4552.00,0.678000,-0.2840
"HD 32518 b",13.20000000,,,905.49313154,50.85254512,-54.34865760,"Msini",157.35000000000,2.160000,"Radial Velocity",4580.00,1.130000,-0.1500
"Kepler-523 b",1.96000000,0.08000000,-0.06000000,4.50000000,,,"M-R relationship",5.83598311100,3.280000,"Transit",5515.00,0.930000,-0.0300
"Kepler-149 d",3.96000000,0.68000000,-0.68000000,14.90000000,,,"M-R relationship",160.01803200000,1.320000,"Transit",5381.00,1.013000,0.3805
"TOI-5803 b",3.27320000,0.12510000,-0.11940000,10.70000000,,,"M-R relationship",5.38305000000,1.680000,"Transit",5134.00,0.870000,
"Kepler-94 b",3.51000000,0.15000000,-0.15000000,10.84000000,1.40000000,-1.40000000,"Mass",2.50806000000,1.450000,"Transit",4781.00,0.810000,0.3400
"Kepler-730 c",1.56926000,0.13450800,-0.13450800,3.09000000,,,"M-R relationship",2.85188338000,4.390000,"Transit",5620.00,1.047000,0.2100
"Kepler-1316 b",3.54000000,0.55000000,-0.38000000,12.30000000,,,"M-R relationship",87.97321360000,1.520000,"Transit",5884.00,1.040000,0.0300
"Kepler-539 b",8.37312300,0.19055300,-0.19055300,308.29510000,92.17070000,-92.17070000,"Mass",125.63243000000,2.900000,"Transit",5820.00,1.048000,-0.0100
"TOI-1798.01",2.44800000,0.31900000,-0.19400000,6.50000000,2.00000000,-2.00000000,"Mass",8.02152233100,2.610000,"Transit",5165.00,0.870000,0.0730
"Kepler-991 b",2.54000000,0.13000000,-0.12000000,6.99000000,,,"M-R relationship",82.53425190000,2.340000,"Transit",4392.00,0.640000,-0.2500
"TOI-1117 c",2.91000000,,,8.78000000,1.19000000,-1.21000000,"Msini",4.57900000000,1.960000,"Radial Velocity",5635.00,0.970000,0.1360
"Kepler-1369 b",2.69000000,0.42000000,-0.25000000,7.70000000,,,"M-R relationship",25.87314800000,2.170000,"Transit",5761.00,0.990000,0.0000
"Kepler-289 e",2.94000000,0.46000000,-0.38000000,17.40000000,1.30000000,-1.20000000,"Mass",330.07160000000,2.920000,"Transit",5990.00,1.061000,-0.0098
"Kepler-1136 b",1.64000000,0.10000000,-0.09000000,3.33000000,,,"M-R relationship",2.36172432900,4.150000,"Transit",4512.00,0.720000,0.0300
"Kepler-1364 b",2.15000000,0.80000000,-0.39000000,5.27000000,,,"M-R relationship",13.32196237000,2.910000,"Transit",6805.00,1.490000,0.0400
"KOI-1783.02",5.44000000,0.52000000,-0.30000000,15.00000000,4.30000000,-3.60000000,"Mass",284.21500000000,0.510000,"Transit",5922.00,1.076000,0.1100
"Gl 686 b",2.46000000,,,6.62400000,0.43200000,-0.43200000,"Msini",15.53000000000,2.450000,"Radial Velocity",3656.00,0.426000,-0.2300
"K2-354 b",1.56000000,0.08000000,-0.08000000,3.05000000,,,"M-R relationship",3.79330600000,4.410000,"Transit",3669.00,0.430000,-0.0400
"Kepler-243 c",1.99000000,0.97000000,-0.97000000,4.62000000,,,"M-R relationship",20.02621800000,3.220000,"Transit",5228.00,0.904000,0.2600
"Kepler-80 d",1.53000000,0.09000000,-0.07000000,6.75000000,0.69000000,-0.51000000,"Mass",3.07222000000,7.040000,"Transit",4540.00,0.730000,0.0400
"GJ 4274 c",2.83000000,,,8.39000000,1.68000000,-1.57000000,"Msini",69.57000000000,2.030000,"Radial Velocity",3228.00,0.180000,-0.1900
"K2-268 f",2.23000000,0.15000000,-0.09000000,5.60000000,,,"M-R relationship",26.27057000000,2.770000,"Transit",5106.00,0.840000,0.0300
"HD 44219 b",14.10000000,,,184.34047606,28.60455663,-25.42627256,"Mass",472.00000000000,0.361000,"Radial Velocity",5752.00,1.200000,0.0300
"TOI-6029 b",14.39233122,1.09848011,-1.09848011,519.64944544,10.17050902,-10.17050902,"Mass",5.79870000000,0.958000,"Transit",6223.00,1.548000,0.3700
"Kepler-330 c",1.95000000,0.72000000,-0.72000000,4.46000000,,,"M-R relationship",15.95538700000,3.310000,"Transit",5117.00,0.848000,0.1600
"Kepler-60 c",1.90000000,0.15000000,-0.15000000,3.85000000,0.81000000,-0.81000000,"Mass",8.91870000000,3.060000,"Transit",5905.00,1.041000,-0.0900
"Kepler-1504 b",2.13000000,0.23000000,-0.19000000,5.18000000,,,"M-R relationship",82.30400300000,2.950000,"Transit",5393.00,0.850000,-0.1700
"K2-374 b",1.59300000,0.06100000,-0.05800000,3.16000000,,,"M-R relationship",4.52195300000,4.300000,"Transit",5789.00,0.731000,-0.2920
"Kepler-56 c",9.80000000,0.46000000,-0.46000000,181.00000000,21.00000000,-19.00000000,"Mass",21.40239000000,1.060000,"Transit",4840.00,1.320000,0.2000
"TOI-2570 b",13.64132951,0.39231432,-0.38110534,260.61929374,20.02318964,-20.65884645,"Mass",2.98876150000,0.563000,"Transit",5771.00,1.063000,0.1910
"Kepler-301 d",1.75000000,0.94000000,-0.94000000,3.71000000,,,"M-R relationship",13.75124300000,3.800000,"Transit",5815.00,1.022000,0.1870
"HD 136925 b",13.90000000,,,266.97586188,24.79061575,-23.51930212,"Msini",4540.00000000000,0.546000,"Radial Velocity",5773.19,0.875104,-0.2172
"K2-199 b",1.73000000,0.05000000,-0.04000000,6.90000000,1.80000000,-1.80000000,"Mass",3.22539930000,7.200000,"Transit",4491.00,0.711000,-0.0100
"WASP-83 b",11.65736000,0.89672000,-0.56045000,95.34900000,9.53490000,-9.53490000,"Mass",4.97125200000,0.350000,"Transit",5510.00,1.110000,0.2900
"Kepler-290 d",0.86000000,0.12000000,-0.07000000,0.56600000,,,"M-R relationship",0.76401755300,4.890000,"Transit",5142.00,0.840000,-0.0600
"HD 15906 b",2.24000000,0.08000000,-0.08000000,5.65000000,,,"M-R relationship",10.92470900000,2.760000,"Transit",4757.00,0.790000,0.0200
"K2-240 b",2.00000000,0.20000000,-0.10000000,4.66000000,,,"M-R relationship",6.03400000000,3.200000,"Transit",3810.00,0.580000,-0.1000
"Kepler-306 c",2.35000000,0.19000000,-0.19000000,6.12000000,,,"M-R relationship",7.24019300000,2.590000,"Transit",4954.00,0.750000,-0.1300
"WASP-95 b",13.78707000,1.00881000,-1.00881000,457.67520000,88.99240000,-88.99240000,"Mass",2.18467000000,0.840000,"Transit",5830.00,1.460000,0.1400
"HD 8535 b",14.00000000,,,216.12440000,22.24810000,-12.71320000,"Msini",1313.00000000000,0.433000,"Radial Velocity",6136.00,1.130000,0.0600
"HD 134060 c",5.91000000,,,29.29000000,4.43000000,-4.24000000,"Msini",1291.56460000000,0.780000,"Radial Velocity",5966.00,1.095000,0.1400
"HD 196050 b",12.90000000,,,1493.79351290,254.26272560,-254.26272560,"Mass",1392.00000000000,3.820000,"Radial Velocity",5879.00,1.270000,0.2290
"Kepler-83 b",2.83000000,0.41000000,-0.41000000,2.94000000,0.88000000,-0.62000000,"Mass",9.77000000000,0.520000,"Transit",4082.00,0.660000,-0.2000
"HD 141399 b",14.30000000,,,143.34133000,9.53490000,-9.53490000,"Msini",94.44000000000,0.269000,"Radial Velocity",5600.00,1.070000,0.3500
"TOI-1243 b",2.33000000,0.12000000,-0.12000000,7.70000000,1.50000000,-1.50000000,"Mass",4.65947790000,3.300000,"Transit",3515.00,0.515000,-0.2000
"K2-187 d",2.40000000,0.30000000,-0.30000000,6.35000000,,,"M-R relationship",7.14958400000,2.520000,"Transit",5438.00,0.966999,0.0000
"Kepler-938 b",2.22000000,0.25000000,-0.16000000,5.56000000,,,"M-R relationship",52.62984170000,2.790000,"Transit",5533.00,0.920000,-0.0300
"Kepler-799 b",6.88000000,0.85000000,-0.57000000,37.90000000,,,"M-R relationship",133.46052350000,0.640000,"Transit",5681.00,0.950000,-0.0700
"EPIC 212587672 b",1.26000000,0.11000000,-0.09000000,2.13000000,,,"M-R relationship",15.28078000000,5.850000,"Transit",6004.00,0.990000,-0.1800
"HD 98736 b",13.30000000,,,740.54390000,247.90740000,-247.90740000,"Msini",968.80000000000,1.730000,"Radial Velocity",5271.00,0.920000,0.3600
"HD 148164 c",12.80000000,,,1640.00280000,260.62060000,-260.62060000,"Msini",5062.00000000000,4.300000,"Radial Velocity",6032.00,1.210000,0.2400
"TOI-1732 b",2.49549787,0.26967151,-0.22533450,6.78000000,,,"M-R relationship",4.11923678339,2.400000,"Transit",4201.93,0.613891,
"HAT-P-68 b",12.01604800,0.13450800,-0.13450800,230.10892000,13.66669000,-13.66669000,"Mass",2.29840551000,0.727000,"Transit",4508.00,0.678500,-0.0590
"TOI-1416 b",1.62000000,0.08000000,-0.08000000,3.48000000,0.47000000,-0.47000000,"Mass",1.06975680000,4.500000,"Transit",4884.00,0.798000,0.0800
"TOI-1136 c",2.87900000,0.06000000,-0.06200000,6.32000000,1.10000000,-1.30000000,"Mass",6.25740000000,1.450000,"Transit",5770.00,1.022000,0.0700
"TOI-6894 b",9.58367850,0.24659758,-0.24659758,53.39517238,6.99222495,-6.99222495,"Mass",3.37077196000,0.334000,"Transit",3007.00,0.207000,0.1420
"WASP-185 b",14.01125000,0.89672000,-0.89672000,311.47340000,19.06980000,-19.06980000,"Mass",9.38755000000,0.660000,"Transit",5900.00,1.120000,-0.0200
"Kepler-873 b",3.75000000,1.64000000,-0.55000000,13.50000000,,,"M-R relationship",20.55338440000,1.410000,"Transit",6163.00,1.180000,0.0700
"HD 164509 b",14.30000000,,,140.79869000,26.37989000,-26.37989000,"Msini",280.17000000000,0.265000,"Radial Velocity",5859.00,1.120000,0.2000
"Kepler-1093 c",1.96000000,0.72000000,-0.27000000,4.50000000,,,"M-R relationship",89.72229200000,3.280000,"Transit",6166.00,1.130000,-0.0100
"Kepler-1315 c",1.84398883,,,4.06000000,,,"M-R relationship",6.56606006600,3.560000,"Transit",4818.00,0.809000,0.5600
"Kepler-982 b",2.25000000,0.47000000,-0.27000000,5.69000000,,,"M-R relationship",15.77382210000,2.740000,"Transit",6139.00,1.160000,0.0500
"Ross 508 b",1.83000000,,,4.00000000,0.53000000,-0.55000000,"Msini",10.77000000000,3.590000,"Radial Velocity",3071.00,0.177400,-0.2000
"Kepler-132 b",1.21000000,0.24000000,-0.24000000,1.92000000,,,"M-R relationship",6.17819600000,5.960000,"Transit",6003.00,0.929000,-0.2159
"K2-81 b",1.97000000,0.13000000,-0.11000000,4.54000000,,,"M-R relationship",6.10232500000,3.260000,"Transit",4674.13,0.745273,
"Kepler-609 b",3.35000000,1.07000000,-0.44000000,11.20000000,,,"M-R relationship",6.52121066600,1.640000,"Transit",5971.00,1.090000,0.0600
"Kepler-1841 b",1.48912557,,,2.82000000,,,"M-R relationship",25.88599968000,4.690000,"Transit",5190.00,0.823000,0.1200
"Kepler-132 c",1.28000000,0.25000000,-0.25000000,2.18000000,,,"M-R relationship",6.41491400000,5.710000,"Transit",6003.00,0.929000,-0.2159
"Kepler-1681 b",2.55321772,,,7.05000000,,,"M-R relationship",69.89560000000,2.330000,"Transit",5756.40,0.893000,0.1064
"Kepler-383 b",1.32000000,0.52000000,-0.52000000,2.30000000,,,"M-R relationship",12.90453200000,5.500000,"Transit",4710.00,0.669000,-0.1785
"Kepler-696 b",6.14000000,1.63000000,-0.70000000,31.30000000,,,"M-R relationship",4.19042557500,0.743000,"Transit",5903.00,1.060000,0.0700
"HIP 67522 c",7.93595834,0.34747840,-0.35868738,48.30000000,,,"M-R relationship",14.33489200000,0.531000,"Transit",5675.00,1.220000,0.0000
"TOI-4336 A c",1.25100000,0.06600000,-0.06600000,1.55000000,0.13000000,-0.13000000,"Mass",7.58726600000,4.350000,"Transit",3307.00,0.306000,0.1400
"K2-293 b",2.45000000,0.35000000,-0.25000000,6.57000000,,,"M-R relationship",13.12250000000,2.450000,"Transit",5532.00,0.958000,0.2180
"L 98-59 f",1.48000000,,,2.80000000,0.30000000,-0.30000000,"Msini",23.06400000000,5.000000,"Radial Velocity",3415.00,0.292300,-0.4600
"KELT-18 b",17.59813000,0.47077800,-0.40352400,375.03940000,34.96130000,-34.96130000,"Mass",2.87175180000,0.377000,"Transit",6670.00,1.524000,0.0900
"Kepler-1353 b",1.80000000,0.37000000,-0.13000000,3.89000000,,,"M-R relationship",24.75439660000,3.670000,"Transit",4776.00,0.760000,-0.0600
"Kepler-1732 b",4.09903273,,,15.70000000,,,"M-R relationship",32.31240082000,1.250000,"Transit",5821.00,1.043000,0.0400
"Kepler-168 c",2.69000000,1.21000000,-1.21000000,7.70000000,,,"M-R relationship",13.19324200000,2.170000,"Transit",6282.00,1.113000,0.0900
"Kepler-1535 b",2.55000000,0.25000000,-0.19000000,7.04000000,,,"M-R relationship",138.94420000000,2.330000,"Transit",6021.00,1.080000,0.0000
"Kepler-51 c",9.00000000,2.80000000,-1.70000000,4.00000000,0.40000000,-0.40000000,"Mass",85.31200000000,0.030000,"Transit",6018.00,1.040000,0.0500
"WASP-104 b",12.74500000,0.41500000,-0.41500000,404.26300000,14.93700000,-14.93700000,"Mass",1.75541370000,1.074000,"Transit",5475.00,1.076000,0.3200
"Kepler-167 d",1.23800000,0.06400000,-0.06400000,2.06000000,,,"M-R relationship",21.80379000000,5.970000,"Transit",4884.00,0.777000,0.0200
"KOI-94 b",1.71000000,0.16000000,-0.16000000,10.50000000,4.60000000,-4.60000000,"Mass",3.74320800000,10.100000,"Transit",6182.00,1.277000,0.0228
"TOI-771 c",1.50000000,,,2.87000000,0.41000000,-0.38000000,"Msini",7.61000000000,4.670000,"Radial Velocity",3370.00,0.220000,-0.1300
"Kepler-167 b",1.71800000,0.07000000,-0.07000000,3.60000000,,,"M-R relationship",4.39315390000,3.900000,"Transit",4884.00,0.777000,0.0200
"GJ 341 b",0.88000000,0.05000000,-0.05000000,4.00000000,,,"Mass",7.57686000000,,"Transit",3770.00,0.480000,-0.1600
"KOI-94 e",6.56000000,0.62000000,-0.62000000,35.00000000,18.00000000,-28.00000000,"Mass",54.32031000000,0.600000,"Transit",6182.00,1.277000,0.0228
"TOI-2537 c",12.70000000,,,2297.89938261,165.27077164,-143.02278315,"Msini",1920.00000000000,6.160000,"Radial Velocity",4870.00,0.771000,0.0800
"TOI-762 A b",8.33948164,0.19055267,-0.19055267,79.77493016,13.34879309,-13.34879309,"Mass",3.47168260000,0.760000,"Transit",3266.00,0.442000,0.3570
"HD 99283 b",13.80000000,,,308.29355479,19.06970442,-79.45710175,"Msini",310.40000000000,0.645000,"Radial Velocity",4886.00,1.760000,-0.1600
"TIC 24750448 b",2.43722231,0.31643391,-0.26812680,6.51000000,,,"M-R relationship",3.59159193029,2.470000,"Transit",4545.43,0.690000,
"Kepler-1642 c",2.66000000,0.29000000,-0.21000000,7.56000000,,,"M-R relationship",6.65138020000,2.210000,"Transit",5355.00,0.880000,-0.0100
"Kepler-1011 b",2.87000000,0.29000000,-0.44000000,8.60000000,,,"M-R relationship",5.75322197400,2.000000,"Transit",5416.00,0.910000,0.0800
"Kepler-227 c",3.04000000,1.53000000,-1.53000000,9.48000000,,,"M-R relationship",54.41869400000,1.850000,"Transit",5854.00,0.954000,0.1000
"Kepler-622 b",2.13000000,0.28000000,-0.16000000,5.18000000,,,"M-R relationship",14.28226676000,2.950000,"Transit",4201.00,0.640000,-0.0900
"K2-187 e",1.90000000,0.30000000,-0.30000000,4.27000000,,,"M-R relationship",13.60662900000,3.420000,"Transit",5438.00,0.966999,0.0000
"Kepler-656 c",1.41000000,0.38000000,-0.11000000,2.57000000,,,"M-R relationship",5.25449393000,5.040000,"Transit",5550.00,1.050000,0.4600
"Kepler-457 d",2.98467257,,,9.19000000,,,"M-R relationship",10.69060040000,1.900000,"Transit",6474.00,1.148000,-0.1600
"Kepler-44 b",12.22000000,0.78000000,-0.78000000,317.82000000,31.78000000,-31.78000000,"Mass",3.24672930000,0.930000,"Transit",5800.00,1.120000,0.1500
"HD 165131 b",12.10000000,,,5943.39121090,444.95976980,-317.82840700,"Mass",2342.60000000000,18.400000,"Radial Velocity",5870.00,1.060000,0.0600
"Kepler-1944 b",2.75971163,,,8.05000000,,,"M-R relationship",9.84257984200,2.100000,"Transit",5585.00,1.064000,0.4800
"HD 81817 b",12.00000000,,,7668.56380410,3097.87348303,-219.61942924,"Mass",1021.20159000000,24.400000,"Radial Velocity",4140.00,4.300000,-0.1700
"Kepler-1814 c",1.76000000,0.13000000,-0.18000000,3.75000000,,,"M-R relationship",0.62628176600,3.780000,"Transit",4922.00,0.790000,0.2000
"K2-368 c",1.36100000,0.11400000,-0.10600000,2.42000000,,,"M-R relationship",9.66018600000,5.270000,"Transit",4663.00,0.746000,-0.2500
"BD+15 2375 b",13.80000000,,,337.21763000,85.81410000,-85.81410000,"Msini",153.22000000000,0.705000,"Radial Velocity",4649.00,1.080000,-0.2200
"HD 170469 b",14.10000000,,,209.76780000,34.96130000,-34.96130000,"Msini",1145.00000000000,0.411000,"Radial Velocity",5842.00,1.100000,0.2900
"TOI-4662 b",2.87998299,0.47691110,-0.35910658,8.65000000,,,"M-R relationship",4.70343764575,1.990000,"Transit",4520.41,0.703000,
"Kepler-332 b",1.17000000,0.08000000,-0.08000000,1.71000000,,,"M-R relationship",7.62632400000,5.870000,"Transit",4955.00,0.743000,-0.1300
"Kepler-892 b",2.81000000,0.37000000,-0.27000000,8.30000000,,,"M-R relationship",13.75210720000,2.060000,"Transit",4747.00,0.750000,-0.0400
"Kepler-222 b",3.16000000,1.40000000,-1.40000000,10.10000000,,,"M-R relationship",3.93698100000,1.760000,"Transit",5433.00,0.933000,0.3300
"Qatar-10 b",17.29548700,0.44836000,-0.44836000,233.92288000,28.60470000,-28.60470000,"Mass",1.64532100000,0.248000,"Transit",6124.00,1.156000,0.0160
"Kepler-1529 b",2.10000000,0.15000000,-0.11000000,5.06000000,,,"M-R relationship",5.33905686000,3.000000,"Transit",5048.00,0.810000,-0.0300
"Pr0201 b",14.20000000,,,171.62820000,38.13960000,-38.13960000,"Msini",4.42640000000,0.329000,"Radial Velocity",6174.00,1.240000,0.1900
"KOI-94 c",4.32000000,0.41000000,-0.41000000,15.60000000,5.70000000,-15.60000000,"Mass",10.42364800000,0.910000,"Transit",6182.00,1.277000,0.0228
"HAT-P-13 b",14.25800000,0.72900000,-0.72900000,270.46200000,12.07700000,-12.07700000,"Mass",2.91625000000,0.340833,"Transit",5653.00,1.320000,0.4600
"WASP-6 b",12.54284940,0.19055267,-0.20176165,148.42586607,7.62788177,-7.31005336,"Mass",3.36100260000,0.440298,"Transit",5438.00,0.854000,-0.1500
"WASP-84 b",10.72000000,0.27000000,-0.27000000,220.00000000,18.00000000,-18.00000000,"Mass",8.52349648000,0.980000,"Transit",5280.00,0.853000,0.0000
"WASP-20 b",15.46839337,0.44835923,-0.44835923,98.84100000,5.40300000,-5.40300000,"Mass",4.89964477000,0.156491,"Transit",5940.00,1.200000,-0.0080
"WASP-31 b",17.36300000,0.56000000,-0.56000000,151.91600000,9.21700000,-9.21700000,"Mass",3.40590960000,0.172000,"Transit",6302.00,1.163000,-0.2000
"HD 81040 b",12.60000000,,,2301.07766668,317.82840700,-117.59651059,"Mass",1002.70000000000,6.320000,"Radial Velocity",5755.00,0.990000,-0.0400
"Kepler-357 b",1.84000000,1.08000000,-1.08000000,4.04000000,,,"M-R relationship",6.47543400000,3.560000,"Transit",5036.00,0.794000,0.0600
"Kepler-554 b",4.29000000,0.27000000,-0.21000000,17.00000000,,,"M-R relationship",1.90220855600,1.180000,"Transit",5447.00,0.930000,0.1400
"TOI-2295 b",16.47720163,9.52763359,-5.94075977,278.09985612,13.34879309,-13.03096469,"Mass",30.03330200000,0.340000,"Transit",5730.00,1.168000,0.3160
"TOI-969 c",12.40000000,,,3591.46099910,349.61124770,-286.04556630,"Msini",1700.00000000000,10.400000,"Radial Velocity",4435.00,0.734000,0.1750
"GJ 3082 b",2.79000000,,,8.20000000,1.70000000,-1.70000000,"Msini",11.94900000000,2.070000,"Radial Velocity",3910.00,0.470000,
"HD 40307 f",2.13000000,,,5.20000000,1.50000000,-1.60000000,"Msini",51.76000000000,2.960000,"Radial Velocity",4956.00,0.770000,-0.3100
"HR 858 b",2.00400000,0.04500000,-0.04700000,3.55000000,0.94000000,-0.96000000,"Mass",3.58528700000,2.440000,"Transit",6354.00,1.204000,0.0250
"Kepler-569 b",3.16000000,0.22000000,-0.17000000,10.10000000,,,"M-R relationship",34.18890521000,1.760000,"Transit",5616.00,0.950000,0.0100
"Kepler-23 d",2.20600000,0.05700000,-0.05700000,4.44000000,1.30000000,-1.21000000,"Mass",15.27000000000,2.260583,"Transit",5828.00,1.078000,-0.1120
"Kepler-1366 b",1.43000000,0.10000000,-0.10000000,2.63000000,,,"M-R relationship",2.16457096800,4.940000,"Transit",4070.00,0.620000,-0.0200
"K2-198 c",1.42300000,0.08100000,-0.03600000,2.61000000,,,"M-R relationship",3.35960550000,4.980000,"Transit",5212.90,0.799000,0.0940
"TOI-2046 b",16.14093221,1.23298788,-1.23298788,731.00533610,88.99195396,-88.99195396,"Mass",1.49718420000,0.955000,"Transit",6250.00,1.130000,-0.0600
"Kepler-1813 b",1.41300000,,,2.58000000,,,"M-R relationship",2.81816005700,5.030000,"Transit",5167.00,0.812000,-0.0400
"Kepler-33 e",4.02000000,0.38000000,-0.38000000,5.57000000,1.16000000,-1.07000000,"Mass",31.78440000000,0.800000,"Transit",5904.00,1.291000,0.0250
"HD 89345 b",7.39794000,0.31385200,-0.33627000,34.96130000,5.40311000,-5.72094000,"Mass",11.81430000000,0.471000,"Transit",5576.00,1.157000,0.4210
"TOI-2196 b",3.51000000,0.15000000,-0.15000000,26.00000000,1.30000000,-1.30000000,"Mass",1.19472680000,3.310000,"Transit",5634.00,1.032000,0.1400
"GJ 887 d",2.34000000,,,6.10000000,1.40000000,-1.40000000,"Msini",50.77000000000,2.620000,"Radial Velocity",3688.00,0.495000,-0.0600
"TOI-5630 b",2.37117553,0.20543259,-0.18790461,6.22000000,,,"M-R relationship",3.22118452536,2.560000,"Transit",5385.64,0.934000,0.1350
"HD 96167 b",14.00000000,,,227.88411000,12.71320000,-12.71320000,"Msini",498.04000000000,0.456000,"Radial Velocity",5733.00,1.270000,0.3400
"HD 66428 b",12.40000000,,,3478.94974302,776.13696989,-1222.05022491,"Mass",2269.81726000000,10.000000,"Radial Velocity",5716.00,1.010000,0.2300
"TOI-270 c",2.33000000,0.01000000,-0.01000000,6.20000000,0.31000000,-0.31000000,"Mass",5.66051000000,2.700000,"Transit",3506.00,0.386000,-0.1700
"WASP-47 d",3.65000000,0.03000000,-0.03000000,15.50000000,0.70000000,-0.90000000,"Mass",9.03050100000,1.800000,"Transit",5565.00,1.058000,0.4300
"K2-18 b",2.37000000,0.22000000,-0.22000000,8.92000000,1.70000000,-1.60000000,"Mass",32.93962300000,4.110000,"Transit",3457.00,0.359000,0.1200
"WASP-100 b",14.90797000,1.56926000,-1.56926000,400.46580000,143.02350000,-143.02350000,"Mass",2.84938000000,0.530000,"Transit",6900.00,0.770000,-0.0300
"HIP 41378 b",2.64000000,0.02200000,-0.02400000,6.90000000,0.50000000,-0.50000000,"Mass",15.57209000000,2.070000,"Transit",6290.00,1.220000,-0.0500
"HIP 41378 c",2.74000000,0.04300000,-0.04900000,5.97000000,0.56000000,-0.86000000,"Mass",31.70591000000,1.600000,"Transit",6290.00,1.220000,-0.0500
"HIP 41378 d",3.65000000,0.02900000,-0.02900000,6.53000000,2.65000000,-3.15000000,"Mass",278.36180000000,0.740000,"Transit",6290.00,1.220000,-0.0500
"HIP 41378 e",5.19000000,0.04000000,-0.04000000,7.62000000,3.20000000,-4.63000000,"Mass",393.00000000000,0.300000,"Transit",6290.00,1.220000,-0.0500
"HIP 41378 f",9.47000000,0.07000000,-0.07000000,25.00000000,5.00000000,-5.00000000,"Mass",542.07970000000,0.160000,"Transit",6290.00,1.220000,-0.0500
"KELT-9 b",21.70058664,0.52682209,-0.52682209,915.34581216,111.23994245,-111.23994245,"Mass",1.48112350000,0.491000,"Transit",9270.00,2.320000,0.0700
"HIP 41378 g",2.50000000,,,6.81000000,1.14000000,-0.98000000,"Mass",63.19000000000,2.390000,"Radial Velocity",6290.00,1.220000,-0.0500
"HD 106315 c",4.35000000,0.23000000,-0.23000000,15.20000000,3.70000000,-3.70000000,"Mass",21.05704000000,1.010000,"Transit",6327.00,1.091000,-0.3110
"HAT-P-65 b",18.05766791,0.26901554,-0.26901554,176.07693748,29.24021344,-28.92238504,"Mass",2.60544751000,0.164000,"Transit",5872.00,1.297000,0.2080
"WASP-107 b",10.53646000,0.22418000,-0.22418000,30.51152707,1.58914204,-1.58914204,"Mass",5.72148760000,0.134000,"Transit",4425.00,0.683000,0.0200
"Kepler-409 b",1.19900000,0.04300000,-0.04300000,6.00000000,,,"Mass",68.95832160000,19.000000,"Transit",5421.00,0.913000,0.0500
"Kepler-701 b",2.84000000,0.22000000,-0.45000000,8.45000000,,,"M-R relationship",10.35533177000,2.030000,"Transit",5343.00,0.880000,0.0000
"GJ 9827 d",1.98000000,0.11000000,-0.10000000,3.02000000,0.58000000,-0.57000000,"Mass",6.20183000000,2.510000,"Transit",4236.00,0.620000,-0.2900
"NGTS-2 b",17.87835500,0.52682300,-0.50440500,235.19420000,41.31790000,-38.13960000,"Mass",4.51116400000,0.226000,"Transit",6478.00,1.640000,-0.0600
"CoRoT-36 b",15.80466279,1.56925730,-1.56925730,216.12331676,149.37935129,-136.66621501,"Mass",5.61653100000,0.250000,"Transit",6730.00,1.320000,-0.1000
"TOI-4145 A b",13.30506009,0.35868738,-0.34747840,136.66621501,41.31769291,-41.31769291,"Mass",4.06644280000,0.320000,"Transit",5281.00,0.905000,0.1680
"K2-380 b",2.72900000,0.18600000,-0.17600000,7.89000000,,,"M-R relationship",9.40131200000,2.130000,"Transit",5911.00,0.993000,-0.0490
"TOI-5616 b",10.78000000,0.54000000,-0.47000000,624.00000000,,,"Mass",2.00284900000,,"Transit",3996.00,0.666000,0.1400
"Kepler-650 b",2.96000000,0.51000000,-0.45000000,9.06000000,,,"M-R relationship",3.03214558800,1.920000,"Transit",5849.00,1.080000,0.1300
"Kepler-715 b",3.75000000,0.83000000,-0.50000000,13.50000000,,,"M-R relationship",10.00652995000,1.410000,"Transit",5871.00,1.040000,0.0200
"Kepler-1511 b",1.68000000,0.69000000,-0.24000000,3.46000000,,,"M-R relationship",23.23827920000,4.010000,"Transit",6064.00,1.170000,0.1400
"WASP-34 b",11.20900000,0.89672000,-0.89672000,177.98480000,54.03110000,-54.03110000,"Mass",4.31768000000,0.412000,"Transit",5700.00,0.960000,-0.0200
"HD 179949 b",13.90000000,,,291.12000000,24.15400000,-24.15400000,"Msini",3.09251400000,0.596000,"Radial Velocity",6168.00,1.210000,0.1370
"Kepler-386 b",1.39000000,0.82000000,-0.82000000,2.51000000,,,"M-R relationship",12.31043000000,5.140000,"Transit",5178.00,0.825000,0.0700
"Kepler-990 c",1.53000000,0.35000000,-0.19000000,2.96000000,,,"M-R relationship",0.53835430800,4.540000,"Transit",5948.00,1.050000,0.0100
"Kepler-1031 b",0.87000000,0.21000000,-0.11000000,0.59000000,,,"M-R relationship",1.22621732000,4.920000,"Transit",6011.00,1.090000,0.0300
"Kepler-223 b",2.99000000,0.18000000,-0.27000000,7.40000000,1.30000000,-1.10000000,"Mass",7.38449000000,1.540000,"Transit",5803.00,1.125000,0.1000
"XO-2 S c",13.60000000,,,438.60320166,15.89142035,-15.89142035,"Msini",120.05900000000,0.958000,"Radial Velocity",5325.00,0.980000,0.3200
"PH2 b",9.33708092,0.29143350,-0.26901554,87.08498352,20.97667486,-21.29450327,"Mass",282.52542000000,0.580000,"Transit",5734.00,0.966000,0.0170
"Kepler-1993 b",4.15000000,1.28000000,-2.98000000,16.10000000,,,"M-R relationship",26.65657370000,1.240000,"Transit",5159.00,1.373000,-0.0400
"Kepler-207 b",1.57000000,0.30000000,-0.30000000,3.09000000,,,"M-R relationship",1.61186500000,4.390000,"Transit",5920.00,1.313000,0.2900
"Kepler-1200 b",1.06000000,0.06000000,-0.08000000,1.20000000,,,"M-R relationship",1.11854971700,5.540000,"Transit",4612.00,0.740000,0.0400
"TOI-6000 b",0.94000000,0.05000000,-0.05000000,0.77900000,,,"M-R relationship",0.44895900000,5.150000,"Transit",3419.00,0.370000,
"HAT-P-17 c",13.10000000,,,1080.60000000,349.60000000,-222.50000000,"Msini",5584.00000000000,2.640000,"Radial Velocity",5336.96,0.920000,0.0512
"HD 3167 c",3.00000000,0.45000000,-0.21000000,11.13000000,0.78000000,-0.74000000,"Mass",29.84540000000,2.110000,"Transit",5261.00,0.837000,0.0400
"TOI-3023 b",16.43236571,0.48198617,-0.35868738,197.05361234,31.78284070,-28.60455663,"Mass",3.90149710000,0.245000,"Transit",5760.00,1.120000,0.0850
"Kepler-652 b",2.49000000,0.06000000,-0.05000000,6.76000000,,,"M-R relationship",4.18200253100,2.410000,"Transit",5490.00,0.970000,0.1700
"TrES-4 b",18.04649000,2.01762000,-2.01762000,247.90740000,60.38770000,-60.38770000,"Mass",3.55395000000,0.099000,"Transit",6200.00,1.080000,0.1400
"Kepler-1789 b",2.83137505,,,8.40000000,,,"M-R relationship",80.23190308000,2.030000,"Transit",5436.00,0.920000,0.1200
"Kepler-505 b",2.60000000,0.11000000,-0.09000000,7.27000000,,,"M-R relationship",27.52197994000,2.270000,"Transit",3931.00,0.550000,-0.1900
"WASP-155 b",13.45077684,0.67253884,-0.67253884,276.82854250,57.20911326,-57.20911326,"Mass",3.11041300000,0.620000,"Transit",5660.00,1.090000,0.0000
"OGLE-2005-BLG-390L b",2.21000000,,,5.50000000,5.50000000,-2.70000000,"Mass",3285.00000000000,2.800000,"Microlensing",,0.220000,
"NGTS-26 b",14.88552637,0.66132986,-0.53803107,92.80589484,20.65884645,-19.06970442,"Mass",4.51992790000,0.153000,"Transit",5550.00,0.960000,0.2000
"HAT-P-37 b",13.20400000,0.86300000,-0.86300000,371.52800000,32.73500000,-32.73500000,"Mass",2.79743600000,0.890000,"Transit",5500.00,0.929000,0.0300
"Kepler-478 b",2.71000000,0.09000000,-0.33000000,7.80000000,,,"M-R relationship",13.22175760000,2.150000,"Transit",5210.00,0.850000,-0.0300
"HATS-42 b",15.69260000,2.80225000,-1.56926000,597.52040000,47.67450000,-47.67450000,"Mass",2.29210200000,0.830000,"Transit",6060.00,1.273000,0.2200
"Kepler-191 d",2.28000000,0.16000000,-0.13000000,5.82000000,,,"M-R relationship",5.94504101700,2.700000,"Transit",5215.00,0.840000,-0.0500
"HD 17156 b",12.26262489,0.34747840,-0.33626942,1036.12060682,34.96112477,-34.96112477,"Mass",21.21642940000,3.080000,"Radial Velocity",6046.00,1.285000,0.2080
"Kepler-768 b",1.79000000,0.20000000,-0.13000000,3.86000000,,,"M-R relationship",11.39100250000,3.700000,"Transit",5108.00,0.820000,-0.0300
"TIC 154870955 b",3.09467466,0.51582816,-0.34022190,9.77000000,,,"M-R relationship",7.96987471280,1.810000,"Transit",4739.58,0.828000,
"HD 133131 B b",13.30000000,,,794.57500000,15.89150000,-15.89150000,"Msini",5769.00000000000,1.860000,"Radial Velocity",5805.00,0.930000,-0.2810
"EPIC 212297394 c",2.27000000,0.19000000,-0.14000000,5.77000000,,,"M-R relationship",5.21396500000,2.710000,"Transit",5171.00,0.830000,-0.0300
"Kepler-875 b",2.90000000,1.02000000,-0.45000000,8.75000000,,,"M-R relationship",27.50737990000,1.970000,"Transit",5958.00,1.060000,0.0300
"K2-35 c",1.93000000,0.13000000,-0.11000000,4.38000000,,,"M-R relationship",5.60835200000,3.350000,"Transit",4402.71,0.701968,0.0400
"Kepler-321 c",2.32000000,0.45000000,-0.45000000,5.99000000,,,"M-R relationship",13.09392100000,2.640000,"Transit",5740.00,1.024000,0.1210
"Kepler-169 d",1.25000000,0.09000000,-0.09000000,2.10000000,,,"M-R relationship",8.34812500000,5.910000,"Transit",4997.00,0.825000,0.1700
"GJ 2030 b",2.03000000,,,4.76742611,0.63565681,-0.63565681,"Msini",2.38129000000,3.130000,"Radial Velocity",5485.00,0.960000,-0.4000
"HD 86226 c",2.16000000,0.08000000,-0.08000000,7.25000000,1.19000000,-1.12000000,"Mass",3.98442000000,3.970000,"Transit",5863.00,1.019000,0.0180
"TOI-824 b",2.92600000,0.20200000,-0.19100000,18.46700000,1.84300000,-1.87500000,"Mass",1.39297800000,4.030000,"Transit",4600.00,0.710000,-0.0920
"Kepler-1881 b",2.98104391,,,9.17000000,,,"M-R relationship",159.39399720000,1.900000,"Transit",5135.00,0.812000,0.1200
"Kepler-308 c",2.16000000,1.04000000,-1.04000000,5.31000000,,,"M-R relationship",15.38231000000,2.900000,"Transit",5895.00,0.920000,-0.0400
"Kepler-378 c",0.70000000,0.05000000,-0.05000000,0.27100000,,,"M-R relationship",28.90600900000,4.340000,"Transit",4661.00,0.780000,0.1369
"GJ 357 b",1.20000000,0.06000000,-0.06000000,1.83000000,0.30000000,-0.30000000,"Mass",3.93060000000,5.600000,"Transit",3505.00,0.342000,-0.1200
"TOI-1130 c",13.00000000,0.40000000,-0.40000000,336.00000000,2.00000000,-5.00000000,"Mass",8.35018980000,0.827042,"Transit",4360.00,0.745000,0.1100
"TOI-4860 b",8.70000000,0.40000000,-0.40000000,86.70000000,1.90000000,-1.90000000,"Mass",1.52275910000,0.750000,"Transit",3260.00,0.340000,0.2700
"Kepler-1651 b",1.84000000,0.11000000,-0.11000000,4.04000000,,,"M-R relationship",9.87863917000,3.560000,"Transit",3713.00,0.522000,-0.1600
"TOI-1238 c",2.11000000,0.14000000,-0.14000000,8.32000000,1.90000000,-1.88000000,"Mass",3.29473600000,4.900000,"Transit",4089.00,0.590000,0.3100
"TOI-1753 b",2.47852533,0.09834485,-0.07935468,16.60000000,5.20000000,-5.20000000,"Mass",5.38461040000,5.950000,"Transit",5621.00,0.948300,0.0260
"Kepler-49 d",1.60000000,0.07000000,-0.07000000,235.98200000,,,"Mass",2.57654900000,20.000000,"Transit",4252.00,0.549000,0.0300
"TIC 153919886 b",2.70601108,0.28201647,-0.23940357,7.78000000,,,"M-R relationship",2.10510492329,2.160000,"Transit",4137.16,0.581261,
"HD 188015 b",13.60000000,,,476.72000000,41.32000000,-41.32000000,"Msini",461.20000000000,1.040000,"Radial Velocity",5746.00,1.090000,0.2890
"HD 221416 b",9.17000000,0.34000000,-0.31000000,60.50000000,5.70000000,-5.70000000,"Mass",14.27670000000,0.431000,"Transit",5080.00,1.212000,-0.0800
"Kepler-727 b",2.53000000,0.35000000,-0.31000000,6.94000000,,,"M-R relationship",5.15448441700,2.350000,"Transit",5441.00,0.890000,-0.0100
"Kepler-139 f",6.67000000,,,36.00000000,10.00000000,-10.00000000,"Mass",355.00000000000,0.667000,"Transit Timing Variations",5630.00,1.078000,0.3500
"HD 152079 b",13.20000000,,,845.74563000,14.62018000,-14.62018000,"Msini",2918.92000000000,2.020000,"Radial Velocity",5907.00,1.147000,0.2900
"K2-105 b",3.40000000,0.12000000,-0.05000000,15.40000000,4.40000000,-4.40000000,"Mass",8.26726000000,2.240000,"Transit",5373.00,0.940000,0.2200
"GJ 724 b",3.27000000,,,10.75000000,0.96000000,-0.87000000,"Msini",5.10128400000,1.690000,"Radial Velocity",3799.00,0.527100,-0.0200
"HD 48948 c",2.60000000,,,7.27000000,0.70000000,-0.70000000,"Msini",38.06000000000,2.270000,"Radial Velocity",4593.00,0.686000,-0.2100
"HD 27894 d",12.70000000,,,2063.65984665,313.69663771,-112.19342767,"Mass",5019.54244000000,5.540000,"Radial Velocity",4875.00,0.810000,0.3000
"TOI-904 c",2.16700000,0.13000000,-0.11800000,5.34000000,,,"M-R relationship",83.99970000000,2.880000,"Transit",3770.20,0.557000,0.0220
"HD 11343 c",13.90000000,,,255.53403923,52.75951556,-50.85254512,"Msini",228.53731000000,0.523000,"Radial Velocity",4672.00,2.009000,-0.1900
"HD 102329 c",13.50000000,,,483.10160000,95.34900000,-79.45750000,"Msini",1123.00000000000,1.080000,"Radial Velocity",4830.00,1.300000,0.3000
"Kepler-1422 b",2.02000000,0.41000000,-0.27000000,4.74000000,,,"M-R relationship",18.60519420000,3.160000,"Transit",6194.00,1.150000,0.0000
"TOI-3568 b",5.30000000,0.27000000,-0.27000000,26.40000000,1.00000000,-1.00000000,"Mass",4.41796500000,0.980000,"Transit",4969.00,0.780000,-0.0100
"TOI-6448 b",8.47398941,0.76221069,-0.76221069,54.00000000,,,"M-R relationship",14.84426100000,0.488000,"Transit",5910.00,1.030000,
"TOI-776 b",1.79800000,0.07800000,-0.07700000,5.00000000,1.60000000,-1.60000000,"Mass",8.24662000000,4.800000,"Transit",3725.00,0.542000,-0.2100
"Kepler-282 d",2.46000000,1.00000000,-0.20000000,61.00000000,35.90000000,-36.10000000,"Mass",24.80600000000,22.500000,"Transit",5656.00,0.970000,-0.2000
"TOI-5786 b",8.54000000,0.13000000,-0.13000000,73.00000000,9.00000000,-9.00000000,"Mass",12.77910700000,0.640000,"Transit",6235.00,1.230000,0.0800
"LTT 3780 c",2.39000000,0.10000000,-0.11000000,8.04000000,0.50000000,-0.48000000,"Mass",12.25228400000,3.240000,"Transit",3358.00,0.381000,0.0600
"55 Cnc b",13.90000000,,,263.97850000,1.04880000,-1.04880000,"Mass",14.65155200000,0.540000,"Radial Velocity",5198.00,1.015000,0.3900
"WASP-178 b",20.28829000,1.00881000,-1.00881000,527.59780000,38.13960000,-38.13960000,"Mass",3.34482850000,0.370000,"Transit",9360.00,2.070000,0.2100
"Kepler-1509 b",1.85000000,0.37000000,-0.16000000,4.08000000,,,"M-R relationship",25.43381970000,3.540000,"Transit",5780.00,1.000000,0.0300
"Kepler-1164 b",1.12000000,0.04000000,-0.07000000,1.46000000,,,"M-R relationship",3.97599768000,5.710000,"Transit",5183.00,0.850000,-0.0300
"Kepler-987 b",3.26000000,0.16000000,-0.12000000,10.70000000,,,"M-R relationship",105.30331480000,1.700000,"Transit",5637.00,0.970000,0.0100
"TOI-4641 b",8.18255591,0.29143350,-0.31385146,1229.99593509,,,"Mass",22.09341000000,,"Transit",6560.00,1.410000,-0.0900
"Kepler-208 e",1.48000000,0.28000000,-0.28000000,2.79000000,,,"M-R relationship",16.25945800000,4.730000,"Transit",6092.00,1.082000,-0.0423
"WASP-183 b",16.47723000,10.53646000,-3.69897000,159.55066000,14.93801000,-14.93801000,"Mass",4.11177710000,0.210000,"Transit",5313.00,0.784000,-0.3100
"Kepler-320 b",1.14000000,0.54000000,-0.54000000,1.55000000,,,"M-R relationship",8.37155400000,5.750000,"Transit",6435.00,1.072000,-0.1228
"K2-54 b",2.61169250,0.21297063,-0.19055267,7.33000000,,,"M-R relationship",9.78330000000,2.260000,"Transit",3990.00,0.615000,-0.0200
"ome Ser b",14.00000000,,,233.92170755,19.06970442,-33.68981114,"Msini",278.59000000000,0.468000,"Radial Velocity",4724.00,1.010000,-0.1200
"HD 110082 b",3.20000000,0.10000000,-0.10000000,10.30000000,,,"M-R relationship",10.18271000000,1.730000,"Transit",6200.00,1.210000,0.0800
"Kepler-337 c",2.05000000,0.57000000,-0.57000000,4.86000000,,,"M-R relationship",9.69320100000,3.100000,"Transit",5684.00,1.081000,0.0700
"Kepler-254 c",2.15000000,1.03000000,-1.03000000,3.20000000,3.70000000,-2.70000000,"Mass",12.41218300000,1.770000,"Transit",5957.00,0.849000,-0.1300
"Kepler-156 c",2.55000000,0.19000000,-0.19000000,7.04000000,,,"M-R relationship",15.90680100000,2.330000,"Transit",5094.00,0.864000,0.2535
"K2-58 c",1.62000000,0.23000000,-0.23000000,3.26000000,,,"M-R relationship",2.53726000000,4.210000,"Transit",5413.00,0.890000,0.1100
"GJ 9066 c",9.60000000,,,66.74396547,6.35656814,-6.35656814,"Msini",771.36000000000,0.415000,"Radial Velocity",3154.00,0.150000,-0.1300
"Kepler-994 b",1.60000000,0.07000000,-0.27000000,3.19000000,,,"M-R relationship",1.15116650600,4.280000,"Transit",3934.00,0.560000,-0.1300
"K2-394 b",1.69200000,0.13600000,-0.12600000,3.51000000,,,"M-R relationship",5.09571700000,3.980000,"Transit",4938.00,0.478000,-0.3880
"Kepler-1830 b",3.32992941,,,11.10000000,,,"M-R relationship",56.49330139000,1.650000,"Transit",6160.00,1.443000,0.2400
"Kepler-1799 b",4.12801189,,,15.90000000,,,"M-R relationship",11.92969990000,1.240000,"Transit",5831.00,1.016000,0.0000
"Kepler-1605 b",1.08000000,0.09000000,-0.08000000,1.28000000,,,"M-R relationship",85.75654950000,5.580000,"Transit",5280.00,0.860000,-0.0100
"CoRoT-5 b",15.55800000,0.51600000,-0.52700000,148.42000000,14.93700000,-7.62800000,"Mass",4.03789620000,0.217000,"Transit",6100.00,1.000000,-0.2500
"HATS-49 b",8.57488500,0.14571700,-0.14571700,112.19399000,12.07754000,-8.58141000,"Mass",4.14804670000,0.986000,"Transit",4405.00,0.713300,0.2080
"HD 149806 b",12.30000000,,,4003.68444298,856.22972846,-884.19862827,"Mass",16521.52778000000,11.800000,"Radial Velocity",5352.05,0.930000,0.2206
"Kepler-350 d",2.80000000,1.28000000,-0.54000000,14.90000000,5.30000000,-4.70000000,"Mass",26.13600000000,2.690000,"Transit",6492.30,1.000000,0.0410
"DMPP-1 c",3.31000000,,,10.94000000,0.61000000,-0.59000000,"Msini",10.03000000000,1.660000,"Radial Velocity",6196.00,1.210000,
"DMPP-1 b",4.26000000,,,16.80000000,2.50000000,-2.50000000,"Msini",17.81200000000,1.190000,"Radial Velocity",6196.00,1.210000,
"HAT-P-45 b",15.98400000,1.96200000,-0.97500000,283.49200000,43.54100000,-31.46400000,"Mass",3.12899200000,0.380000,"Transit",6330.00,1.259000,0.0700
"TOI-1333 b",15.64776400,0.62770400,-0.60528600,753.25710000,76.27920000,-76.27920000,"Mass",4.72021900000,1.080000,"Transit",6274.00,1.464000,0.1190
"Kepler-853 b",1.69000000,0.48000000,-0.28000000,3.50000000,,,"M-R relationship",7.16892463000,3.980000,"Transit",6350.00,1.300000,0.0700
"TOI-5599 b",7.18882120,0.57201675,-0.52467258,40.90000000,,,"M-R relationship",5.43691503941,0.605000,"Transit",6137.02,1.210000,
"HD 207832 b",14.20000000,,,177.98480000,28.92253000,-28.92253000,"Msini",160.07000000000,0.342000,"Radial Velocity",5726.00,1.050000,0.1400
"Kepler-256 c",2.15000000,0.53000000,-0.53000000,5.27000000,,,"M-R relationship",3.38802000000,2.910000,"Transit",5551.00,1.037000,0.2600
"HATS-59 c",12.30000000,,,4036.44100000,276.51210000,-276.51210000,"Msini",1422.00000000000,11.900000,"Radial Velocity",5670.00,1.038000,0.1800
"WASP-89 b",11.65736000,0.44836000,-0.44836000,1875.19700000,127.13200000,-127.13200000,"Mass",3.35642270000,7.000000,"Transit",5130.00,0.920000,0.1500
"HD 124330 b",14.00000000,,,238.37130525,19.06970442,-19.06970442,"Msini",270.66000000000,0.477000,"Radial Velocity",5873.00,1.150000,0.2200
"KELT-21 b",17.77747400,0.43715100,-0.44836000,1242.71530000,,,"Mass",3.61276470000,1.240000,"Transit",7598.00,1.458000,-0.4050
"Kepler-1464 b",1.66000000,0.29000000,-0.16000000,3.39000000,,,"M-R relationship",31.77859010000,4.070000,"Transit",5828.00,1.020000,0.0300
"Kepler-1913 b",1.51852059,,,2.92000000,,,"M-R relationship",14.19600010000,4.580000,"Transit",6214.00,1.169000,0.0700
"Kepler-16 b",8.44930000,0.02910000,-0.02910000,105.83300000,5.08500000,-5.08500000,"Mass",228.77600000000,0.964000,"Transit",4450.00,0.689700,-0.3000
"KELT-23 A b",14.82950700,0.28022500,-0.28022500,298.12454000,15.25584000,-13.98452000,"Mass",2.25525100000,0.503000,"Transit",5899.00,0.944000,-0.1050
"Kepler-82 e",2.47000000,0.37000000,-0.37000000,254.02000000,,,"Mass",5.90220600000,0.540000,"Transit",5428.00,0.946000,0.2107
"HD 167042 b",13.60000000,,,444.00628458,9.85268062,-13.98444991,"Msini",417.67000000000,0.970000,"Radial Velocity",4919.00,1.390000,-0.0100
"TIC 393818343 b",12.18416202,0.25780656,-0.23538859,1379.37528638,47.67426105,-47.67426105,"Mass",16.24921000000,4.220000,"Transit",5756.00,1.082000,0.3180
"Kepler-577 b",2.55000000,0.38000000,-0.15000000,7.04000000,,,"M-R relationship",25.69578251000,2.330000,"Transit",4984.00,0.780000,-0.1400
"Kepler-953 b",4.21000000,0.37000000,-0.33000000,16.50000000,,,"M-R relationship",88.40655258000,1.220000,"Transit",5416.00,0.950000,0.2600
"Kepler-212 c",2.74000000,0.51000000,-0.51000000,7.95000000,,,"M-R relationship",31.80517400000,2.120000,"Transit",5852.00,1.166000,0.2200
"WASP-45 b",10.60371400,0.65012200,-0.57165900,306.38812000,18.43414000,-17.79848000,"Mass",3.12608900000,1.418000,"Transit",5150.00,0.850000,-0.0300
"Kepler-43 b",13.66377100,0.72858500,-0.71737600,1026.59090000,82.63580000,-82.63580000,"Mass",3.02409490000,5.000000,"Transit",6041.00,1.320000,0.3300
"Kepler-1084 b",1.11000000,0.23000000,-0.15000000,1.41000000,,,"M-R relationship",2.05333679000,5.670000,"Transit",6113.00,1.120000,-0.0200
"K2-329 b",8.67576600,0.29143400,-0.26901600,82.63580000,6.35660000,-6.99226000,"Mass",12.45512250000,0.694000,"Transit",5282.00,0.901000,0.0980
"K2-91 b",1.10000000,0.18000000,-0.18000000,1.37000000,,,"M-R relationship",1.41954900000,5.660000,"Transit",3622.00,0.292000,
"BD+14 4559 b",13.80000000,,,330.54320000,149.38010000,-149.38010000,"Msini",268.94000000000,0.691000,"Radial Velocity",4864.00,0.490000,0.1700
"Kepler-1329 b",2.17000000,0.06000000,-0.16000000,5.35000000,,,"M-R relationship",9.33646594000,2.880000,"Transit",4500.00,0.720000,0.0200
"Kepler-1201 b",2.29000000,0.91000000,-0.43000000,5.86000000,,,"M-R relationship",15.18725932000,2.680000,"Transit",6177.00,1.150000,0.0300
"TOI-2368 b",10.83908434,0.40352331,-0.34747840,206.58846455,57.20911326,-57.20911326,"Mass",5.17500730000,0.880000,"Transit",5360.00,0.897000,0.1000
"GJ 667 C f",1.45000000,,,2.70000000,1.40000000,-1.20000000,"Msini",39.02600000000,4.870000,"Radial Velocity",3350.00,0.330000,-0.5500
"HD 11505 b",12.60000000,,,2510.52658689,1031.35318072,-541.26177712,"Mass",32669.22247000000,6.900000,"Radial Velocity",5757.15,1.030000,-0.2203
"HATS-4 b",11.43300000,0.41500000,-0.41500000,420.47100000,8.89900000,-8.89900000,"Mass",2.51672900000,1.550000,"Transit",5403.00,1.001000,0.4300
"Kepler-825 c",1.84000000,0.40000000,-0.24000000,4.04000000,,,"M-R relationship",8.18182460000,3.560000,"Transit",5976.00,1.030000,-0.0800
"KOI-55 c",0.86700000,,,0.65500000,,,"Mass",0.34288700000,5.520000,"Orbital Brightness Modulation",27730.00,0.496000,-0.1060
"K2-413 b",0.75990000,0.07580000,-0.04960000,0.36300000,,,"M-R relationship",0.80940000000,4.550000,"Transit",4116.00,0.808000,-0.2050
"TOI-451 d",3.93000000,0.20000000,-0.20000000,10.20000000,4.60000000,-4.50000000,"Mass",16.36496200000,0.920000,"Transit",5490.00,0.930000,0.0200
"TOI-178 c",1.75400000,0.03200000,-0.04000000,4.64000000,0.52000000,-0.53000000,"Mass",3.23848600000,4.796846,"Transit",4316.00,0.647000,-0.2300
"Kepler-319 c",2.63000000,0.37000000,-0.37000000,7.41000000,,,"M-R relationship",6.94135700000,2.240000,"Transit",5526.00,0.933000,0.0600
"Kepler-1437 b",1.37000000,0.17000000,-0.13000000,2.45000000,,,"M-R relationship",10.92954610000,5.240000,"Transit",5557.00,0.930000,-0.0200
"GJ 3138 d",3.23000000,,,10.50000000,2.30000000,-2.10000000,"Msini",257.80000000000,1.710000,"Radial Velocity",3717.00,0.681000,-0.3000
"WASP-16 b",13.67498000,1.12090000,-1.12090000,394.10920000,79.45750000,-79.45750000,"Mass",3.11860000000,0.572000,"Transit",5700.00,1.780000,0.0100
"TOI-3331 A b",12.97999965,0.48198617,-0.48198617,721.47048389,50.85254512,-50.85254512,"Mass",2.01802310000,1.820000,"Transit",5609.00,1.016000,0.1480
"Kepler-251 b",1.33000000,0.24000000,-0.24000000,2.33000000,,,"M-R relationship",4.79093600000,5.440000,"Transit",5526.00,0.891000,-0.0600
"HD 93385 b",1.88000000,,,4.20000000,0.50000000,-0.50000000,"Msini",7.34260000000,3.470000,"Radial Velocity",5977.00,1.040000,0.0200
"Kepler-1802 b",1.67100000,,,3.43000000,,,"M-R relationship",15.45020008000,4.040000,"Transit",4245.00,0.649000,0.0000
"TOI-3980 b",14.45958510,2.24179614,-1.12089807,187.51876013,60.38739733,-54.03082919,"Mass",3.60892540000,0.250000,"Transit",5840.00,1.240000,0.1880
"Kepler-226 c",2.27000000,0.90000000,-0.90000000,45.20000000,22.50000000,-19.10000000,"Mass",5.34955500000,21.200000,"Transit",5571.00,0.904000,0.0900
"K2-288 B b",1.90000000,0.30000000,-0.30000000,4.27000000,,,"M-R relationship",31.39346300000,3.420000,"Transit",3341.00,0.330000,-0.2100
"Kepler-672 b",2.50000000,0.32000000,-0.18000000,6.80000000,,,"M-R relationship",38.37746230000,2.390000,"Transit",5627.00,0.950000,-0.0100
"Kepler-974 b",1.57000000,0.06000000,-0.29000000,3.09000000,,,"M-R relationship",4.19449651400,4.390000,"Transit",3687.00,0.520000,0.0700
"Kepler-1842 b",2.35388681,,,6.14000000,,,"M-R relationship",14.02639961000,2.590000,"Transit",5970.00,1.057000,0.0600
"Kepler-690 b",5.95000000,1.83000000,-0.75000000,29.60000000,,,"M-R relationship",7.74809437400,0.772000,"Transit",5913.00,1.110000,0.1900
"Kepler-154 d",3.84000000,0.32000000,-0.24000000,14.10000000,,,"M-R relationship",20.54981883000,1.370000,"Transit",5769.00,0.980000,-0.0400
"OGLE-2006-BLG-109L b",14.00000000,,,231.00000000,19.00000000,-19.00000000,"Mass",1788.50000000000,0.463000,"Microlensing",,0.510000,
"K2-416 b",2.66000000,0.19000000,-0.14000000,1652.70771640,,,"Mass",13.10200000000,,"Transit",3746.00,0.548000,
"HD 28192 b",12.20000000,,,99.79811980,7.62788177,-9.85268062,"Msini",14.23283000000,0.302000,"Radial Velocity",5919.87,1.080000,
"Kepler-453 b",6.20400000,0.03900000,-0.03900000,16.00000000,,,"Mass",240.50300000000,,"Transit",5527.00,0.944000,0.0900
"Kepler-1090 c",3.29265785,,,10.90000000,,,"M-R relationship",42.42720032000,1.680000,"Transit",5330.00,0.869000,0.1800
"KOI-1833 d",2.58000000,0.23000000,-0.22000000,11.02000000,,,"Mass",7.68500000000,4.500000,"Transit",4413.00,0.681000,0.1300
"Kepler-269 b",2.47000000,1.15000000,-1.15000000,6.66000000,,,"M-R relationship",5.32671800000,2.430000,"Transit",5847.00,0.920000,0.4000
"Kepler-927 b",1.72000000,0.40000000,-0.15000000,3.61000000,,,"M-R relationship",9.11499030000,3.900000,"Transit",5743.00,0.990000,0.0300
"HD 50499 b",13.50000000,,,519.96988000,5.40311000,-5.40311000,"Msini",2447.10000000000,1.160000,"Radial Velocity",6102.00,1.253000,0.2600
"Proxima Cen b",1.02000000,,,1.05500000,0.05500000,-0.05500000,"Msini",11.18465000000,5.460000,"Radial Velocity",2900.00,0.122100,
"K2-279 b",1.21000000,0.14000000,-0.14000000,1.92000000,,,"M-R relationship",7.12260500000,5.960000,"Transit",5558.00,0.790000,-0.3700
"G 268-110 b",1.13000000,,,1.52000000,0.25000000,-0.25000000,"Msini",1.43263000000,5.790000,"Radial Velocity",,0.137000,
"HD 156098 c",12.80000000,,,1661.60691180,615.95145277,-409.04515981,"Mass",7841.58390000000,4.350000,"Radial Velocity",6419.19,1.290000,0.1200
"Kepler-83 c",2.36000000,0.35000000,-0.35000000,2.03000000,0.52000000,-0.39000000,"Mass",20.09000000000,0.380000,"Transit",4082.00,0.660000,-0.2000
"K2-212 b",2.65000000,0.20000000,-0.18000000,7.51000000,,,"M-R relationship",9.79564700000,2.220000,"Transit",4349.00,0.622000,0.0300
"K2-48 b",2.24000000,0.24000000,-0.24000000,5.65000000,,,"M-R relationship",20.50650000000,2.760000,"Transit",4899.00,0.770000,-0.1900
"K2-158 c",1.28000000,0.13000000,-0.10000000,2.18000000,,,"M-R relationship",5.90279000000,5.710000,"Transit",5503.00,0.920000,0.0700
"Kepler-158 b",2.12000000,0.36000000,-0.36000000,5.14000000,,,"M-R relationship",16.70918400000,2.960000,"Transit",4623.00,0.655000,-0.3000
"HD 203387 c",12.60000000,,,2378.94562640,1079.02744177,-702.40077947,"Mass",2481.07227000000,6.530000,"Radial Velocity",5174.32,2.817000,0.0500
"Kepler-353 b",0.89000000,0.06000000,-0.06000000,0.64000000,,,"M-R relationship",5.79527800000,4.990000,"Transit",3903.00,0.553000,-0.1200
"Kepler-810 b",1.93000000,0.41000000,-0.19000000,4.38000000,,,"M-R relationship",4.59725385000,3.350000,"Transit",5803.00,1.030000,0.1000
"K2-117 b",2.03000000,0.10000000,-0.10000000,4.78000000,,,"M-R relationship",1.29160000000,3.140000,"Transit",3778.00,0.540000,-0.0500
"Kepler-566 b",2.15000000,0.13000000,-0.13000000,5.27000000,,,"M-R relationship",18.42794624000,2.910000,"Transit",5132.00,0.830000,-0.0100
"TOI-4940 b",6.61000000,0.37000000,-0.37000000,89.00000000,,,"Mass",25.86781100000,,"Transit",5504.00,1.012000,0.3260
"TOI-2154 b",16.28664896,0.59407598,-0.53803107,292.40213444,60.38739733,-57.20911326,"Mass",3.82408010000,0.370000,"Transit",6280.00,1.233000,0.0110
"HD 28109 d",3.11000000,0.15000000,-0.15000000,5.80000000,0.90000000,-1.10000000,"Mass",84.28990000000,1.100000,"Transit",6189.00,1.227000,0.1000
"Kepler-33 c",3.20000000,0.30000000,-0.30000000,0.39000000,1.24000000,-0.32000000,"Mass",13.17562000000,0.130000,"Transit",5904.00,1.291000,0.0250
"Kepler-1729 b",3.89404186,,,14.40000000,,,"M-R relationship",4.22097015400,1.340000,"Transit",3837.00,0.544000,-0.0600
"Kepler-1471 c",1.88000000,0.28000000,-0.34000000,4.19000000,,,"M-R relationship",11.60448810000,3.470000,"Transit",5533.00,0.934000,0.1600
"TOI-2497 b",11.14172682,0.61649394,-0.54924005,1531.93292174,130.30964687,-130.30964687,"Mass",10.65566900000,6.100000,"Transit",7360.00,1.859000,0.0940
"HD 20003 c",3.89000000,,,14.44000000,1.47000000,-1.39000000,"Msini",33.92390000000,1.350000,"Radial Velocity",5494.00,0.875000,0.0400
"KELT-10 b",15.68139100,0.77342100,-0.54924100,215.80657000,12.39537000,-12.07754000,"Mass",4.16627390000,0.308000,"Transit",5948.00,1.112000,0.0900
"K2-46 b",2.05000000,0.24000000,-0.24000000,4.86000000,,,"M-R relationship",19.15410000000,3.100000,"Transit",6256.00,0.960000,-0.3200
"Kepler-119 c",0.92000000,0.35000000,-0.35000000,0.72100000,,,"M-R relationship",4.12510300000,5.090000,"Transit",5595.00,0.918000,0.0100
"WASP-194 b",15.47960235,0.98639030,-0.98639030,373.13054982,84.22452786,-84.22452786,"Mass",3.18338700000,0.550000,"Transit",6405.00,1.290000,0.0000
"Kepler-430 b",3.25000000,,,10.60000000,,,"M-R relationship",35.96800000000,1.700000,"Transit",5884.00,1.166000,0.2000
"Kepler-619 d",4.17000000,1.31000000,-0.44000000,16.20000000,,,"M-R relationship",11.67894236000,1.230000,"Transit",6122.00,1.041000,-0.1800
"TOI-2768 b",2.63000000,0.45000000,-0.44000000,7.41000000,,,"M-R relationship",1.50801000000,2.240000,"Transit",4008.00,0.630000,
"Kepler-695 b",9.21000000,0.71000000,-0.56000000,62.30000000,,,"M-R relationship",3.04033042400,0.438000,"Transit",5181.00,0.840000,-0.0100
"Kepler-294 b",1.77000000,0.83000000,-0.83000000,3.78000000,,,"M-R relationship",3.70121200000,3.750000,"Transit",5913.00,0.947000,0.1100
"Kepler-1208 b",2.32000000,0.19000000,-0.14000000,5.99000000,,,"M-R relationship",11.08507637000,2.640000,"Transit",5001.00,0.800000,-0.0300
"Kepler-192 d",1.02000000,0.10000000,-0.07000000,1.04000000,,,"M-R relationship",6.47027579000,5.390000,"Transit",5487.00,0.940000,0.1300
"47 UMa b",13.20000000,,,804.08000000,22.25000000,-19.07000000,"Msini",1078.00000000000,1.920000,"Radial Velocity",5872.00,1.060000,0.0400
"Kepler-1670 b",3.35648010,,,11.20000000,,,"M-R relationship",20.49980000000,1.630000,"Transit",5838.00,1.050000,-0.0800
"K2-230 b",1.96000000,0.18000000,-0.16000000,4.50000000,,,"M-R relationship",2.86041000000,3.280000,"Transit",5945.00,1.110000,0.1000
"Kepler-1085 b",7.22000000,1.77000000,-0.74000000,41.20000000,,,"M-R relationship",219.32175280000,0.602000,"Transit",6000.00,1.110000,0.0800
"Kepler-1404 b",2.01000000,0.14000000,-0.21000000,4.70000000,,,"M-R relationship",15.93147390000,3.180000,"Transit",5261.00,0.840000,-0.0900
"K2-350 b",1.54000000,0.15000000,-0.11000000,2.99000000,,,"M-R relationship",4.16387300000,4.500000,"Transit",5789.00,0.980000,-0.0200
"Kepler-1811 b",3.84829873,,,14.10000000,,,"M-R relationship",76.42230225000,1.360000,"Transit",5561.00,0.946000,0.1600
"K2-225 b",3.60929179,0.28022452,-0.22417961,12.70000000,,,"M-R relationship",15.87230000000,1.480000,"Transit",5520.00,1.482000,0.4860
"TOI-2227 b",3.09885187,0.25572292,-0.23281105,9.79000000,,,"M-R relationship",4.22175815648,1.810000,"Transit",5889.54,1.030000,-0.0503
"HD 189567 c",2.54000000,,,7.00000000,0.90000000,-0.90000000,"Msini",33.68800000000,2.350000,"Radial Velocity",5726.00,0.830000,-0.2400
"Kepler-443 b",2.33000000,0.19000000,-0.22000000,6.04000000,,,"M-R relationship",177.66930000000,2.620000,"Transit",4723.00,0.738000,-0.0100
"CFHTWIR-Oph 98 b",20.84870410,0.56044903,-0.56044903,2479.06157460,222.47988490,-254.26272560,"Mass",8040000.00000000000,1.500000,"Imaging",2320.00,0.014700,
"HD 19615 b",12.60000000,,,2701.54145950,222.47988490,-222.47988490,"Msini",402.00000000000,7.420000,"Radial Velocity",4263.00,1.100000,-0.3100
"Kepler-24 c",2.51400000,0.09800000,-0.09800000,9.99000000,2.01000000,-1.66000000,"Mass",12.33000000000,3.418442,"Transit",6028.00,1.060000,-0.0708
"WASP-135 b",14.57170000,1.00881000,-1.00881000,603.87700000,25.42640000,-25.42640000,"Mass",1.40137940000,1.160000,"Transit",5675.00,0.980000,0.0200
"psi1 Dra B b",13.50000000,,,486.27990000,31.78300000,-31.78300000,"Msini",3117.00000000000,1.090000,"Radial Velocity",6212.00,1.190000,0.0100
"Kepler-1862 b",2.20300000,,,5.49000000,,,"M-R relationship",16.05730057000,2.820000,"Transit",5644.00,0.900000,-0.2400
"NGTS-35 b",10.90000000,0.65000000,-0.65000000,152.00000000,22.00000000,-19.00000000,"Mass",25.24119200000,0.645000,"Transit",4717.00,0.789000,0.0850
"Kepler-479 b",2.12000000,0.09000000,-0.07000000,5.14000000,,,"M-R relationship",12.49341307000,2.960000,"Transit",5247.00,0.860000,-0.0200
"HD 25463 b",2.54535814,0.11171510,-0.08338345,8.70000000,2.70000000,-2.60000000,"Mass",7.04914230000,2.870000,"Transit",6353.00,1.251000,-0.0180
"HD 37124 d",14.00000000,,,221.20968000,18.75197000,-18.75197000,"Msini",1862.00000000000,0.443000,"Radial Velocity",5698.64,0.850000,-0.4400
"Kepler-170 c",2.86000000,0.17000000,-0.17000000,8.55000000,,,"M-R relationship",16.66586300000,2.010000,"Transit",5679.00,1.066000,0.3900
"Kepler-1128 b",3.65000000,0.53000000,-0.34000000,12.90000000,,,"M-R relationship",61.61781670000,1.460000,"Transit",5543.00,0.940000,0.0400
"K2-260 b",18.41635529,0.65012088,-0.81825559,546.66486004,108.06165838,-111.23994245,"Mass",2.62669762000,0.480000,"Transit",6860.00,1.637000,0.3340
"Kepler-681 b",3.08000000,0.16000000,-0.16000000,9.69000000,,,"M-R relationship",26.39435646000,1.820000,"Transit",5021.00,0.800000,-0.0400
"Kepler-1135 b",1.85000000,0.33000000,-0.16000000,4.08000000,,,"M-R relationship",76.95785700000,3.540000,"Transit",5656.00,0.960000,0.0200
"HD 156668 b",1.87000000,,,4.15000000,0.58000000,-0.58000000,"Msini",4.64550000000,3.490000,"Radial Velocity",4850.00,0.772000,0.0500
"TOI-431 b",1.28000000,0.04000000,-0.04000000,3.07000000,0.35000000,-0.35000000,"Mass",0.49004700000,8.000000,"Transit",4850.00,0.780000,0.2000
"HD 63935 c",3.06451296,0.08805710,-0.07912569,11.10000000,2.00000000,-1.90000000,"Mass",21.40270000000,2.110000,"Radial Velocity",5513.00,0.940600,0.1070
"WASP-189 b",18.14733975,0.23538859,-0.23538859,632.47852993,50.85254512,-44.49597698,"Mass",2.72403300000,0.621987,"Transit",8000.00,2.030000,0.2900
"Kepler-379 b",1.66000000,0.31000000,-0.31000000,3.39000000,,,"M-R relationship",20.09838000000,4.070000,"Transit",6054.00,1.125000,0.0900
"HD 87883 b",12.70000000,,,2005.49724817,98.52680617,-101.70509024,"Mass",3006.00000000000,5.380000,"Radial Velocity",4980.00,0.800000,0.1100
"Kepler-1043 b",2.55000000,0.39000000,-0.24000000,7.04000000,,,"M-R relationship",38.50533980000,2.330000,"Transit",5629.00,0.920000,-0.1100
"Kepler-1547 b",0.90000000,0.28000000,-0.12000000,0.66600000,,,"M-R relationship",0.69297967600,5.020000,"Transit",6078.00,1.120000,0.0400
"Kepler-1876 b",0.85300000,0.03900000,-0.02600000,2.40000000,,,"Mass",6.99205000000,19.000000,"Transit",6104.00,1.187000,0.0100
"Kepler-376 b",1.07000000,0.22000000,-0.22000000,1.24000000,,,"M-R relationship",4.92019900000,5.560000,"Transit",5900.00,0.968000,-0.1038
"TOI-5160 b",2.39729851,0.28717359,-0.22048406,6.33000000,,,"M-R relationship",4.28077325600,2.520000,"Transit",5622.14,1.003000,0.2040
"Kepler-306 e",2.27000000,0.15000000,-0.15000000,5.77000000,,,"M-R relationship",44.84097500000,2.710000,"Transit",4954.00,0.750000,-0.1300
"TOI-2076 c",3.54000000,0.14000000,-0.14000000,7.20000000,1.40000000,-1.40000000,"Mass",21.01447000000,0.870000,"Transit",5187.00,0.849000,-0.0900
"HD 35843 c",2.54000000,0.08000000,-0.07000000,11.32000000,1.58000000,-1.48000000,"Mass",46.96220000000,3.800000,"Transit",5666.00,0.940000,-0.2700
"HD 203387 b",13.10000000,,,1106.04285636,187.20093172,-168.76688412,"Msini",512.53520000000,2.700000,"Radial Velocity",5174.32,2.817000,0.0500
"HD 217958 b",14.20000000,,,166.54208527,110.28645723,-20.02318964,"Mass",2560.19774000000,0.320000,"Radial Velocity",5930.64,1.080000,0.2865
"HD 1461 b",2.42000000,,,6.44000000,0.61000000,-0.61000000,"Msini",5.77152000000,2.500000,"Radial Velocity",5765.00,1.020000,0.1900
"HATS-76 b",12.09449018,0.34747840,-0.34747840,835.57088200,28.28672822,-28.28672822,"Mass",1.94164230000,2.580000,"Transit",4016.00,0.662000,0.3220
"HAT-P-33 b",20.73665000,5.49241000,-5.49241000,292.40360000,158.91500000,-158.91500000,"Mass",3.47447000000,0.200000,"Transit",6446.00,1.820000,0.0500
"nu Oph b",12.00000000,,,7057.73298000,,,"Mass",529.93000000000,22.400000,"Radial Velocity",4887.00,2.610000,0.1000
"Kepler-324 b",1.14000000,0.11000000,-0.11000000,2414.40000000,,,"Mass",4.38531500000,3.000000,"Transit",5194.00,0.901000,0.1800
"Kepler-215 b",1.62000000,0.40000000,-0.40000000,3.26000000,,,"M-R relationship",9.36067200000,4.210000,"Transit",5739.00,0.788000,-0.4425
"Kepler-195 c",1.55000000,0.57000000,-0.57000000,3.02000000,,,"M-R relationship",34.09686300000,4.460000,"Transit",5329.00,0.867000,0.0400
"HD 6061 b",2.42763557,0.09903199,-0.07283589,10.00000000,2.50000000,-2.50000000,"Mass",5.25490000000,3.820000,"Transit",5934.00,1.026900,-0.0500
"CoRoT-26 b",14.12000000,1.46000000,-0.78000000,165.26000000,15.89000000,-15.89000000,"Mass",4.20474000000,0.280000,"Transit",5590.00,1.090000,0.0100
"WASP-150 b",11.99363000,0.26901600,-0.28022500,2688.84180000,88.99240000,-63.56600000,"Mass",5.64420700000,8.540000,"Transit",6218.00,1.394000,0.1560
"Kepler-396 c",5.30000000,1.95000000,-0.99000000,17.90000000,2.80000000,-1.30000000,"Mass",88.50500000000,0.661000,"Transit",5656.00,0.850000,0.1558
"Kepler-100 b",1.34000000,0.12000000,-0.12000000,4.01000000,0.47000000,-0.47000000,"Mass",6.88734000000,12.357908,"Transit",5837.00,1.130000,0.1000
"K2-240 c",1.80000000,0.30000000,-0.10000000,3.89000000,,,"M-R relationship",20.52300000000,3.670000,"Transit",3810.00,0.580000,-0.1000
"TOI-5232 b",12.77823800,0.57165802,-0.50440413,743.71847238,50.85254512,-50.85254512,"Mass",4.09666920000,1.960000,"Transit",6500.00,1.389000,-0.1040
"HD 133131 A c",14.30000000,,,133.48860000,47.67450000,-47.67450000,"Msini",3568.00000000000,0.251000,"Radial Velocity",5799.00,0.950000,-0.3060
"Kepler-225 c",1.84000000,0.10000000,-0.10000000,4.04000000,,,"M-R relationship",18.79423400000,3.560000,"Transit",3682.00,0.593000,-0.0400
"61 Vir d",5.11000000,,,22.90000000,2.60000000,-2.60000000,"Msini",123.01000000000,0.943000,"Radial Velocity",5577.00,0.942000,-0.0100
"Kepler-194 c",2.59000000,1.36000000,-1.36000000,7.22000000,,,"M-R relationship",17.30803200000,2.280000,"Transit",6089.00,0.940000,-0.0300
"Kepler-176 e",1.45000000,0.12000000,-0.15000000,0.52075000,,,"Mass",51.16579000000,0.041000,"Transit",5295.00,0.870000,0.0300
"Kepler-442 b",1.34000000,0.11000000,-0.18000000,2.36000000,,,"M-R relationship",112.30530000000,5.390000,"Transit",4402.00,0.609000,-0.3700
"TOI-4529 b",1.77000000,0.09000000,-0.08000000,4.90000000,,,"Mass",5.87957700000,4.800000,"Transit",3697.00,0.482000,-0.2400
"HD 156668 c",6.17000000,,,31.49679513,2.51084442,-2.44727873,"Msini",811.30000000000,0.737000,"Radial Velocity",4903.69,0.785167,0.0493
"TOI-1670 c",11.06326395,0.28022452,-0.28022452,200.23189641,28.60455663,-25.42627256,"Mass",40.74976000000,0.810000,"Transit",6170.00,1.210000,0.0900
"WASP-176 b",16.86954500,0.56045000,-0.50440500,271.74465000,22.88376000,-21.93027000,"Mass",3.89905200000,0.310000,"Transit",5941.00,1.345000,0.1640
"Kepler-462 c",4.00000000,0.20000000,-0.20000000,6.00000000,10.80000000,-4.90000000,"Mass",207.62000000000,0.400000,"Transit",7500.00,1.590000,0.0500
"KOI-3680 b",11.09691000,0.67254000,-0.78463000,613.41190000,60.38770000,-66.74430000,"Mass",141.24167100000,2.460000,"Transit",5830.00,1.010000,0.1600
"Kepler-1652 b",1.60000000,0.18000000,-0.18000000,3.19000000,,,"M-R relationship",38.09722000000,4.280000,"Transit",3638.00,0.404000,-0.3000
"K2-4 b",2.10000000,0.20000000,-0.19000000,5.06000000,,,"M-R relationship",10.00341700000,3.000000,"Transit",4014.73,0.635026,-0.1200
"TOI-5082.01",2.54811000,0.12956200,-0.12956200,7.03000000,,,"M-R relationship",4.24012200000,2.330000,"Transit",5670.00,0.996650,0.0900
"GJ 3021 b",13.10000000,,,1071.04000000,28.60000000,-28.60000000,"Msini",133.71000000000,2.620000,"Radial Velocity",5540.00,0.900000,0.1000
"HATS-32 b",14.00004100,1.61409600,-1.07606400,292.40360000,31.78300000,-31.78300000,"Mass",2.81265480000,0.580000,"Transit",5700.00,1.099000,0.3900
"Kepler-148 c",3.60000000,1.76000000,-1.76000000,12.60000000,,,"M-R relationship",4.18004300000,1.480000,"Transit",5272.00,0.860000,0.1400
"KPS-1 b",11.54527000,1.45717000,-1.34508000,346.43470000,27.33338000,-27.65121000,"Mass",1.70629100000,1.310000,"Transit",5165.00,0.892000,0.2200
"Kepler-446 d",1.35000000,0.22000000,-0.22000000,2.39000000,,,"M-R relationship",5.14892100000,5.340000,"Transit",3359.00,0.220000,-0.3000
"TOI-411 c",2.32800000,0.03800000,-0.03900000,9.72000000,,,"Mass",9.57308300000,3.150000,"Transit",6169.00,1.098000,-0.0800
"Kepler-361 b",1.45000000,0.28000000,-0.28000000,2.70000000,,,"M-R relationship",8.48661600000,4.870000,"Transit",6169.00,1.191000,0.0400
"Kepler-47 c",4.65000000,0.09000000,-0.07000000,3.17000000,2.18000000,-1.25000000,"Mass",303.22700000000,0.170000,"Transit",5636.00,0.957000,-0.2500
"Kepler-198 c",2.47000000,0.37000000,-0.37000000,6.66000000,,,"M-R relationship",49.56741600000,2.430000,"Transit",5574.00,0.995000,0.1142
"WASP-38 b",13.78707000,0.67254000,-0.67254000,1093.33520000,114.41880000,-114.41880000,"Mass",6.87188000000,2.300000,"Transit",6180.00,1.760000,-0.0200
"WASP-193 b",14.78464554,0.62770292,-0.53803107,35.59678158,9.21702380,-10.80616584,"Mass",6.24634750000,0.060000,"Transit",6080.00,1.018000,-0.1080
"Kepler-515 b",1.46000000,0.06000000,-0.05000000,2.73000000,,,"M-R relationship",19.96371318000,4.820000,"Transit",5293.00,0.900000,0.0800
"TOI-3862 b",5.53000000,0.18000000,-0.18000000,53.70000000,2.80000000,-2.90000000,"Mass",1.55745774000,1.750000,"Transit",5300.00,0.900000,0.1100
"Kepler-1343 b",1.93000000,0.25000000,-0.19000000,4.38000000,,,"M-R relationship",3.35183158000,3.350000,"Transit",5759.00,0.950000,-0.1600
"HD 39194 b",1.99000000,,,4.62000000,0.32000000,-0.32000000,"Msini",5.63692000000,3.220000,"Radial Velocity",5205.00,0.860000,-0.6100
"GJ 806 b",1.33100000,0.02300000,-0.02300000,1.90000000,0.17000000,-0.17000000,"Mass",0.92632370000,4.400000,"Transit",3600.00,0.413000,-0.2800
"Kepler-235 c",1.28000000,0.08000000,-0.08000000,2.18000000,,,"M-R relationship",7.82490400000,5.710000,"Transit",4255.00,0.581000,-0.5100
"TOI-1696 b",3.09000000,0.11000000,-0.11000000,48.80000000,,,"Mass",2.50031100000,9.440000,"Transit",3185.00,0.255000,0.3360
"Kepler-1402 b",0.76000000,0.08000000,-0.07000000,0.36300000,,,"M-R relationship",2.03387914000,4.540000,"Transit",5416.00,0.900000,0.0300
"HD 73526 c",13.30000000,,,715.09000000,41.32000000,-41.32000000,"Msini",379.10000000000,1.670000,"Radial Velocity",5601.00,1.014000,0.2200
"Kepler-252 b",1.23000000,0.12000000,-0.12000000,2.04000000,,,"M-R relationship",6.66839100000,6.020000,"Transit",4208.00,0.610000,-0.1300
"Kepler-521 b",3.18000000,0.31000000,-0.23000000,10.20000000,,,"M-R relationship",22.20813214000,1.740000,"Transit",6406.00,1.340000,0.2500
"HD 95089 c",13.10000000,,,1096.51350000,44.49620000,-44.49620000,"Msini",1785.00000000000,2.680000,"Radial Velocity",4918.00,1.540000,0.0500
"HD 20781 d",3.25000000,,,10.61000000,1.20000000,-1.19000000,"Msini",29.15800000000,1.700000,"Radial Velocity",5256.00,0.700000,-0.1100
"HD 204313 e",12.20000000,,,4868.17771002,1554.18091023,-1647.30463348,"Mass",7325.64666000000,14.700000,"Radial Velocity",5767.00,1.030000,0.1800
"HD 4203 b",13.30000000,,,708.76090000,66.74430000,-66.74430000,"Msini",431.88000000000,1.660000,"Radial Velocity",5596.00,1.250000,0.4000
"HD 94771 b",14.20000000,,,169.00000000,9.00000000,-9.00000000,"Msini",2164.00000000000,0.324000,"Radial Velocity",5631.00,1.200000,0.2200
"HD 211403 b",12.80000000,,,1760.76937478,123.95307873,-120.77479466,"Msini",223.80000000000,4.610000,"Radial Velocity",6273.00,1.200000,0.1800
"HD 39194 d",2.12000000,,,5.16000000,0.59000000,-0.59000000,"Msini",33.87400000000,2.980000,"Radial Velocity",5205.00,0.860000,-0.6100
"Kepler-20 d",2.60600000,0.05300000,-0.03900000,13.40000000,3.70000000,-3.60000000,"Mass",77.61145500000,4.100000,"Transit",5495.00,0.929000,0.0700
"TOI-1899 b",11.09689089,0.33626942,-0.33626942,212.94503269,12.71313628,-12.71313628,"Mass",29.09031200000,0.850000,"Transit",3926.00,0.632000,0.2800
"HD 110067 b",2.20000000,0.03000000,-0.03000000,5.69000000,1.78000000,-1.82000000,"Mass",9.11367800000,2.940000,"Transit",5266.00,0.798000,-0.2000
"HD 63935 b",2.91575244,0.09298372,-0.07706553,10.50000000,1.60000000,-1.50000000,"Mass",9.05880700000,2.320000,"Transit",5513.00,0.940600,0.1070
"EPIC 201841433 b",1.04000000,0.03700000,-0.03200000,1.12000000,,,"M-R relationship",4.16980000000,5.470000,"Transit",5053.00,0.802000,0.0000
"Kepler-358 c",2.85000000,1.43000000,-1.43000000,8.50000000,,,"M-R relationship",83.48836900000,2.020000,"Transit",5908.00,0.940000,0.0350
"TOI-332 b",3.20000000,0.16000000,-0.11000000,57.20000000,1.60000000,-1.60000000,"Mass",0.77703800000,9.600000,"Transit",5251.00,0.880000,0.2560
"HD 110067 f",2.60100000,0.04200000,-0.04200000,5.04000000,1.89000000,-1.94000000,"Mass",41.05854000000,1.570000,"Transit",5266.00,0.798000,-0.2000
"TOI-904 b",2.42600000,0.16300000,-0.15200000,6.46000000,,,"M-R relationship",10.87720000000,2.490000,"Transit",3770.20,0.557000,0.0220
"Kepler-271 b",1.23000000,0.08000000,-0.07000000,2.04000000,,,"M-R relationship",10.43547805000,6.020000,"Transit",5555.00,0.900000,-0.1300
"Kepler-993 b",2.97000000,0.18000000,-0.12000000,9.11000000,,,"M-R relationship",22.08557563000,1.910000,"Transit",3843.00,0.570000,0.0300
"HAT-P-30 b",16.14096000,1.68135000,-1.68135000,263.79890000,57.20940000,-57.20940000,"Mass",2.81060000000,0.309000,"Transit",6304.00,1.550000,0.1300
"WASP-43 b",10.42400000,0.78500000,-1.00900000,565.71400000,31.78200000,-31.78200000,"Mass",0.81347500000,2.939000,"Transit",4400.00,0.580000,-0.0500
"LHS 3844 b",1.28600000,0.04300000,-0.04400000,2.37000000,0.25000000,-0.25000000,"Mass",0.46292970900,6.150000,"Transit",3080.00,0.151000,0.2200
"HD 15337 b",1.77000000,0.03200000,-0.03000000,6.51900000,0.40900000,-0.40000000,"Mass",4.75598040000,6.458000,"Transit",5131.00,0.829000,0.0300
"HD 15337 c",2.52600000,0.08600000,-0.07500000,6.79200000,1.30200000,-1.14300000,"Mass",17.18054600000,2.303000,"Transit",5131.00,0.829000,0.0300
"AU Mic b",4.79000000,0.29000000,-0.29000000,8.99000000,2.61000000,-2.67000000,"Mass",8.46344600000,0.490000,"Transit",3540.00,0.635000,0.0100
"AU Mic c",2.79000000,0.18000000,-0.17000000,14.46000000,3.24000000,-3.42000000,"Mass",18.85902300000,3.900000,"Transit",3540.00,0.635000,0.0100
"AU Mic e",4.87000000,,,21.10000000,5.40000000,-4.30000000,"Mass",33.11000000000,1.000000,"Radial Velocity",3665.00,0.600000,0.1200
"AU Mic d",1.02000000,,,1.05300000,0.51100000,-0.51100000,"Mass",12.73596000000,5.450000,"Transit Timing Variations",3678.00,0.510000,0.2300
"TOI-260 b",1.71000000,0.08000000,-0.08000000,4.23000000,1.60000000,-1.60000000,"Mass",13.47585300000,4.660000,"Transit",4026.00,0.616000,-0.4700
"LHS 1140 c",1.27200000,0.02600000,-0.02600000,1.91000000,0.06000000,-0.06000000,"Mass",3.77794000000,5.100000,"Transit",3096.00,0.184400,-0.1500
"Kepler-223 e",4.60000000,0.27000000,-0.41000000,4.80000000,1.40000000,-1.20000000,"Mass",19.72567000000,0.280000,"Transit",5803.00,1.125000,0.1000
"GJ 160.2 b",3.17000000,,,10.20000000,7.20000000,-5.90000000,"Msini",5.23540000000,1.760000,"Radial Velocity",4347.00,0.690000,
"HAT-P-24 b",14.57170000,2.35389000,-2.35389000,238.37250000,79.45750000,-79.45750000,"Mass",3.35524000000,0.440000,"Transit",6373.00,1.370000,-0.1600
"Kepler-1103 b",2.27000000,0.61000000,-0.27000000,5.77000000,,,"M-R relationship",19.79191978000,2.710000,"Transit",6092.00,1.110000,-0.0100
"HD 111232 b",12.60000000,,,2531.50326176,358.51044310,-152.23980695,"Mass",1169.13202000000,6.950000,"Radial Velocity",5512.00,0.960000,-0.3600
"Kepler-765 b",2.43000000,0.53000000,-0.22000000,6.48000000,,,"M-R relationship",27.66552260000,2.480000,"Transit",5901.00,1.050000,0.0400
"HD 5608 b",13.70000000,,,371.22357938,19.70536123,-18.11621920,"Msini",768.70000000000,0.793000,"Radial Velocity",4807.00,1.290000,0.0400
"NGTS-24 b",13.60770257,0.65012088,-0.69495680,165.27077164,38.13940884,-34.96112477,"Mass",3.46787960000,0.360000,"Transit",5820.00,1.260000,0.2700
"EPIC 212424622 b",2.17000000,0.67000000,-0.42000000,5.35000000,,,"M-R relationship",18.09830000000,2.880000,"Transit",5782.33,1.106000,
"HD 47366 b",13.40000000,,,661.71874337,31.46501229,-35.91460999,"Msini",360.08000000000,1.510000,"Radial Velocity",4866.00,1.810000,-0.0200
"HD 122562 c",10.10000000,,,73.10053361,14.30227832,-20.65884645,"Msini",84.96276000000,0.390000,"Radial Velocity",4956.00,1.241000,
"HIP 39017 b",12.00000000,,,7500.75040520,2892.23850370,-2351.93021180,"Mass",31000.00000000000,23.900000,"Imaging",7201.00,1.520000,-0.2600
"b Cen AB b",12.40000000,,,3464.32963630,508.52545120,-508.52545120,"Mass",1790000.00000000000,9.980000,"Imaging",,5.500000,
"HD 167677 b",13.20000000,,,905.81095995,301.93698665,-317.82840700,"Mass",1820.00000000000,2.160000,"Radial Velocity",5474.00,0.960000,-0.2900
"EPIC 212737443 b",2.58600000,0.12600000,-0.12600000,7.20000000,,,"M-R relationship",13.60300000000,2.290000,"Transit",4684.00,0.690000,-0.1370
"HD 158259 d",2.18000000,,,5.41000000,0.74000000,-0.71000000,"Msini",5.19808140000,2.870000,"Radial Velocity",5801.89,1.080000,
"TOI-159 b",18.18000000,0.16000000,-0.16000000,1110.00000000,79.00000000,-84.00000000,"Mass",3.76283960000,1.020000,"Transit",7287.00,1.661000,0.3000
"HD 233604 b",12.70000000,,,2089.64400000,,,"Msini",192.00000000000,5.610000,"Radial Velocity",4791.00,1.500000,-0.3600
"K2-217 b",3.57854073,0.69817052,-0.48514712,12.50000000,,,"M-R relationship",14.07452400000,1.500000,"Transit",5967.00,1.102661,0.0400
"HIP 81208 C b",12.30000000,,,4703.86042360,127.13136280,-127.13136280,"Mass",104100.00000000000,13.900000,"Imaging",,0.135000,
"Kepler-1003 b",1.78000000,0.48000000,-0.22000000,3.82000000,,,"M-R relationship",3.55485691500,3.720000,"Transit",6109.00,1.110000,0.0100
"Kepler-1123 b",1.67000000,0.25000000,-0.11000000,3.43000000,,,"M-R relationship",4.33946454000,4.050000,"Transit",5500.00,0.930000,0.0500
"TOI-1266 b",2.52000000,0.08000000,-0.08000000,4.46000000,0.69000000,-0.69000000,"Mass",10.89450000000,1.540000,"Transit",3563.00,0.437000,-0.1090
"Kepler-208 c",1.39000000,0.26000000,-0.26000000,2.51000000,,,"M-R relationship",7.46662300000,5.140000,"Transit",6092.00,1.082000,-0.0423
"Kepler-1734 b",3.08851092,,,9.74000000,,,"M-R relationship",6.79685020400,1.820000,"Transit",6061.00,1.050000,-0.1000
"Kepler-1243 b",1.75000000,0.28000000,-0.17000000,3.71000000,,,"M-R relationship",16.83207290000,3.800000,"Transit",5667.00,0.960000,0.0100
"LHS 1903 d",2.50000000,0.07800000,-0.07700000,5.96000000,1.15000000,-1.13000000,"Mass",12.56628700000,2.090000,"Transit",3664.00,0.538000,-0.1100
"TOI-1694 b",5.27000000,0.11000000,-0.11000000,28.24000000,1.05000000,-1.06000000,"Mass",3.77013890000,1.062000,"Transit",5005.00,0.828000,0.0400
"HD 219415 b",13.80000000,,,317.83000000,,,"Msini",2093.30000000000,0.665000,"Radial Velocity",4820.00,1.000000,-0.0400
"TIC 38828280 b",2.62701629,0.83334438,-0.32055784,7.40000000,,,"M-R relationship",4.85558984762,2.240000,"Transit",5046.63,0.840000,
"TYC 0434-04538-1 b",12.70000000,,,1938.76300000,222.48100000,-222.48100000,"Msini",193.20000000000,5.200000,"Radial Velocity",4679.00,1.040000,-0.3800
"Kepler-483 b",3.21000000,0.68000000,-0.43000000,10.40000000,,,"M-R relationship",30.22910400000,1.730000,"Transit",6346.00,1.280000,0.0900
"Kepler-398 b",0.93000000,0.10000000,-0.10000000,0.74900000,,,"M-R relationship",4.08142300000,5.120000,"Transit",4493.00,0.649000,0.0528
"Kepler-589 b",2.27000000,0.18000000,-0.12000000,5.77000000,,,"M-R relationship",16.54964934000,2.710000,"Transit",5296.00,0.880000,0.0100
"Kepler-1522 b",1.73000000,0.23000000,-0.14000000,3.64000000,,,"M-R relationship",1.84788917100,3.860000,"Transit",5706.00,0.960000,-0.0700
"GJ 806 c",2.28000000,,,5.80000000,0.30000000,-0.30000000,"Msini",6.64064000000,2.690000,"Radial Velocity",3600.00,0.413000,-0.2800
"HD 110067 d",2.85200000,0.03900000,-0.03900000,8.52000000,3.31000000,-3.25000000,"Mass",20.51961700000,2.020000,"Transit",5266.00,0.798000,-0.2000
"TOI-1238 b",1.21000000,0.11000000,-0.10000000,3.76000000,1.15000000,-1.07000000,"Mass",0.76459700000,11.700000,"Transit",4089.00,0.590000,0.3100
"Kepler-186 e",1.27000000,0.15000000,-0.14000000,2.15000000,,,"M-R relationship",22.40770400000,5.770000,"Transit",3788.00,0.478000,-0.2800
"24 Sex c",13.90000000,,,273.32000000,111.24000000,-69.92000000,"Msini",883.00000000000,0.559000,"Radial Velocity",5098.00,1.540000,-0.0300
"HATS-61 b",13.39475500,0.75100300,-0.75100300,1080.62200000,44.49620000,-44.49620000,"Mass",7.81795300000,2.470000,"Transit",5542.00,1.076000,0.2470
"HD 121504 b",13.60000000,,,479.92330000,41.31790000,-41.31790000,"Msini",63.33000000000,1.050000,"Radial Velocity",6027.00,1.620000,0.1500
"HD 35843 b",2.29000000,,,5.84000000,0.84000000,-0.84000000,"Msini",9.89910000000,2.670000,"Radial Velocity",5666.00,0.940000,-0.2700
"LP 714-47 b",4.70000000,0.30000000,-0.30000000,30.80000000,1.50000000,-1.50000000,"Mass",4.05203700000,1.700000,"Transit",3950.00,0.590000,0.4100
"Kepler-801 b",2.00000000,0.08000000,-0.10000000,4.66000000,,,"M-R relationship",11.41928253000,3.200000,"Transit",4435.00,0.670000,-0.1700
"Kepler-449 c",2.76400000,0.08600000,-0.08600000,8.07000000,,,"M-R relationship",33.67270000000,2.100000,"Transit",5649.18,1.020000,-0.1651
"TOI-2236 b",14.36991326,0.35868738,-0.34747840,502.16888306,127.13136280,-123.95307873,"Mass",3.53159020000,0.930000,"Transit",6248.00,1.343000,0.1190
"HD 63454 b",12.31000000,,,79.45750000,3.17830000,-3.17830000,"Msini",2.81805000000,0.234000,"Radial Velocity",4812.00,0.420000,0.1000
"Kepler-187 c",2.67000000,0.52000000,-0.52000000,7.61000000,,,"M-R relationship",10.64026300000,2.200000,"Transit",6105.00,1.081000,-0.0400
"Kepler-1994 b",0.51000000,0.06000000,-0.05000000,0.08700000,,,"M-R relationship",4.61225043000,3.600000,"Transit",5495.00,0.932000,0.1600
"HD 10442 b",13.60000000,,,472.61321000,24.15508000,-24.15508000,"Msini",1032.30000000000,1.030000,"Radial Velocity",4912.00,1.010000,0.1100
"K2-208 b",1.67462172,0.12329879,-0.09191364,3.45000000,,,"M-R relationship",4.19097000000,4.040000,"Transit",5500.00,0.881000,-0.0640
"Kepler-752 b",2.81000000,0.26000000,-0.21000000,8.30000000,,,"M-R relationship",18.82747265000,2.060000,"Transit",5373.00,0.870000,-0.0800
"Kepler-1760 b",2.28995546,,,5.86000000,,,"M-R relationship",38.32609940000,2.680000,"Transit",5229.00,0.821000,0.0800
"HATS-13 b",13.58530800,0.39231500,-0.39231500,172.58169000,22.88376000,-22.88376000,"Mass",3.04404990000,0.377000,"Transit",5523.00,0.962000,0.0500
"Kepler-1591 b",1.27000000,0.41000000,-0.19000000,2.15000000,,,"M-R relationship",8.18504949000,5.770000,"Transit",6082.00,1.100000,0.0100
"Kepler-1057 b",3.36000000,1.10000000,-0.52000000,11.20000000,,,"M-R relationship",14.08827448000,1.620000,"Transit",5987.00,1.070000,0.0100
"K2-111 b",1.83700000,0.07600000,-0.07100000,5.35000000,0.68000000,-0.69000000,"Mass",5.35189630000,5.065359,"Transit",5775.00,0.840000,-0.4600
"Kepler-1105 b",2.01000000,0.06000000,-0.25000000,4.70000000,,,"M-R relationship",4.42157218200,3.180000,"Transit",4299.00,0.710000,0.2800
"Kepler-742 b",3.24000000,0.11000000,-0.17000000,10.60000000,,,"M-R relationship",8.36086823800,1.710000,"Transit",4642.00,0.760000,0.0700
"TOI-544 b",2.01800000,0.07600000,-0.07600000,2.89000000,0.48000000,-0.48000000,"Mass",1.54835200000,1.930000,"Transit",4169.00,0.631000,-0.1700
"Kepler-1540 b",2.49000000,0.19000000,-0.14000000,6.76000000,,,"M-R relationship",125.41311770000,2.410000,"Transit",4540.00,0.740000,0.1000
"Kepler-1095 b",1.21000000,0.20000000,-0.12000000,1.92000000,,,"M-R relationship",4.27103091000,5.960000,"Transit",5658.00,0.940000,-0.0900
"HAT-P-28 b",13.58500000,1.26700000,-0.91900000,198.95300000,11.75900000,-11.75900000,"Mass",3.25721500000,0.440000,"Transit",5680.00,1.025000,0.1200
"TOI-1232 c",8.88000000,,,58.48042689,6.99222495,-8.26353858,"Mass",30.35600000000,0.459000,"Transit Timing Variations",5823.00,1.058000,0.1800
"HD 105618 b",5.44000000,,,25.42627256,2.22479885,-2.54262726,"Msini",10.02245000000,0.868000,"Radial Velocity",5671.00,1.010000,
"TOI-6080 b",3.32424168,0.51660099,-0.35570788,11.00000000,,,"M-R relationship",8.05562348084,1.650000,"Transit",5775.46,1.010000,
"GJ 422 b",3.33000000,,,11.07000000,1.12000000,-1.12000000,"Msini",20.12900000000,1.650000,"Radial Velocity",3323.00,0.350000,
"HD 48948 b",2.06000000,,,4.88000000,0.21000000,-0.21000000,"Msini",7.34013000000,3.070000,"Radial Velocity",4593.00,0.686000,-0.2100
"Kepler-1748 b",2.71275017,,,7.81000000,,,"M-R relationship",5.82352018400,2.150000,"Transit",5774.00,0.916000,-0.2200
"Kepler-1347 b",1.03000000,0.06000000,-0.05000000,1.08000000,,,"M-R relationship",14.00947528000,5.430000,"Transit",5193.00,0.820000,-0.1100
"Kepler-186 f",1.17000000,0.08000000,-0.08000000,1.71000000,,,"M-R relationship",129.94410000000,5.870000,"Transit",3755.00,0.544000,-0.2600
"HD 21693 b",2.80000000,,,8.23000000,1.08000000,-1.05000000,"Msini",22.67860000000,2.060000,"Radial Velocity",5430.00,0.800000,0.0000
"Kepler-1383 b",1.41000000,0.63000000,-0.29000000,2.57000000,,,"M-R relationship",13.90935830000,5.040000,"Transit",6370.00,1.260000,0.0300
"14 And b",13.10000000,,,1131.15130051,36.23243840,-38.77506565,"Msini",186.76000000000,2.760000,"Radial Velocity",4888.00,1.780000,-0.2100
"TOI-2048 b",2.61000000,0.17000000,-0.16000000,7.32000000,,,"M-R relationship",13.79019000000,2.260000,"Transit",5185.00,0.830000,0.0200
"Kepler-1708 b",9.96000000,0.60000000,-0.59000000,1462.01067220,,,"Mass",737.11310000000,,"Transit",6157.00,1.088000,0.0000
"WASP-173 A b",13.45080000,0.67254000,-0.67254000,1172.79270000,57.20940000,-57.20940000,"Mass",1.38665318000,2.840000,"Transit",5800.00,1.050000,0.1600
"Kepler-800 b",2.85000000,0.34000000,-0.26000000,8.50000000,,,"M-R relationship",14.13176026000,2.020000,"Transit",5315.00,0.850000,-0.0900
"HD 79498 b",13.60000000,,,425.89220000,66.74430000,-66.74430000,"Msini",1807.00000000000,0.930000,"Radial Velocity",5748.00,1.080000,0.1800
"HD 74156 c",12.50000000,,,2753.98314665,440.19234369,-149.37935129,"Mass",2448.48726000000,7.750000,"Radial Velocity",6068.00,1.100000,0.1310
"Kepler-654 b",2.07000000,0.37000000,-0.26000000,4.94000000,,,"M-R relationship",13.72465129000,3.060000,"Transit",5865.00,1.040000,0.0400
"WASP-192 b",13.78707000,0.89672000,-0.89672000,731.00900000,50.85280000,-50.85280000,"Mass",2.87867650000,1.620000,"Transit",5910.00,1.090000,0.1400
"TOI-4552 b",1.11000000,0.04000000,-0.04000000,1.83000000,0.47000000,-0.47000000,"Mass",0.30110032000,7.740000,"Transit",3258.00,0.261900,-0.0700
"TOI-4311 b",1.37600000,0.07700000,-0.08000000,4.50000000,1.50000000,-1.40000000,"Mass",0.99027380000,9.300000,"Transit",5063.00,0.816000,-0.0650
"TOI-5624 d",3.58400000,0.05100000,-0.05000000,4.90000000,2.20000000,-2.20000000,"Mass",13.73146800000,0.590000,"Transit",5327.00,0.858000,-0.0230
"Kepler-788 b",2.55000000,0.90000000,-0.40000000,7.04000000,,,"M-R relationship",8.39846269000,2.330000,"Transit",6159.00,1.160000,0.0500
"GJ 229 b",3.97000000,,,14.93793513,0.95348522,-1.27131363,"Msini",579.47495000000,1.310000,"Radial Velocity",3564.00,0.509000,
"Kepler-745 b",2.16000000,0.58000000,-0.22000000,5.31000000,,,"M-R relationship",9.93143556000,2.900000,"Transit",5849.00,1.040000,0.0600
"Kepler-203 c",2.47000000,0.47000000,-0.47000000,749.90000000,419.10000000,-344.70000000,"Mass",5.37064700000,273.000000,"Transit",5821.00,1.060000,0.0800
"Kepler-864 b",2.40000000,0.63000000,-0.22000000,6.35000000,,,"M-R relationship",5.83376092000,2.520000,"Transit",5754.00,1.000000,0.0400
"Kepler-618 b",2.60000000,0.78000000,-0.41000000,7.27000000,,,"M-R relationship",3.59576964500,2.270000,"Transit",5860.00,1.050000,0.0800
"CoRoT-19 b",14.46000000,0.34000000,-0.34000000,352.78000000,19.07000000,-19.07000000,"Mass",3.89713000000,0.710000,"Transit",6090.00,1.210000,-0.0200
"TOI-782 b",2.73400000,0.08500000,-0.08500000,19.10000000,,,"Mass",8.02400150000,,"Transit",3370.00,0.397000,0.3400
"TOI-530 b",9.30345398,0.67253884,-0.67253884,127.13136280,28.60455663,-31.78284070,"Mass",6.38759700000,0.930000,"Transit",3659.00,0.530000,0.3760
"Kepler-322 b",1.01000000,0.11000000,-0.11000000,1.01000000,,,"M-R relationship",1.65388800000,5.390000,"Transit",5388.00,0.908000,0.1200
"Kepler-944 b",2.63000000,0.27000000,-0.21000000,7.41000000,,,"M-R relationship",43.31677370000,2.240000,"Transit",5409.00,0.860000,-0.1100
"TOI-663 b",2.27000000,0.10000000,-0.09000000,4.45000000,0.63000000,-0.66000000,"Mass",2.59890200000,2.070000,"Transit",3681.00,0.514000,0.0700
"HATS-50 b",12.66617000,0.84067500,-0.84067500,123.95370000,31.78300000,-31.78300000,"Mass",3.82970150000,0.330000,"Transit",5990.00,1.168000,
"TOI-4308 b",2.41890000,0.11950000,-0.13330000,6.43000000,,,"M-R relationship",9.15120100000,2.500000,"Transit",5243.00,0.900000,
"WASP-175 b",13.54047200,0.90792900,-0.90792900,314.65170000,41.31790000,-41.31790000,"Mass",3.06529070000,0.740000,"Transit",6229.00,1.212000,0.1500
"HD 1605 c",13.00000000,,,1150.54460000,73.10090000,-73.10090000,"Msini",2149.00000000000,2.880000,"Radial Velocity",4915.00,1.330000,0.2200
"Kepler-1672 b",2.97022762,,,9.11000000,,,"M-R relationship",150.87800000000,1.910000,"Transit",6131.95,1.160000,-0.2500
"TOI-6677 b",5.83507112,0.48105878,-0.45960389,28.70000000,,,"M-R relationship",5.45060661625,0.794000,"Transit",6572.28,1.450000,
"K2-190 b",1.35673729,0.17627893,-0.10181450,2.41000000,,,"M-R relationship",10.09885800000,5.300000,"Transit",5631.00,0.904597,-0.1900
"tau Gem b",12.10000000,,,6547.00000000,,,"Msini",305.50000000000,20.300000,"Radial Velocity",4388.00,2.300000,0.1400
"Kepler-211 c",1.29000000,0.09000000,-0.09000000,18.30000000,22.40000000,-17.00000000,"Mass",6.04045000000,46.800000,"Transit",5123.00,0.867000,0.1510
"Kepler-1134 b",2.64000000,0.21000000,-0.26000000,7.46000000,,,"M-R relationship",17.13263989000,2.230000,"Transit",5281.00,0.840000,-0.1000
"Kepler-1479 b",1.83000000,0.30000000,-0.16000000,4.01000000,,,"M-R relationship",14.53261362000,3.600000,"Transit",5796.00,0.990000,-0.0200
"HD 141937 b",12.40000000,,,3591.46099910,158.91420350,-158.91420350,"Mass",662.37000000000,10.400000,"Radial Velocity",5870.00,1.090000,0.1200
"TOI-5489 b",1.40000000,0.05000000,-0.05000000,2.54000000,,,"M-R relationship",3.15222000000,5.090000,"Transit",3547.00,0.410000,
"HD 112570 b",13.10000000,,,1086.97315194,444.95976980,-266.97586188,"Mass",2615.00000000000,2.660000,"Radial Velocity",4750.00,1.150000,-0.4000
"Kepler-336 b",1.02000000,0.19000000,-0.19000000,1.04000000,,,"M-R relationship",2.02482300000,5.390000,"Transit",5867.00,1.090000,0.3370
"KIC 8121913 b",13.40000000,,,667.43965470,127.13136280,-127.13136280,"Msini",3.29460100000,1.520000,"Orbital Brightness Modulation",5975.30,1.456000,0.2520
"HD 99109 b",14.30000000,,,139.84520000,25.42640000,-25.42640000,"Msini",439.29999000000,0.263000,"Radial Velocity",5282.00,0.760000,0.3500
"Kepler-1282 b",1.55000000,0.21000000,-0.11000000,3.02000000,,,"M-R relationship",2.13194651300,4.460000,"Transit",5504.00,0.920000,0.0100
"K2-35 b",1.32000000,0.08000000,-0.08000000,2.30000000,,,"M-R relationship",2.39996400000,5.500000,"Transit",4402.71,0.701968,0.0400
"K2-268 c",2.69000000,0.77000000,-0.21000000,7.70000000,,,"M-R relationship",9.32752700000,2.170000,"Transit",5106.00,0.840000,0.0300
"HD 152581 b",13.40000000,,,594.02427000,22.56593000,-22.56593000,"Msini",686.50000000000,1.360000,"Radial Velocity",5027.00,1.300000,-0.4600
"Kepler-194 b",1.51000000,0.79000000,-0.79000000,2.89000000,,,"M-R relationship",2.09228100000,4.610000,"Transit",6089.00,0.940000,-0.0300
"Kepler-157 d",1.46000000,0.16000000,-0.10000000,2.73000000,,,"M-R relationship",7.02573474000,4.820000,"Transit",5866.00,1.020000,-0.0100
"Kepler-1371 b",0.73000000,0.08000000,-0.05000000,0.31500000,,,"M-R relationship",3.44620390000,4.450000,"Transit",5361.00,0.870000,-0.0700
"Kepler-1104 b",1.23000000,0.14000000,-0.10000000,2.04000000,,,"M-R relationship",5.03728015000,6.020000,"Transit",6417.00,1.300000,0.1300
"Kepler-87 c",6.14000000,0.29000000,-0.29000000,6.40000000,0.80000000,-0.80000000,"Mass",191.23180000000,0.152000,"Transit",5600.00,1.100000,-0.1700
"Kepler-74 b",10.76000000,0.22000000,-0.22000000,200.22000000,38.14000000,-38.14000000,"Mass",7.34071100000,0.880000,"Transit",6000.00,1.180000,0.4200
"TOI-4961 b",12.34108775,0.45956821,-0.43715025,572.09113260,66.74396547,-73.10053361,"Mass",7.47918200000,1.670000,"Transit",5380.00,0.912000,0.2060
"LHS 3154 b",3.69000000,,,13.15000000,0.84000000,-0.82000000,"Msini",3.71778000000,1.440000,"Radial Velocity",2861.00,0.111800,
"Kepler-344 b",2.61000000,1.22000000,-1.22000000,7.32000000,,,"M-R relationship",21.96394500000,2.260000,"Transit",5774.00,0.931000,0.0399
"Kepler-1907 b",0.86973029,,,0.58900000,,,"M-R relationship",5.65245008500,4.920000,"Transit",5159.00,0.752000,-0.1600
"Kepler-291 b",2.16000000,0.94000000,-0.94000000,5.31000000,,,"M-R relationship",3.54651100000,2.900000,"Transit",6002.00,1.023000,0.2300
"K2-383 b",1.56400000,0.11800000,-0.10600000,3.07000000,,,"M-R relationship",1.86596200000,4.410000,"Transit",5129.00,1.061000,0.1870
"TOI-2266 b",1.54000000,0.09000000,-0.09000000,2.99000000,,,"M-R relationship",2.32631800000,4.500000,"Transit",3200.00,0.230000,
"HAT-P-3 b",10.53646000,0.78463000,-0.78463000,206.58950000,34.96130000,-34.96130000,"Mass",2.89970000000,0.855000,"Transit",5185.00,1.060000,0.2700
"Kepler-454 d",13.30000000,,,734.18362017,85.81366989,-50.85254512,"Msini",4073.00000000000,1.710000,"Radial Velocity",5687.00,1.030000,0.3200
"Kepler-529 d",2.79502603,,,8.22000000,,,"M-R relationship",35.86619949000,2.070000,"Transit",6078.00,1.005000,-0.1600
"Kepler-299 e",1.87000000,0.39000000,-0.39000000,4.16000000,,,"M-R relationship",38.28548900000,3.500000,"Transit",5617.00,1.004000,0.1200
"Kepler-6 b",14.61653600,0.20176200,-0.36989700,212.31044000,12.07754000,-11.12405000,"Mass",3.23469960000,0.400000,"Transit",5647.00,1.209000,0.3400
"Kepler-1265 b",1.35000000,0.07000000,-0.13000000,2.39000000,,,"M-R relationship",6.49441289000,5.340000,"Transit",4630.00,0.710000,-0.1000
"Kepler-296 d",2.09000000,0.33000000,-0.32000000,5.02000000,,,"M-R relationship",19.85029100000,1.900000,"Transit",3740.00,0.498000,-0.0800
"TOI-4504 d",13.60000000,,,450.23572136,20.69062930,-20.56349793,"Mass",40.56340000000,0.984000,"Transit Timing Variations",5315.00,0.890000,0.1600
"K2-400 b",1.16300000,0.05100000,-0.04900000,1.67000000,,,"M-R relationship",3.86505300000,5.830000,"Transit",3578.00,0.374000,-0.0510
"Kepler-1497 b",1.66000000,0.29000000,-0.16000000,3.39000000,,,"M-R relationship",8.74199772000,4.070000,"Transit",5675.00,0.960000,0.0100
"HD 183263 c",12.50000000,,,2958.98246917,483.73483545,-579.08335755,"Mass",4667.97841000000,8.320000,"Radial Velocity",5948.00,1.060000,0.2776
"TOI-1301.01",2.47700000,0.19600000,-0.17700000,6.70000000,,,"M-R relationship",6.09640720900,2.420000,"Transit",4820.00,0.770000,
"TOI-6383 A b",11.29000000,0.41000000,-0.37000000,331.00000000,30.00000000,-30.00000000,"Mass",1.79058695000,1.260000,"Transit",3444.00,0.458000,
"Kepler-373 b",1.36000000,0.67000000,-0.67000000,2.42000000,,,"M-R relationship",5.53530900000,5.290000,"Transit",5787.00,0.981000,0.1400
"GJ 876 b",13.30000000,,,723.22350000,1.43020000,-1.43020000,"Mass",61.11660000000,1.690000,"Radial Velocity",3293.74,0.320000,0.2129
"TOI-564 b",11.43318000,7.95839000,-3.25061000,464.98529000,31.78300000,-30.51168000,"Mass",1.65114400000,1.700000,"Transit",5640.00,0.998000,0.1430
"HD 331093 b",13.60000000,,,476.74261050,34.96112477,-34.96112477,"Msini",621.62000000000,1.040000,"Radial Velocity",5544.00,1.030000,0.1700
"Kepler-58 d",2.94000000,1.40000000,-1.40000000,245.34300000,,,"Mass",40.10137100000,0.530000,"Transit",6099.00,1.024000,0.1000
"HD 48265 c",12.90000000,,,1414.33641115,238.37130525,-117.59651059,"Mass",10418.00000000000,3.620000,"Radial Velocity",5805.00,1.380000,0.3900
"NGTS-23 b",14.20177855,0.33626942,-0.33626942,194.82881349,30.82935548,-30.82935548,"Mass",4.07643260000,0.374000,"Transit",6057.00,1.010000,-0.2600
"Kepler-1461 b",2.03000000,0.09000000,-0.16000000,4.78000000,,,"M-R relationship",29.34947750000,3.140000,"Transit",4919.00,0.790000,-0.0400
"Kepler-122 e",2.60000000,0.54000000,-0.54000000,27.70000000,11.40000000,-9.80000000,"Mass",37.99327300000,8.660000,"Transit",6050.00,0.982000,-0.0800
"HD 23596 b",12.40000000,,,3786.60764100,314.65012293,-561.92062358,"Mass",1535.11912000000,10.900000,"Radial Velocity",6040.00,1.100000,0.3300
"TOI-5624 e",3.24700000,0.04200000,-0.04300000,8.90000000,2.90000000,-3.00000000,"Mass",21.48993600000,1.460000,"Transit",5327.00,0.858000,-0.0230
"K2-407 c",1.36000000,0.09600000,-0.08800000,2.42000000,,,"M-R relationship",9.22453000000,5.290000,"Transit",5563.00,0.881000,0.0140
"Kepler-208 d",1.20000000,0.23000000,-0.23000000,1.87000000,,,"M-R relationship",11.13178600000,5.950000,"Transit",6092.00,1.082000,-0.0423
"Kepler-1129 c",2.73000000,0.46000000,-0.27000000,7.90000000,,,"M-R relationship",76.53695860000,2.130000,"Transit",5831.00,1.000000,-0.0400
"HD 108874 b",13.60000000,,,451.31860000,28.60470000,-28.60470000,"Msini",394.48123000000,0.986000,"Radial Velocity",5600.00,1.100000,0.2600
"HD 125271 b",12.40000000,,,3465.60094993,596.24609153,-398.23899397,"Mass",14901.99295000000,9.990000,"Radial Velocity",4703.93,0.750000,-0.2200
"GPX-1 b",16.47720163,1.12089807,-1.12089807,6261.21961790,508.52545120,-508.52545120,"Mass",1.74457900000,8.222423,"Transit",7000.00,1.680000,0.3500
"Kepler-489 b",7.72000000,0.17000000,-0.20000000,46.10000000,,,"M-R relationship",17.27629611900,0.551000,"Transit",5014.00,0.820000,0.0000
"Kepler-839 b",2.57000000,0.41000000,-0.25000000,7.13000000,,,"M-R relationship",37.81445140000,2.310000,"Transit",6058.00,1.220000,0.2900
"K2-259 b",2.32000000,0.20000000,-0.17000000,5.99000000,,,"M-R relationship",15.48043000000,2.640000,"Transit",6059.00,1.140000,0.1600
"HD 171028 b",13.20000000,,,832.71460000,50.85280000,-50.85280000,"Msini",550.00000000000,1.990000,"Radial Velocity",5671.00,1.530000,-0.4800
"NGTS-3 A b",16.58932000,4.14733000,-4.14733000,756.43540000,82.63580000,-82.63580000,"Mass",1.67537280000,0.310000,"Transit",5600.00,1.017000,0.1200
"TOI-6041 b",4.55000000,0.18000000,-0.17000000,28.90000000,,,"Mass",26.04945000000,1.790000,"Transit",5445.00,0.885000,0.1040
"HD 11506 c",14.00000000,,,127.13136280,6.35656814,-6.35656814,"Msini",223.92000000000,0.255000,"Radial Velocity",6123.00,1.220000,0.3000
"Kepler-820 b",6.09000000,2.68000000,-0.89000000,30.80000000,,,"M-R relationship",127.83380980000,0.749000,"Transit",6260.00,1.230000,0.0900
"Kepler-416 c",2.35200000,0.08100000,-0.08100000,6.13000000,,,"M-R relationship",12.20900000000,2.590000,"Transit Timing Variations",5718.00,1.000000,0.1259
"HD 86065 b",12.50000000,,,2877.30056857,854.95841483,-815.86552077,"Mass",25775.78859000000,8.100000,"Radial Velocity",4927.56,0.810000,-0.0202
"Kepler-861 b",2.28000000,0.12000000,-0.13000000,5.82000000,,,"M-R relationship",3.94963137500,2.700000,"Transit",5047.00,0.820000,0.0100
"HD 202206 c",12.20000000,,,5689.15700000,921.70700000,-572.09400000,"Mass",1260.00000000000,17.200000,"Radial Velocity",5766.00,1.070000,0.3000
"EPIC 201427007 b",1.50000000,0.20000000,-0.20000000,2.86000000,,,"M-R relationship",0.72091000000,4.660000,"Transit",5633.00,0.930000,-0.0530
"LHS 1903 e",1.73200000,0.05900000,-0.05800000,5.79000000,1.60000000,-1.61000000,"Mass",29.31773000000,6.100000,"Transit",3664.00,0.538000,-0.1100
"IC 4651 9122 b",12.70000000,,,2002.32900000,158.91500000,-158.91500000,"Msini",734.00000000000,5.370000,"Radial Velocity",4740.10,2.100000,0.1200
"K2-115 b",11.80305668,0.33626942,-0.31385146,321.00669107,69.92224954,-73.10053361,"Mass",20.27299140000,1.070000,"Transit",5870.00,0.918000,-0.1980
"TOI-5573 b",9.75000000,0.47000000,-0.47000000,112.00000000,18.00000000,-19.00000000,"Mass",8.79758977000,0.661000,"Transit",3790.00,0.619000,0.4200
"HD 13931 b",13.20000000,,,889.91953960,257.44100967,-203.41018048,"Mass",4218.00000000000,2.130000,"Radial Velocity",5867.00,1.300000,0.0500
"Kepler-1785 b",2.70422447,,,7.77000000,,,"M-R relationship",19.58550072000,2.160000,"Transit",5618.00,0.911000,0.0000
"HIP 19976 b",4.94000000,,,21.61233168,2.86045566,-5.08525451,"Msini",50.65905000000,0.985000,"Radial Velocity",4316.00,0.670000,
"Kepler-1216 b",1.39000000,0.22000000,-0.11000000,2.51000000,,,"M-R relationship",4.37034536000,5.140000,"Transit",5743.00,0.990000,0.0300
"Kepler-1301 b",1.40000000,0.13000000,-0.08000000,2.54000000,,,"M-R relationship",9.08237046000,5.090000,"Transit",5188.00,0.850000,0.0100
"K2-350 c",2.74000000,0.25000000,-0.18000000,7.95000000,,,"M-R relationship",19.99194400000,2.120000,"Transit",5789.00,0.980000,-0.0200
"Kepler-755 b",1.76000000,0.06000000,-0.31000000,3.75000000,,,"M-R relationship",1.26909037400,3.780000,"Transit",5043.00,0.820000,-0.0100
"TOI-5624 b",2.31400000,0.03500000,-0.03500000,9.40000000,1.40000000,-1.40000000,"Mass",3.39034730000,4.000000,"Transit",5327.00,0.858000,-0.0230
"Kepler-125 c",0.74000000,0.05000000,-0.05000000,0.33000000,,,"M-R relationship",5.77446400000,4.470000,"Transit",3810.00,0.542101,-0.1400
"HD 73583 b",2.79000000,0.10000000,-0.10000000,10.20000000,3.40000000,-3.10000000,"Mass",6.39804200000,2.580000,"Transit",4511.00,0.730000,0.0000
"HD 18599 b",2.60000000,0.15000000,-0.13000000,24.10000000,7.10000000,-7.70000000,"Mass",4.13743540000,7.500000,"Transit",5145.00,0.863000,0.0000
"K2-73 c",13.00000000,,,1142.00000000,53.00000000,-45.00000000,"Msini",1000.00000000000,2.860000,"Radial Velocity",5867.00,1.020000,0.0400
"TOI-2654 b",7.94454164,0.56556315,-0.54463645,48.40000000,,,"M-R relationship",2.96760425926,0.530000,"Transit",4594.08,0.690000,
"Kepler-1552 b",2.47000000,0.11000000,-0.10000000,6.66000000,,,"M-R relationship",184.77185300000,2.430000,"Transit",5202.00,0.850000,-0.0700
"HD 33142 d",9.32000000,,,63.56568140,6.35656814,-9.53485221,"Msini",89.90000000000,0.431000,"Radial Velocity",5025.40,1.520000,0.0600
"HD 24040 c",9.35000000,,,63.88350981,8.58136699,-8.58136699,"Msini",515.40000000000,0.429000,"Radial Velocity",5776.49,1.103940,0.1971
"Kepler-1875 b",3.22686692,,,10.50000000,,,"M-R relationship",34.45859909000,1.720000,"Transit",6161.00,0.950000,-0.5000
"Kepler-1642 b",3.20000000,0.34000000,-0.25000000,10.30000000,,,"M-R relationship",12.20575130000,1.730000,"Transit",5355.00,0.880000,-0.0100
"Kepler-653 b",1.95000000,0.29000000,-0.26000000,4.46000000,,,"M-R relationship",14.70748976000,3.310000,"Transit",5665.00,1.020000,0.2300
"TOI-4184 b",2.43000000,0.21000000,-0.21000000,6.48000000,,,"M-R relationship",4.90198040000,2.480000,"Transit",3238.00,0.210900,-0.2700
"TOI-1230.01",3.23968384,0.20000492,-0.20000492,10.60000000,,,"M-R relationship",25.05713123288,1.710000,"Transit",5696.00,1.140000,
"LSPM J2116+0234 b",3.71000000,,,13.30000000,1.00000000,-1.10000000,"Msini",14.43990000000,1.430000,"Radial Velocity",3475.00,0.430000,-0.0500
"BD+20 274 b",13.00000000,,,1334.88600000,,,"Msini",578.20000000000,3.340000,"Radial Velocity",4296.00,0.800000,-0.4600
"Kepler-345 c",1.20000000,0.07000000,-0.07000000,2.20000000,0.90000000,-0.90000000,"Mass",9.38742700000,1.220000,"Transit",4504.00,0.610000,0.1905
"Kepler-481 b",2.50000000,0.37000000,-0.29000000,6.80000000,,,"M-R relationship",10.06082567000,2.390000,"Transit",5802.00,1.010000,0.0300
"HAT-P-35 b",14.93038800,1.09848200,-1.09848200,335.62848000,10.48839000,-10.48839000,"Mass",3.64670600000,0.550000,"Transit",6096.00,1.236000,0.1100
"Kepler-22 b",2.10000000,0.12000000,-0.12000000,9.10000000,,,"Mass",289.86387600000,5.200000,"Transit",5596.00,0.857000,-0.2550
"TOI-2589 b",12.10569916,0.33626942,-0.33626942,1112.39942450,31.78284070,-31.78284070,"Mass",61.62770000000,3.450000,"Transit",5579.00,0.930000,0.1200
"HD 154088 b",2.46000000,,,6.60000000,0.80000000,-0.80000000,"Msini",18.56000000000,2.440000,"Radial Velocity",5374.00,0.910000,0.2800
"Kepler-148 d",8.68000000,0.52000000,-0.42000000,56.30000000,,,"M-R relationship",51.84688575000,0.473000,"Transit",5172.00,0.860000,0.0700
"Kepler-343 c",2.02000000,0.38000000,-0.38000000,4.74000000,,,"M-R relationship",23.22182000000,3.160000,"Transit",5807.00,1.055000,0.1445
"Kepler-304 e",1.20000000,0.06000000,-0.03000000,1.87000000,,,"M-R relationship",1.49914695300,5.950000,"Transit",4817.00,0.800000,0.0500
"Kepler-84 e",2.60000000,0.49000000,-0.49000000,7.27000000,,,"M-R relationship",27.43438900000,2.270000,"Transit",6031.00,1.060000,-0.0700
"HD 137496 b",1.31000000,0.06000000,-0.05000000,4.04000000,0.55000000,-0.55000000,"Mass",1.62116000000,10.490000,"Transit",5799.00,1.040000,-0.0300
"CoRoT-9 b",11.94879400,0.84067500,-0.70616700,266.97720000,15.89150000,-15.89150000,"Mass",95.27265600000,0.860000,"Transit",5625.00,0.960000,-0.0100
"Kepler-1526 b",2.43000000,0.09000000,-0.39000000,6.48000000,,,"M-R relationship",3.90863200500,2.480000,"Transit",4601.00,0.730000,-0.0100
"KOI-3503 b",1.19000000,0.24000000,-0.19000000,9.20000000,,,"Mass",21.18500000000,10.000000,"Transit",6001.00,0.858000,-0.5428
"WASP-182 b",9.52765000,0.33627000,-0.33627000,47.03884000,3.49613000,-3.49613000,"Mass",3.37698480000,0.318000,"Transit",5638.00,1.076000,0.2700
"Kepler-529 c",2.00000000,0.41000000,-0.21000000,4.66000000,,,"M-R relationship",12.83450220000,3.200000,"Transit",6087.00,1.070000,-0.1000
"Kepler-49 c",2.44400000,0.08300000,-0.08200000,8.38000000,0.92000000,-0.89000000,"Mass",10.91000000000,3.109679,"Transit",4095.60,0.607000,0.0300
"Kepler-1424 b",1.16000000,0.16000000,-0.12000000,1.65000000,,,"M-R relationship",29.60917440000,5.810000,"Transit",5838.00,1.020000,0.0100
"Kepler-1534 b",1.89000000,0.22000000,-0.15000000,4.23000000,,,"M-R relationship",5.71668872000,3.440000,"Transit",5442.00,0.900000,-0.0100
"CoRoT-23 b",11.77000000,1.46000000,-1.46000000,889.90000000,95.30000000,-95.30000000,"Mass",3.63130000000,3.000000,"Transit",5900.00,1.140000,0.0500
"K2-11 b",7.55000000,9.33000000,-9.33000000,44.40000000,,,"M-R relationship",39.93767000000,0.567000,"Transit",5433.00,1.350000,-0.1200
"TOI-3629 b",8.29464572,0.22417961,-0.22417961,82.63538582,6.35656814,-6.35656814,"Mass",3.93655100000,0.800000,"Transit",3870.00,0.630000,0.4000
"HD 31527 d",3.46000000,,,11.82000000,1.70000000,-1.64000000,"Msini",271.67370000000,1.570000,"Radial Velocity",5898.00,0.960000,-0.1700
"Kepler-126 c",1.58000000,0.13000000,-0.13000000,1.27942148,7.03275879,-7.03275879,"Msini",21.86974100000,1.695536,"Transit",6239.00,1.108000,-0.1600
"Kepler-1349 b",0.70000000,0.63000000,-0.11000000,0.27100000,,,"M-R relationship",2.12823928000,4.340000,"Transit",6086.00,1.160000,0.0300
"Kepler-48 f",13.80000000,,,298.58099680,92.71232669,-92.71232669,"Msini",5219.68185400000,0.624000,"Radial Velocity",5190.00,0.916000,0.2600
"XO-4 b",14.01125000,0.89672000,-0.89672000,451.31860000,60.38770000,-60.38770000,"Mass",4.12508000000,0.830000,"Transit",6397.00,1.100000,-0.0400
"Kepler-304 d",2.75000000,0.21000000,-0.21000000,8.00000000,,,"M-R relationship",9.65347100000,2.110000,"Transit",4731.00,0.737000,0.0300
"TIC 423703298 b",2.77230429,0.34462473,-0.29893732,8.11000000,,,"M-R relationship",4.03712711976,2.090000,"Transit",4540.37,0.691000,
"TOI-1470 b",2.18000000,0.04000000,-0.04000000,7.32000000,1.21000000,-1.24000000,"Mass",2.52709300000,3.860000,"Transit",3709.00,0.471000,0.0000
"HD 75289 b",14.20000000,,,155.73670000,9.53490000,-9.53490000,"Msini",3.50927000000,0.299000,"Radial Velocity",6117.00,1.290000,0.2600
"HD 204941 b",10.10000000,,,73.10090000,9.53490000,-9.53490000,"Msini",1733.00000000000,0.390000,"Radial Velocity",5026.00,0.580000,-0.1900
"Kepler-394 d",1.50066814,,,2.86000000,,,"M-R relationship",5.61358022700,4.650000,"Transit",6398.00,1.141000,-0.1400
"Kepler-1969 b",1.68161001,,,3.47000000,,,"M-R relationship",6.64752006500,4.010000,"Transit",6046.00,1.111000,0.0700
"Kepler-1750 b",6.00434637,,,30.10000000,,,"M-R relationship",205.91200260000,0.764000,"Transit",5644.00,0.981000,0.1400
"HD 68988 b",13.40000000,,,626.12510000,31.78300000,-31.78300000,"Msini",6.27711000000,1.430000,"Radial Velocity",5932.00,1.280000,0.3500
"Kepler-655 b",2.71000000,0.41000000,-0.27000000,7.80000000,,,"M-R relationship",46.40633580000,2.150000,"Transit",6170.00,1.150000,0.0000
"HD 4113 b",13.50000000,,,541.26177712,12.71313628,-18.75187601,"Msini",526.52390000000,1.210000,"Radial Velocity",5688.00,1.008000,0.2000
"Kepler-426 b",12.22000000,0.34000000,-0.34000000,108.06000000,25.43000000,-25.43000000,"Mass",3.21751883000,0.260000,"Transit",5725.00,0.910000,-0.2100
"K2-331 c",2.72000000,0.14000000,-0.10000000,7.85000000,,,"M-R relationship",22.99659100000,2.140000,"Transit",5994.00,1.100000,0.0800
"HD 168863 b",12.70000000,,,2154.87659946,354.06084540,-348.33993407,"Mass",14773.93272000000,5.780000,"Radial Velocity",4905.00,0.800000,0.1600
"Kepler-552 b",3.95000000,0.82000000,-0.57000000,14.80000000,,,"M-R relationship",5.26341576500,1.320000,"Transit",5863.00,1.030000,0.0100
"HD 34445 e",4.26000000,,,16.80000000,2.90000000,-2.90000000,"Msini",49.17500000000,1.190000,"Radial Velocity",5836.00,1.070000,0.1400
"Kepler-468 b",13.34000000,0.32000000,-0.29000000,,,,"Msini",38.47875706700,,"Transit",5498.00,0.960000,0.1000
"Kepler-1584 b",1.61000000,0.40000000,-0.21000000,3.22000000,,,"M-R relationship",13.39970990000,4.240000,"Transit",6069.00,1.100000,0.0000
"Kepler-1542 c",0.65000000,0.09000000,-0.06000000,0.20800000,,,"M-R relationship",2.89223021000,4.160000,"Transit",5564.00,0.940000,0.0600
"Kepler-1568 b",1.30000000,0.21000000,-0.15000000,2.24000000,,,"M-R relationship",20.92539200000,5.600000,"Transit",5956.00,1.090000,0.0900
"TOI-2719 b",5.98000000,0.46000000,-0.46000000,29.90000000,,,"M-R relationship",3.37594000000,0.768000,"Transit",5762.00,1.020000,0.2700
"GJ 680 b",12.00000000,,,7977.49301570,1957.18733031,-3543.46890964,"Mass",17281.66514000000,25.400000,"Radial Velocity",3563.00,0.456000,
"YZ Cet b",0.91300000,,,0.70000000,0.09000000,-0.08000000,"Msini",2.02087000000,5.050000,"Radial Velocity",3151.00,0.142000,-0.1800
"HD 164922 b",13.30000000,,,116.00000000,10.00000000,-12.00000000,"Msini",1207.00000000000,0.271000,"Radial Velocity",5390.00,0.926000,0.1800
"K2-169 b",1.27328671,0.10733117,-0.07695112,2.16000000,,,"M-R relationship",6.38080300000,5.750000,"Transit",5548.00,0.986144,0.2600
"K2-207 b",2.60585269,0.36979751,-0.20931396,7.30000000,,,"M-R relationship",12.48749000000,2.270000,"Transit",5522.00,0.941851,0.1100
"HATS-23 b",20.84874000,3.36270000,-4.48360000,467.21010000,22.88376000,-22.88376000,"Mass",2.16051560000,0.290000,"Transit",5780.00,1.121000,0.2800
"HD 73267 c",12.80000000,,,1630.77755632,289.85950718,-89.62761077,"Mass",17071.78045000000,4.270000,"Radial Velocity",5387.00,0.930000,0.0300
"TOI-4487 A b",14.60530185,0.77341967,-0.71737476,397.28550875,50.85254512,-50.85254512,"Mass",3.95407090000,0.700000,"Transit",6206.00,1.378000,0.2160
"Wendelstein-1 b",11.56096260,0.06837490,-0.06837490,188.15536000,52.44195000,-41.00007000,"Mass",2.66341600000,0.720000,"Transit",4251.00,0.650000,
"TOI-2485 b",12.13932610,0.50440413,-0.50440413,766.60211768,27.96889982,-27.65107141,"Mass",11.23479000000,2.360000,"Transit",6016.40,1.163000,0.0970
"HD 28678 b",13.50000000,,,490.09386000,23.20159000,-23.20159000,"Msini",380.20000000000,1.090000,"Radial Velocity",4972.00,1.530000,-0.1100
"K2-52 b",18.00000000,2.20000000,-2.20000000,,,,"Msini",3.53505500000,,"Transit",7147.00,1.691000,0.0550
"TOI-4511 b",2.75304932,0.30793546,-0.26170202,8.01000000,,,"M-R relationship",10.98090968596,2.110000,"Transit",5418.77,1.017000,
"HD 29399 b",13.50000000,,,498.99059899,34.96112477,-34.96112477,"Msini",892.70000000000,1.110000,"Radial Velocity",4845.00,1.170000,0.1400
"WASP-1 b",16.62300000,0.26900000,-0.38100000,271.41500000,18.11600000,-16.52600000,"Mass",2.51994540000,0.348000,"Transit",6110.00,1.240000,0.1700
"Kepler-342 d",2.49000000,0.48000000,-0.48000000,6.76000000,,,"M-R relationship",39.45935700000,2.410000,"Transit",6175.00,1.213000,-0.0006
"Kepler-712 b",3.41000000,0.14000000,-0.11000000,11.50000000,,,"M-R relationship",21.02247699000,1.590000,"Transit",5148.00,0.840000,-0.0300
"HD 46375 b",10.00000000,,,71.80000000,6.00000000,-6.00000000,"Msini",3.02357300000,0.395000,"Radial Velocity",5285.00,0.920000,0.2400
"HATS-7 b",6.31066700,0.51561400,-0.38110600,38.13960000,3.81396000,-3.81396000,"Mass",3.18531500000,0.830000,"Transit",4985.00,0.849000,0.2500
"KOI-351 f",2.88000000,0.52000000,-0.52000000,8.65000000,,,"M-R relationship",124.91440000000,1.990000,"Transit",6080.00,1.200000,-0.1200
"Kepler-1615 b",2.06000000,0.48000000,-0.58000000,4.90000000,,,"M-R relationship",47.31261920000,3.080000,"Transit",5865.00,1.040000,0.0600
"HD 59686 A b",12.70000000,,,2199.38360000,57.20940000,-76.27920000,"Msini",299.36000000000,5.900000,"Radial Velocity",4658.00,1.900000,0.1500
"TOI-4551 b",11.85910158,1.23298788,-0.69495680,473.56432643,41.31769291,-41.31769291,"Mass",9.95581000000,1.740000,"Transit",4896.00,1.310000,0.2300
"Kepler-542 b",1.57000000,0.10000000,-0.11000000,3.09000000,,,"M-R relationship",13.14497566000,4.390000,"Transit",5526.00,0.930000,0.0200
"HD 23472 c",1.87000000,0.12000000,-0.11000000,3.41000000,0.88000000,-0.81000000,"Mass",29.79749000000,3.100000,"Transit",4684.00,0.670000,-0.2000
"WASP-41 b",12.32990000,0.56045000,-0.56045000,270.15550000,34.96130000,-34.96130000,"Mass",3.05240000000,0.742000,"Transit",5545.00,0.810000,0.0600
"Kepler-327 d",1.73000000,0.10000000,-0.10000000,3.64000000,,,"M-R relationship",13.96945700000,3.860000,"Transit",3799.00,0.591913,-0.2000
"Kepler-798 b",2.39000000,1.04000000,-0.34000000,6.30000000,,,"M-R relationship",13.71933369000,2.540000,"Transit",6224.00,1.190000,0.0300
"Kepler-1754 b",2.43996509,,,6.53000000,,,"M-R relationship",8.19594955400,2.470000,"Transit",4723.00,0.734000,0.0800
"TIC 4672985 b",11.50041420,0.75100171,-0.72858375,4049.13390518,321.00669107,-321.00669107,"Mass",69.04800000000,14.600000,"Transit",5757.00,1.010000,0.1400
"Kepler-172 b",2.35000000,0.42000000,-0.42000000,6.12000000,,,"M-R relationship",2.94030900000,2.590000,"Transit",5526.00,1.081000,0.3900
"HATS-45 b",14.41477400,1.04243700,-1.04243700,222.48100000,47.67450000,-47.67450000,"Mass",4.18762440000,0.410000,"Transit",6450.00,1.272000,0.0200
"Kepler-217 d",1.32000000,0.36000000,-0.27000000,2.30000000,,,"M-R relationship",3.88689525000,5.500000,"Transit",6341.00,1.370000,0.0900
"HD 183263 b",13.10000000,,,1103.18240070,91.85240962,-96.61983573,"Msini",624.87404000000,2.700000,"Radial Velocity",5948.00,1.060000,0.2776
"TOI-2094 b",1.90000000,0.10000000,-0.10000000,4.27000000,,,"M-R relationship",18.79319300000,3.420000,"Transit",3435.00,0.425000,-0.0600
"Kepler-1412 b",0.83000000,0.15000000,-0.13000000,0.49800000,,,"M-R relationship",3.61460510000,4.790000,"Transit",5880.00,1.060000,0.0400
"Kepler-183 c",2.27000000,0.98000000,-0.98000000,35.70000000,30.90000000,-24.20000000,"Mass",11.63707100000,16.800000,"Transit",5888.00,0.990000,0.1100
"Kepler-1311 c",1.22000000,0.28000000,-0.24000000,1.98000000,,,"M-R relationship",2.53573424000,5.990000,"Transit",5748.00,1.050000,0.0900
"Kepler-305 d",2.76000000,0.12000000,-0.12000000,6.20000000,1.76000000,-1.34000000,"Mass",16.74000000000,1.632030,"Transit",5090.00,0.827000,0.0900
"Kepler-659 b",2.50000000,0.33000000,-0.23000000,6.80000000,,,"M-R relationship",17.67179600000,2.390000,"Transit",4870.00,0.790000,0.0200
"Kepler-1514 b",12.41957200,0.25780700,-0.25780700,1678.14240000,69.92260000,-69.92260000,"Mass",217.83184000000,4.820000,"Transit",6145.00,1.196000,0.1190
"Kepler-1222 b",0.79000000,0.06000000,-0.06000000,0.41800000,,,"M-R relationship",1.91694425400,4.660000,"Transit",5239.00,0.840000,-0.0400
"Kepler-186 d",1.40000000,0.16000000,-0.16000000,2.54000000,,,"M-R relationship",13.34299600000,5.090000,"Transit",3788.00,0.478000,-0.2800
"Kepler-310 c",3.38000000,1.58000000,-1.58000000,11.40000000,,,"M-R relationship",56.47542000000,1.620000,"Transit",5797.00,0.854000,-0.1200
"HD 40956 b",13.20000000,,,858.14100000,190.69800000,-190.69800000,"Msini",578.60000000000,2.050000,"Radial Velocity",4869.00,2.000000,0.1400
"K2-152 b",2.29000000,0.25000000,-0.24000000,5.86000000,,,"M-R relationship",32.64790000000,2.680000,"Transit",4044.00,0.630000,0.1200
"HIP 5158 c",12.20000000,,,4780.16320000,3353.10650000,-3353.10650000,"Msini",9017.76000000000,14.500000,"Radial Velocity",4813.00,0.780000,0.1700
"TOI-3321 b",15.55806521,0.78462865,-0.71737476,176.07693748,24.15495893,-23.83713052,"Mass",3.65251450000,0.255000,"Transit",5850.00,1.041000,-0.1030
"Kepler-36 c",3.67900000,0.09600000,-0.09100000,7.13000000,0.18000000,-0.18000000,"Mass",16.21865000000,0.787000,"Transit",5979.00,1.034000,-0.1800
"TOI-4495 c",4.03000000,0.23000000,-0.15000000,23.20000000,4.40000000,-4.70000000,"Mass",5.18553000000,1.900000,"Transit",6210.00,1.247000,0.1800
"bet Cnc b",12.60000000,,,2479.00000000,254.30000000,-254.30000000,"Msini",605.20000000000,6.810000,"Radial Velocity",4092.10,1.700000,-0.2900
"HATS-60 b",12.92397700,0.59407700,-0.59407700,210.40346000,17.48065000,-17.48065000,"Mass",3.56082900000,0.537000,"Transit",5688.00,1.097000,0.3350
"Kepler-1413 b",1.82000000,0.16000000,-0.15000000,3.97000000,,,"M-R relationship",13.18296420000,3.620000,"Transit",5196.00,0.840000,-0.0500
"TAP 26 b",13.50000000,,,527.59780000,98.52730000,-98.52730000,"Msini",10.79000000000,1.180000,"Radial Velocity",4620.00,1.040000,-0.1992
"Kepler-939 b",1.75000000,0.31000000,-0.20000000,3.71000000,,,"M-R relationship",14.87829600000,3.800000,"Transit",5471.00,0.880000,-0.1200
"Kepler-1868 b",3.14950109,,,10.10000000,,,"M-R relationship",211.03399660000,1.780000,"Transit",4658.00,0.743000,0.0000
"Kepler-898 b",1.49000000,0.30000000,-0.09000000,2.83000000,,,"M-R relationship",5.87061910000,4.700000,"Transit",4223.00,0.650000,-0.0600
"Kepler-868 b",2.05000000,0.20000000,-0.17000000,4.86000000,,,"M-R relationship",5.03251791000,3.100000,"Transit",5614.00,0.930000,-0.0800
"K2-384 c",1.19100000,0.05300000,-0.07500000,1.82000000,,,"M-R relationship",4.19476600000,5.920000,"Transit",3623.00,0.330000,0.0680
"HD 189567 b",2.85000000,,,8.50000000,0.60000000,-0.60000000,"Msini",14.28800000000,2.020000,"Radial Velocity",5726.00,0.830000,-0.2400
"Wolf 503 b",2.04300000,0.06900000,-0.06900000,6.26000000,0.69000000,-0.70000000,"Mass",6.00127000000,2.920000,"Transit",4716.00,0.688000,-0.4700
"Kepler-1291 b",1.66000000,0.10000000,-0.18000000,3.39000000,,,"M-R relationship",8.63043276000,4.070000,"Transit",5216.00,0.840000,-0.0400
"K2-113 b",12.14000000,0.35000000,-0.35000000,410.00070000,41.31790000,-44.49620000,"Mass",5.81768500000,1.970000,"Transit",5660.00,1.040000,0.2700
"DMPP-6 b",2.28000000,,,5.80000000,0.94000000,-0.80000000,"Msini",7.60270000000,2.690000,"Radial Velocity",6182.09,1.079000,0.3200
"NGTS-38 b",12.11690814,0.52682209,-0.52682209,1516.04150139,123.95307873,-117.59651059,"Mass",180.52797000000,4.670000,"Transit",6310.00,1.460000,0.3300
"Kepler-153 b",2.92000000,1.76000000,-1.76000000,8.85000000,,,"M-R relationship",18.87022700000,1.950000,"Transit",5404.00,0.756000,-0.2700
"KOI-217 b",12.44200000,0.22400000,-0.22400000,,,,"Msini",3.90512000000,,"Transit",5545.00,0.950000,0.1200
"HIP 54597 b",13.30000000,,,762.78817680,127.13136280,-63.56568140,"Mass",3274.00000000000,1.780000,"Radial Velocity",4799.00,0.800000,-0.2200
"Kepler-334 b",1.12000000,0.21000000,-0.21000000,1.46000000,,,"M-R relationship",5.47031900000,5.710000,"Transit",5828.00,1.022000,-0.0120
"Kepler-139 c",3.38000000,0.69000000,-0.69000000,13.00000000,8.00000000,-7.00000000,"Mass",157.07287800000,8.702677,"Transit",5594.00,1.078000,0.3500
"HD 97037 b",12.10000000,,,6707.76852973,622.94367772,-657.90480249,"Mass",6449.08337000000,20.800000,"Radial Velocity",5874.10,1.060000,-0.0773
"Kepler-37 c",0.75500000,0.03300000,-0.05500000,1.30000000,,,"Mass",21.30184800000,15.000000,"Transit",5357.00,0.790000,-0.3600
"Kepler-37 e",0.37000000,0.18000000,-0.18000000,8.10000000,1.70000000,-1.70000000,"Msini",51.19600000000,879.000000,"Transit Timing Variations",5288.00,0.800000,-0.2500
"EPIC 206024342 d",2.60000000,0.90000000,-0.90000000,7.27000000,,,"M-R relationship",14.64753100000,2.270000,"Transit",5724.00,0.928000,-0.2200
"Kepler-1420 b",1.28000000,0.14000000,-0.12000000,2.18000000,,,"M-R relationship",6.69960006000,5.710000,"Transit",5187.00,0.820000,-0.1000
"TOI-615 b",18.97680433,0.58286700,-0.63891190,138.25535705,27.33324300,-26.06192937,"Mass",4.66159830000,0.084000,"Transit",6850.00,1.449000,-0.1000
"Kepler-248 b",3.02000000,0.36000000,-0.36000000,9.38000000,,,"M-R relationship",6.30820500000,1.870000,"Transit",5190.00,0.838000,0.1700
"Kepler-295 d",1.36000000,0.72000000,-0.72000000,2.42000000,,,"M-R relationship",33.88405400000,5.290000,"Transit",5603.00,0.890000,-0.0300
"Kepler-641 b",1.85000000,0.31000000,-0.25000000,4.08000000,,,"M-R relationship",9.48961571000,3.540000,"Transit",5713.00,1.020000,0.1500
"HD 164595 b",4.16000000,,,16.14000000,2.72000000,-2.72000000,"Msini",40.00000000000,1.230000,"Radial Velocity",5790.00,0.990000,-0.0400
"K2-352 b",1.37000000,0.10000000,-0.07000000,2.45000000,,,"M-R relationship",3.66591200000,5.240000,"Transit",5791.00,0.980000,-0.0500
"Kepler-495 c",1.21936414,,,1.98000000,,,"M-R relationship",5.89660978300,6.000000,"Transit",5392.00,0.888000,0.1800
"Kepler-303 c",1.14000000,0.09000000,-0.09000000,1.55000000,,,"M-R relationship",7.06114900000,5.750000,"Transit",3944.00,0.575000,-0.4136
"WASP-99 b",11.43318000,0.67254000,-0.67254000,772.32690000,117.59710000,-117.59710000,"Mass",5.75251000000,2.790000,"Transit",6150.00,1.210000,0.2100
"HD 73583 c",2.39000000,0.10000000,-0.09000000,9.70000000,1.80000000,-1.70000000,"Mass",18.87974000000,3.880000,"Transit",4511.00,0.730000,0.0000
"Kepler-381 b",0.99000000,0.22000000,-0.22000000,0.93700000,,,"M-R relationship",5.62902100000,5.310000,"Transit",6152.00,1.144000,-0.2016
"Kepler-276 b",2.87000000,1.35000000,-1.35000000,731.20900000,,,"Mass",14.12841000000,73.000000,"Transit",6105.00,0.845000,-0.2900
"TOI-2992 b",13.75341932,0.50440413,-0.50440413,1058.36859531,123.95307873,-123.95307873,"Mass",3.00781200000,2.230000,"Transit",6000.00,1.210000,0.0840
"WASP-97 b",12.77826000,0.67254000,-0.67254000,432.24880000,60.38770000,-60.38770000,"Mass",2.07276000000,1.210000,"Transit",5640.00,1.180000,0.2300
"GJ 514 b",2.13000000,,,5.20000000,0.90000000,-0.90000000,"Msini",140.43000000000,2.960000,"Radial Velocity",3728.00,0.510000,-0.1400
"Kepler-447 b",18.49000000,6.61000000,-6.28000000,435.41000000,152.55000000,-146.20000000,"Mass",7.79430132000,0.400000,"Transit",5493.00,1.000000,0.0700
"TIC 349520724 b",2.82626313,0.43167800,-0.29205870,8.38000000,,,"M-R relationship",7.94044635021,2.040000,"Transit",5098.60,0.890000,
"TOI-1346 c",2.23000000,0.14000000,-0.14000000,5.60000000,,,"M-R relationship",5.50255800000,2.770000,"Transit",5099.00,0.820000,-0.0100
"CoRoT-7 b",1.68135000,0.11209000,-0.11209000,4.07660518,1.01981794,-1.01981794,"Mass",0.85359163000,9.355000,"Transit",5275.00,0.820000,0.0500
"GJ 3323 b",1.23000000,,,2.02000000,0.26000000,-0.25000000,"Msini",5.36360000000,5.960000,"Radial Velocity",3159.00,0.164000,-0.2700
"Kepler-37 b",0.30980000,0.00590000,-0.00760000,0.79000000,,,"Mass",13.36702000000,140.000000,"Transit",5357.00,0.790000,-0.3600
"HD 75784 c",12.80000000,,,1792.56120000,228.83760000,-228.83760000,"Msini",7900.00000000000,4.700000,"Radial Velocity",4867.00,1.260000,0.2500
"Kepler-1959 b",1.14315727,,,1.57000000,,,"M-R relationship",6.38669014000,5.780000,"Transit",5071.00,0.768000,-0.0200
"HAT-P-44 b",13.92200000,1.18800000,-0.57200000,111.87100000,9.21700000,-9.21700000,"Mass",4.30121900000,0.230000,"Transit",5295.00,0.942000,0.3300
"Kepler-201 c",2.85000000,0.60000000,-0.60000000,8.50000000,,,"M-R relationship",151.88405800000,2.020000,"Transit",6065.00,1.098000,-0.0442
"Kepler-1050 c",1.48000000,0.35000000,-0.16000000,2.79000000,,,"M-R relationship",21.12845690000,4.730000,"Transit",6010.00,1.090000,0.0300
"HD 94834 b",13.70000000,,,400.46580000,54.03110000,-54.03110000,"Msini",1576.00000000000,0.856000,"Radial Velocity",4798.00,1.110000,0.1200
"HAT-P-38 b",9.24700000,1.03100000,-0.70600000,84.85700000,6.35600000,-6.35600000,"Mass",4.64038200000,0.590000,"Transit",5330.00,0.886000,0.0600
"81 Cet b",13.10000000,,,1051.05854195,24.79061575,-21.29450327,"Msini",1005.57000000000,2.570000,"Radial Velocity",4734.00,1.230000,-0.1100
"Kepler-536 b",3.10000000,0.38000000,-0.22000000,9.80000000,,,"M-R relationship",1.82708229900,1.810000,"Transit",5524.00,0.920000,0.0000
"K2-155 c",2.60000000,0.70000000,-0.20000000,7.27000000,,,"M-R relationship",13.85000000000,2.270000,"Transit",4258.00,0.650000,-0.3000
"TOI-2200 b",6.96310517,0.42730881,-0.42498668,38.70000000,,,"M-R relationship",2.93602836512,0.630000,"Transit",5036.17,0.850000,0.2733
"TOI-1233.01",2.53900000,0.06200000,-0.06500000,6.98000000,,,"M-R relationship",14.17568500000,2.340000,"Transit",5660.00,0.869000,-0.2800
"K2-58 b",2.68000000,0.37000000,-0.37000000,7.65000000,,,"M-R relationship",7.05254000000,2.180000,"Transit",5413.00,0.890000,0.1100
"Kepler-1361 b",0.86000000,0.12000000,-0.12000000,0.56600000,,,"M-R relationship",3.57554956000,4.890000,"Transit",5131.00,0.830000,0.0000
"K2-136 c",3.00000000,0.13000000,-0.13000000,18.10000000,1.90000000,-1.80000000,"Mass",17.30723000000,3.690000,"Transit",4500.00,0.742000,-0.0200
"HD 220773 b",13.60000000,,,460.80000000,95.00000000,-95.00000000,"Msini",3724.70000000000,1.010000,"Radial Velocity",5940.00,1.160000,0.0900
"Kepler-736 b",2.93000000,0.17000000,-0.53000000,8.91000000,,,"M-R relationship",3.60147201000,1.950000,"Transit",5217.00,0.860000,0.0300
"Kepler-93 b",1.47800000,0.01900000,-0.01900000,4.66000000,0.53000000,-0.53000000,"Mass",4.72673978000,7.930000,"Transit",5669.00,0.911000,-0.1800
"Kepler-37 d",2.03000000,0.03000000,-0.03900000,2.00000000,,,"Mass",39.79226220000,1.300000,"Transit",5357.00,0.790000,-0.3600
"Kepler-1927 b",3.40627075,,,11.50000000,,,"M-R relationship",73.75039673000,1.600000,"Transit",6056.00,1.408000,0.1400
"HD 48265 b",12.60000000,,,2351.93021180,1175.96510590,-1239.53078730,"Mass",778.51000000000,6.460000,"Radial Velocity",5733.00,1.312000,0.3000
"BD-11 4672 b",14.10000000,,,206.58950000,15.89150000,-19.06980000,"Msini",1634.00000000000,0.405000,"Radial Velocity",4550.00,0.651000,-0.3500
"Kepler-1318 b",3.11000000,0.17000000,-0.15000000,9.85000000,,,"M-R relationship",213.25766300000,1.800000,"Transit",4598.00,0.730000,-0.0100
"TOI-5344 b",10.60369574,0.23538859,-0.23538859,130.94530368,12.71313628,-12.71313628,"Mass",3.79262200000,0.604000,"Transit",3747.00,0.612000,0.4250
"61 Vir c",4.46000000,,,18.20000000,1.10000000,-1.10000000,"Msini",38.02100000000,1.130000,"Radial Velocity",5577.00,0.942000,-0.0100
"WASP-113 b",15.79348100,1.07606400,-1.56926000,150.96925000,17.16282000,-16.52716000,"Mass",4.54216874538,0.228000,"Transit",5890.00,1.318000,0.1000
"Kepler-102 f",0.86100000,0.02200000,-0.02200000,4.30000000,,,"Mass",27.45359200000,37.000000,"Transit",4909.00,0.803000,0.1100
"Kepler-223 d",5.24000000,0.26000000,-0.45000000,8.00000000,1.50000000,-1.30000000,"Mass",14.78869000000,0.310000,"Transit",5803.00,1.125000,0.1000
"Kepler-683 b",1.97000000,0.34000000,-0.17000000,4.54000000,,,"M-R relationship",2.53918317900,3.260000,"Transit",5703.00,0.960000,-0.0300
"Kepler-1977 b",1.66000000,0.19000000,-0.11000000,3.39000000,,,"M-R relationship",4.53702121000,4.070000,"Transit",4805.00,0.769000,-0.0600
"WASP-28 b",13.66374747,0.31385146,-0.31385146,282.54945382,18.43404761,-18.43404761,"Mass",3.40883495000,0.651163,"Transit",6084.00,0.993000,-0.2000
"KOI-55 b",0.75900000,,,0.44000000,,,"Mass",0.24010400000,5.530000,"Orbital Brightness Modulation",27730.00,0.496000,-0.1060
"Kepler-1741 b",1.27300000,,,2.16000000,,,"M-R relationship",2.75759005500,5.750000,"Transit",3683.00,0.454000,-0.2200
"HATS-10 b",10.86152100,0.68374900,-0.50440500,167.17858000,25.74423000,-25.74423000,"Mass",3.31284600000,0.700000,"Transit",5880.00,1.101000,0.1500
"Kepler-272 d",2.25000000,1.22000000,-1.22000000,5.69000000,,,"M-R relationship",10.93730400000,2.740000,"Transit",5297.00,0.910000,0.0400
"TOI-244 b",1.52000000,0.12000000,-0.12000000,2.68000000,0.30000000,-0.30000000,"Mass",7.39722500000,4.200000,"Transit",3433.00,0.428000,-0.3900
"Kepler-1138 b",1.70000000,0.24000000,-0.13000000,3.53000000,,,"M-R relationship",3.17060005000,3.950000,"Transit",5582.00,0.950000,0.0400
"TOI-1736 b",3.18175535,0.12195694,-0.09508409,12.30000000,1.50000000,-1.40000000,"Mass",7.07307600000,2.090000,"Transit",5636.00,1.037300,0.1480
"HD 184010 c",11.80000000,,,95.34852210,9.53485221,-19.06970442,"Msini",484.30000000000,0.319000,"Radial Velocity",4971.00,1.350000,-0.1700
"TIC 249022743 b",4.79568155,0.39118649,-0.36349889,20.60000000,,,"M-R relationship",2.25719681538,1.030000,"Transit",5567.58,1.000000,
"WASP-2 b",12.11692900,0.45956900,-0.44836000,295.89973000,19.06980000,-18.43414000,"Mass",2.15217500000,0.914000,"Transit",5180.00,0.895000,0.1200
"Kepler-814 b",2.12000000,0.69000000,-0.30000000,5.14000000,,,"M-R relationship",6.14698510000,2.960000,"Transit",6162.00,1.150000,0.0100
"HD 102272 b",12.90000000,,,1570.08020000,203.41120000,-203.41120000,"Msini",127.58000000000,4.020000,"Radial Velocity",4790.00,1.450000,-0.4100
"WASP-46 b",13.15936600,0.41473300,-0.41473300,607.05530000,41.31790000,-41.31790000,"Mass",1.43036763000,1.467000,"Transit",5600.00,0.828000,-0.3000
"Kepler-5 b",15.98403400,0.40352400,-0.57165900,670.93913000,21.29461000,-27.33338000,"Mass",3.54846570000,0.400000,"Transit",6297.00,1.374000,0.0400
"TOI-2714 b",13.72000000,0.70000000,-0.67000000,228.00000000,33.00000000,-32.00000000,"Mass",2.49938700000,0.490000,"Transit",5665.00,1.070000,0.3000
"Kepler-595 c",1.00900000,0.02400000,-0.02400000,3.30000000,1.70000000,-1.00000000,"Mass",12.38602000000,6.900000,"Transit",5138.50,0.930000,0.4060
"HD 137496 c",12.60000000,,,2434.56559762,34.96112477,-34.96112477,"Msini",479.90000000000,6.690000,"Radial Velocity",5799.00,1.040000,-0.0300
"Kepler-419 b",10.80000000,1.40000000,-1.30000000,794.50000000,95.30000000,-95.30000000,"Mass",69.75460000000,3.500000,"Transit",6430.00,1.390000,0.1760
"K2-229 c",2.03000000,0.12000000,-0.06000000,7.00000000,4.00000000,-4.00000000,"Mass",8.32727000000,5.100000,"Transit",5315.00,0.870000,-0.0900
"HD 97658 b",2.12000000,0.06000000,-0.06000000,8.30000000,1.10000000,-1.10000000,"Mass",9.48971160000,4.800000,"Radial Velocity",5212.00,0.850000,-0.2300
"Kepler-656 b",3.12000000,0.21000000,-0.34000000,9.91000000,,,"M-R relationship",1.26025909400,1.790000,"Transit",5281.00,0.860000,-0.0400
"Kepler-555 b",2.83000000,0.56000000,-0.29000000,8.40000000,,,"M-R relationship",16.21775407000,2.040000,"Transit",5894.00,1.030000,0.0000
"Kepler-1435 b",0.86000000,0.12000000,-0.09000000,0.56600000,,,"M-R relationship",4.45343281000,4.890000,"Transit",6356.00,1.210000,-0.0300
"Kepler-418 b",13.45000000,1.79000000,-1.79000000,349.61124770,,,"Mass",86.67856000000,,"Transit",5820.00,0.980000,-0.0500
"HIP 21152 b",12.00000000,,,7627.88176800,1906.97044200,-1271.31362800,"Mass",22000.00000000000,24.300000,"Imaging",6655.00,1.400000,0.1300
"TOI-6695 b",9.52763359,0.22417961,-0.22417961,66.74396547,3.17828407,-3.17828407,"Mass",80.38900000000,0.410000,"Transit",6400.00,1.338000,0.2000
"HD 81688 b",13.50000000,,,525.68818518,17.16273398,-17.48056238,"Msini",183.93000000000,1.170000,"Radial Velocity",4797.00,1.070000,-0.3200
"Kepler-24 e",2.78000000,0.64000000,-0.64000000,26.21180000,,,"Mass",18.99835500000,0.310000,"Transit",5897.00,1.046000,-0.0708
"Kepler-902 b",2.54000000,0.33000000,-0.18000000,6.99000000,,,"M-R relationship",40.10995470000,2.340000,"Transit",5647.00,0.950000,0.0000
"Kepler-1350 c",1.73000000,0.12000000,-0.18000000,3.64000000,,,"M-R relationship",1.76678906200,3.860000,"Transit",3827.00,0.550000,-0.0600
"GJ 3998 b",1.39000000,,,2.50000000,0.30000000,-0.29000000,"Msini",2.65033000000,5.120000,"Radial Velocity",3726.00,0.520000,-0.1300
"Kepler-751 b",2.46000000,0.23000000,-0.18000000,6.62000000,,,"M-R relationship",17.44490636000,2.440000,"Transit",5387.00,0.870000,-0.0600
"TOI-2525 b",8.67575106,0.11208981,-0.11208981,26.69758619,1.58914204,-1.58914204,"Mass",23.28560000000,0.225000,"Transit",5096.00,0.849000,0.1400
"Kepler-1300 b",1.37000000,0.30000000,-0.31000000,2.45000000,,,"M-R relationship",22.24190920000,5.240000,"Transit",6130.00,1.290000,0.0500
"Kepler-1771 b",4.05537256,,,15.50000000,,,"M-R relationship",88.64399719000,1.280000,"Transit",5661.00,0.941000,0.0000
"HD 5583 b",12.80000000,,,1837.05740000,168.44990000,-168.44990000,"Msini",139.35000000000,4.810000,"Radial Velocity",4830.00,1.010000,-0.5000
"TOI-5110 b",11.98240037,0.60528496,-0.58286700,921.70238030,41.31769291,-41.31769291,"Mass",30.15857700000,2.950000,"Transit",6160.00,1.469000,0.0650
"WASP-37 b",13.00200000,0.78500000,-0.67300000,572.07000000,54.02900000,-54.02900000,"Mass",3.57746900000,1.530000,"Transit",5800.00,0.925000,-0.4000
"KOI-134 b",12.03844527,0.19055267,-0.19055267,346.43296363,38.13940884,-25.42627256,"Mass",67.12770000000,1.090000,"Transit",6160.00,1.407000,0.4270
"Kepler-590 b",4.02000000,1.09000000,-0.50000000,15.20000000,,,"M-R relationship",5.85296257000,1.290000,"Transit",6000.00,1.100000,0.0700
"Kepler-293 c",3.83000000,1.63000000,-1.63000000,14.00000000,,,"M-R relationship",54.15574300000,1.370000,"Transit",5804.00,0.934000,0.1000
"HAT-P-40 b",17.03768000,1.90553000,-1.90553000,152.55840000,41.31790000,-41.31790000,"Mass",4.45724000000,0.150000,"Transit",6080.00,1.030000,0.2200
"Kepler-610 b",4.19000000,1.16000000,-0.45000000,16.30000000,,,"M-R relationship",6.99692655400,1.220000,"Transit",5943.00,1.100000,0.1200
"XO-2 S d",13.00000000,,,1179.14338997,381.39408840,-162.09248757,"Msini",4696.00000000000,2.950000,"Radial Velocity",5325.00,0.980000,0.3200
"HD 128717 b",12.10000000,,,6293.00245860,158.91420350,-158.91420350,"Mass",3420.00000000000,19.500000,"Astrometry",6210.00,1.212000,0.1600
"Kepler-1796 b",2.75047868,,,8.00000000,,,"M-R relationship",29.45579910000,2.110000,"Transit",6036.00,1.018000,-0.1600
"G 261-6 b",1.10000000,,,1.37000000,0.23000000,-0.22000000,"Msini",5.45360000000,5.660000,"Radial Velocity",2907.00,0.118000,
"Kepler-1367 b",0.92000000,0.07000000,-0.08000000,0.72100000,,,"M-R relationship",1.57409027200,5.090000,"Transit",4106.00,0.620000,-0.0600
"K2-290 c",11.27625400,0.56045000,-0.56045000,246.00042000,14.93801000,-14.93801000,"Mass",48.36685000000,1.010000,"Transit",6302.00,1.194000,-0.0600
"HD 11755 b",12.80000000,,,1789.38290000,292.40360000,-292.40360000,"Msini",433.70001000000,4.690000,"Radial Velocity",4312.00,0.720000,-0.7400
"YZ Cet c",1.05000000,,,1.14000000,0.11000000,-0.10000000,"Msini",3.05989000000,5.410000,"Radial Velocity",3151.00,0.142000,-0.1800
"AF Lep b",13.00000000,,,1147.36054927,155.73591943,-152.55763536,"Mass",8905.00000000000,2.870000,"Imaging",6140.00,1.218000,0.1900
"Kepler-669 b",4.83000000,1.28000000,-0.55000000,20.80000000,,,"M-R relationship",4.12554686900,1.010000,"Transit",6038.00,1.150000,0.1400
"HIP 111909 b",13.70000000,,,384.57237247,31.78284070,-31.78284070,"Msini",487.08000000000,0.822000,"Radial Velocity",4891.00,1.280000,-0.0100
"KOI-351 c",1.19000000,0.14000000,-0.14000000,1.81000000,,,"M-R relationship",8.71937500000,5.900000,"Transit",6080.00,1.200000,-0.1200
"TOI-5159 b",1.54732112,0.14990024,-0.13545721,3.01000000,,,"M-R relationship",5.83639428843,4.460000,"Transit",5156.16,0.900000,
"HD 109271 c",5.27000000,,,24.15400000,2.22500000,-2.22500000,"Msini",30.93000000000,0.907000,"Radial Velocity",5783.00,1.047000,0.1000
"Kepler-292 d",2.23000000,0.21000000,-0.21000000,5.60000000,,,"M-R relationship",7.05567900000,2.770000,"Transit",5299.00,0.865000,0.0400
"Kepler-1297 b",0.97000000,0.16000000,-0.09000000,0.87100000,,,"M-R relationship",1.68189002000,5.240000,"Transit",5818.00,0.990000,-0.0400
"HD 126525 b",10.30000000,,,75.32571000,0.63566000,-0.63566000,"Msini",960.41000000000,0.379000,"Radial Velocity",5638.00,0.897000,-0.1000
"GJ 682 b",1.93000000,,,4.40000000,3.70000000,-2.40000000,"Msini",17.47800000000,3.360000,"Radial Velocity",3028.00,0.270000,
"Kepler-1857 b",1.96065412,,,4.50000000,,,"M-R relationship",8.94340992000,3.280000,"Transit",6074.00,0.873000,-0.5400
"Kepler-242 c",2.00000000,1.23000000,-1.23000000,4.66000000,,,"M-R relationship",14.49648100000,3.200000,"Transit",5020.00,0.748000,-0.0200
"K2-132 b",14.57170000,0.78463000,-0.78463000,155.73670000,19.06980000,-19.06980000,"Mass",9.17510000000,0.277000,"Transit",4840.00,1.080000,-0.0100
"HD 217786 b",12.30000000,,,4402.55909376,402.68859167,-416.67304158,"Mass",1301.36009000000,13.000000,"Radial Velocity",5966.00,1.140000,-0.1350
"OGLE-TR-132 b",13.45000000,1.68000000,-1.23000000,375.02000000,44.49000000,-41.32000000,"Mass",1.68986800000,0.850000,"Transit",6210.00,1.305000,0.3700
"Kepler-1251 b",1.84000000,0.26000000,-0.14000000,4.04000000,,,"M-R relationship",45.09046430000,3.560000,"Transit",5545.00,0.920000,-0.0400
"K2-89 b",0.61500000,0.08000000,-0.08000000,0.17000000,,,"M-R relationship",1.09602600000,4.020000,"Transit",3691.00,0.347000,
"HATS-43 b",13.22662000,0.56045000,-0.56045000,82.95363000,17.16282000,-17.16282000,"Mass",4.38884970000,0.191000,"Transit",5099.00,0.837000,0.0500
"Kepler-1130 b",0.80000000,0.16000000,-0.03000000,0.43700000,,,"M-R relationship",5.45298175000,4.690000,"Transit",5403.00,0.900000,-0.0600
"Kepler-1399 b",1.25000000,0.22000000,-0.11000000,2.10000000,,,"M-R relationship",1.63865305800,5.910000,"Transit",5735.00,0.970000,-0.0300
"Kepler-517 b",2.67000000,0.32000000,-0.22000000,7.61000000,,,"M-R relationship",60.92832271000,2.200000,"Transit",5690.00,0.950000,-0.0600
"Kepler-783 c",2.33153725,,,6.04000000,,,"M-R relationship",7.05395000000,2.620000,"Transit",5411.49,0.940000,-0.0300
"Kepler-174 b",1.96000000,0.11000000,-0.11000000,4.50000000,,,"M-R relationship",13.98179000000,3.280000,"Transit",4880.00,0.602000,-0.5600
"Kepler-758 b",2.48000000,0.55000000,-0.40000000,6.71000000,,,"M-R relationship",12.10971040000,2.420000,"Transit",6228.00,1.160000,-0.1000
"Kepler-539 c",13.30000000,,,762.79200000,381.39600000,-381.39600000,"Mass",1000.00000000000,1.780000,"Transit Timing Variations",5820.00,1.048000,-0.0100
"Kepler-1487 b",2.13000000,0.85000000,-0.45000000,5.18000000,,,"M-R relationship",7.31946363000,2.950000,"Transit",6541.00,1.380000,0.0400
"Kepler-178 b",2.90000000,1.25000000,-1.25000000,8.75000000,,,"M-R relationship",9.57669400000,1.970000,"Transit",5676.00,0.852000,-0.0400
"TOI-532 b",5.82000000,0.19000000,-0.19000000,61.50000000,9.70000000,-9.30000000,"Mass",2.32665080000,1.720000,"Transit",3927.00,0.639000,0.3380
"GJ 1148 c",9.71000000,,,68.06000000,4.91000000,-2.19000000,"Msini",532.58000000000,0.409000,"Radial Velocity",3287.00,0.344045,0.1596
"TOI-5916 b",11.35469745,0.35868738,-0.36989636,226.61165419,76.59664609,-36.23243840,"Mass",2.36712800000,0.860000,"Transit",3613.00,0.477000,0.0900
"Kepler-647 b",1.17000000,0.14000000,-0.11000000,1.71000000,,,"M-R relationship",16.22546490000,5.870000,"Transit",6020.00,1.030000,-0.1400
"HD 134987 c",13.90000000,,,260.00000000,10.00000000,-10.00000000,"Msini",5000.00000000000,0.532000,"Radial Velocity",5585.00,1.100000,0.2800
"Kepler-302 b",4.06000000,0.85000000,-0.85000000,15.50000000,,,"M-R relationship",30.18410400000,1.270000,"Transit",5740.00,1.021000,0.1600
"Kepler-897 b",2.39000000,0.66000000,-0.25000000,6.30000000,,,"M-R relationship",8.04726420000,2.540000,"Transit",5839.00,1.030000,0.0400
"TOI-2092 b",2.94892961,0.31576526,-0.26073597,9.00000000,,,"M-R relationship",4.30325528074,1.930000,"Transit",5842.06,0.956000,-0.1221
"HD 136352 d",2.56200000,0.08800000,-0.07900000,8.82000000,0.93000000,-0.92000000,"Mass",107.24500000000,2.878108,"Radial Velocity",5664.00,0.870000,-0.2400
"Kepler-1559 b",0.72000000,0.07000000,-0.05000000,0.29900000,,,"M-R relationship",0.97191542800,4.400000,"Transit",5316.00,0.860000,-0.0400
"Kepler-815 b",4.11000000,0.19000000,-0.33000000,15.80000000,,,"M-R relationship",8.57503552000,1.250000,"Transit",5028.00,1.250000,-0.0300
"Kepler-1604 b",1.41000000,0.19000000,-0.11000000,2.57000000,,,"M-R relationship",0.68368425600,5.040000,"Transit",4976.00,0.810000,0.0200
"Kepler-435 b",22.31000000,2.02000000,-2.02000000,266.97000000,47.67000000,-47.67000000,"Mass",8.60015360000,0.131000,"Transit",6161.00,1.538000,-0.1800
"HD 22496 b",2.22000000,,,5.57000000,0.73000000,-0.68000000,"Msini",5.09071000000,2.800000,"Radial Velocity",4385.00,0.684000,-0.0800
"HD 191939 d",2.99500000,0.07000000,-0.07000000,2.80000000,0.60000000,-0.60000000,"Mass",38.35303700000,0.570000,"Transit",5348.00,0.810000,-0.1500
"HD 128311 c",13.00000000,,,1204.25787000,293.67492000,-137.30256000,"Mass",921.53800000000,3.010000,"Radial Velocity",4965.00,0.828000,0.0800
"Kepler-1954 b",1.80235934,,,3.90000000,,,"M-R relationship",5.88343000400,3.660000,"Transit",5840.00,0.942000,-0.2400
"HD 564 b",12.50000000,,,104.88000000,9.54000000,-9.54000000,"Msini",492.30000000000,0.295000,"Radial Velocity",5902.00,0.961000,-0.2000
"HD 116029 c",13.70000000,,,403.64410000,47.67450000,-47.67450000,"Msini",907.00000000000,0.863000,"Radial Velocity",4951.00,1.330000,0.1800
"Kepler-1283 b",1.91000000,0.79000000,-0.31000000,4.31000000,,,"M-R relationship",12.94609780000,3.400000,"Transit",6175.00,1.160000,0.0400
"Kepler-1702 b",1.60190793,,,3.20000000,,,"M-R relationship",18.50120000000,4.280000,"Transit",5093.00,0.850000,-0.2400
"Kepler-26 e",2.41000000,0.15000000,-0.15000000,6.39000000,,,"M-R relationship",46.82791500000,2.510000,"Transit",4486.00,0.593000,-0.2100
"Kepler-366 c",1.79000000,0.81000000,-0.81000000,3.86000000,,,"M-R relationship",12.51616000000,3.700000,"Transit",6209.00,1.088000,-0.0600
"K2-204 b",3.17214154,0.17934369,-0.15692573,10.20000000,,,"M-R relationship",7.05590800000,1.760000,"Transit",5783.00,1.076000,0.2100
"Kepler-1899 b",1.55098292,,,3.02000000,,,"M-R relationship",4.09577989600,4.450000,"Transit",4791.00,0.759000,0.0700
"Kepler-11 c",2.87000000,0.05000000,-0.06000000,2.90000000,2.90000000,-1.60000000,"Mass",13.02410000000,0.660000,"Transit",5663.00,0.961000,0.0500
"Kepler-57 b",3.13500000,0.09000000,-0.08800000,25.06000000,5.16000000,-4.91000000,"Mass",5.72000000000,4.466029,"Transit",5187.90,0.859000,0.1166
"Kepler-359 b",3.53000000,1.64000000,-1.64000000,12.20000000,,,"M-R relationship",25.56322200000,1.520000,"Transit",6248.00,0.827000,-0.2900
"K2-233 d",2.36300000,0.06200000,-0.06200000,10.30000000,2.40000000,-2.60000000,"Mass",24.36810000000,4.300000,"Transit",4796.00,0.790000,-0.0820
"TOI-4513 b",2.34587608,0.27093052,-0.22436689,6.11000000,,,"M-R relationship",9.76042253684,2.600000,"Transit",5623.93,0.979000,
"TIC 390586021 b",2.86009388,0.30567917,-0.28246364,8.55000000,,,"M-R relationship",2.74703755819,2.010000,"Transit",4434.81,0.648000,
"TOI-2567 b",10.92875618,0.34747840,-0.32506044,63.88350981,10.80616584,-9.85268062,"Mass",5.98394400000,0.269000,"Transit",5611.00,1.130000,0.2410
"G 264-012 c",1.76000000,,,3.75000000,0.48000000,-0.47000000,"Msini",8.05180000000,3.780000,"Radial Velocity",3326.00,0.297000,0.1000
"Kepler-1587 b",1.33000000,0.47000000,-0.24000000,2.33000000,,,"M-R relationship",9.40604670000,5.440000,"Transit",5933.00,1.080000,0.0700
"BD+48 740 b",13.50000000,,,540.31100000,222.48100000,-222.48100000,"Msini",733.00000000000,1.210000,"Radial Velocity",4534.00,1.090000,-0.1300
"HD 10697 b",12.80000000,,,1825.28854140,321.32451948,-91.85240962,"Mass",1075.37990000000,4.780000,"Radial Velocity",5641.00,0.990000,0.1700
"Kepler-430 c",1.75000000,,,3.71000000,,,"M-R relationship",110.97900000000,3.800000,"Transit",5884.00,1.166000,0.2000
"GJ 2126 b",13.60000000,,,413.17692910,63.56568140,-31.78284070,"Msini",272.70000000000,0.903000,"Radial Velocity",4159.00,0.650000,0.6000
"Kepler-350 b",1.85000000,0.38000000,-0.38000000,16.90000000,5.60000000,-3.30000000,"Mass",11.18956200000,4.900000,"Transit",6186.00,1.190000,0.0410
"Kepler-1398 c",1.03000000,0.37000000,-0.15000000,1.08000000,,,"M-R relationship",4.13827595000,5.430000,"Transit",6126.00,1.130000,0.0100
"K2-97 b",13.45077684,1.23298788,-1.23298788,174.48779544,18.75187601,-14.62010672,"Mass",8.40711500000,0.392000,"Transit",4673.00,1.170000,0.3280
"Kepler-1886 b",2.58158428,,,7.18000000,,,"M-R relationship",24.27580070000,2.290000,"Transit",5745.00,0.928000,-0.2000
"HD 92788 c",13.00000000,,,1166.43610000,95.34900000,-79.45750000,"Msini",11611.29750000000,2.920000,"Radial Velocity",5744.00,1.150000,0.2700
"Kepler-61 b",2.15000000,0.13000000,-0.13000000,5.27000000,,,"M-R relationship",59.87756000000,2.910000,"Transit",4017.00,0.635000,0.0300
"K2-414 c",1.92870000,0.06300000,-0.07280000,4.38000000,,,"M-R relationship",6.66900000000,3.350000,"Transit",4343.00,0.814000,-0.1020
"TOI-206 b",1.30000000,0.05000000,-0.05000000,2.24000000,,,"M-R relationship",0.73631040000,5.600000,"Transit",3383.00,0.350000,
"Kepler-1403 b",2.14000000,0.54000000,-0.26000000,5.22000000,,,"M-R relationship",5.19492202000,2.930000,"Transit",6060.00,1.110000,0.0300
"Kepler-758 c",1.69000000,0.37000000,-0.29000000,3.50000000,,,"M-R relationship",4.75793986000,3.980000,"Transit",6228.00,1.160000,-0.1000
"Kepler-1206 b",1.64000000,0.09000000,-0.08000000,3.33000000,,,"M-R relationship",1.21699766300,4.150000,"Transit",4877.00,0.800000,0.0700
"Kepler-520 b",1.66000000,0.28000000,-0.10000000,3.39000000,,,"M-R relationship",19.67416124000,4.070000,"Transit",6112.00,1.100000,-0.0300
"Kepler-241 c",2.57000000,1.11000000,-1.11000000,7.13000000,,,"M-R relationship",36.06597800000,2.310000,"Transit",4699.00,0.671000,0.0310
"Kepler-299 d",1.86000000,0.38000000,-0.38000000,4.12000000,,,"M-R relationship",15.05478600000,3.520000,"Transit",5617.00,1.004000,0.1200
"Kepler-1102 b",2.66000000,0.53000000,-0.23000000,7.56000000,,,"M-R relationship",51.32856230000,2.210000,"Transit",5724.00,0.960000,-0.0800
"Kepler-617 b",1.32000000,0.07000000,-0.07000000,2.30000000,,,"M-R relationship",1.68269614800,5.500000,"Transit",3712.00,0.510000,-0.0700
"TOI-2141 b",3.14700000,0.04300000,-0.04200000,20.10000000,1.60000000,-1.50000000,"Mass",18.26160800000,3.540000,"Transit",5635.00,0.896000,-0.1400
"Kepler-1127 b",1.96000000,0.31000000,-0.42000000,4.50000000,,,"M-R relationship",5.12330347000,3.280000,"Transit",5664.00,0.970000,0.0400
"Kepler-1934 b",0.91307734,,,0.70200000,,,"M-R relationship",1.41975998900,5.070000,"Transit",5925.00,0.968000,-0.1400
"TOI-4214 b",10.68215861,0.35868738,-0.33626942,165.27077164,16.84490557,-17.16273398,"Mass",3.49138850000,0.740000,"Transit",6370.00,1.382000,0.2940
"HD 210193 b",14.30000000,,,153.10000000,23.30000000,-23.30000000,"Msini",649.91800000000,0.288000,"Radial Velocity",5790.00,1.040000,0.1300
"TOI-7041 b",11.43316031,0.33626942,-0.33626942,114.41822652,50.85254512,-50.85254512,"Mass",9.69100000000,0.421000,"Transit",4700.00,1.070000,0.2500
"HD 100777 b",13.70000000,,,390.92894061,15.89142035,-15.89142035,"Mass",383.00000000000,0.835000,"Radial Velocity",5533.00,1.080000,-0.2700
"WASP-53 b",12.03846600,0.41473300,-0.41473300,677.61356000,29.24036000,-29.87602000,"Mass",3.30984430000,2.280000,"Transit",4953.00,0.839000,0.2200
"Kepler-391 b",2.50000000,0.29000000,-0.29000000,1100.00000000,,,"Mass",7.41750000000,380.000000,"Transit",5038.00,1.270000,0.0400
"K2-319 b",2.79000000,0.11000000,-0.10000000,8.20000000,,,"M-R relationship",26.68000000000,2.070000,"Transit",5440.00,0.954000,
"K2-44 b",2.43300000,0.08900000,-0.07200000,6.50000000,,,"M-R relationship",5.65700000000,2.480000,"Transit",5912.00,1.150000,0.0000
"WASP-49 b",12.44199000,1.23299000,-1.23299000,117.59710000,25.42640000,-25.42640000,"Mass",2.78174000000,0.288000,"Transit",5600.00,0.920000,-0.2300
"HD 155918 c",12.80000000,,,1878.04805696,207.54194977,-243.45655976,"Mass",17202.19446000000,4.920000,"Radial Velocity",5771.84,1.030000,-0.6616
"WASP-65 b",12.46400000,0.66100000,-0.66100000,492.62000000,50.85000000,-50.85000000,"Mass",2.31142430000,1.500000,"Transit",5600.00,0.930000,-0.0700
"HD 2685 b",16.14096000,0.56045000,-0.56045000,371.86110000,38.13960000,-38.13960000,"Mass",4.12688000000,0.486000,"Transit",6801.00,1.430000,0.0200
"HD 31527 b",3.22000000,,,10.47000000,0.89000000,-0.87000000,"Msini",16.55350000000,1.720000,"Radial Velocity",5898.00,0.960000,-0.1700
"Kepler-1527 b",4.77000000,1.95000000,-0.75000000,20.40000000,,,"M-R relationship",160.12991800000,1.030000,"Transit",6224.00,1.210000,0.0700
"TOI-139 b",2.45660000,0.21220000,-0.12450000,6.60000000,,,"M-R relationship",11.07085000000,2.450000,"Transit",4570.00,0.690000,-0.2380
"TOI-4087 b",13.04725353,0.28022452,-0.26901554,232.01473711,44.49597698,-44.49597698,"Mass",3.17748350000,0.570000,"Transit",6060.00,1.178000,0.2370
"TOI-2406 b",2.86000000,0.06300000,-0.06900000,15.60000000,,,"Mass",3.07668910000,,"Transit",3100.00,0.166000,-0.2600
"K2-53 b",2.60000000,0.10000000,-0.10000000,7.27000000,,,"M-R relationship",12.20772000000,2.270000,"Transit",5263.00,0.851000,-0.0370
"Kepler-1070 b",1.73000000,0.81000000,-0.25000000,3.64000000,,,"M-R relationship",6.22161470000,3.860000,"Transit",6261.00,1.210000,0.0300
"HD 101581 c",0.99000000,0.07000000,-0.07000000,0.93700000,,,"M-R relationship",6.20401000000,5.310000,"Transit",4675.00,0.653000,-0.3430
"HATS-64 b",18.81991100,0.90792900,-0.90792900,305.11680000,63.56600000,-63.56600000,"Mass",4.90889700000,0.245000,"Transit",6554.00,1.564000,0.2200
"Kepler-275 b",2.34000000,0.45000000,-0.45000000,6.08000000,,,"M-R relationship",10.30068200000,2.610000,"Transit",6165.00,1.189000,0.0800
"K2-37 b",1.39000000,0.10000000,-0.05000000,2.51000000,,,"M-R relationship",4.44340000000,5.140000,"Transit",5352.00,0.840000,-0.0800
"Kepler-286 d",1.33000000,0.27000000,-0.27000000,2.33000000,,,"M-R relationship",5.91432300000,5.440000,"Transit",5580.00,0.830000,-0.2500
"Kepler-277 b",2.92000000,0.73000000,-0.63000000,87.30000000,41.70000000,-39.90000000,"Mass",17.32400000000,9.200000,"Transit",5946.00,1.120000,0.0900
"Kepler-461 b",2.58000000,0.07000000,-0.06000000,7.18000000,,,"M-R relationship",8.31378305900,2.300000,"Transit",5634.00,0.980000,0.0400
"Kepler-967 b",2.35000000,0.08000000,-0.10000000,6.12000000,,,"M-R relationship",13.22713379000,2.590000,"Transit",5178.00,0.840000,-0.0300
"Kepler-1017 b",1.99000000,0.29000000,-0.12000000,4.62000000,,,"M-R relationship",7.23400469000,3.220000,"Transit",5473.00,0.930000,0.0400
"Kepler-1055 b",1.23000000,0.07000000,-0.06000000,2.04000000,,,"M-R relationship",2.29503623300,6.020000,"Transit",5723.00,0.980000,-0.0200
"DENIS-P J082303.1-491201 b",11.90000000,,,9057.77000000,603.85000000,-603.85000000,"Mass",246.36000000000,29.500000,"Astrometry",,0.075000,
"HD 168443 b",12.60000000,,,2424.39508860,192.60401464,-201.18538163,"Msini",58.11187000000,6.660000,"Radial Velocity",5491.00,0.980000,0.0400
"TOI-4600 c",9.42000000,0.42000000,-0.41000000,2946.26933289,,,"Mass",482.81910000000,,"Transit",5170.00,0.890000,0.1600
"Kepler-1409 b",1.04000000,0.08000000,-0.07000000,1.12000000,,,"M-R relationship",0.76486492600,5.470000,"Transit",5160.00,0.830000,-0.0300
"GJ 317 c",13.60000000,,,454.49462201,18.43404761,-17.48056238,"Msini",6500.00000000000,0.993000,"Radial Velocity",3496.00,0.402000,-0.0200
"TOI-5380 b",3.48093238,0.40440940,-0.32385387,11.90000000,,,"M-R relationship",3.77229247873,1.550000,"Transit",6400.78,1.343000,
"GJ 3138 b",1.18000000,,,1.78000000,0.34000000,-0.33000000,"Msini",1.22003000000,5.950000,"Radial Velocity",3717.00,0.681000,-0.3000
"Kepler-107 d",0.86000000,0.06000000,-0.06000000,7.70000000,,,"Mass",7.95839000000,67.000000,"Transit",5854.00,1.238000,0.3210
"Kepler-467 b",2.25000000,0.30000000,-0.08000000,5.69000000,,,"M-R relationship",24.99324193000,2.740000,"Transit",5809.00,1.050000,0.0600
"Kepler-402 c",1.56000000,0.35000000,-0.35000000,3.05000000,,,"M-R relationship",6.12482100000,4.410000,"Transit",6090.00,1.072000,-0.0800
"Kepler-1109 b",2.19000000,0.44000000,-0.23000000,5.43000000,,,"M-R relationship",37.64673840000,2.840000,"Transit",5893.00,1.050000,0.0400
"Kepler-1034 b",2.26000000,0.17000000,-0.14000000,5.73000000,,,"M-R relationship",12.12400943000,2.730000,"Transit",5198.00,0.830000,-0.0600
"Kepler-779 b",0.92000000,0.07000000,-0.07000000,0.72100000,,,"M-R relationship",7.09714223000,5.090000,"Transit",3804.00,0.460000,-0.4300
"Kepler-1888 b",1.32578716,,,2.32000000,,,"M-R relationship",11.39169979000,5.470000,"Transit",5557.00,0.897000,0.0000
"HD 231701 b",13.70000000,,,359.14790000,79.45750000,-79.45750000,"Msini",141.63000000000,0.768000,"Radial Velocity",6101.00,1.210000,0.0500
"Kepler-1097 b",3.26000000,0.26000000,-0.26000000,10.70000000,,,"M-R relationship",187.74702900000,1.700000,"Transit",5211.00,0.820000,-0.1100
"TOI-1386 c",10.30000000,,,75.20000000,15.30000000,-15.00000000,"Msini",232.00000000000,0.378000,"Radial Velocity",5735.00,1.036300,0.1490
"BEBOP-3 b",14.20000000,,,177.34825111,16.20924876,-15.25576354,"Msini",547.00000000000,0.340000,"Radial Velocity",6033.00,1.083000,-0.0200
"Kepler-1081 b",1.01000000,0.10000000,-0.07000000,1.01000000,,,"M-R relationship",3.85691854700,5.390000,"Transit",5345.00,0.880000,0.0100
"K2-242 b",2.54000000,0.21000000,-0.19000000,6.99000000,,,"M-R relationship",6.51389000000,2.340000,"Transit",3459.00,0.380000,-0.0100
"WASP-70 A b",13.04700000,0.81800000,-1.14300000,187.51200000,6.99200000,-6.99200000,"Mass",3.71302030000,0.499000,"Transit",5763.00,1.106000,-0.0060
"Kepler-158 c",1.90000000,0.30000000,-0.30000000,4.27000000,,,"M-R relationship",28.55138300000,3.420000,"Transit",4623.00,0.655000,-0.3000
"Kepler-1990 b",3.27000000,0.54000000,-0.33000000,10.70000000,,,"M-R relationship",1.73513619000,1.680000,"Transit",5751.00,1.028000,0.2100
"Kepler-1071 b",2.38000000,0.07000000,-0.14000000,6.26000000,,,"M-R relationship",6.17998440000,2.550000,"Transit",5215.00,0.860000,0.0100
"TOI-1855 b",18.49481816,5.82866996,-4.14732286,360.09958513,30.51152707,-28.92238504,"Mass",1.36414864000,0.310000,"Transit",5359.00,0.987000,0.3990
"HD 45184 c",2.91000000,,,8.81000000,1.09000000,-1.02000000,"Msini",13.13540000000,1.960000,"Radial Velocity",5869.00,1.030000,0.0400
"K2-148 c",1.73000000,0.24000000,-0.21000000,3.64000000,,,"M-R relationship",6.92260000000,3.860000,"Transit",4079.00,0.650000,-0.1100
"Kepler-1233 b",2.60000000,1.08000000,-0.39000000,7.27000000,,,"M-R relationship",45.12630420000,2.270000,"Transit",6198.00,1.160000,0.0200
"HIP 116454 b",2.46900000,0.10000000,-0.09100000,9.70000000,1.20000000,-1.20000000,"Mass",9.10041570000,3.530000,"Transit",5048.00,0.800000,0.0000
"Kepler-1637 b",0.89000000,0.18000000,-0.09000000,0.64000000,,,"M-R relationship",6.10960324000,4.990000,"Transit",5789.00,1.020000,0.0700
"HD 13189 b",12.40000000,,,3480.23850000,928.06360000,-928.06360000,"Msini",471.60001000000,10.000000,"Radial Velocity",4175.00,2.240000,-0.3700
"Kepler-1887 b",2.92454357,,,8.88000000,,,"M-R relationship",19.94750023000,1.950000,"Transit",5749.00,0.961000,-0.1000
"TOI-1422 c",2.61000000,0.14000000,-0.14000000,14.00000000,3.00000000,-3.00000000,"Mass",34.56330000000,4.300000,"Radial Velocity",5840.00,0.990300,-0.0280
"TOI-1749 c",2.12000000,0.12000000,-0.12000000,14.00000000,,,"Mass",4.49290000000,,"Transit",3985.00,0.580000,-0.2600
"Kepler-804 b",1.94000000,0.24000000,-0.16000000,4.42000000,,,"M-R relationship",14.37457351000,3.330000,"Transit",5817.00,1.010000,0.0000
"Kepler-1565 b",1.19000000,0.08000000,-0.12000000,1.81000000,,,"M-R relationship",1.53818843700,5.900000,"Transit",4940.00,0.760000,-0.1600
"TOI-5398 c",3.52000000,0.19000000,-0.19000000,11.80000000,4.80000000,-4.70000000,"Mass",4.77271000000,1.500000,"Transit",6000.00,1.146000,0.0900
"Kepler-920 b",2.42000000,0.22000000,-0.16000000,6.44000000,,,"M-R relationship",6.53192704000,2.500000,"Transit",5403.00,0.890000,0.0000
"TOI-1669 b",14.10000000,,,191.00000000,25.00000000,-24.00000000,"Msini",500.00000000000,0.374000,"Radial Velocity",5497.00,0.986700,0.2740
"HD 191806 b",12.50000000,,,2966.61035094,292.08430603,-270.78980276,"Mass",1603.38923000000,8.350000,"Radial Velocity",6010.00,1.070000,0.3000
"Kepler-99 b",1.48000000,0.08000000,-0.08000000,6.15000000,1.30000000,-1.30000000,"Mass",4.60358000000,10.900000,"Transit",4782.00,0.790000,0.1800
"HD 222076 b",13.50000000,,,495.81480000,34.96130000,-34.96130000,"Msini",871.00000000000,1.110000,"Radial Velocity",4806.00,1.070000,0.0500
"Kepler-1991 b",1.47000000,0.20000000,-0.21000000,2.76000000,,,"M-R relationship",13.26079792000,4.770000,"Transit",5478.00,0.914000,0.1600
"Kepler-134 c",1.26000000,0.25000000,-0.25000000,2.13000000,,,"M-R relationship",10.10578500000,5.850000,"Transit",5983.00,0.956000,-0.2067
"Kepler-930 b",2.13000000,0.92000000,-0.42000000,5.18000000,,,"M-R relationship",71.45177750000,2.950000,"Transit",6335.00,1.250000,0.0400
"HD 154672 b",12.80000000,,,1706.74710000,123.95370000,-123.95370000,"Msini",163.94000000000,4.470000,"Radial Velocity",5743.00,1.180000,0.2500
"Kepler-371 c",1.78000000,0.45000000,-0.45000000,3.82000000,,,"M-R relationship",67.96801500000,3.720000,"Transit",5666.00,0.876000,-0.1975
"Kepler-1610 c",2.09000000,0.35000000,-0.21000000,5.02000000,,,"M-R relationship",44.98518850000,3.020000,"Transit",5295.00,0.825000,-0.1000
"K2-86 b",1.96000000,0.27000000,-0.27000000,4.50000000,,,"M-R relationship",8.77683000000,3.280000,"Transit",5482.00,0.790000,-0.3500
"Kepler-377 c",2.06000000,0.39000000,-0.39000000,4.90000000,,,"M-R relationship",27.01497600000,3.080000,"Transit",5949.00,1.043000,0.0500
"Kepler-1782 b",2.22927435,,,5.60000000,,,"M-R relationship",5.75622987700,2.780000,"Transit",4931.00,0.794000,0.0000
"Kepler-198 d",1.53000000,0.09000000,-0.07000000,2.96000000,,,"M-R relationship",1.31184443000,4.540000,"Transit",5636.00,0.970000,0.0400
"TOI-1444 b",1.41792246,0.04673360,-0.04107268,3.58000000,0.76000000,-0.75000000,"Mass",0.47027430000,6.840000,"Transit",5460.00,0.951300,0.1460
"K2-338 b",1.03000000,0.11000000,-0.05000000,1.08000000,,,"M-R relationship",3.85061400000,5.430000,"Transit",4558.00,0.660000,-0.2300
"HD 40979 b",12.90000000,,,1484.26610000,108.06220000,-108.06220000,"Msini",264.14999000000,3.800000,"Radial Velocity",6165.00,1.450000,0.2000
"K2-326 b",2.28000000,0.18000000,-0.18000000,5.82000000,,,"M-R relationship",1.25600000000,2.700000,"Transit",3924.00,0.507000,
"Kepler-329 c",1.93000000,0.29000000,-0.29000000,4.38000000,,,"M-R relationship",18.68473700000,3.350000,"Transit",4257.00,0.602000,-0.4400
"Kepler-487 d",2.77513568,,,8.12000000,,,"M-R relationship",2.41839003600,2.090000,"Transit",5422.00,0.874000,0.0200
"Kepler-1575 b",1.31000000,0.20000000,-0.13000000,2.27000000,,,"M-R relationship",2.55314213000,5.550000,"Transit",5667.00,0.950000,-0.0700
"Kepler-729 b",3.58000000,0.42000000,-0.25000000,12.50000000,,,"M-R relationship",3.16635371400,1.500000,"Transit",5633.00,0.940000,-0.0500
"Kepler-26 b",2.78000000,0.11000000,-0.11000000,5.12000000,0.65000000,-0.61000000,"Mass",12.28000000000,1.260000,"Transit",3914.00,0.544000,-0.1300
"Kepler-797 b",2.17000000,0.43000000,-0.22000000,5.35000000,,,"M-R relationship",27.07237711000,2.880000,"Transit",5680.00,0.960000,-0.0200
"Kepler-199 c",3.25000000,0.58000000,-0.58000000,10.60000000,,,"M-R relationship",67.09340800000,1.700000,"Transit",5644.00,0.960000,0.0000
"HD 74156 b",13.50000000,,,532.36258173,43.22466335,-45.44946220,"Msini",51.63564000000,1.190000,"Radial Velocity",6068.00,1.100000,0.1310
"K2-275 b",2.34000000,0.25000000,-0.27000000,6.08000000,,,"M-R relationship",3.28096260000,2.610000,"Transit",4841.00,0.770000,-0.0600
"Kepler-82 c",5.34000000,0.32000000,-0.13000000,13.90000000,1.30000000,-1.20000000,"Mass",51.54000000000,0.494000,"Transit",5401.00,0.910000,0.2107
"HIP 65407 c",13.90000000,,,249.17872000,17.16282000,-17.16282000,"Msini",67.30000000000,0.510000,"Radial Velocity",5460.00,0.930000,0.2500
"HIP 12961 b",13.20000000,,,114.41880000,22.24810000,-22.24810000,"Msini",57.43500000000,0.273000,"Radial Velocity",3901.00,0.690000,-0.1400
"Kepler-1572 b",0.94000000,0.19000000,-0.08000000,0.77900000,,,"M-R relationship",5.49548621000,5.150000,"Transit",5618.00,0.970000,0.0800
"KOI-1783.01",8.86000000,0.25000000,-0.24000000,71.00000000,11.20000000,-9.20000000,"Mass",134.46280000000,0.560000,"Transit",5922.00,1.076000,0.1100
"HD 106252 b",12.50000000,,,3178.28407000,247.90615746,-232.01473711,"Mass",1535.00000000000,8.940000,"Radial Velocity",5874.00,1.050000,-0.0600
"K2-128 b",1.42000000,0.16000000,-0.13000000,2.60000000,,,"M-R relationship",5.67581900000,4.990000,"Transit",4469.51,0.711248,-0.2600
"HD 173416 b",13.40000000,,,585.12209729,65.47265184,-71.51139158,"Msini",322.03000000000,1.340000,"Radial Velocity",4683.00,2.000000,-0.2200
"TOI-1736 c",12.50000000,,,2800.00000000,500.00000000,-200.00000000,"Mass",571.25000000000,7.880000,"Radial Velocity",5636.00,1.037300,0.1480
"HD 99706 b",13.70000000,,,390.93090000,60.38770000,-60.38770000,"Msini",841.00000000000,0.835000,"Radial Velocity",4862.00,1.460000,0.1400
"Kepler-133 b",1.76000000,0.30000000,-0.30000000,3.75000000,,,"M-R relationship",8.12997600000,3.780000,"Transit",5736.00,1.020000,0.2820
"HD 132406 b",12.80000000,,,1887.90073758,206.58846455,-187.51876013,"Mass",908.00000000000,4.950000,"Radial Velocity",5766.00,0.973000,0.1293
"KIC 5437945 b",6.40000000,1.60000000,-1.60000000,33.60000000,,,"M-R relationship",440.78130000000,0.704000,"Transit",6340.00,1.070000,-0.3800
"HD 85390 b",6.16000000,,,31.46517000,3.17830000,-3.17830000,"Msini",799.52000000000,0.740000,"Radial Velocity",5186.00,0.758000,-0.0700
"TOI-2969 b",12.32987877,0.89671846,-0.89671846,368.68095212,12.71313628,-12.71313628,"Mass",1.82371460000,1.100000,"Transit",4738.00,0.710000,0.0800
"Kepler-1370 b",1.84000000,0.66000000,-0.26000000,4.04000000,,,"M-R relationship",20.26416840000,3.560000,"Transit",6202.00,1.190000,0.0500
"Kepler-1429 b",1.29000000,0.35000000,-0.14000000,2.21000000,,,"M-R relationship",4.48487493000,5.660000,"Transit",5902.00,1.050000,0.0400
"Kepler-1086 b",2.44000000,0.35000000,-0.28000000,6.53000000,,,"M-R relationship",18.78425728000,2.470000,"Transit",4350.00,0.700000,0.0600
"Kepler-257 b",2.61000000,1.31000000,-1.31000000,7.32000000,,,"M-R relationship",2.38266700000,2.260000,"Transit",5180.00,0.916000,0.4000
"HD 212301 b",14.20000000,,,162.09330000,12.71320000,-12.71320000,"Msini",2.24571000000,0.311000,"Radial Velocity",6239.00,1.550000,0.1800
"K2-189 b",1.40300000,0.07900000,-0.04300000,2.55000000,,,"M-R relationship",2.58812000000,5.070000,"Transit",5442.00,0.850000,-0.1000
"WASP-126 b",10.51358773,0.51853716,-0.51853716,90.30000000,,,"Mass",3.28883000000,0.410000,"Transit",5800.00,1.120000,0.2068
"Kepler-1091 b",1.46000000,0.36000000,-0.19000000,2.73000000,,,"M-R relationship",1.43474156400,4.820000,"Transit",5851.00,1.010000,0.0000
"TOI-1294 b",10.12369881,0.23643767,-0.22090361,63.90000000,4.70000000,-4.50000000,"Mass",3.91529200000,0.340000,"Transit",5718.00,1.157800,0.2830
"Kepler-1680 b",1.35954736,,,2.42000000,,,"M-R relationship",8.77424000000,5.290000,"Transit",5021.00,0.834000,-0.0700
"HD 13724 c",8.18000000,,,50.85254512,7.94571018,-6.67439655,"Msini",142.22895000000,0.511000,"Radial Velocity",5835.31,1.004000,0.2169
"Kepler-318 b",4.71000000,0.83000000,-0.83000000,19.90000000,,,"M-R relationship",4.66271500000,1.050000,"Transit",5746.00,1.073000,0.3320
"Kepler-1513 b",8.59400000,0.03600000,-0.02200000,48.30991786,33.05415433,-19.38753283,"Mass",160.88420000000,1.304000,"Transit",5491.00,0.943000,0.1700
"TOI-1478 b",11.99360935,1.79343691,-1.12089807,279.68899816,34.96112477,-38.13940884,"Mass",10.18021170000,0.880000,"Transit",5597.00,0.947000,0.0780
"Kepler-29 b",2.55000000,0.12000000,-0.12000000,5.00000000,1.50000000,-1.30000000,"Mass",10.33974000000,1.650000,"Transit",5378.00,0.761000,-0.4400
"HD 185269 b",13.80000000,,,321.00830000,4.44962000,-4.44962000,"Msini",6.83776000000,0.671000,"Radial Velocity",5923.00,1.300000,0.1100
"Kepler-47 b",3.05000000,0.04000000,-0.04000000,2.07000000,23.70000000,-2.07000000,"Mass",49.46430000000,0.400000,"Transit",5636.00,0.957000,-0.2500
"HATS-16 b",14.57170000,1.68135000,-1.68135000,1039.30410000,60.38770000,-60.38770000,"Mass",2.68650200000,1.860000,"Transit",5738.00,0.970000,-0.1000
"K2-3 c",1.58200000,0.05700000,-0.05100000,2.68000000,0.85000000,-0.85000000,"Mass",24.64672900000,3.700000,"Transit",3844.00,0.549000,-0.1570
"KOI-351 b",1.31000000,0.17000000,-0.17000000,2.27000000,,,"M-R relationship",7.00815100000,5.550000,"Transit",6080.00,1.200000,-0.1200
"Kepler-1629 b",0.77000000,0.15000000,-0.08000000,0.38100000,,,"M-R relationship",3.87595807000,4.590000,"Transit",5776.00,1.010000,0.0500
"Kepler-918 b",1.74000000,0.40000000,-0.21000000,3.68000000,,,"M-R relationship",4.85386933000,3.840000,"Transit",6028.00,1.110000,0.0600
"Kepler-1860 b",1.13863767,,,1.55000000,,,"M-R relationship",12.73719978000,5.770000,"Transit",5420.00,0.874000,0.0000
"K2-80 c",1.47000000,0.23000000,-0.23000000,2.76000000,,,"M-R relationship",5.60500000000,4.770000,"Transit",5441.00,0.900000,0.0700
"HATS-3 b",15.48000000,0.39200000,-0.39200000,340.38200000,43.22300000,-43.22300000,"Mass",3.54785100000,0.510000,"Transit",6351.00,1.209000,-0.1570
"K2-289 b",9.10000000,0.30000000,-0.30000000,61.00000000,,,"M-R relationship",13.15696900000,0.445000,"Transit",5529.00,0.953000,0.1620
"TOI-5108 b",6.60000000,0.10000000,-0.10000000,32.00000000,5.00000000,-5.00000000,"Mass",6.75358100000,0.600000,"Transit",5808.00,1.100000,0.2000
"Kepler-1718 b",2.56852070,,,7.12000000,,,"M-R relationship",135.18800350000,2.310000,"Transit",5731.00,0.846000,-0.3200
"HD 73344 d",13.20000000,,,810.46243785,177.98390792,-146.20106722,"Mass",5823.00000000000,1.940000,"Radial Velocity",6148.00,1.190000,0.1600
"Kepler-561 c",2.68000000,0.43000000,-0.25000000,7.65000000,,,"M-R relationship",5.35016198300,2.180000,"Transit",5646.00,0.960000,0.0200
"HD 125612 d",12.70000000,,,2281.37230545,296.21607532,-141.43364112,"Mass",2822.72698000000,6.120000,"Radial Velocity",5900.00,1.050000,0.2300
"HD 109988 b",12.10000000,,,6935.33366915,719.88134185,-1320.57703109,"Mass",17132.15854000000,21.500000,"Radial Velocity",5185.97,0.880000,0.1400
"HD 28109 b",2.69000000,0.23000000,-0.23000000,6.20000000,1.60000000,-1.60000000,"Mass",22.89105400000,1.800000,"Transit",6189.00,1.227000,0.1000
"Kepler-154 e",1.50000000,0.14000000,-0.12000000,2.86000000,,,"M-R relationship",3.93276465000,4.660000,"Transit",5769.00,0.980000,-0.0400
"Kepler-166 d",1.73000000,0.15000000,-0.10000000,3.64000000,,,"M-R relationship",1.55400392800,3.860000,"Transit",5350.00,0.880000,-0.0300
"K2-206 b",2.79522879,0.22325706,-0.15450847,8.22000000,,,"M-R relationship",18.29454900000,2.070000,"Transit",5043.00,0.789481,-0.1400
"NGTS-17 b",13.89913607,1.23298788,-1.23298788,242.82090295,61.97653937,-52.12385875,"Mass",3.24253000000,0.500000,"Transit",5650.00,1.025000,0.1500
"HD 29021 b",12.90000000,,,1420.69297929,212.94503269,-206.58846455,"Mass",1365.00000000000,3.640000,"Radial Velocity",5560.00,0.860000,-0.3000
"HD 60532 b",13.80000000,,,336.89980000,25.42640000,-25.42640000,"Msini",201.90000000000,0.704000,"Radial Velocity",6245.00,1.500000,-0.2600
"Kepler-585 b",2.83000000,0.55000000,-0.27000000,8.40000000,,,"M-R relationship",2.75235975300,2.040000,"Transit",5593.00,0.960000,0.0300
"Kepler-1987 d",2.66000000,0.25000000,-0.18000000,7.56000000,,,"M-R relationship",5.64491415400,2.210000,"Transit",4769.00,0.799000,0.1200
"Qatar-4 b",12.72221500,1.23299000,-1.23299000,1938.76300000,171.62820000,-171.62820000,"Mass",1.80535640000,5.100000,"Transit",5215.00,0.896000,0.1030
"HD 224018 d",2.40000000,0.10000000,-0.10000000,4.20000000,1.80000000,-1.60000000,"Mass",138.07310000000,1.700000,"Transit",5784.00,1.013000,0.0500
"K2-126 b",1.97000000,0.12000000,-0.12000000,4.54000000,,,"M-R relationship",7.38565500000,3.260000,"Transit",4339.00,0.690000,0.0200
"HD 125612 b",13.20000000,,,945.22168242,77.86795971,-81.99972901,"Msini",557.69994000000,2.260000,"Radial Velocity",5900.00,1.050000,0.2300
"TIC 160113658 b",3.49015778,0.95946990,-0.40018841,12.00000000,,,"M-R relationship",6.72952262077,1.550000,"Transit",4817.31,0.760000,
"K2-203 b",1.26549392,0.10200172,-0.07958376,2.14000000,,,"M-R relationship",9.69520000000,5.800000,"Transit",5026.00,0.793000,-0.0210
"Kepler-1556 b",1.96000000,0.40000000,-0.15000000,4.50000000,,,"M-R relationship",8.82713457000,3.280000,"Transit",5608.00,0.970000,0.0800
"HATS-40 b",17.71022000,1.79344000,-1.34508000,505.34970000,76.27920000,-76.27920000,"Mass",3.26427360000,0.490000,"Transit",6460.00,1.561000,0.0100
"HD 75898 c",12.60000000,,,2698.36317543,206.58846455,-200.23189641,"Mass",6717.00000000000,7.410000,"Radial Velocity",6122.00,1.295000,0.2900
"Kepler-1209 b",1.51000000,0.32000000,-0.18000000,2.89000000,,,"M-R relationship",25.36911600000,4.610000,"Transit",6210.00,1.230000,0.1200
"TOI-5126 b",4.74000000,0.16000000,-0.14000000,20.20000000,,,"M-R relationship",5.45883850000,1.040000,"Transit",6150.00,1.240000,0.1800
"TOI-1266 d",1.74000000,,,3.68000000,1.05000000,-1.11000000,"Mass",32.50900000000,3.840000,"Transit Timing Variations",3563.00,0.437000,-0.1090
"Kepler-1943 b",1.54869189,,,3.02000000,,,"M-R relationship",4.85018014900,4.470000,"Transit",6032.00,1.055000,-0.0600
"K2-172 c",3.20569097,0.18890159,-0.13911768,10.40000000,,,"M-R relationship",29.62682000000,1.730000,"Transit",5569.00,0.934356,-0.0600
"Gl 378 b",3.66000000,,,13.02000000,2.03000000,-2.01000000,"Msini",3.82200000000,1.460000,"Radial Velocity",3879.00,0.560000,0.0600
"HD 192263 b",14.20000000,,,177.98480000,15.89150000,-15.89150000,"Msini",24.35560000000,0.342000,"Radial Velocity",4976.00,0.660000,0.0300
"Kepler-1674 b",3.20577490,,,10.40000000,,,"M-R relationship",62.56110000000,1.730000,"Transit",5473.91,0.960000,0.0562
"HD 147379 b",4.94000000,,,21.60000000,1.10000000,-1.10000000,"Msini",86.58000000000,0.985000,"Radial Velocity",4090.00,0.580000,0.1600
"HD 136352 c",2.91600000,0.07500000,-0.07300000,11.24000000,0.65000000,-0.63000000,"Mass",27.59221000000,2.497668,"Radial Velocity",5664.00,0.870000,-0.2400
"HAT-P-2 c",12.40000000,,,3400.76395490,1652.70771640,-699.22249540,"Mass",8500.00000000000,9.800000,"Radial Velocity",6412.00,1.330000,0.1200
"Kepler-584 b",4.21000000,1.59000000,-0.56000000,16.50000000,,,"M-R relationship",35.18103040000,1.220000,"Transit",6195.00,1.170000,0.0200
"HD 28185 b",12.80000000,,,1859.29618095,25.42627256,-25.42627256,"Msini",385.92000000000,4.870000,"Radial Velocity",5602.00,0.974000,0.1900
"Kepler-1644 b",1.88000000,0.52000000,-0.16000000,4.19000000,,,"M-R relationship",21.09077580000,3.470000,"Transit",5499.00,0.890000,-0.1000
"Kepler-1786 b",3.16305828,,,10.10000000,,,"M-R relationship",78.54609680000,1.750000,"Transit",5808.00,1.058000,0.1400
"HAT-P-14 b",15.91678000,1.34508000,-1.34508000,1093.33520000,200.23290000,-200.23290000,"Mass",4.62767000000,1.560000,"Transit",6600.00,2.650000,0.1100
"HD 142415 b",13.50000000,,,530.77610000,38.13960000,-38.13960000,"Msini",386.29999000000,1.190000,"Radial Velocity",5940.00,1.070000,0.1300
"K2-153 b",2.00000000,0.21000000,-0.18000000,4.66000000,,,"M-R relationship",7.51574000000,3.200000,"Transit",3845.00,0.550000,-0.0900
"TOI-2641 b",18.10250383,5.17854908,-7.17374765,122.68176510,6.99222495,-11.44182265,"Mass",4.88097400000,0.092000,"Transit",6100.00,1.160000,-0.1500
"Kepler-850 b",1.78000000,0.47000000,-0.21000000,3.82000000,,,"M-R relationship",7.19303878000,3.720000,"Transit",5932.00,1.060000,0.0300
"WASP-10 b",12.10600000,0.22400000,-0.22400000,1001.12000000,41.32000000,-34.96000000,"Mass",3.09276160000,4.140000,"Transit",4675.00,0.750000,0.0300
"Kepler-127 d",2.64000000,0.14000000,-0.14000000,7.46000000,,,"M-R relationship",48.63040800000,2.230000,"Transit",6106.00,1.248000,0.2142
"CoRoT-12 b",16.14000000,1.46000000,-1.46000000,291.43800000,22.24700000,-20.65800000,"Mass",2.82804200000,0.411000,"Transit",5675.00,1.078000,0.1600
"Kepler-357 d",3.43000000,2.04000000,-2.04000000,11.60000000,,,"M-R relationship",49.49987500000,1.580000,"Transit",5036.00,0.794000,0.0600
"Kepler-563 b",3.09000000,0.17000000,-0.20000000,9.75000000,,,"M-R relationship",22.18432708000,1.820000,"Transit",5066.00,0.800000,-0.0800
"HD 110113 c",2.11384817,4.64432500,-4.64432500,10.50000000,1.20000000,-1.20000000,"Msini",6.74400000000,6.110000,"Radial Velocity",5732.00,0.997000,0.1400
"Kepler-1022 b",2.36000000,0.08000000,-0.28000000,6.17000000,,,"M-R relationship",10.99469878000,2.580000,"Transit",4445.00,0.710000,0.0600
"HD 20781 e",3.83000000,,,14.03000000,1.56000000,-1.56000000,"Msini",85.50730000000,1.370000,"Radial Velocity",5256.00,0.700000,-0.1100
"G 264-012 b",1.39000000,,,2.50000000,0.29000000,-0.30000000,"Msini",2.30538000000,5.120000,"Radial Velocity",3326.00,0.297000,0.1000
"Kepler-595 b",3.70800000,0.01000000,-0.01000000,17.40000000,7.10000000,-3.80000000,"Mass",25.30290920000,1.230000,"Transit",5138.50,0.930000,0.4060
"Kepler-433 b",16.25000000,1.79000000,-1.79000000,896.24000000,165.26000000,-165.26000000,"Mass",5.33408384000,1.130000,"Transit",6360.00,1.460000,-0.0100
"Kepler-1340 b",1.55000000,0.70000000,-0.27000000,3.02000000,,,"M-R relationship",0.66502691600,4.460000,"Transit",6331.00,1.270000,0.0700
"Kepler-1115 b",1.70000000,0.29000000,-0.20000000,3.53000000,,,"M-R relationship",23.55407250000,3.950000,"Transit",8480.00,1.600000,-0.5100
"Kepler-104 c",3.13000000,0.55000000,-0.55000000,7.14430805,3.89355224,-3.89355224,"Msini",23.66820500000,2.994855,"Transit",5711.00,0.818000,-0.4200
"Kepler-182 b",2.58000000,1.18000000,-1.18000000,7.18000000,,,"M-R relationship",9.82579200000,2.300000,"Transit",6250.00,1.114000,0.0720
"Kepler-1336 c",1.71000000,0.27000000,-0.35000000,3.57000000,,,"M-R relationship",5.77721211000,3.920000,"Transit",5512.00,0.940000,0.0500
"TOI-216.02",8.00000000,3.00000000,-2.00000000,18.75187601,0.63565681,-0.63565681,"Mass",17.16073000000,0.340000,"Transit",5026.00,0.770000,0.3200
"WASP-186 b",12.44199000,0.33627000,-0.33627000,1341.24260000,57.20940000,-57.20940000,"Mass",5.02679900000,3.821000,"Transit",6361.00,1.220000,-0.0800
"WASP-190 b",12.89035000,1.00881000,-1.00881000,317.83000000,31.78300000,-31.78300000,"Mass",5.36775300000,0.815000,"Transit",6400.00,1.350000,-0.0200
"Kepler-325 b",2.91000000,1.44000000,-1.44000000,8.80000000,,,"M-R relationship",4.54443900000,1.960000,"Transit",5752.00,0.914000,0.0200
"Kepler-1618 b",1.26000000,0.52000000,-0.24000000,2.13000000,,,"M-R relationship",6.10826019000,5.850000,"Transit",6620.00,1.410000,0.0400
"K2-371 b",13.02400000,0.92100000,-0.86800000,,,,"Msini",3.11490500000,,"Transit",4925.00,0.958000,-0.1070
"tau Cet g",1.18000000,,,1.75000000,0.25000000,-0.40000000,"Msini",20.00000000000,5.850000,"Radial Velocity",5310.00,0.783000,-0.5200
"K2-239 d",1.10000000,0.10000000,-0.10000000,1.37000000,,,"M-R relationship",10.11500000000,5.660000,"Transit",3420.00,0.400000,-0.1000
"NGC 2682 YBP 401 b",14.30000000,,,146.20180000,15.89150000,-15.89150000,"Msini",4.08700000000,0.275000,"Radial Velocity",6165.00,1.140000,-0.0460
"TIC 24750448 c",3.09028272,0.42332739,-0.31924118,9.75000000,,,"M-R relationship",10.14385270726,1.820000,"Transit",4545.43,0.690000,
"WASP-64 b",14.24700000,0.43700000,-0.43700000,403.94500000,21.61200000,-21.61200000,"Mass",1.57329180000,0.823000,"Transit",5400.00,1.004000,-0.0800
"Kepler-136 c",1.99000000,0.37000000,-0.37000000,4.62000000,,,"M-R relationship",16.39923500000,3.220000,"Transit",6165.00,1.204000,0.0002
"TIC 320419023 b",2.77280763,0.32201188,-0.27603990,8.11000000,,,"M-R relationship",5.26375651589,2.090000,"Transit",5703.36,1.056000,
"Kepler-238 b",1.73000000,0.40000000,-0.40000000,3305.02000000,,,"Mass",2.09087600000,526.000000,"Transit",5751.00,1.229000,0.3400
"Kepler-880 c",2.87000000,0.58000000,-0.94000000,8.60000000,,,"M-R relationship",11.80617370000,2.000000,"Transit",6900.00,1.714000,0.0000
"HD 142 b",12.70000000,,,2256.58168970,317.82840700,-317.82840700,"Mass",351.43394000000,6.050000,"Radial Velocity",6245.00,1.210000,0.0900
"K2-408 b",1.67700000,0.11800000,-0.10900000,3.45000000,,,"M-R relationship",20.97895900000,4.020000,"Transit",5335.00,0.813000,-0.1710
"EPIC 249893012 d",3.94000000,0.13000000,-0.12000000,10.18000000,2.46000000,-2.42000000,"Mass",35.74700000000,0.910000,"Transit",5430.00,1.050000,0.2000
"HD 114783 b",13.70000000,,,349.60000000,19.07000000,-19.07000000,"Msini",493.70000000000,0.747000,"Radial Velocity",5135.00,0.853000,0.2100
"TOI-4495 b",2.48300000,0.13800000,-0.09500000,7.70000000,1.40000000,-1.50000000,"Mass",2.56699000000,2.710000,"Transit",6210.00,1.247000,0.1800
"Kepler-273 c",1.98000000,1.15000000,-1.15000000,4.58000000,,,"M-R relationship",8.01492700000,3.240000,"Transit",5626.00,0.756000,-0.2800
"HIP 54373 c",3.57000000,,,12.44000000,2.11000000,-2.11000000,"Msini",15.14400000000,1.500000,"Radial Velocity",4021.00,0.570000,
"Kepler-398 c",1.01000000,0.11000000,-0.11000000,1.01000000,,,"M-R relationship",11.41941200000,5.390000,"Transit",4493.00,0.649000,0.0528
"Kepler-940 b",3.34000000,0.71000000,-0.31000000,11.10000000,,,"M-R relationship",59.62252570000,1.640000,"Transit",5769.00,0.970000,-0.0800
"Kepler-1705 b",2.03000000,0.12000000,-0.14000000,4.47000000,0.48000000,-0.43000000,"Mass",9.03502000000,2.977353,"Transit",6312.00,1.139000,-0.2000
"Kepler-677 b",5.38000000,1.17000000,-0.42000000,25.00000000,,,"M-R relationship",6.57531678000,0.882000,"Transit",5723.00,1.000000,0.0600
"Kepler-67 b",2.94000000,0.16000000,-0.16000000,8.96000000,,,"M-R relationship",15.72590000000,1.940000,"Transit",5331.00,0.865000,-0.2000
"HD 108236 e",3.08300000,0.05200000,-0.05200000,9.71000000,,,"M-R relationship",19.59002500000,1.820000,"Transit",5660.00,0.869000,-0.2800
"Kepler-534 c",1.22700000,,,2.02000000,,,"M-R relationship",7.37868976600,6.010000,"Transit",5936.00,1.075000,0.0700
"Kepler-524 c",0.96000000,0.08000000,-0.07000000,0.84000000,,,"M-R relationship",1.88897906000,5.220000,"Transit",6014.00,1.090000,0.0200
"Kepler-1246 b",1.36000000,0.20000000,-0.22000000,2.42000000,,,"M-R relationship",11.32271513000,5.290000,"Transit",4611.00,0.730000,-0.0300
"GJ 414 A b",2.63000000,1.22000000,-0.85000000,7.60000000,2.44000000,-2.19000000,"Msini",50.80000000000,2.300000,"Radial Velocity",4120.00,0.650000,0.2400
"K2-141 b",1.51000000,0.05000000,-0.05000000,4.97000000,0.35000000,-0.34000000,"Mass",0.28032440000,7.930000,"Transit",4570.00,0.708000,0.0000
"NY Vir b",13.30000000,,,730.97800000,95.34500000,-95.34500000,"Mass",3160.00000000000,1.710000,"Eclipse Timing Variations",32780.00,0.459000,
"GJ 625 b",1.49000000,,,2.82000000,0.51000000,-0.51000000,"Msini",14.62800000000,4.680000,"Radial Velocity",3499.00,0.300000,-0.3800
"TOI-2447 b",9.60609646,0.13450777,-0.12329879,124.90656395,9.85268062,-8.58136699,"Mass",69.33684000000,0.774000,"Transit",5730.00,1.034000,0.1800
"Kepler-1982 b",0.77000000,0.14000000,-0.04000000,0.38100000,,,"M-R relationship",3.82315697000,4.590000,"Transit",6202.00,1.213000,0.2100
"HD 154391 b",12.50000000,,,2892.23850370,889.91953960,-603.87397330,"Mass",5163.00000000000,8.140000,"Radial Velocity",4909.00,2.070000,0.1000
"TOI-2583 A b",14.45958510,0.44835923,-0.36989636,79.45710175,18.43404761,-17.79839079,"Mass",4.52072650000,0.144000,"Transit",5936.00,1.215000,0.1580
"Kepler-1345 b",2.36000000,1.06000000,-0.46000000,6.17000000,,,"M-R relationship",44.61695570000,2.580000,"Transit",6449.00,1.320000,0.0400
"TOI-4137 b",13.57407563,0.44835923,-0.43715025,457.67290608,54.03082919,-47.67426105,"Mass",3.80161220000,1.010000,"Transit",6202.00,1.313000,0.1820
"Kepler-160 b",1.71500000,0.06100000,-0.04700000,3.59000000,,,"M-R relationship",4.30939700000,3.910000,"Transit",5471.00,1.003000,0.2000
"Kepler-346 c",3.07000000,1.46000000,-1.46000000,9.64000000,,,"M-R relationship",23.85154900000,1.830000,"Transit",6033.00,0.943000,0.1000
"HD 50499 c",13.20000000,,,931.24190000,232.01590000,-57.20940000,"Msini",8619.90000000000,2.220000,"Radial Velocity",6099.00,1.310000,0.3800
"K2-395 c",3.39500000,0.28000000,-0.25700000,11.40000000,,,"M-R relationship",8.49128200000,1.600000,"Transit",5007.00,0.952000,-0.0330
"Kepler-922 b",1.42000000,0.18000000,-0.11000000,2.60000000,,,"M-R relationship",0.93846683200,4.990000,"Transit",5671.00,0.950000,-0.0500
"Kepler-791 b",3.05000000,1.32000000,-0.70000000,9.53000000,,,"M-R relationship",14.55397590000,1.850000,"Transit",6383.00,1.300000,0.0600
"WASP-177 b",17.71022000,7.39794000,-4.03524000,161.45764000,12.07754000,-12.07754000,"Mass",3.07172200000,0.172000,"Transit",5017.00,0.876000,0.2500
"TIC 198190129 b",2.92284949,0.21251203,-0.20166389,8.87000000,,,"M-R relationship",7.94804910667,1.950000,"Transit",4377.53,0.638000,
"HATS-67 b",18.88716500,0.52682300,-0.52682300,460.85350000,38.13960000,-38.13960000,"Mass",1.60917880000,0.374000,"Transit",6594.00,1.435000,0.3320
"Kepler-1780 b",3.60600667,,,12.70000000,,,"M-R relationship",109.44499970000,1.490000,"Transit",5403.00,0.868000,0.0000
"TOI-1062 b",2.26500000,0.09600000,-0.09100000,10.15000000,0.81000000,-0.84000000,"Mass",4.11296000000,4.850000,"Transit",5328.00,0.940000,0.1400
"K2-125 b",2.18000000,0.19000000,-0.18000000,5.39000000,,,"M-R relationship",21.75026400000,2.860000,"Transit",3654.47,0.494727,
"TOI-3082 b",3.66210000,0.14640000,-0.14480000,13.00000000,,,"M-R relationship",1.92690700000,1.450000,"Transit",4263.00,0.664000,0.1700
"HATS-75 b",9.90873894,0.14571675,-0.14571675,156.05374784,12.39530787,-12.39530787,"Mass",2.78865560000,0.878000,"Transit",3790.40,0.601700,0.5220
"HD 330075 b",14.30000000,,,152.55840000,6.35660000,-6.35660000,"Msini",3.38773000000,0.287000,"Radial Velocity",5000.00,0.470000,0.0500
"Kepler-1996 c",2.81000000,0.20000000,-0.08000000,8.30000000,,,"M-R relationship",92.72972480000,2.060000,"Transit",4580.00,0.748000,0.0800
"Kepler-1623 b",1.31000000,0.31000000,-0.18000000,2.27000000,,,"M-R relationship",4.36128348000,5.550000,"Transit",5772.00,1.000000,0.0400
"HD 27442 b",13.50000000,,,495.80000000,44.50000000,-44.50000000,"Msini",428.10000000000,1.110000,"Radial Velocity",4846.00,1.230000,0.4200
"Kepler-39 b",13.90000000,1.01000000,-1.12000000,6388.10000000,413.20000000,-381.40000000,"Mass",21.08721000000,13.000000,"Transit",6350.00,1.290000,0.1000
"Kepler-107 b",1.53600000,0.02500000,-0.02500000,3.80000000,1.80000000,-1.70000000,"Mass",3.18002180000,5.800000,"Transit",5854.00,1.238000,0.3210
"Kepler-1645 b",1.78000000,0.43000000,-0.20000000,3.82000000,,,"M-R relationship",16.17795610000,3.720000,"Transit",5812.00,1.020000,0.0400
"K2-412 b",2.11600000,0.10500000,-0.10520000,5.13000000,,,"M-R relationship",5.93820000000,2.980000,"Transit",5590.00,0.893000,0.0140
"Kepler-360 c",2.10000000,1.00000000,-1.00000000,5.06000000,,,"M-R relationship",7.18643400000,3.000000,"Transit",6053.00,0.994000,0.1500
"Kepler-1661 b",3.87000000,0.06000000,-0.06000000,17.00000000,12.00000000,-12.00000000,"Mass",175.06000000000,1.600000,"Transit",5100.00,0.841000,-0.1200
"Kepler-1828 b",2.11598626,,,5.13000000,,,"M-R relationship",10.27379990000,2.980000,"Transit",5806.00,0.996000,-0.0400
"HD 101930 b",10.60000000,,,79.45750000,6.35660000,-6.35660000,"Msini",70.46000000000,0.367000,"Radial Velocity",5108.00,0.570000,0.1500
"K2-157 d",5.16000000,,,23.30000000,2.50000000,-2.50000000,"Msini",66.50000000000,0.932000,"Radial Velocity",5334.00,0.890000,0.0200
"EPIC 201615463 c",1.22000000,0.21000000,-0.17000000,1.98000000,,,"M-R relationship",3.80464000000,5.990000,"Transit",5960.00,1.073000,0.0900
"K2-15 b",2.48000000,0.30000000,-0.30000000,6.71000000,,,"M-R relationship",11.81040000000,2.420000,"Transit",5131.00,0.720000,-0.4600
"Kepler-54 d",1.53000000,0.08000000,-0.08000000,12.09460000,,,"Mass",20.99569400000,9.200000,"Transit",4252.00,0.518000,-0.2700
"Kepler-535 b",2.36000000,0.33000000,-0.21000000,6.17000000,,,"M-R relationship",4.90332155100,2.580000,"Transit",6123.00,1.180000,0.1300
"HD 209458 b",15.58051000,0.22418000,-0.22418000,232.01590000,12.71320000,-12.71320000,"Mass",3.52474859000,0.362000,"Radial Velocity",6091.00,1.230000,0.0100
"L 98-59 c",1.32900000,0.02900000,-0.02900000,2.00000000,0.13000000,-0.13000000,"Mass",3.69067640000,4.700000,"Transit",3415.00,0.292300,-0.4600
"TOI-125 c",2.75900000,0.10000000,-0.10000000,6.63000000,0.99000000,-0.99000000,"Mass",9.15059000000,1.730000,"Transit",5320.00,0.859000,-0.0200
"Kepler-1530 b",1.64000000,0.21000000,-0.11000000,3.33000000,,,"M-R relationship",2.59044340000,4.150000,"Transit",5477.00,0.920000,0.0300
"Kepler-969 b",2.07000000,0.05000000,-0.05000000,4.94000000,,,"M-R relationship",34.17317140000,3.060000,"Transit",5214.00,0.920000,0.2200
"Kepler-1324 b",1.51000000,0.08000000,-0.09000000,2.89000000,,,"M-R relationship",4.11584467900,4.610000,"Transit",4776.00,0.780000,0.0500
"HIP 67851 c",12.70000000,,,2204.77565936,649.95909232,-164.63511483,"Mass",3128.41000000000,5.910000,"Radial Velocity",4840.00,1.280000,0.0100
"HD 115404 A c",12.50000000,,,3279.67133183,468.16124351,-384.25454406,"Mass",15319.22517000000,9.230000,"Radial Velocity",5019.17,0.830000,-0.1568
"TOI-5322 b",16.61170940,0.34747840,-0.30264248,184.02264765,25.74410097,-25.74410097,"Mass",5.42332070000,0.220000,"Transit",5692.00,0.998000,-0.0480
"HD 290327 b",13.30000000,,,772.32690000,133.48860000,-133.48860000,"Msini",2443.00000000000,1.800000,"Radial Velocity",5505.00,0.840000,-0.1400
"Kepler-274 b",1.54000000,0.84000000,-0.84000000,2.99000000,,,"M-R relationship",11.63478800000,4.500000,"Transit",6023.00,0.883000,-0.2112
"TOI-163 b",16.69020100,0.38110600,-0.38110600,387.75260000,38.13960000,-38.13960000,"Mass",4.23130600000,0.490000,"Transit",6495.00,1.435200,0.2200
"Kepler-183 b",2.06000000,0.89000000,-0.89000000,4.90000000,,,"M-R relationship",5.68794500000,3.080000,"Transit",5888.00,0.990000,0.1100
"Kepler-368 b",3.26000000,0.91000000,-0.91000000,10.70000000,,,"M-R relationship",26.84768000000,1.700000,"Transit",5502.00,1.165000,0.0300
"K2-84 b",2.41000000,0.35000000,-0.35000000,6.39000000,,,"M-R relationship",6.42150000000,2.510000,"Transit",5652.00,0.950000,0.2780
"K2-409 b",2.48200000,0.17400000,-0.15800000,6.72000000,,,"M-R relationship",1.90808400000,2.420000,"Transit",5742.00,0.886000,-0.0360
"Kepler-1385 b",0.85000000,0.20000000,-0.13000000,0.54300000,,,"M-R relationship",2.88879862000,4.860000,"Transit",5732.00,1.150000,0.4100
"WASP-148 b",8.47398941,0.14571675,-0.19055267,91.21675281,6.99222495,-5.08525451,"Mass",8.80380900000,0.831000,"Transit",5555.00,0.954000,0.0990
"KELT-4 A b",19.04409100,0.51561400,-0.50440500,286.68266000,19.06980000,-18.75197000,"Mass",2.98959320000,0.228000,"Transit",6206.00,1.201000,-0.1160
"Kepler-527 b",2.84000000,1.35000000,-0.46000000,8.45000000,,,"M-R relationship",13.28535633000,2.030000,"Transit",6388.00,1.280000,0.0300
"HD 80883 b",12.80000000,,,1748.05623850,390.92894061,-335.62679779,"Mass",6383.78352000000,4.580000,"Radial Velocity",5177.91,0.880000,-0.2638
"Kepler-232 c",3.83000000,1.86000000,-1.86000000,14.00000000,,,"M-R relationship",11.37934900000,1.370000,"Transit",5847.00,0.970000,0.0300
"Kepler-1160 b",2.14000000,0.28000000,-0.14000000,5.22000000,,,"M-R relationship",7.97034958000,2.930000,"Transit",5519.00,0.920000,0.0100
"gam Psc b",13.60000000,,,425.89006538,6.35656814,-98.52680617,"Msini",555.10000000000,0.930000,"Radial Velocity",4742.00,0.990000,-0.6200
"HD 190647 b",13.40000000,,,630.89255000,10.48839000,-10.48839000,"Msini",1176.45000000000,1.440000,"Radial Velocity",5656.00,1.069000,0.2300
"HD 37605 b",13.20000000,,,854.96270000,95.34900000,-95.34900000,"Msini",55.01292000000,2.040000,"Radial Velocity",5329.00,0.940000,0.2700
"Kepler-949 c",2.97000000,0.61000000,-0.43000000,9.11000000,,,"M-R relationship",20.99757968000,1.910000,"Transit",5211.00,0.817000,0.0800
"K2-117 c",2.06000000,0.12000000,-0.12000000,4.90000000,,,"M-R relationship",5.44401700000,3.080000,"Transit",3778.00,0.540000,-0.0500
"LHS 1903 b",1.38200000,0.04600000,-0.04600000,3.28000000,0.42000000,-0.42000000,"Mass",2.15550980000,6.820000,"Transit",3664.00,0.538000,-0.1100
"Kepler-1194 b",1.51000000,0.12000000,-0.09000000,2.89000000,,,"M-R relationship",16.22371307000,4.610000,"Transit",5590.00,0.940000,0.0000
"Kepler-1901 b",1.47418907,,,2.77000000,,,"M-R relationship",3.48412990600,4.750000,"Transit",5696.00,1.022000,0.1400
"Kepler-1524 b",3.54000000,1.47000000,-0.54000000,12.30000000,,,"M-R relationship",70.96746030000,1.520000,"Transit",6179.00,1.170000,0.0400
"Kepler-364 b",1.55000000,0.37000000,-0.37000000,3.02000000,,,"M-R relationship",25.74571800000,4.460000,"Transit",6108.00,1.076000,-0.0310
"Kepler-444 f",0.74100000,0.04100000,-0.04000000,0.33200000,,,"M-R relationship",9.74048600000,4.480000,"Transit",5046.00,0.758000,-0.5500
"Kepler-833 b",2.02000000,0.12000000,-0.09000000,4.74000000,,,"M-R relationship",18.75469980000,3.160000,"Transit",4339.00,0.640000,-0.1800
"Kepler-620 b",3.32000000,1.22000000,-0.70000000,11.00000000,,,"M-R relationship",12.91375431000,1.650000,"Transit",6155.00,1.150000,0.0300
"TOI-2989 b",12.55405838,0.56044903,-0.56044903,953.48522100,63.56568140,-63.56568140,"Mass",3.12283200000,2.700000,"Transit",4672.00,0.770000,-0.0400
"HD 177830 b",13.50000000,,,537.13270000,63.56600000,-63.56600000,"Msini",410.10001000000,1.200000,"Radial Velocity",4901.00,1.700000,0.4200
"Kepler-147 b",1.53000000,0.31000000,-0.31000000,2.96000000,,,"M-R relationship",12.61058400000,4.540000,"Transit",6012.00,1.145000,0.1000
"K2-107 b",15.98000000,0.55000000,-0.55000000,266.97720000,25.42640000,-25.42640000,"Mass",3.31395900000,0.350000,"Transit",6061.00,1.300000,0.1400
"TOI-1694 c",13.80000000,,,316.55709337,8.58136699,-8.26353858,"Msini",386.25000000000,0.662000,"Radial Velocity",5005.00,0.828000,0.0400
"GJ 849 c",13.80000000,,,314.65012293,34.96112477,-34.96112477,"Msini",5990.00000000000,0.658000,"Radial Velocity",3467.00,0.450000,0.0900
"Kepler-150 b",1.25000000,0.19000000,-0.19000000,2.10000000,,,"M-R relationship",3.42805400000,5.910000,"Transit",5560.00,0.956000,0.1200
"Kepler-62 d",1.95000000,0.07000000,-0.07000000,14.00000000,,,"Mass",18.16406000000,,"Transit",4925.00,0.690000,-0.3700
"TOI-3912 b",14.28024141,0.45956821,-0.44835923,129.03833324,22.56581690,-21.61233168,"Mass",3.49362640000,0.243000,"Transit",5725.00,1.088000,0.1870
"Kepler-292 f",2.35000000,0.22000000,-0.22000000,6.12000000,,,"M-R relationship",20.83423700000,2.590000,"Transit",5299.00,0.865000,0.0400
"Kepler-316 c",1.16000000,0.12000000,-0.12000000,1.65000000,,,"M-R relationship",6.82776600000,5.810000,"Transit",4204.00,0.587000,-0.2300
"Kepler-491 b",8.92000000,0.80000000,-0.51000000,59.00000000,,,"M-R relationship",4.22538451200,0.457000,"Transit",5582.00,1.040000,0.3700
"TOI-561 b",1.39700000,0.02700000,-0.02700000,2.02000000,0.23000000,-0.23000000,"Mass",0.44656970000,4.100000,"Transit",5342.00,0.806000,-0.4100
"55 Cnc B c",2.16000000,,,5.30000000,1.40000000,-1.40000000,"Msini",33.74700000000,2.890000,"Radial Velocity",3286.00,0.260000,0.1600
"XO-6 b",23.20263000,2.46598000,-2.46598000,1398.45200000,,,"Mass",3.76500070000,0.620000,"Transit",6720.00,1.470000,-0.0700
"K2-261 b",9.26982704,0.36989636,-0.33626942,68.96876432,7.94571018,-9.21702380,"Mass",11.63346810000,0.473000,"Transit",5490.00,1.107000,0.3720
"HD 164922 d",1.83000000,,,4.00000000,1.00000000,-1.00000000,"Msini",12.45800000000,3.590000,"Radial Velocity",5390.00,0.926000,0.1800
"TIC 290487717 b",6.63777941,0.74098205,-0.60714227,35.70000000,,,"M-R relationship",3.40081822900,0.671000,"Transit",5328.97,0.920000,0.0959
"TYC 2187-512-1 b",12.50000000,,,104.88337431,6.35656814,-6.35656814,"Msini",691.90000000000,0.295000,"Radial Velocity",3734.00,0.498000,0.0800
"Kepler-700 b",5.99000000,0.91000000,-0.50000000,30.00000000,,,"M-R relationship",80.87206390000,0.767000,"Transit",5692.00,0.980000,0.0400
"TOI-3757 b",12.00000000,0.40000000,-0.50000000,85.30000000,8.80000000,-8.70000000,"Mass",3.43875300000,0.270000,"Transit",3913.00,0.640000,0.0000
"TOI-1231 b",3.65000000,0.16000000,-0.15000000,15.40000000,3.30000000,-3.30000000,"Mass",24.24558600000,1.740000,"Transit",3553.00,0.485000,0.0410
"LHS 475 b",0.99100000,0.05000000,-0.05000000,0.94100000,,,"M-R relationship",2.02908800000,5.310000,"Transit",3300.00,0.262000,
"Kepler-1133 b",1.97000000,0.24000000,-0.15000000,4.54000000,,,"M-R relationship",11.55562343000,3.260000,"Transit",5569.00,0.930000,-0.0200
"HATS-34 b",16.02887000,2.12971000,-2.12971000,299.07803000,22.88376000,-22.88376000,"Mass",2.10616070000,0.400000,"Transit",5380.00,0.955000,0.2500
"CoRoT-10 b",10.87000000,0.78000000,-0.78000000,874.00000000,50.85000000,-50.85000000,"Mass",13.24060000000,3.700000,"Transit",5075.00,0.890000,0.2600
"Kepler-824 b",1.87000000,0.71000000,-0.23000000,4.16000000,,,"M-R relationship",4.51436633000,3.500000,"Transit",6035.00,1.150000,0.1400
"Kepler-1236 b",2.14000000,0.18000000,-0.22000000,5.22000000,,,"M-R relationship",31.05716180000,2.930000,"Transit",5337.00,0.860000,-0.0900
"GJ 328 b",13.30000000,,,797.74930157,73.10053361,-73.10053361,"Msini",3771.00000000000,1.860000,"Radial Velocity",3897.00,0.650000,-0.0600
"HR 5183 b",13.10000000,,,1052.01202717,50.85254512,-38.13940884,"Mass",27000.00000000000,2.570000,"Radial Velocity",5794.00,1.070000,0.1000
"Kepler-104 b",3.10000000,0.53000000,-0.53000000,19.60000000,14.50000000,-12.40000000,"Mass",11.42754800000,4.064848,"Transit",5711.00,0.818000,-0.4200
"HAT-P-51 b",13.50682174,0.19055267,-0.17934369,97.57332095,6.67439655,-6.35656814,"Mass",4.21802091000,0.218000,"Transit",5453.00,0.961000,0.3020
"HD 134060 b",3.16000000,,,10.10000000,0.79000000,-0.75000000,"Msini",3.26960000000,1.760000,"Radial Velocity",5966.00,1.095000,0.1400
"Kepler-141 c",1.41000000,0.09000000,-0.09000000,2.57000000,,,"M-R relationship",7.01060600000,5.040000,"Transit",4910.00,0.878000,0.2643
"WASP-174 b",16.10730527,0.56044903,-0.56044903,104.88337431,28.92238504,-28.92238504,"Mass",4.23370050000,0.135000,"Transit",6399.00,1.240000,0.0600
"TOI-4773 b",15.22179579,0.54924005,-0.53803107,1687.66884117,111.23994245,-108.06165838,"Mass",1.74528510000,2.630000,"Transit",6740.00,1.452000,0.1100
"Kepler-48 c",2.71000000,0.14000000,-0.14000000,14.61000000,2.30000000,-2.30000000,"Mass",9.67395000000,4.010000,"Transit",5194.00,0.880000,0.1700
"Kepler-1950 b",1.52696349,,,2.95000000,,,"M-R relationship",10.77690029000,4.550000,"Transit",5455.00,0.759000,-0.3400
"HIP 35965 b",12.60000000,,,2589.98368864,1374.29003187,-970.96578339,"Mass",26125.56497000000,7.110000,"Radial Velocity",4836.00,0.780000,
"Kepler-1978 b",2.67000000,0.38000000,-0.21000000,7.61000000,,,"M-R relationship",10.84969477000,2.200000,"Transit",5251.00,0.869000,-0.0400
"Kepler-948 b",1.85000000,0.32000000,-0.41000000,4.08000000,,,"M-R relationship",7.76846622000,3.540000,"Transit",5679.00,0.960000,-0.0200
"Kepler-144 c",1.35000000,0.26000000,-0.26000000,2.39000000,,,"M-R relationship",10.10466500000,5.340000,"Transit",6075.00,1.154000,-0.1848
"HD 48948 d",3.24000000,,,10.59000000,1.00000000,-1.00000000,"Msini",151.92000000000,1.710000,"Radial Velocity",4593.00,0.686000,-0.2100
"TOI-2145 b",12.24020692,0.33626942,-0.31385146,1805.26535176,117.59651059,-108.06165838,"Mass",10.26112800000,5.340000,"Transit",6206.00,1.710000,0.2800
"Kepler-1397 b",1.72000000,0.19000000,-0.14000000,3.61000000,,,"M-R relationship",47.44995500000,3.900000,"Transit",6026.00,1.090000,0.0000
"Kepler-1984 b",6.81000000,0.75000000,-0.90000000,37.30000000,,,"M-R relationship",1.99281233900,0.649000,"Transit",3638.00,0.450000,-0.1400
"HD 213885 b",1.74500000,0.05100000,-0.05200000,8.83000000,0.66000000,-0.65000000,"Mass",1.00803500000,9.150000,"Transit",5978.00,1.068000,-0.0400
"HD 213472 b",13.10000000,,,1112.39942450,349.61124770,-187.51876013,"Msini",17000.00000000000,2.720000,"Radial Velocity",5729.54,1.048132,0.1249
"Kepler-381 c",1.12000000,0.25000000,-0.25000000,1.46000000,,,"M-R relationship",13.39163500000,5.710000,"Transit",6152.00,1.144000,-0.2016
"Kepler-718 b",16.56000000,6.97000000,-3.12000000,,,,"Msini",2.05234990500,,"Transit",6191.00,1.180000,0.0600
"Kepler-572 b",2.58000000,0.18000000,-0.17000000,7.18000000,,,"M-R relationship",17.20523483000,2.300000,"Transit",5212.00,0.830000,-0.1000
"Kepler-306 d",2.47000000,0.24000000,-0.24000000,6.66000000,,,"M-R relationship",17.32664400000,2.430000,"Transit",4954.00,0.750000,-0.1300
"HD 10180 f",5.24000000,,,23.90000000,1.40000000,-1.40000000,"Msin(i)/sin(i)",122.74400000000,0.913000,"Radial Velocity",5911.00,1.060000,0.0800
"WASP-22 b",13.78707000,1.56926000,-1.56926000,212.94610000,60.38770000,-60.38770000,"Mass",3.53269000000,0.444000,"Transit",6000.00,1.460000,-0.0500
"Kepler-1254 c",1.30000000,0.07000000,-0.12000000,2.24000000,,,"M-R relationship",3.60084276000,5.600000,"Transit",4985.00,0.780000,-0.1000
"Kepler-1922 b",2.29064904,,,5.86000000,,,"M-R relationship",13.22259998000,2.680000,"Transit",5931.00,0.953000,-0.2800
"TOI-1814 b",5.18536642,0.39910545,-0.39030277,23.50000000,,,"M-R relationship",6.36861010462,0.926000,"Transit",4872.84,,
"Kepler-862 b",2.21000000,0.44000000,-0.17000000,5.52000000,,,"M-R relationship",3.14866453400,2.810000,"Transit",5333.00,0.880000,0.0400
"TOI-2095 b",1.25000000,0.07000000,-0.07000000,4.10000000,,,"Mass",17.66484000000,,"Transit",3759.00,0.440000,-0.2400
"Teegarden's Star c",1.02000000,,,1.05000000,0.14000000,-0.13000000,"Msini",11.41600000000,5.440000,"Radial Velocity",3034.00,0.097000,-0.1100
"CoRoT-22 b",4.88000000,0.17000000,-0.39000000,12.20000000,14.00000000,-8.80000000,"Mass",9.75598000000,0.249000,"Transit",5939.00,1.099000,0.1700
"HD 219077 b",12.50000000,,,3057.50927534,318.14623541,-232.96822233,"Mass",5478.68861000000,8.600000,"Radial Velocity",5362.00,0.920000,-0.1300
"Kepler-458 c",4.20000000,0.63000000,-0.40000000,16.40000000,,,"M-R relationship",20.74028413000,1.220000,"Transit",6117.21,1.150000,0.1436
"Kepler-1001 b",3.15000000,0.34000000,-0.48000000,10.10000000,,,"M-R relationship",14.30511983000,1.780000,"Transit",5491.00,0.900000,-0.0300
"TOI-2000 b",2.70000000,0.15000000,-0.15000000,11.00000000,2.40000000,-2.40000000,"Mass",3.09833000000,3.070000,"Transit",5611.00,1.082000,0.4390
"Kepler-320 c",1.37000000,0.64000000,-0.64000000,2.45000000,,,"M-R relationship",17.93493700000,5.240000,"Transit",6435.00,1.072000,-0.1228
"K2-368 d",1.94800000,0.15200000,-0.14300000,4.45000000,,,"M-R relationship",20.20108500000,3.310000,"Transit",4663.00,0.746000,-0.2500
"HD 89839 b",12.80000000,,,1748.05623850,200.23189641,-152.55763536,"Mass",3391.20000000000,4.580000,"Radial Velocity",6314.00,1.210000,0.0400
"TOI-5624 c",2.47400000,0.04200000,-0.04200000,4.80000000,1.90000000,-1.90000000,"Mass",7.88538500000,1.720000,"Transit",5327.00,0.858000,-0.0230
"HD 86728 b",3.03000000,,,9.43000000,0.56000000,-0.57000000,"Msini",31.15150000000,1.860000,"Radial Velocity",5610.00,0.967000,0.2000
"Kepler-28 b",1.95900000,0.04300000,-0.04200000,1.63000000,0.51000000,-0.40000000,"Mass",5.91000000000,1.185427,"Transit",4499.30,0.684000,0.1451
"HD 219828 b",4.59000000,,,19.06970442,1.58914204,-1.58914204,"Msini",3.83483000000,1.080000,"Radial Velocity",5891.00,1.040000,0.1900
"Kepler-1933 b",1.17984089,,,1.76000000,,,"M-R relationship",4.94329023400,5.890000,"Transit",5661.00,0.964000,0.1000
"Kepler-178 d",3.95000000,1.70000000,-1.70000000,14.80000000,,,"M-R relationship",96.67898800000,1.320000,"Transit",5676.00,0.852000,-0.0400
"Kepler-107 c",1.59700000,0.02600000,-0.02600000,10.00000000,2.00000000,-2.00000000,"Mass",4.90145200000,13.500000,"Transit",5854.00,1.238000,0.3210
"TOI-1774.01",2.78000000,0.05000000,-0.04000000,8.50000000,1.30000000,-1.40000000,"Msini",16.70988000000,2.170000,"Transit",5746.00,0.991000,-0.0200
"HD 156279 c",12.50000000,,,3098.82696825,419.21566883,-192.28618624,"Mass",4818.25358000000,8.720000,"Radial Velocity",5453.00,0.940000,0.1400
"Kepler-1166 b",1.69000000,0.62000000,-0.14000000,3.50000000,,,"M-R relationship",33.24068820000,3.980000,"Transit",5446.00,0.900000,-0.0200
"TOI-929 b",2.68983343,0.22609669,-0.20537812,7.70000000,,,"M-R relationship",5.83015366944,2.170000,"Transit",4457.16,0.700000,
"TOI-1448 b",2.74900000,0.06700000,-0.06300000,19.50000000,,,"Mass",8.11224500000,,"Transit",3412.00,0.372000,0.3700
"TOI-5340 b",15.07607904,0.57165802,-0.54924005,270.15414595,79.45710175,-79.45710175,"Mass",4.93943920000,0.430000,"Transit",5990.00,1.350000,0.2080
"EPIC 220674823 c",2.71200000,0.07100000,-0.07100000,7.90000000,2.10000000,-2.10000000,"Mass",13.34060300000,2.336119,"Transit",5578.00,0.913000,-0.0050
"GJ 436 b",4.17000000,0.16800000,-0.16800000,22.10000000,2.30000000,-2.30000000,"Mass",2.64388312000,1.800000,"Radial Velocity",3586.11,0.470000,0.0991
"Kepler-207 d",3.31000000,0.63000000,-0.63000000,11.00000000,,,"M-R relationship",5.86807500000,1.670000,"Transit",5920.00,1.313000,0.2900
"Kepler-1767 b",3.01299077,,,9.34000000,,,"M-R relationship",59.65829849000,1.880000,"Transit",5243.00,0.887000,0.1400
"Kepler-1889 b",2.94360686,,,8.98000000,,,"M-R relationship",37.30369949000,1.930000,"Transit",5646.00,0.864000,-0.2800
"WASP-81 b",16.01766100,0.57165900,-0.51561400,231.69807000,11.44188000,-11.12405000,"Mass",2.71647620000,0.332000,"Transit",5870.00,1.080000,-0.3600
"Kepler-1190 b",1.33000000,0.05000000,-0.11000000,2.33000000,,,"M-R relationship",10.45843441000,5.440000,"Transit",4730.00,0.760000,-0.0200
"DMPP-6 c",3.74000000,,,13.47000000,1.60000000,-1.97000000,"Msini",36.44100000000,1.410000,"Radial Velocity",6182.09,1.079000,0.3200
"DMPP-2 c",8.26000000,,,51.79000000,5.43000000,-5.49000000,"Msini",3.16800000000,0.505000,"Radial Velocity",6500.00,1.410000,
"DMPP-8 b",10.80000000,,,81.09000000,7.09000000,-7.10000000,"Msini",62.91500000000,0.354000,"Radial Velocity",6009.00,0.990000,
"GJ 887 e",1.12000000,,,1.46000000,0.19000000,-0.18000000,"Msini",4.42490000000,5.710000,"Radial Velocity",3688.00,0.495000,-0.0600
"CoRoT-27 b",11.28700000,0.49300000,-0.49300000,3302.11000000,174.80000000,-174.80000000,"Mass",3.57532000000,12.600000,"Transit",5900.00,1.050000,-0.1000
"Kepler-1431 b",1.47000000,0.42000000,-0.16000000,2.76000000,,,"M-R relationship",5.86601526000,4.770000,"Transit",5806.00,1.030000,0.0700
"HD 21411 b",9.52000000,,,65.90000000,25.60000000,-25.60000000,"Msini",84.28800000000,0.420000,"Radial Velocity",5605.00,0.890000,-0.2650
"K2-237 b",16.06246934,0.62770292,-0.54924005,434.15360396,34.96112477,-29.24021344,"Mass",2.18053332000,0.577000,"Transit",6180.00,1.256000,0.3370
"Kepler-413 b",4.34700000,0.09900000,-0.09900000,67.00000000,22.00000000,-21.00000000,"Mass",66.26200000000,3.200000,"Transit",4700.00,0.820000,-0.2000
"Kepler-1804 b",1.59615726,,,3.18000000,,,"M-R relationship",12.28849983000,4.300000,"Transit",5109.00,0.929000,0.1000
"Kepler-821 b",1.31000000,0.10000000,-0.08000000,2.27000000,,,"M-R relationship",1.92279873000,5.550000,"Transit",5191.00,0.840000,-0.0300
"Kepler-160 c",3.76000000,0.23000000,-0.09000000,13.60000000,,,"M-R relationship",13.69942900000,1.410000,"Transit",5471.00,1.003000,0.2000
"Kepler-1075 b",1.42000000,0.16000000,-0.33000000,2.60000000,,,"M-R relationship",1.52372816000,4.990000,"Transit",3959.00,0.560000,-0.1700
"Kepler-106 d",0.95000000,0.13000000,-0.13000000,8.10000000,,,"Mass",23.98020000000,,"Transit",5858.00,1.000000,-0.1200
"TIC 183374187 b",14.03364384,0.78462865,-0.78462865,177.98390792,60.38739733,-60.38739733,"Mass",5.05907000000,0.350000,"Transit",5768.00,0.853000,-0.3900
"Kepler-919 b",2.25000000,0.87000000,-0.29000000,5.69000000,,,"M-R relationship",11.04603384000,2.740000,"Transit",6113.00,1.150000,0.0700
"Kepler-450 d",0.83700000,0.06800000,-0.06800000,17.60000000,9.50000000,-6.70000000,"Mass",7.51464000000,77.000000,"Transit",6197.21,1.190000,0.1278
"Kepler-51 d",9.70000000,0.50000000,-0.50000000,7.60000000,1.10000000,-1.10000000,"Mass",130.19400000000,0.046000,"Transit",6018.00,1.040000,0.0500
"K2-186 b",3.17207779,0.26358217,-0.16288190,10.20000000,,,"M-R relationship",41.47421900000,1.760000,"Transit",5784.00,1.018617,0.0600
"HD 73344 b",2.88400000,0.08200000,-0.07200000,10.48000000,,,"Mass",15.61100000000,2.451000,"Transit",6252.60,1.200000,0.1430
"HATS-69 b",10.59250500,0.24659800,-0.24659800,183.38791000,,,"Mass",2.22525770000,0.460000,"Transit",5137.00,0.892000,0.3770
"WASP-36 b",14.87434300,0.23538900,-0.23538900,750.39663000,22.24810000,-22.24810000,"Mass",1.53736596000,1.260000,"Transit",5959.00,1.081000,-0.2600
"Kepler-1783 b",1.31946731,,,2.30000000,,,"M-R relationship",8.27744007100,5.500000,"Transit",5129.00,0.887000,-0.1600
"HD 115954 b",12.60000000,,,2685.65003915,193.87532827,-146.20106722,"Mass",3700.00000000000,7.380000,"Radial Velocity",5957.00,1.180000,0.3400
"LHS 1678 c",0.94100000,0.05100000,-0.05000000,1.40000000,,,"Mass",3.69428400000,10.600000,"Transit",3490.00,0.345000,
"Kepler-189 b",1.21000000,0.61000000,-0.61000000,1.92000000,,,"M-R relationship",10.39993100000,5.960000,"Transit",5235.00,0.803000,-0.0400
"Kepler-556 b",2.24000000,0.20000000,-0.12000000,5.65000000,,,"M-R relationship",11.72292176000,2.760000,"Transit",5740.00,1.000000,0.0300
"Kepler-109 c",2.65000000,0.12000000,-0.12000000,8.20000000,,,"Mass",21.22265000000,2.400000,"Transit",5950.00,1.094000,-0.0200
"K2-316 c",1.83000000,0.13000000,-0.12000000,4.01000000,,,"M-R relationship",5.26000000000,3.600000,"Transit",3436.00,0.408000,
"GJ 393 b",1.17000000,,,1.71000000,0.24000000,-0.24000000,"Msini",7.02679000000,5.870000,"Radial Velocity",3579.00,0.426000,-0.0900
"HD 108236 f",2.01700000,0.05200000,-0.05700000,4.72000000,,,"M-R relationship",29.54115000000,3.160000,"Transit",5660.00,0.869000,-0.2800
"TIC 9344899 b",9.16000000,0.40000000,-0.40000000,6170.00000000,610.00000000,-580.00000000,"Mass",8.58215660000,44.100000,"Transit",5800.00,0.980000,0.0700
"DMPP-3 A b",1.44000000,,,2.67000000,0.50000000,-0.56000000,"Msini",5.59000000000,4.910000,"Radial Velocity",5138.00,0.900000,0.1800
"TOI-5789 d",1.91000000,,,4.29000000,0.68000000,-0.68000000,"Msini",29.65000000000,3.380000,"Radial Velocity",5185.00,0.821000,-0.1200
"Kepler-101 c",1.25000000,0.19000000,-0.17000000,3.78000000,,,"Mass",6.02976000000,10.500000,"Transit",5667.00,1.170000,0.3300
"Kepler-1108 b",1.46000000,0.14000000,-0.11000000,2.73000000,,,"M-R relationship",4.51005748000,4.820000,"Transit",5406.00,0.880000,-0.0900
"Kepler-2001 c",1.82000000,0.23000000,-0.13000000,3.97000000,,,"M-R relationship",14.09258318900,3.620000,"Transit",5081.00,0.864000,0.1200
"XO-1 b",12.77826000,0.78463000,-0.78463000,263.79890000,41.31790000,-41.31790000,"Mass",3.94153000000,0.640000,"Transit",5750.00,0.880000,0.0200
"Kepler-1154 b",2.34000000,1.06000000,-0.49000000,6.08000000,,,"M-R relationship",5.18561420000,2.610000,"Transit",6327.00,1.260000,0.0400
"Kepler-837 b",2.56000000,0.22000000,-0.43000000,7.08000000,,,"M-R relationship",16.56059504000,2.320000,"Transit",5403.00,0.850000,-0.1800
"K2-88 b",1.23000000,0.25000000,-0.25000000,2.04000000,,,"M-R relationship",4.61220000000,6.020000,"Transit",3537.00,0.258000,
"TOI-1839 c",2.40867246,0.42638903,-0.26892818,6.39000000,,,"M-R relationship",4.02393854207,2.510000,"Transit",5315.91,0.934000,0.2520
"Kepler-140 b",1.61000000,0.31000000,-0.31000000,3.22000000,,,"M-R relationship",3.25427000000,4.240000,"Transit",6077.00,1.044000,-0.0390
"Kepler-328 b",2.30000000,0.96000000,-0.23000000,28.50000000,12.90000000,-12.30000000,"Mass",34.92100000000,7.800000,"Transit",6064.00,1.150000,0.0800
"Kepler-625 b",1.99000000,0.06000000,-0.05000000,4.62000000,,,"M-R relationship",7.75192492000,3.220000,"Transit",5789.00,1.040000,0.1000
"HD 217107 c",12.90000000,,,1388.91013859,41.31769291,-31.78284070,"Mass",5138.70000000000,3.560000,"Radial Velocity",5622.00,1.045000,0.3700
"Kepler-427 b",13.79000000,2.35000000,-2.35000000,92.17000000,28.60000000,-28.60000000,"Mass",10.29099400000,0.160000,"Transit",5800.00,0.960000,-0.1900
"Kepler-1874 b",2.21110724,,,5.52000000,,,"M-R relationship",56.57320023000,2.810000,"Transit",4701.00,0.758000,0.2400
"HD 15906 c",2.93000000,0.07000000,-0.06000000,8.91000000,,,"M-R relationship",21.58329800000,1.950000,"Transit",4757.00,0.790000,0.0200
"Kepler-1688 b",1.26174569,,,2.13000000,,,"M-R relationship",5.62012000000,5.830000,"Transit",4632.11,0.814000,-0.0460
"Kepler-1182 b",2.41000000,0.60000000,-0.50000000,6.39000000,,,"M-R relationship",11.17394617000,2.510000,"Transit",5924.00,1.040000,0.0100
"Kepler-1678 b",3.30422249,,,10.90000000,,,"M-R relationship",147.97400000000,1.660000,"Transit",5754.00,1.030000,0.0000
"HD 93385 c",2.56000000,,,7.10000000,0.60000000,-0.60000000,"Msini",13.18000000000,2.330000,"Radial Velocity",5977.00,1.040000,0.0200
"TOI-5634 A b",10.42000000,0.62000000,-0.55000000,588.00000000,,,"Mass",2.20353730000,,"Transit",3896.00,0.556000,-0.2700
"TOI-871 b",1.66400000,0.11400000,-0.11300000,3.41000000,,,"M-R relationship",14.36256500000,4.070000,"Transit",4929.00,0.758000,-0.0700
"GJ 251 c",1.80000000,,,3.88000000,0.79000000,-0.79000000,"Msini",53.64700000000,3.660000,"Radial Velocity",3342.00,0.350000,0.0700
"Kepler-511 c",4.20964327,,,16.50000000,,,"M-R relationship",26.62949944000,1.220000,"Transit",5866.00,0.958000,-0.2000
"Kepler-1191 b",1.51000000,0.13000000,-0.11000000,2.89000000,,,"M-R relationship",5.60014851000,4.610000,"Transit",5308.00,0.850000,-0.0800
"Kepler-1125 b",1.84000000,0.30000000,-0.18000000,4.04000000,,,"M-R relationship",17.67006420000,3.560000,"Transit",5683.00,0.950000,-0.0900
"TOI-4527.01",0.90866170,0.95341300,-0.95341300,0.68900000,,,"M-R relationship",0.39944450000,5.050000,"Transit",3702.00,0.483901,
"TOI-883 b",7.17166228,0.47668767,-0.46443949,40.70000000,,,"M-R relationship",10.05771848538,0.606000,"Transit",5713.15,1.003000,
"Kepler-247 c",4.09000000,1.14000000,-1.14000000,15.70000000,,,"M-R relationship",9.43945200000,1.260000,"Transit",5100.00,0.887000,0.3000
"HD 181433 d",13.20000000,,,858.13669890,540.30829190,-635.65681400,"Mass",6896.10000000000,2.050000,"Radial Velocity",4918.00,0.860000,0.4012
"Kepler-1997 b",2.28000000,0.72000000,-0.28000000,5.82000000,,,"M-R relationship",26.75758660000,2.700000,"Transit",6215.00,1.111000,-0.0600
"HD 98219 b",13.40000000,,,624.21812000,31.46517000,-31.46517000,"Msini",433.80000000000,1.430000,"Radial Velocity",4925.00,1.410000,-0.0200
"Kepler-281 c",5.31000000,2.06000000,-2.06000000,161.12400000,,,"Mass",36.33737300000,0.005100,"Transit",5723.00,0.950000,0.0200
"alf Ari b",13.40000000,,,572.07000000,63.56300000,-63.56300000,"Msini",380.80000000000,1.310000,"Radial Velocity",4553.00,1.500000,-0.0900
"K2-70 b",2.89000000,0.47000000,-0.47000000,8.70000000,,,"M-R relationship",13.97896000000,1.980000,"Transit",5622.00,0.940000,0.0600
"Kepler-759 b",2.27000000,0.49000000,-0.24000000,5.77000000,,,"M-R relationship",41.80598500000,2.710000,"Transit",5860.00,1.040000,0.0600
"HIP 8152 c",2.52442508,0.14962921,-0.14078921,10.70000000,2.10000000,-2.20000000,"Mass",19.60562000000,3.630000,"Transit",5618.00,0.937300,0.0070
"TOI-4329 b",16.81347105,2.12970633,-2.12970633,143.02278315,28.60455663,-28.60455663,"Mass",2.92230000000,0.165000,"Transit",6000.00,1.538000,0.2900
"Kepler-171 c",2.56000000,1.15000000,-1.15000000,7.08000000,,,"M-R relationship",11.46346200000,2.320000,"Transit",5642.00,0.978000,0.1700
"Kepler-136 b",2.05000000,0.38000000,-0.38000000,19.80000000,11.70000000,-10.40000000,"Mass",11.57890000000,12.600000,"Transit",6165.00,1.204000,0.0002
"CoRoT-7 d",4.31000000,,,17.14200000,2.55200000,-2.55200000,"Mass",8.96600000000,1.180000,"Radial Velocity",5250.00,0.915000,0.1200
"Kepler-1577 b",1.13000000,0.05000000,-0.11000000,1.51000000,,,"M-R relationship",6.30560247000,5.750000,"Transit",4862.00,0.780000,0.0000
"TOI-942 c",4.67000000,0.34000000,-0.30000000,794.57500000,,,"Mass",10.15627200000,,"Transit",4969.00,0.822000,-0.2210
"HD 86264 b",12.50000000,,,3117.26101586,3741.79383561,-608.95922781,"Mass",1488.79123000000,8.770000,"Radial Velocity",6210.00,1.260000,0.2020
"TOI-1680 b",1.46600000,0.06300000,-0.04900000,2.75000000,,,"M-R relationship",4.80263450000,4.800000,"Transit",3225.00,0.179800,0.0400
"Kepler-244 d",2.31000000,0.97000000,-0.97000000,15.20000000,20.00000000,-13.00000000,"Mass",20.05040100000,6.780000,"Transit",5554.00,0.933000,0.0700
"TOI-2093 b",3.25000000,,,10.60000000,2.50000000,-2.50000000,"Msini",12.83600000000,1.700000,"Radial Velocity",4426.00,0.745000,-0.0800
"HD 27894 b",14.10000000,,,196.73578393,15.89142035,-15.89142035,"Msini",18.01939000000,0.386000,"Radial Velocity",4875.00,0.810000,0.3000
"K2-272 b",3.13000000,0.38000000,-0.21000000,9.96000000,,,"M-R relationship",14.45367560000,1.780000,"Transit",5397.00,0.860000,-0.0900
"Kepler-835 b",2.79000000,0.54000000,-0.29000000,8.20000000,,,"M-R relationship",11.41909375000,2.070000,"Transit",5954.00,1.080000,0.0800
"TIC 150070085 b",3.62000000,0.21000000,-0.20000000,12.80000000,,,"M-R relationship",10.47423000000,1.480000,"Transit",5999.00,1.160000,0.0870
"TOI-1883 b",5.65000000,0.24000000,-0.24000000,13.70000000,6.80000000,-6.50000000,"Mass",4.50800000000,0.400000,"Transit",3554.00,0.495000,0.3200
"Kepler-146 c",3.13000000,0.59000000,-0.59000000,9.96000000,,,"M-R relationship",76.73217100000,1.780000,"Transit",5948.00,1.079000,-0.0261
"Kepler-166 b",2.27000000,1.17000000,-1.17000000,5.77000000,,,"M-R relationship",7.65025400000,2.710000,"Transit",5413.00,0.811000,-0.0800
"HATS-11 b",18.03000000,0.72000000,-0.72000000,263.79890000,31.78300000,-31.78300000,"Mass",3.61918800000,0.315000,"Transit",6563.00,1.330000,0.0300
"HD 153950 b",13.20000000,,,937.59850000,92.17070000,-92.17070000,"Msini",499.39999000000,2.240000,"Radial Velocity",6124.00,1.250000,-0.0100
"Kepler-1341 b",2.99000000,0.42000000,-0.37000000,9.22000000,,,"M-R relationship",132.99683220000,1.900000,"Transit",4662.00,0.790000,0.1900
"TOI-5704 b",3.22740000,0.18730000,-0.13980000,10.50000000,,,"M-R relationship",3.77111600000,1.720000,"Transit",4590.00,0.730000,0.4280
"TOI-4562 c",12.80000000,,,1833.86990839,117.59651059,-177.98390792,"Mass",3990.00000000000,4.810000,"Transit Timing Variations",6096.00,1.192000,0.0800
"Kepler-524 b",1.91000000,0.14000000,-0.12000000,4.31000000,,,"M-R relationship",7.97419807000,3.400000,"Transit",6014.00,1.090000,0.0200
"TOI-1859 b",9.75181321,0.78462865,-0.78462865,68.60000000,,,"M-R relationship",63.48347000000,0.406000,"Transit",6341.00,1.287000,0.1200
"Kepler-973 b",1.96000000,0.08000000,-0.07000000,4.50000000,,,"M-R relationship",49.60773310000,3.280000,"Transit",5213.00,0.860000,-0.0600
"Kepler-1451 b",3.35000000,0.62000000,-0.66000000,11.20000000,,,"M-R relationship",35.62223300000,1.640000,"Transit",5782.00,1.000000,0.0100
"Kepler-112 b",2.36000000,0.57000000,-0.57000000,6.17000000,,,"M-R relationship",8.40887800000,2.580000,"Transit",5544.00,0.782000,-0.5221
"HD 23127 b",13.50000000,,,485.32641000,11.75971000,-12.07754000,"Msini",1211.17000000000,1.080000,"Radial Velocity",5843.00,1.208000,0.2900
"K2-273 b",3.05000000,0.23000000,-0.12000000,9.53000000,,,"M-R relationship",11.71956630000,1.850000,"Transit",5161.00,0.890000,0.2000
"Kepler-291 c",1.88000000,0.82000000,-0.82000000,4.19000000,,,"M-R relationship",5.70078600000,3.470000,"Transit",6002.00,1.023000,0.2300
"EPIC 206215704 b",1.00000000,0.10000000,-0.09000000,0.97200000,,,"M-R relationship",2.25543600000,5.340000,"Transit",3297.00,0.407000,-0.3300
"K2-316 b",1.33000000,0.10000000,-0.09000000,2.33000000,,,"M-R relationship",1.13300000000,5.440000,"Transit",3436.00,0.408000,
"Kepler-613 b",2.29000000,0.40000000,-0.17000000,5.86000000,,,"M-R relationship",15.77979614000,2.680000,"Transit",5723.00,0.980000,-0.0100
"K2-211 b",1.33162691,0.08743005,-0.07173748,2.33000000,,,"M-R relationship",0.66956100000,5.420000,"Transit",5117.00,0.851000,0.1340
"TOI-6016 b",13.67495645,0.33626942,-0.33626942,371.85923619,28.60455663,-28.60455663,"Mass",4.02368700000,0.810000,"Transit",6110.00,1.310000,0.2800
"HD 106270 b",12.40000000,,,3623.24383980,731.00533610,-381.39408840,"Mass",1888.00000000000,10.400000,"Radial Velocity",5509.00,1.390000,0.0600
"TOI-4030 b",5.84625590,0.41681993,-0.40038434,28.80000000,,,"M-R relationship",2.50900199461,0.792000,"Transit",5640.37,0.980000,
"Kepler-1920 b",2.95415848,,,9.03000000,,,"M-R relationship",30.25410080000,1.920000,"Transit",6277.00,1.239000,0.2100
"CoRoT-14 b",12.22000000,0.78000000,-0.78000000,2415.40000000,190.70000000,-190.70000000,"Mass",1.51214000000,7.300000,"Transit",6035.00,1.130000,0.0500
"HD 220197 b",9.32000000,,,63.56600000,22.24810000,-12.71320000,"Msini",1728.00000000000,0.431000,"Radial Velocity",5683.00,0.910000,-0.5500
"TOI-5720 b",1.09000000,0.07000000,-0.07000000,4.30000000,,,"Mass",1.43445550000,,"Transit",3325.00,0.383000,0.0300
"Kepler-203 d",1.44000000,0.28000000,-0.28000000,33.90000000,183.40000000,-33.20000000,"Mass",11.32972000000,62.400000,"Transit",5821.00,1.060000,0.0800
"TIC 161045582 b",2.24566738,0.25949107,-0.22531238,5.67000000,,,"M-R relationship",8.85577189959,2.750000,"Transit",5683.87,1.040000,0.1880
"Kepler-1171 b",2.56000000,0.68000000,-0.50000000,7.08000000,,,"M-R relationship",1.44259224000,2.320000,"Transit",7044.00,1.580000,-0.0100
"HD 65216 b",13.60000000,,,411.58985000,19.70546000,-19.70546000,"Msini",577.60000000000,0.899000,"Radial Velocity",5612.00,0.874000,-0.1685
"HD 154345 b",13.70000000,,,376.94449070,30.19369866,-18.75187601,"Mass",3280.00000000000,0.806000,"Radial Velocity",5468.00,0.890000,-0.1050
"Teegarden's Star d",0.95400000,,,0.82000000,0.17000000,-0.17000000,"Msini",26.13000000000,5.190000,"Radial Velocity",3034.00,0.097000,-0.1100
"Qatar-1 b",12.81188700,0.29143400,-0.28022500,411.27202000,16.52716000,-15.57367000,"Mass",1.42002420000,1.076000,"Transit",5013.00,0.838000,0.1710
"TOI-908 b",3.18600000,0.15500000,-0.15500000,16.13700000,4.11200000,-4.03900000,"Mass",3.18379200000,2.742000,"Transit",5626.00,0.950000,0.0800
"HD 185283 b",13.60000000,,,413.17692910,95.34852210,-31.78284070,"Mass",4060.00000000000,0.903000,"Radial Velocity",4848.00,0.800000,-0.0600
"HD 12661 c",13.20000000,,,899.45439181,260.61929374,-212.94503269,"Mass",1708.00000000000,2.150000,"Radial Velocity",5748.00,1.020000,0.3600
"HD 175167 b",12.30000000,,,4703.86042360,572.09113260,-508.52545120,"Mass",1175.00000000000,13.900000,"Radial Velocity",5635.00,1.090000,0.2800
"HAT-P-31 b",12.21781000,1.68135000,-1.68135000,721.47410000,266.97720000,-266.97720000,"Mass",5.00542000000,2.180000,"Transit",6065.00,1.310000,0.1500
"Kepler-1475 b",2.92000000,0.99000000,-0.46000000,8.85000000,,,"M-R relationship",82.17737400000,1.950000,"Transit",6214.00,1.180000,0.0300
"K2-133 c",1.60300000,0.09000000,-0.08800000,3.20000000,,,"M-R relationship",4.86784000000,4.270000,"Transit",3655.00,0.461000,
"Kepler-323 b",1.38100000,0.03500000,-0.03500000,3.90000000,,,"Mass",1.67832800000,8.200000,"Transit",6004.00,1.015000,-0.1400
"Kepler-40 b",13.11000000,0.45000000,-0.45000000,699.20000000,127.10000000,-127.10000000,"Mass",6.87349000000,1.680000,"Transit",6510.00,1.480000,0.1000
"GJ 896 A b",13.30000000,,,718.29219982,181.16219199,-181.16219199,"Mass",284.39000000000,1.680000,"Astrometry",3345.00,0.435990,
"K2-63 b",3.22000000,0.99000000,-0.99000000,10.50000000,,,"M-R relationship",20.25700000000,1.730000,"Transit",6771.00,1.400000,
"Kepler-10 c",2.35500000,0.02200000,-0.02200000,11.29000000,1.24000000,-1.24000000,"Mass",45.29430100000,4.750000,"Transit",5708.00,0.910000,-0.1500
"TOI-2498 b",6.06000000,0.29000000,-0.27000000,34.62000000,4.10000000,-4.09000000,"Mass",3.73825200000,0.860000,"Transit",5905.00,1.120000,0.1670
"WASP-197 b",14.44837612,0.54924005,-0.54924005,403.32424848,80.72841538,-80.72841538,"Mass",5.16722800000,0.740000,"Transit",6050.00,1.360000,0.0000
"HD 177565 b",4.00000000,,,15.10000000,6.40000000,-6.05000000,"Msini",44.50500000000,1.300000,"Radial Velocity",5627.00,1.000000,0.0812
"TOI-6651 b",5.09000000,0.27000000,-0.26000000,61.00000000,7.60000000,-7.90000000,"Mass",5.05697300000,2.520000,"Transit",5940.00,1.323000,0.2250
"KOI-351 g",7.71800000,0.20600000,-0.20600000,15.00000000,1.30000000,-1.30000000,"Mass",210.73514000000,0.272128,"Transit",6031.13,1.242000,0.0830
"Kepler-1931 b",2.65323514,,,7.53000000,,,"M-R relationship",38.57609940000,2.220000,"Transit",6167.00,1.174000,0.1200
"HIP 74890 b",13.30000000,,,762.79200000,95.34900000,-95.34900000,"Msini",822.30000000000,1.780000,"Radial Velocity",4850.00,1.740000,0.2000
"Kepler-287 c",3.26000000,1.49000000,-1.49000000,66.00000000,18.00000000,-15.00000000,"Mass",44.85189600000,15.400000,"Transit",5806.00,0.963000,0.1170
"Luhman 16 b",11.90000000,,,9344.15516580,63.56568140,-63.56568140,"Mass",9697.00000000000,30.500000,"Imaging",,0.033800,
"GJ 180 b",2.43000000,,,6.49000000,0.68000000,-0.68000000,"Msini",17.13300000000,2.490000,"Radial Velocity",3371.00,0.430000,
"Kepler-512 b",2.69000000,0.49000000,-0.31000000,7.70000000,,,"M-R relationship",34.43587975000,2.170000,"Transit",5997.00,1.170000,0.2200
"HD 191939 e",13.00000000,,,112.20000000,4.00000000,-4.00000000,"Msini",101.12000000000,0.281000,"Radial Velocity",5348.00,0.810000,-0.1500
"Kepler-1753 b",2.22678077,,,5.59000000,,,"M-R relationship",16.00460052000,2.780000,"Transit",5180.00,0.860000,0.0000
"TOI-178 f",2.41700000,0.04100000,-0.04800000,5.63000000,0.45000000,-0.41000000,"Mass",15.23335000000,2.216474,"Transit",4316.00,0.647000,-0.2300
"GJ 3634 b",2.83000000,,,8.40000000,4.00000000,-1.50000000,"Mass",2.64561000000,2.040000,"Radial Velocity",3517.00,0.450000,
"K2-318 b",1.66000000,0.13000000,-0.13000000,3.39000000,,,"M-R relationship",7.01000000000,4.070000,"Transit",3851.00,0.561000,
"Kepler-739 b",3.32000000,0.49000000,-0.29000000,11.00000000,,,"M-R relationship",12.53248465000,1.650000,"Transit",5601.00,0.930000,-0.0800
"Kepler-415 c",2.01000000,0.15000000,-0.06000000,4.70000000,,,"M-R relationship",8.70800000000,3.180000,"Transit Timing Variations",4362.00,0.670000,0.0100
"Kepler-893 b",3.03000000,0.52000000,-0.37000000,9.43000000,,,"M-R relationship",6.33855761000,1.860000,"Transit",5820.00,1.000000,-0.0300
"HD 117207 b",13.40000000,,,669.34662514,50.85254512,-28.28672822,"Mass",2621.75000000000,1.530000,"Radial Velocity",5732.00,1.053000,0.1900
"HATS-51 b",15.80469000,2.12971000,-2.12971000,244.09344000,14.30235000,-14.30235000,"Mass",3.34887020000,0.340000,"Transit",5758.00,1.187000,
"GJ 15 A c",6.67000000,,,36.00000000,25.00000000,-18.00000000,"Msini",7600.00000000000,0.667000,"Radial Velocity",3607.00,0.380000,-0.3400
"K2-398 b",2.27400000,0.11300000,-0.11100000,5.79000000,,,"M-R relationship",6.39302500000,2.710000,"Transit",5946.00,0.945000,-0.2570
"HD 204313 b",12.90000000,,,1466.77809830,409.99864503,-97.25549254,"Mass",2041.11539000000,3.750000,"Radial Velocity",5767.00,1.030000,0.1800
"Kepler-261 b",2.18000000,0.14000000,-0.14000000,5.39000000,,,"M-R relationship",10.38122700000,2.860000,"Transit",5098.00,0.834000,0.1621
"TOI-1782.02",1.83900000,0.23400000,-0.18500000,4.04000000,,,"M-R relationship",1.82902422700,3.570000,"Transit",4336.00,0.680000,
"WASP-119 b",15.69260000,2.24180000,-2.24180000,390.93090000,25.42640000,-25.42640000,"Mass",2.49979000000,0.700000,"Transit",5650.00,1.020000,0.1400
"Kepler-382 c",1.59000000,0.77000000,-0.77000000,3.15000000,,,"M-R relationship",12.16270100000,4.310000,"Transit",5600.00,1.002000,0.0820
"K2-246 b",3.49000000,0.25000000,-0.21000000,12.00000000,,,"M-R relationship",5.76918000000,1.550000,"Transit",5610.00,0.870000,-0.1900
"TOI-1453 b",1.17300000,0.05900000,-0.05600000,2.32000000,,,"Mass",4.31352250000,8.215288,"Transit",4975.00,0.715000,-0.3100
"BD+20 2457 b",12.10000000,,,6807.63000000,,,"Msini",379.63000000000,21.100000,"Radial Velocity",4137.00,2.800000,-1.0000
"Kepler-1400 b",1.62000000,0.11000000,-0.11000000,3.26000000,,,"M-R relationship",9.06689421000,4.210000,"Transit",5044.00,0.830000,0.0400
"Kepler-18 b",2.00000000,0.10000000,-0.10000000,6.90000000,3.40000000,-3.40000000,"Mass",3.50472500000,4.900000,"Transit",5345.00,0.972000,0.1900
"HD 103949 b",3.35000000,,,11.20000000,2.30000000,-2.30000000,"Msini",120.87800000000,1.640000,"Radial Velocity",4792.00,0.770000,-0.0700
"K2-155 b",1.80000000,0.20000000,-0.10000000,3.89000000,,,"M-R relationship",6.34200000000,3.670000,"Transit",4258.00,0.650000,-0.3000
"K2-238 b",14.57170000,1.68135000,-1.56926000,273.33380000,41.31790000,-38.13960000,"Mass",3.20466000000,0.560000,"Transit",5630.00,1.190000,0.3400
"Kepler-705 b",2.11000000,0.10000000,-0.08000000,5.10000000,,,"M-R relationship",56.05605380000,2.980000,"Transit",3722.00,0.530000,0.0700
"TIC 434398831 b",3.51000000,0.22000000,-0.21000000,12.10000000,,,"M-R relationship",3.68550400000,1.540000,"Transit",5638.00,0.992000,-0.0810
"TOI-6255 b",1.07900000,0.06500000,-0.06500000,1.44000000,0.14000000,-0.14000000,"Mass",0.23818244000,6.300000,"Transit",3421.00,0.353000,-0.1400
"K2-276 b",3.77000000,0.21000000,-0.21000000,13.70000000,,,"M-R relationship",18.71826900000,1.400000,"Transit",5139.00,0.820000,0.0700
"Kepler-1363 b",1.25000000,0.09000000,-0.08000000,2.10000000,,,"M-R relationship",2.94194094000,5.910000,"Transit",4839.00,0.760000,-0.0900
"Kepler-725 b",10.80000000,0.60000000,-0.60000000,81.60000000,,,"M-R relationship",39.64372000000,0.356000,"Transit",5395.00,0.950000,0.1400
"HD 83443 c",13.60000000,,,476.74261050,158.91420350,-63.56568140,"Mass",8241.00000000000,1.040000,"Radial Velocity",5442.00,1.000000,0.3400
"Kepler-172 d",2.25000000,0.40000000,-0.40000000,5.69000000,,,"M-R relationship",14.62711900000,2.740000,"Transit",5526.00,1.081000,0.3900
"Kepler-1204 b",3.05000000,0.87000000,-0.30000000,9.53000000,,,"M-R relationship",85.73502850000,1.850000,"Transit",5825.00,1.030000,0.0600
"GJ 3090 c",3.14000000,,,10.00000000,1.30000000,-1.30000000,"Msini",15.94070000000,1.770000,"Radial Velocity",3707.00,0.519000,0.1200
"TOI-6324 b",1.05900000,0.04100000,-0.04100000,1.17000000,0.22000000,-0.22000000,"Mass",0.27922100000,5.410000,"Transit",3247.00,0.269000,-0.3200
"TOI-2134 c",7.27000000,0.42000000,-0.42000000,41.89000000,7.69000000,-7.83000000,"Mass",95.50000000000,0.599000,"Transit",4580.00,0.744000,0.1200
"TOI-5614 b",3.21759316,0.36584065,-0.29787539,10.40000000,,,"M-R relationship",4.17221328949,1.720000,"Transit",4553.00,0.674000,
"Kepler-1903 b",2.28642395,,,5.85000000,,,"M-R relationship",17.06789970000,2.690000,"Transit",6347.00,1.053000,-0.3400
"TOI-677 b",13.11450742,0.32506044,-0.33626942,392.20025424,26.69758619,-26.37975778,"Mass",11.23659850000,0.955000,"Transit",6295.00,1.181000,0.0000
"LP 890-9 b",1.32000000,0.05300000,-0.02700000,13.20000000,,,"Mass",2.72990250000,,"Transit",2850.00,0.118000,-0.0280
"KOI-94 d",11.27000000,1.06000000,-1.06000000,106.00000000,11.00000000,-11.00000000,"Mass",22.34298900000,0.363000,"Transit",6182.00,1.277000,0.0228
"K2-68 b",1.58000000,0.23000000,-0.23000000,3.12000000,,,"M-R relationship",8.05428000000,4.350000,"Transit",4746.00,0.730000,-0.2100
"Kepler-716 c",1.39281536,,,2.52000000,,,"M-R relationship",3.96999000000,5.120000,"Transit",5012.00,0.830000,-0.0600
"HD 131496 b",13.40000000,,,572.09400000,31.78300000,-31.78300000,"Msini",896.00000000000,1.310000,"Radial Velocity",4846.00,1.340000,0.2500
"Kepler-1065 b",3.73000000,0.64000000,-0.36000000,13.40000000,,,"M-R relationship",3.60930890700,1.420000,"Transit",5635.00,0.940000,-0.0100
"Kepler-356 b",1.57000000,0.29000000,-0.29000000,3.09000000,,,"M-R relationship",4.61269600000,4.390000,"Transit",6133.00,1.163000,-0.0226
"Kepler-466 b",2.85000000,0.22000000,-0.17000000,8.50000000,,,"M-R relationship",51.07926307000,2.020000,"Transit",5927.00,1.040000,-0.0100
"K2-84 c",2.03000000,0.32000000,-0.32000000,4.78000000,,,"M-R relationship",27.86000000000,3.140000,"Transit",5652.00,0.950000,0.2780
"Kepler-1052 c",2.30000000,0.54000000,-0.19000000,5.90000000,,,"M-R relationship",180.92172900000,2.660000,"Transit",5818.00,0.937000,-0.2200
"KOI-13 b",16.94800800,0.39231500,-0.39231500,2949.46240000,50.85280000,-50.85280000,"Mass",1.76358800000,3.600000,"Transit",7650.00,1.720000,0.2000
"Kepler-23 c",3.00500000,0.07400000,-0.07400000,7.81000000,1.32000000,-1.20000000,"Mass",10.74000000000,1.576894,"Transit",5828.00,1.078000,-0.1120
"Kepler-511 b",6.35000000,1.40000000,-1.02000000,33.10000000,,,"M-R relationship",296.63786500000,0.710000,"Transit",5770.00,1.000000,0.0100
"Kepler-1967 b",0.73022577,,,0.31500000,,,"M-R relationship",7.28169012100,4.450000,"Transit",4970.00,0.996000,0.3200
"Kepler-793 b",1.37000000,0.28000000,-0.16000000,2.45000000,,,"M-R relationship",4.24153639000,5.240000,"Transit",5745.00,0.980000,0.0000
"HD 128311 b",13.50000000,,,562.24127000,7.31009000,-7.31009000,"Msini",453.01900000000,1.260000,"Radial Velocity",4965.00,0.828000,0.0800
"K2-376 b",1.73600000,0.12500000,-0.11900000,3.66000000,,,"M-R relationship",5.77647500000,3.840000,"Transit",5937.00,0.908000,-0.1760
"HD 216770 b",14.10000000,,,181.16310000,15.89150000,-15.89150000,"Msini",118.45000000000,0.355000,"Radial Velocity",5399.00,0.740000,0.2700
"HD 112300 b",12.20000000,,,5031.22368281,740.54018831,-870.84983518,"Msini",466.63000000000,15.200000,"Radial Velocity",3657.00,1.400000,-0.0600
"TOI-444 b",2.77000000,0.20000000,-0.20000000,8.10000000,,,"M-R relationship",17.96360000000,2.090000,"Transit",5225.00,0.960000,0.0800
"K2-164 b",3.24925008,0.51526655,-0.41335659,10.60000000,,,"M-R relationship",17.35506600000,1.700000,"Transit",5791.00,1.180894,-0.2300
"Kepler-130 c",2.90000000,0.25000000,-0.25000000,8.75000000,,,"M-R relationship",27.50868000000,1.970000,"Transit",5879.00,1.000000,0.0200
"NGTS-20 b",11.99360935,0.44835923,-0.44835923,947.12865286,50.85254512,-47.67426105,"Mass",54.18915000000,3.020000,"Transit",5980.00,1.470000,0.1500
"Kepler-1717 b",2.98929758,,,9.21000000,,,"M-R relationship",30.65279961000,1.890000,"Transit",6200.00,1.158000,-0.0600
"Kepler-579 b",2.00000000,0.35000000,-0.18000000,4.66000000,,,"M-R relationship",9.66857723000,3.200000,"Transit",5636.00,0.990000,0.1300
"Kepler-664 b",2.66000000,0.68000000,-0.25000000,7.56000000,,,"M-R relationship",2.52559331500,2.210000,"Transit",5754.00,1.010000,0.0700
"Kepler-1417 b",1.00000000,0.20000000,-0.11000000,0.97200000,,,"M-R relationship",20.35052130000,5.340000,"Transit",5839.00,1.020000,0.0200
"TOI-4363 b",1.76689273,0.24906585,-0.23329954,3.77000000,,,"M-R relationship",2.11867592279,3.760000,"Transit",4278.45,0.620000,
"TOI-2373 b",10.42435205,0.22417961,-0.22417961,2955.80418510,63.56568140,-63.56568140,"Mass",13.33668000000,14.400000,"Transit",5651.00,1.041000,0.3000
"TOI-5386 A b",14.70618268,0.32506044,-0.31385146,155.10026262,15.25576354,-14.62010672,"Mass",3.62156552000,0.268000,"Transit",6094.00,1.165000,0.1820
"Kepler-1484 b",2.11000000,0.30000000,-0.22000000,5.10000000,,,"M-R relationship",30.45491360000,2.980000,"Transit",5730.00,0.940000,-0.1700
"Kepler-159 b",2.38000000,0.18000000,-0.18000000,6.26000000,,,"M-R relationship",10.13962300000,2.550000,"Transit",4625.00,0.628000,-0.0400
"Kepler-1712 b",2.28372556,,,5.83000000,,,"M-R relationship",13.81499958000,2.690000,"Transit",3732.00,0.515000,0.0200
"Kepler-660 b",2.57000000,0.11000000,-0.17000000,7.13000000,,,"M-R relationship",9.27358194000,2.310000,"Transit",4779.00,0.750000,-0.0700
"Kepler-616 b",2.43000000,0.33000000,-0.20000000,6.48000000,,,"M-R relationship",9.99761851000,2.480000,"Transit",5753.00,0.980000,-0.0200
"Kepler-157 c",2.24000000,0.43000000,-0.43000000,5.65000000,,,"M-R relationship",13.54050000000,2.760000,"Transit",5774.00,0.950000,-0.0593
"Kepler-166 c",2.38000000,1.23000000,-1.23000000,6.26000000,,,"M-R relationship",34.26028100000,2.550000,"Transit",5413.00,0.811000,-0.0800
"Kepler-164 b",1.41000000,0.28000000,-0.28000000,2.57000000,,,"M-R relationship",5.03503000000,5.040000,"Transit",5888.00,1.036000,0.0000
"Kepler-91 b",15.32270300,0.77342100,-0.67254000,257.44230000,57.20940000,-54.03110000,"Mass",6.24658000000,0.400000,"Transit",4550.00,1.310000,0.1100
"Kepler-331 b",1.82000000,0.19000000,-0.19000000,3.97000000,,,"M-R relationship",8.45749600000,3.620000,"Transit",4347.00,0.653000,0.1179
"TOI-1246 e",3.51418750,0.26911442,-0.18217943,14.50000000,2.30000000,-2.30000000,"Mass",37.92548000000,1.830000,"Transit",5213.00,0.888900,0.1680
"HD 141399 e",14.10000000,,,209.76780000,31.78300000,-31.78300000,"Msini",5000.00000000000,0.411000,"Radial Velocity",5600.00,1.070000,0.3500
"HD 208527 b",12.50000000,,,3146.40000000,540.30000000,-540.30000000,"Msini",875.50000000000,8.850000,"Radial Velocity",4035.00,1.600000,-0.0900
"HD 219134 h",12.70000000,,,108.06220000,6.35660000,-6.35660000,"Msini",2247.00000000000,0.290000,"Radial Velocity",4913.00,0.794000,0.0800
"Kepler-1489 c",0.51000000,0.08000000,-0.08000000,0.08700000,,,"M-R relationship",0.68074100000,3.600000,"Transit",5565.53,0.977000,0.1400
"Kepler-254 b",3.87000000,1.85000000,-1.85000000,14.30000000,,,"M-R relationship",5.82666200000,1.360000,"Transit",5957.00,0.849000,-0.1300
"HD 20782 b",13.60000000,,,472.83000000,33.22000000,-33.88000000,"Msini",597.06430000000,1.030000,"Radial Velocity",5782.13,1.040000,-0.0537
"Kepler-152 c",2.39000000,0.16000000,-0.16000000,6.30000000,,,"M-R relationship",88.25505500000,2.540000,"Transit",5088.00,0.779000,-0.1200
"K2-353 b",5.55000000,0.22000000,-0.20000000,26.30000000,,,"M-R relationship",15.46680500000,0.845000,"Transit",5698.00,0.870000,-0.2100
"CoRoT-16 b",13.11000000,1.79000000,-1.57000000,170.03200000,27.01400000,-26.37900000,"Mass",5.35227000000,0.440000,"Transit",5650.00,1.098000,0.1900
"WASP-116 b",13.67495645,0.67253884,-0.67253884,203.41018048,44.49597698,-44.49597698,"Mass",6.61320000000,0.430000,"Transit",6250.00,1.250000,0.0000
"Kepler-1113 b",2.81000000,1.13000000,-0.36000000,8.30000000,,,"M-R relationship",42.30049540000,2.060000,"Transit",5931.00,1.120000,0.1800
"Kepler-1466 b",1.55000000,0.27000000,-0.17000000,3.02000000,,,"M-R relationship",31.17504480000,4.460000,"Transit",5884.00,1.010000,-0.0700
"Gliese 12 b",0.93000000,0.06000000,-0.06000000,0.95000000,0.29000000,-0.30000000,"Mass",12.76141800000,6.400000,"Transit",3328.00,0.255000,-0.2400
"Kepler-326 b",1.52000000,0.16000000,-0.16000000,44.60000000,47.70000000,-33.30000000,"Mass",2.24832900000,69.800000,"Transit",5105.00,0.910000,0.2385
"HIP 8152 b",2.53625843,0.15691518,-0.13542085,8.90000000,1.70000000,-1.70000000,"Mass",10.75101400000,2.970000,"Transit",5618.00,0.937300,0.0070
"Kepler-25 d",10.00000000,,,71.90000000,9.80000000,-9.80000000,"Mass",122.40000000000,0.395000,"Radial Velocity",6354.00,1.165000,0.1100
"GJ 581 b",4.79000000,,,20.50000000,6.20000000,-3.50000000,"Mass",5.36860000000,1.020000,"Radial Velocity",3500.00,0.295000,-0.0800
"HD 153557 d",11.90000000,,,8725.66108578,1130.19781529,-1111.12811087,"Mass",40654.64809000000,28.500000,"Radial Velocity",4837.00,0.790000,
"GJ 3998 d",2.34000000,,,6.07000000,1.00000000,-0.96000000,"Msini",41.78000000000,2.600000,"Radial Velocity",3726.00,0.520000,-0.1300
"Kepler-1415 b",1.29000000,0.12000000,-0.08000000,2.21000000,,,"M-R relationship",0.63642408000,5.660000,"Transit",5267.00,0.890000,0.1200
"Kepler-501 b",4.30000000,0.69000000,-0.46000000,17.10000000,,,"M-R relationship",5.64067757200,1.180000,"Transit",5904.00,1.030000,-0.0300
"HAT-P-69 b",18.78628400,0.57165900,-0.36989700,1137.83140000,184.34140000,-184.34140000,"Mass",4.78694910000,1.020000,"Transit",7394.00,1.648000,-0.0690
"HD 205158 b",13.90000000,,,124.58873554,12.39530787,-14.30227832,"Msini",25.33798000000,0.255000,"Radial Velocity",6133.55,1.160000,
"KOI-7913 b",2.34000000,0.18000000,-0.18000000,6.08000000,,,"M-R relationship",24.27855300000,2.610000,"Transit",4324.00,0.760000,-0.0600
"Kepler-1177 b",1.90000000,0.16000000,-0.12000000,4.27000000,,,"M-R relationship",106.24754700000,3.420000,"Transit",5712.00,0.980000,0.0200
"HD 221287 b",13.10000000,,,982.05000000,251.08000000,-251.08000000,"Msini",456.10000000000,2.400000,"Radial Velocity",6304.00,1.250000,-0.0300
"TOI-1203 c",2.20000000,,,5.46000000,0.51000000,-0.50000000,"Msini",13.07660000000,2.820000,"Radial Velocity",5737.00,0.886000,-0.3900
"HIP 38594 b",2.77000000,,,8.10000000,1.70000000,-1.70000000,"Msini",60.72200000000,2.090000,"Radial Velocity",4086.30,0.610000,
"Kepler-961 b",2.55000000,0.11000000,-0.08000000,7.04000000,,,"M-R relationship",16.87727414000,2.330000,"Transit",5582.00,0.960000,0.0500
"TOI-5153 b",11.88151954,0.44835923,-0.44835923,1036.12060682,57.20911326,-54.03082919,"Mass",20.33003000000,3.390000,"Transit",6300.00,1.240000,0.1200
"Kepler-226 b",1.55000000,0.62000000,-0.62000000,24.00000000,11.80000000,-10.10000000,"Mass",3.94099700000,35.400000,"Transit",5571.00,0.904000,0.0900
"Kepler-1485 b",1.47000000,0.24000000,-0.14000000,2.76000000,,,"M-R relationship",19.91577250000,4.770000,"Transit",6087.00,1.110000,0.0200
"Kepler-389 c",1.46000000,0.75000000,-0.75000000,2.73000000,,,"M-R relationship",14.51143000000,4.820000,"Transit",5376.00,0.765000,-0.1000
"Kepler-241 b",2.33000000,1.03000000,-1.03000000,6.04000000,,,"M-R relationship",12.71809200000,2.620000,"Transit",4699.00,0.671000,0.0310
"Kepler-1239 b",2.90000000,0.37000000,-0.31000000,8.75000000,,,"M-R relationship",5.19104016000,1.970000,"Transit",6564.00,1.400000,0.2200
"Kepler-937 c",2.67000000,0.91000000,-0.39000000,7.61000000,,,"M-R relationship",153.34336400000,2.200000,"Transit",6095.00,1.150000,0.0800
"Kepler-487 b",11.42000000,0.69000000,-0.53000000,,,,"Msini",15.35876840300,,"Transit",5444.00,0.910000,0.0000
"HD 208487 b",14.30000000,,,146.20106722,3.17828407,0.00000000,"Msini",129.36000000000,0.275000,"Radial Velocity",6134.00,1.150000,0.0900
"Kepler-460 c",5.52000000,2.07000000,-0.73000000,26.10000000,,,"M-R relationship",220.13033570000,0.853000,"Transit",6146.00,1.170000,0.0600
"OGLE-TR-111 b",11.42197100,0.29143400,-0.29143400,174.79900000,31.78200000,-31.78200000,"Mass",4.01444630000,0.650000,"Transit",5040.00,0.820000,0.1900
"TOI-5926 b",7.56807148,0.99612024,-0.72897990,44.60000000,,,"M-R relationship",3.81122794237,0.565000,"Transit",5388.92,0.946000,
"Kepler-1696 b",2.80982017,,,8.29000000,,,"M-R relationship",65.94090000000,2.050000,"Transit",5712.00,1.020000,-0.0400
"Kepler-1965 b",1.35415138,,,2.40000000,,,"M-R relationship",41.86869812000,5.310000,"Transit",5852.00,0.928000,-0.3000
"Kepler-58 e",1.61000000,0.52000000,-0.22000000,597.79600000,,,"Mass",4.45814897000,131.000000,"Transit",6100.00,1.017000,-0.1200
"Kepler-1266 c",1.68023962,,,3.46000000,,,"M-R relationship",4.86631012000,4.010000,"Transit",4996.00,0.791000,0.1400
"HD 159243 b",13.70000000,,,359.13000000,15.89000000,-15.89000000,"Msini",12.62000000000,0.767000,"Radial Velocity",6123.00,1.125000,0.0500
"Kepler-949 b",2.91000000,0.36000000,-0.23000000,8.80000000,,,"M-R relationship",8.68930729600,1.960000,"Transit",5403.00,0.890000,0.0100
"Kepler-1622 b",1.47000000,0.68000000,-0.27000000,2.76000000,,,"M-R relationship",10.81187370000,4.770000,"Transit",6436.00,1.310000,0.0400
"TOI-4010 b",3.02000000,0.08000000,-0.08000000,11.00000000,1.29000000,-1.27000000,"Mass",1.34833500000,2.200000,"Transit",4960.00,0.880000,0.3700
"Kepler-1725 b",2.81251770,,,8.31000000,,,"M-R relationship",16.71990013000,2.050000,"Transit",6020.00,1.049000,0.0000
"Kepler-1826 b",1.47519116,,,2.78000000,,,"M-R relationship",1.61536002200,4.760000,"Transit",3821.00,0.490000,-0.2800
"Kepler-1847 b",2.74516914,,,7.97000000,,,"M-R relationship",11.12969971000,2.120000,"Transit",6122.00,1.041000,-0.1800
"Kepler-1401 b",1.68000000,0.37000000,-0.18000000,3.46000000,,,"M-R relationship",11.20066445000,4.010000,"Transit",5964.00,1.070000,0.0400
"GJ 581 e",1.38000000,,,2.48000000,0.70000000,-0.42000000,"Mass",3.14810000000,5.190000,"Radial Velocity",3500.00,0.295000,-0.0800
"Kepler-1853 b",1.51862272,,,2.92000000,,,"M-R relationship",48.88819885000,4.580000,"Transit",4821.00,0.765000,0.1600
"Kepler-155 c",2.24000000,0.15000000,-0.15000000,5.65000000,,,"M-R relationship",52.66179300000,2.760000,"Transit",4508.00,0.635000,-0.1420
"Kepler-770 d",1.40000000,0.19000000,-0.11000000,2.54000000,,,"M-R relationship",4.15244722000,5.090000,"Transit",5598.00,0.940000,-0.0100
"Kepler-913 c",3.85807090,,,14.20000000,,,"M-R relationship",5.93911981600,1.360000,"Transit",6068.00,1.294000,0.1600
"HD 73256 c",12.20000000,,,5085.25451200,317.82840700,-317.82840700,"Mass",2690.00000000000,15.400000,"Radial Velocity",5570.00,1.000000,0.2900
"Kepler-445 d",1.25000000,0.19000000,-0.19000000,2.10000000,,,"M-R relationship",8.15275000000,5.910000,"Transit",3157.00,0.180000,0.2700
"Kepler-163 c",2.26000000,0.94000000,-0.94000000,5.73000000,,,"M-R relationship",21.34726200000,2.730000,"Transit",5776.00,0.882000,0.1412
"Kepler-1491 c",2.44000000,0.39000000,-0.53000000,6.53000000,,,"M-R relationship",61.56976500000,2.470000,"Transit",5626.00,0.991000,0.1400
"Kepler-46 c",13.50000000,,,119.49900000,6.67400000,-6.03900000,"Mass",57.01100000000,0.267000,"Transit Timing Variations",5155.00,0.902000,0.4100
"K2-190 c",1.09308317,0.15187251,-0.09223049,1.34000000,,,"M-R relationship",21.57402300000,5.640000,"Transit",5631.00,0.904597,-0.1900
"WASP-48 b",16.81350000,2.24180000,-2.24180000,254.26400000,73.10090000,-73.10090000,"Mass",2.14363000000,0.415000,"Transit",5920.00,0.880000,-0.1200
"Kepler-56 b",6.51000000,0.29000000,-0.28000000,22.10000000,3.90000000,-3.60000000,"Mass",10.50160000000,0.442000,"Transit",4840.00,1.320000,0.2000
"Kepler-312 b",1.29000000,0.25000000,-0.25000000,2.21000000,,,"M-R relationship",1.77241900000,5.660000,"Transit",6115.00,1.314000,0.1500
"Kepler-1530 d",3.27870115,,,10.80000000,,,"M-R relationship",9.20761013000,1.680000,"Transit",5678.00,1.015000,0.2000
"Kepler-450 b",6.14000000,0.33000000,-0.33000000,19.40000000,11.10000000,-6.80000000,"Mass",28.45485100000,0.750000,"Transit",6197.21,1.190000,0.1278
"HIP 75092 b",13.50000000,,,568.91284853,47.67426105,-47.67426105,"Msini",926.40000000000,1.270000,"Radial Velocity",4891.00,1.280000,-0.0100
"Kepler-1749 b",1.61301783,,,3.23000000,,,"M-R relationship",14.53409958000,4.230000,"Transit",3957.00,0.551000,-0.1600
"Kepler-1815 b",2.74892620,,,7.99000000,,,"M-R relationship",12.19139957000,2.110000,"Transit",5516.00,0.856000,-0.0600
"K2-111 c",3.34000000,,,11.10000000,1.10000000,-1.00000000,"Msini",15.67480000000,1.640000,"Radial Velocity",5775.00,0.840000,-0.4600
"Kepler-717 b",2.42000000,0.25000000,-0.35000000,6.44000000,,,"M-R relationship",4.40840023000,2.500000,"Transit",5485.00,0.880000,-0.1200
"K2-188 c",2.83000000,0.15000000,-0.15000000,8.40000000,,,"M-R relationship",7.81025300000,2.040000,"Transit",5977.00,1.060000,-0.0100
"Kepler-304 c",2.17000000,0.15000000,-0.15000000,5.35000000,,,"M-R relationship",5.31594600000,2.880000,"Transit",4731.00,0.737000,0.0300
"HAT-P-43 b",13.63000000,0.64000000,-0.63000000,210.39500000,19.06900000,-19.06900000,"Mass",3.33264140000,0.390000,"Transit",5693.00,1.030000,0.2000
"TOI-375 c",13.40000000,,,669.34662514,70.87573476,-67.37962228,"Msini",115.50000000000,1.530000,"Radial Velocity",5259.90,1.441000,0.0840
"Kepler-560 b",1.72000000,0.09000000,-0.09000000,3.61000000,,,"M-R relationship",18.47764449000,3.900000,"Transit",3556.00,0.340000,-0.3900
"Kepler-1972 c",0.86800000,0.05100000,-0.05000000,2.11000000,0.59000000,-0.65000000,"Mass",11.32950000000,18.400000,"Transit",5818.00,1.120000,0.2300
"Kepler-1566 b",0.79000000,0.08000000,-0.05000000,0.41800000,,,"M-R relationship",0.53991523800,4.660000,"Transit",5254.00,0.840000,-0.0700
"Kepler-1432 b",2.22000000,0.69000000,-0.30000000,5.56000000,,,"M-R relationship",23.91090110000,2.790000,"Transit",6031.00,1.090000,0.0200
"PZ Tel b",11.90000000,,,8581.36698900,7945.71017500,-2860.45566300,"Mass",44000.00000000000,28.000000,"Imaging",5169.00,1.360000,
"GJ 667 C b",2.25000000,,,5.68000000,0.23000000,-0.23000000,"Msini",7.20300000000,2.740000,"Radial Velocity",3350.00,0.330000,-0.5500
"Kepler-1840 b",2.77771129,,,8.13000000,,,"M-R relationship",131.19000240000,2.080000,"Transit",4898.00,0.774000,0.1400
"Kepler-704 b",2.61000000,0.60000000,-0.43000000,7.32000000,,,"M-R relationship",3.76182115000,2.260000,"Transit",5616.00,0.970000,0.0900
"TOI-172 b",10.81668500,0.35868800,-0.32506100,1722.63860000,69.92260000,-63.56600000,"Mass",9.47725000000,7.530000,"Transit",5645.00,1.128000,0.1480
"HD 82943 c",13.40000000,,,622.60300000,14.93700000,-14.93700000,"Mass",220.07800000000,1.420000,"Radial Velocity",5935.00,1.080000,0.2600
"EPIC 206042996 c",1.20000000,0.20000000,-0.10000000,1.87000000,,,"M-R relationship",0.35488400000,5.950000,"Transit",4114.00,0.565000,0.0060
"HD 68475 b",12.80000000,,,1639.99458012,168.44905571,-149.37935129,"Mass",7832.00000000000,4.300000,"Radial Velocity",5022.00,0.830000,0.0700
"Kepler-671 b",2.69000000,0.49000000,-0.20000000,7.70000000,,,"M-R relationship",4.28095858800,2.170000,"Transit",5624.00,0.970000,0.0800
"Kepler-1806 b",2.35560189,,,6.15000000,,,"M-R relationship",9.03332042700,2.590000,"Transit",5311.00,0.884000,-0.0400
"Kepler-1388 c",2.26000000,0.14000000,-0.11000000,5.73000000,,,"M-R relationship",5.53608151000,2.730000,"Transit",4098.00,0.630000,0.0200
"CoRoT-11 b",16.03000000,0.34000000,-0.34000000,740.51000000,108.06000000,-108.06000000,"Mass",2.99433000000,0.990000,"Transit",6440.00,1.270000,-0.0300
"TOI-1235 b",1.69000000,0.08000000,-0.08000000,6.69000000,0.67000000,-0.69000000,"Mass",3.44471400000,7.250000,"Transit",3997.00,0.630000,0.3300
"HD 1397 b",11.50043400,0.28022500,-0.30264300,131.89945000,6.35660000,-6.35660000,"Mass",11.53533000000,0.477000,"Transit",5521.00,1.324000,0.2900
"Kepler-1519 b",7.06000000,0.81000000,-0.54000000,39.60000000,,,"M-R relationship",240.79893970000,0.618000,"Transit",5644.00,0.940000,-0.0700
"Kepler-121 c",2.27000000,1.25000000,-1.25000000,5.77000000,,,"M-R relationship",41.00801100000,2.710000,"Transit",5311.00,0.859000,-0.0800
"Kepler-1801 c",2.91000000,0.83000000,-0.42000000,8.80000000,,,"M-R relationship",116.58318300000,1.960000,"Transit",5738.00,0.936000,-0.0600
"TOI-2000 c",8.14000000,0.31000000,-0.30000000,81.70000000,4.70000000,-4.60000000,"Mass",9.12705500000,0.829000,"Transit",5611.00,1.082000,0.4390
"Kepler-1726 b",2.50861954,,,6.84000000,,,"M-R relationship",18.39629936000,2.380000,"Transit",5316.00,0.876000,0.0000
"K2-154 c",2.07000000,0.18000000,-0.13000000,4.94000000,,,"M-R relationship",7.95486000000,3.060000,"Transit",4097.00,0.650000,0.2100
"WASP-11 b",12.44199000,1.12090000,-1.12090000,251.08570000,54.03110000,-54.03110000,"Mass",3.72247000000,0.632000,"Transit",4800.00,1.420000,0.0000
"Kepler-286 e",1.77000000,0.43000000,-0.43000000,3.78000000,,,"M-R relationship",29.22128900000,3.750000,"Transit",5580.00,0.830000,-0.2500
"HD 82886 b",13.30000000,,,740.54390000,104.88390000,-104.88390000,"Msini",705.00000000000,1.730000,"Radial Velocity",4953.00,2.530000,-0.3100
"Kepler-275 c",3.38000000,0.64000000,-0.64000000,11.40000000,,,"M-R relationship",16.08813400000,1.620000,"Transit",6165.00,1.189000,0.0800
"K2-183 c",2.30000000,0.20000000,-0.10000000,5.90000000,,,"M-R relationship",10.78799200000,2.660000,"Transit",5482.00,0.942219,0.0900
"NGTS-21 b",14.90794433,0.33626942,-0.33626942,750.07504052,66.74396547,-66.74396547,"Mass",1.54338970000,1.250000,"Transit",4660.00,0.720000,-0.2600
"HD 108202 b",13.10000000,,,953.48522100,222.47988490,-158.91420350,"Mass",2990.00000000000,2.330000,"Radial Velocity",4556.03,0.740000,0.3048
"BD-210397 c",12.90000000,,,1525.57635360,190.69704420,-190.69704420,"Mass",6240.00000000000,3.910000,"Radial Velocity",4051.00,0.690000,0.1200
"TOI-1739 b",1.94600000,0.22600000,-0.16900000,4.45000000,,,"M-R relationship",8.30334140600,3.320000,"Transit",4814.00,0.780000,0.0700
"Kepler-648 b",3.22000000,0.12000000,-0.24000000,10.50000000,,,"M-R relationship",17.42117490000,1.730000,"Transit",5741.00,1.050000,0.2100
"Kepler-1462 b",3.82000000,0.82000000,-0.39000000,14.00000000,,,"M-R relationship",65.64883410000,1.380000,"Transit",5756.00,1.000000,0.0600
"TOI-2518 b",2.26838675,0.26231558,-0.20960264,5.77000000,,,"M-R relationship",6.89797425216,2.720000,"Transit",5751.20,1.110000,
"Kepler-124 b",0.73000000,0.05000000,-0.05000000,0.31500000,,,"M-R relationship",3.41049300000,4.450000,"Transit",4984.00,0.706000,-0.4600
"Kepler-428 b",12.11000000,0.34000000,-0.34000000,403.63000000,60.39000000,-60.39000000,"Mass",3.52563254000,1.020000,"Transit",5150.00,0.870000,0.0900
"GJ 674 b",3.33000000,,,11.09000000,,,"Msini",4.69380000000,1.650000,"Radial Velocity",3600.00,0.350000,-0.2800
"TOI-5800 b",2.46000000,0.18000000,-0.16000000,9.50000000,1.70000000,-1.90000000,"Mass",2.62788380000,3.460000,"Transit",4850.00,0.778000,-0.0400
"HAT-P-50 b",14.43719200,0.71737600,-0.71737600,429.07050000,23.20159000,-23.20159000,"Mass",3.12201090000,0.780000,"Transit",6280.00,1.273000,-0.1800
"K2-233 c",1.27200000,0.03800000,-0.03800000,4.60000000,1.80000000,-1.70000000,"Mass",7.06024000000,12.400000,"Transit",4796.00,0.790000,-0.0820
"Kepler-1937 b",3.02291330,,,9.39000000,,,"M-R relationship",9.68859958600,1.870000,"Transit",6457.00,1.190000,-0.0600
"Kepler-1946 b",2.48812698,,,6.75000000,,,"M-R relationship",3.03519010500,2.410000,"Transit",5505.00,0.887000,-0.0400
"TOI-4465 b",14.01122587,0.89671846,-0.78462865,1872.00931723,82.63538582,-82.63538582,"Mass",101.94054000000,3.730000,"Transit",5545.00,0.930000,-0.0600
"TOI-2274 b",2.45000000,0.23000000,-0.13000000,6.57000000,,,"M-R relationship",2.67963000000,2.450000,"Transit",3943.00,0.612000,
"K2-73 b",2.58000000,0.13000000,-0.06000000,9.20000000,3.80000000,-3.70000000,"Mass",7.49556000000,2.800000,"Transit",5867.00,1.020000,0.0400
"TOI-2420 b",15.02003414,0.82946457,-0.80704661,294.62693329,27.01541459,-25.10844415,"Mass",5.84264100000,0.477000,"Transit",5707.00,1.158000,
"TOI-3540 A b",23.53885947,,,375.03752026,44.49597698,-44.49597698,"Mass",3.11999900000,0.065000,"Transit",5810.00,1.081000,0.1760
"CoRoT-29 b",10.08810000,1.79344000,-1.79344000,270.15550000,63.56600000,-63.56600000,"Mass",2.85057000000,1.450000,"Transit",5260.00,0.970000,0.2000
"Kepler-328 c",5.40000000,2.24000000,-0.54000000,39.40000000,13.60000000,-12.60000000,"Mass",71.31200000000,0.600000,"Transit",6064.00,1.150000,0.0800
"HD 109286 b",13.20000000,,,950.30693693,47.67426105,-47.67426105,"Msini",520.10000000000,2.270000,"Radial Velocity",5694.00,0.980000,0.0500
"HD 108874 c",13.80000000,,,314.64000000,19.07000000,-19.07000000,"Msini",1624.00000000000,0.658000,"Radial Velocity",5551.00,0.950000,0.1900
"HD 285968 b",2.83000000,,,8.40000000,,,"Msini",8.78360000000,2.040000,"Radial Velocity",3703.49,0.500000,-0.1000
"WASP-50 b",13.06969400,0.48198700,-0.48198700,466.82870400,29.24036000,-29.24036000,"Mass",1.95510000000,1.325000,"Transit",5400.00,0.892000,-0.1200
"Kepler-285 b",1.34000000,0.58000000,-0.58000000,2.36000000,,,"M-R relationship",2.63386700000,5.390000,"Transit",5411.00,0.915000,0.1700
"K2-398 c",5.09800000,0.15400000,-0.14600000,22.80000000,,,"M-R relationship",18.78783900000,0.946000,"Transit",5946.00,0.945000,-0.2570
"Kepler-1607 b",0.92000000,0.33000000,-0.14000000,0.72100000,,,"M-R relationship",13.64736760000,5.090000,"Transit",6116.00,1.140000,0.0500
"HD 134606 e",1.33000000,,,2.34000000,0.35000000,-0.34000000,"Msini",4.32030000000,5.470000,"Radial Velocity",5576.00,1.046000,0.3430
"Kepler-1050 b",1.60000000,0.48000000,-0.18000000,3.19000000,,,"M-R relationship",15.37875460000,4.280000,"Transit",6010.00,1.090000,0.0300
"Kepler-1145 b",1.40000000,0.11000000,-0.11000000,2.54000000,,,"M-R relationship",3.97076766000,5.090000,"Transit",5064.00,0.790000,-0.1300
"Kepler-957 b",5.50000000,0.29000000,-0.32000000,25.90000000,,,"M-R relationship",5.90741353700,0.855000,"Transit",4963.00,0.810000,-0.0100
"TOI-3856 b",13.59649359,0.28022452,-0.26901554,171.62733978,31.78284070,-31.78284070,"Mass",2.04360352000,0.371000,"Transit",5622.00,1.096000,0.4540
"CoRoT-3 b",11.32000000,0.78000000,-0.78000000,6883.91000000,317.80000000,-317.80000000,"Mass",4.25680000000,26.400000,"Transit",6740.00,1.370000,0.1400
"Kepler-562 b",5.21000000,0.64000000,-0.40000000,23.70000000,,,"M-R relationship",18.00931443600,0.921000,"Transit",5575.00,0.930000,-0.0400
"K2-294 b",1.66000000,0.21000000,-0.19000000,3.39000000,,,"M-R relationship",2.50387000000,4.070000,"Transit",5612.00,0.987000,0.1940
"HD 93351 b",1.69000000,,,3.49611248,0.63565681,-0.95348522,"Msini",2.45946000000,3.980000,"Radial Velocity",5408.00,0.940000,-0.2300
"XO-7 b",15.38995700,0.29143400,-0.29143400,225.34147000,10.80622000,-10.80622000,"Mass",2.86414240000,0.340000,"Transit",6250.00,1.405000,0.4320
"TOI-5734 b",2.10000000,0.12000000,-0.12000000,9.10000000,2.60000000,-2.60000000,"Mass",6.18418760000,5.403344,"Transit",4750.00,0.724000,-0.1300
"Kepler-1740 b",3.32321414,,,11.00000000,,,"M-R relationship",8.17240047500,1.650000,"Transit",5705.00,0.943000,-0.0600
"HIP 34222 b",13.90000000,,,263.79757781,,,"Msini",159.98600000000,0.540000,"Radial Velocity",4050.00,0.620000,
"Kepler-1852 b",1.88610592,,,4.22000000,,,"M-R relationship",7.97094011300,3.460000,"Transit",5237.00,0.927000,0.2400
"Kepler-1774 b",3.18179549,,,10.20000000,,,"M-R relationship",59.77080154000,1.740000,"Transit",6214.00,1.101000,-0.0200
"Kepler-1277 b",1.60000000,0.29000000,-0.11000000,3.19000000,,,"M-R relationship",40.83650120000,4.280000,"Transit",5578.00,0.940000,-0.0100
"Kepler-249 c",1.51000000,0.09000000,-0.09000000,2.89000000,,,"M-R relationship",7.11370200000,4.610000,"Transit",3568.00,0.510238,-0.3400
"HATS-24 b",15.63655500,0.63891300,-0.63891300,718.29580000,54.03110000,-54.03110000,"Mass",1.34849780000,1.030000,"Transit",6125.00,1.070000,-0.2290
"HD 67087 c",12.90000000,,,1540.00000000,3180.00000000,-1150.00000000,"Msini",2374.00000000000,3.940000,"Radial Velocity",6330.00,1.360000,0.2500
"Kepler-185 b",1.17000000,0.67000000,-0.67000000,1.71000000,,,"M-R relationship",1.63290000000,5.870000,"Transit",5208.00,0.763000,-0.1400
"Kepler-1294 b",3.19000000,0.54000000,-0.31000000,10.30000000,,,"M-R relationship",115.68622580000,1.740000,"Transit",5776.00,0.990000,-0.0300
"Kepler-401 d",2.27000000,0.40000000,-0.26000000,5.77000000,,,"M-R relationship",184.25640500000,2.710000,"Transit",6184.00,1.170000,0.0200
"K2-290 b",3.06000000,0.16000000,-0.16000000,10.90000000,,,"Mass",9.21165000000,4.100000,"Transit",6302.00,1.194000,-0.0600
"Kepler-1362 b",2.60000000,0.12000000,-0.19000000,7.27000000,,,"M-R relationship",136.20562600000,2.270000,"Transit",4857.00,0.800000,0.0600
"Kepler-49 e",1.56000000,0.08000000,-0.08000000,1.03815000,,,"Mass",18.59610800000,0.046000,"Transit",4252.00,0.549000,0.0300
"WASP-154 b",10.76062147,0.67253884,-0.67253884,198.96058278,40.99986450,-40.99986450,"Mass",3.81167800000,0.880000,"Transit",4774.00,0.800000,0.2000
"Kepler-490 b",11.65000000,3.29000000,-1.38000000,,,,"Msini",3.26869515400,,"Transit",6045.00,1.080000,-0.0200
"HD 2952 b",13.90000000,,,284.77425267,42.27117813,-39.72855088,"Msini",312.08000000000,0.583000,"Radial Velocity",4853.00,1.910000,0.0000
"Kepler-774 b",3.17000000,0.46000000,-0.54000000,10.20000000,,,"M-R relationship",11.08957230000,1.760000,"Transit",6403.00,1.570000,0.0400
"Kepler-77 b",10.76100000,0.17900000,-0.17900000,136.66100000,10.17000000,-10.17000000,"Mass",3.57878087000,0.603000,"Transit",5520.00,0.950000,0.2000
"TOI-756 b",2.81000000,0.10000000,-0.10000000,9.83000000,1.80000000,-1.60000000,"Mass",1.23924950000,2.420000,"Transit",3657.00,0.505000,0.1960
"Qatar-3 b",12.28506400,1.56926000,-1.56926000,1369.84730000,149.38010000,-149.38010000,"Mass",2.50792040000,4.000000,"Transit",6007.00,1.145000,-0.0410
"L 98-59 b",0.83700000,0.01900000,-0.01900000,0.46000000,0.11000000,-0.11000000,"Mass",2.25311400000,4.300000,"Transit",3415.00,0.292300,-0.4600
"Kepler-1567 b",2.73000000,0.40000000,-0.23000000,7.90000000,,,"M-R relationship",153.97957800000,2.130000,"Transit",5655.00,0.950000,-0.0300
"Kepler-1406 b",1.10000000,0.18000000,-0.13000000,1.37000000,,,"M-R relationship",11.62905828000,5.660000,"Transit",5892.00,1.050000,0.0400
"Kepler-758 e",1.53000000,0.32000000,-0.25000000,2.96000000,,,"M-R relationship",8.19347190000,4.540000,"Transit",6228.00,1.160000,-0.1000
"Kepler-293 b",3.07000000,1.30000000,-1.30000000,9.64000000,,,"M-R relationship",19.25419600000,1.830000,"Transit",5804.00,0.934000,0.1000
"HD 135625 b",13.30000000,,,731.00533610,254.26272560,-95.34852210,"Mass",4055.00000000000,1.710000,"Radial Velocity",6040.64,1.280000,0.1200
"HD 153557 b",4.77000000,,,20.34101805,1.90697044,-2.22479885,"Msini",7.29903000000,1.030000,"Radial Velocity",4837.00,0.790000,
"GJ 2030 c",12.30000000,,,4069.15709482,742.12933034,-678.88147735,"Mass",25533.11353000000,12.000000,"Radial Velocity",5485.00,0.960000,-0.4000
"Kepler-1212 b",2.14000000,0.58000000,-0.27000000,5.22000000,,,"M-R relationship",12.94130146000,2.930000,"Transit",6051.00,1.100000,0.0300
"Kepler-679 b",3.01000000,0.32000000,-0.39000000,9.32000000,,,"M-R relationship",12.39358604000,1.880000,"Transit",5403.00,0.870000,-0.0900
"TOI-4794 b",14.35870428,0.49319515,-0.43715025,308.29355479,76.27881768,-73.10053361,"Mass",3.56581160000,0.570000,"Transit",6390.00,1.250000,-0.1020
"Kepler-1170 b",2.41000000,0.19000000,-0.17000000,6.39000000,,,"M-R relationship",9.98969327000,2.510000,"Transit",5069.00,0.800000,-0.0900
"Kepler-245 e",1.75000000,0.08000000,-0.06000000,1806.36000000,,,"Mass",3.21982105600,902.000000,"Transit",5174.00,0.860000,0.0500
"TOI-1836 c",2.59987579,0.22132646,-0.14409651,8.00000000,,,"Mass",1.77274710000,3.000000,"Transit",6237.00,1.251800,-0.1360
"HD 219828 c",12.20000000,,,5102.41724598,1118.75599264,-403.64207689,"Mass",4789.87297000000,15.400000,"Radial Velocity",5891.00,1.040000,0.1900
"Kepler-487 c",2.68000000,0.18000000,-0.49000000,7.65000000,,,"M-R relationship",38.65199760000,2.180000,"Transit",5444.00,0.910000,0.0000
"HD 162020 b",12.50000000,,,3127.44720000,874.03250000,-874.03250000,"Msini",8.42820000000,8.800000,"Radial Velocity",4723.00,0.420000,-0.1000
"TOI-2322 b",0.99400000,0.05700000,-0.05900000,2.31000000,2.67000000,-1.54000000,"Mass",11.30717000000,12.750000,"Transit",4664.00,0.703000,-0.1200
"K2-85 b",1.40000000,0.20000000,-0.20000000,3.20000000,1.30000000,-1.30000000,"Mass",0.68453862616,5.900000,"Transit",4232.00,0.700000,0.1400
"Kepler-473 b",4.08000000,0.79000000,-0.67000000,15.60000000,,,"M-R relationship",14.55731705000,1.260000,"Transit",5816.00,1.060000,0.1200
"TOI-2133 b",2.37000000,0.09000000,-0.09000000,6.21000000,,,"M-R relationship",3.82664720000,2.560000,"Transit",4250.00,0.644000,-0.0100
"Kepler-7 b",18.18099800,0.14571700,-0.14571700,140.16303000,13.66669000,-13.34886000,"Mass",4.88548920000,0.140000,"Transit",5933.00,1.359000,0.1100
"Kepler-1360 b",3.40000000,1.17000000,-0.76000000,11.50000000,,,"M-R relationship",40.52864130000,1.610000,"Transit",6778.00,1.510000,0.0600
"TOI-4406 b",11.20898070,0.22417961,-0.22417961,95.34852210,9.53485221,-9.53485221,"Mass",30.08364000000,0.372000,"Transit",6219.00,1.190000,0.1000
"HD 108147 b",10.90000000,,,82.95000000,12.71300000,-12.71300000,"Msini",10.89850000000,0.352000,"Radial Velocity",6255.73,1.220000,0.1803
"Kepler-611 b",1.65000000,0.51000000,-0.15000000,3.36000000,,,"M-R relationship",2.43703330200,4.110000,"Transit",5761.00,1.010000,0.0600
"Kepler-1635 b",3.64000000,0.33000000,-0.67000000,12.90000000,,,"M-R relationship",469.63111000000,1.470000,"Transit",5347.00,0.890000,0.0600
"11 Com b",12.20000000,,,4914.89848585,39.09289406,-39.72855088,"Msini",323.21000000000,14.900000,"Radial Velocity",4874.00,2.090000,-0.2600
"HD 136352 b",1.66400000,0.04300000,-0.04300000,4.72000000,0.42000000,-0.42000000,"Mass",11.57797000000,5.623888,"Radial Velocity",5664.00,0.870000,-0.2400
"Kepler-1388 e",2.46000000,0.14000000,-0.15000000,6.62000000,,,"M-R relationship",37.63270840000,2.440000,"Transit",4098.00,0.630000,0.0200
"CoRoT-6 b",13.06800000,0.39200000,-0.39200000,940.74000000,108.06000000,-108.06000000,"Mass",8.88659300000,2.320000,"Transit",6090.00,1.050000,-0.2000
"TOI-1173 b",9.19000000,0.18000000,-0.18000000,27.40000000,1.70000000,-1.70000000,"Mass",7.06466000000,0.195000,"Transit",5350.00,0.911000,0.1390
"WASP-127 b",14.69499900,0.28022500,-0.32506100,52.34660100,6.80156200,-5.46667600,"Mass",4.17806203000,0.097000,"Transit",5620.00,0.950000,-0.1930
"Kepler-1162 c",1.81000000,0.13000000,-0.11000000,3.93000000,,,"M-R relationship",59.28406400000,3.640000,"Transit",5225.00,0.861000,0.1400
"HD 134606 f",2.24000000,,,5.63000000,0.72000000,-0.69000000,"Msini",26.91500000000,2.750000,"Radial Velocity",5576.00,1.046000,0.3430
"Kepler-1991 c",2.57000000,0.36000000,-0.36000000,7.13000000,,,"M-R relationship",22.79020351000,2.310000,"Transit",5478.00,0.914000,0.1600
"Kepler-316 b",1.06000000,0.11000000,-0.11000000,1.20000000,,,"M-R relationship",2.24050800000,5.540000,"Transit",4204.00,0.587000,-0.2300
"Kepler-1560 b",0.89000000,0.18000000,-0.09000000,0.64000000,,,"M-R relationship",3.03195744000,4.990000,"Transit",5815.00,1.020000,0.0400
"Kepler-1440 b",1.26000000,0.23000000,-0.14000000,2.13000000,,,"M-R relationship",39.85948400000,5.850000,"Transit",5698.00,0.980000,0.0400
"Kepler-220 d",0.98000000,0.06000000,-0.06000000,0.90400000,,,"M-R relationship",28.12239700000,5.280000,"Transit",4632.00,0.729000,-0.1738
"HD 191939 b",3.41000000,0.07500000,-0.07500000,10.00000000,0.70000000,-0.70000000,"Mass",8.88032560000,1.400000,"Transit",5348.00,0.810000,-0.1500
"Kepler-1068 b",3.63000000,0.89000000,-0.37000000,12.80000000,,,"M-R relationship",16.92344113000,1.470000,"Transit",5806.00,1.010000,0.0300
"TOI-1273 b",11.09689089,2.46597575,-2.46597575,70.55790635,4.76742611,-4.76742611,"Mass",4.63129600000,0.280000,"Transit",5690.00,1.060000,0.0700
"Kepler-1317 b",1.56000000,0.09000000,-0.08000000,3.05000000,,,"M-R relationship",0.56887442700,4.410000,"Transit",5144.00,0.830000,-0.0100
"HAT-P-56 b",16.92559000,1.23299000,-1.23299000,734.18730000,139.84520000,-139.84520000,"Mass",2.79083000000,0.750000,"Transit",6566.00,1.420000,0.0000
"Kepler-462 b",3.00000000,0.20000000,-0.10000000,53.90000000,104.60000000,-23.80000000,"Mass",84.68660000000,9.300000,"Transit",7500.00,1.590000,0.0500
"TOI-1107 b",14.57167491,0.56044903,-0.56044903,1064.72516345,57.20911326,-57.20911326,"Mass",4.07823870000,1.890000,"Transit",6311.00,1.350000,-0.1000
"Kepler-1728 b",2.95501875,,,9.04000000,,,"M-R relationship",4.78299999200,1.930000,"Transit",5170.00,0.891000,0.1800
"Kepler-32 c",2.00000000,0.20000000,-0.20000000,158.90000000,,,"Mass",8.75220000000,0.330000,"Transit",3900.00,0.580000,0.0000
"HD 8574 b",13.40000000,,,645.19490000,44.49620000,-44.49620000,"Msini",227.00000000000,1.470000,"Radial Velocity",6064.00,1.340000,0.0100
"Kepler-62 e",1.61000000,0.05000000,-0.05000000,36.00000000,,,"Mass",122.38740000000,,"Transit",4925.00,0.690000,-0.3700
"TOI-6002 b",1.65000000,0.22000000,-0.19000000,3.36000000,,,"M-R relationship",10.90482100000,4.110000,"Transit",3229.00,0.210100,-0.1800
"Kepler-1370 c",1.27000000,0.56000000,-0.18000000,2.15000000,,,"M-R relationship",7.44142113000,5.770000,"Transit",6202.00,1.190000,0.0500
"KELT-2 A b",15.13215000,0.89672000,-0.89672000,540.31100000,69.92260000,-69.92260000,"Mass",4.11379000000,0.910000,"Transit",6327.00,1.540000,0.0000
"HATS-71 b",11.47801600,0.20176200,-0.20176200,117.59710000,76.27920000,-76.27920000,"Mass",3.79552020000,0.420000,"Transit",3405.00,0.486100,0.1700
"HATS-47 b",12.52045300,0.15692600,-0.15692600,117.27927000,9.85273000,-6.67443000,"Mass",3.92280380000,0.331000,"Transit",4512.00,0.674000,-0.1130
"Kepler-1619 b",0.76000000,0.15000000,-0.08000000,0.36300000,,,"M-R relationship",23.62259130000,4.540000,"Transit",5852.00,1.000000,-0.0700
"Kepler-591 b",3.39000000,0.55000000,-0.25000000,11.40000000,,,"M-R relationship",81.16942990000,1.610000,"Transit",5677.00,0.970000,0.0100
"K2-372 b",2.94500000,0.07700000,-0.07500000,8.98000000,,,"M-R relationship",9.84407700000,1.930000,"Transit",5479.00,0.847000,-0.0640
"Kepler-145 b",2.65000000,0.08000000,-0.08000000,37.10000000,11.60000000,-11.60000000,"Mass",22.95100000000,13.000000,"Transit",6022.00,1.320000,-0.0014
"PH1 b",6.18000000,0.17000000,-0.17000000,169.00000000,,,"Mass",138.31700000000,,"Transit",6407.00,1.528000,0.2100
"K2-72 c",1.16000000,0.13000000,-0.13000000,1.65000000,,,"M-R relationship",15.18903400000,5.810000,"Transit",3360.47,0.271365,
"KELT-6 b",14.57170000,1.00881000,-1.00881000,165.27160000,38.13960000,-38.13960000,"Mass",7.84570000000,0.270000,"Transit",6102.00,1.420000,-0.2800
"BD-13 2130 b",12.50000000,,,3108.37740000,1449.30480000,-1449.30480000,"Msini",714.29999000000,8.750000,"Radial Velocity",4545.00,2.120000,-0.0800
"Kepler-1746 b",8.93504475,,,59.10000000,,,"M-R relationship",321.21200560000,0.455000,"Transit",6018.00,1.090000,0.0600
"Kepler-269 c",1.69000000,0.80000000,-0.80000000,3.50000000,,,"M-R relationship",8.12789900000,3.980000,"Transit",5847.00,0.920000,0.4000
"Kepler-206 d",1.19000000,0.24000000,-0.24000000,1.81000000,,,"M-R relationship",23.44281000000,5.900000,"Transit",5764.00,0.957000,0.0213
"HD 89307 b",13.40000000,,,642.01338214,85.81366989,-47.67426105,"Mass",2166.00000000000,1.470000,"Radial Velocity",5955.00,1.270000,-0.1300
"HD 14787 b",13.70000000,,,356.28743000,21.93027000,-21.93027000,"Msini",676.60000000000,0.761000,"Radial Velocity",4946.00,1.430000,0.0000
"TOI-2524 b",11.20898070,0.22417961,-0.33626942,203.41018048,12.71313628,-12.71313628,"Mass",7.18585000000,0.790000,"Transit",5831.00,1.007000,0.0600
"Kepler-297 d",32.60000000,3.60000000,-2.94000000,,,,"Msini",150.01895110000,,"Transit",5618.00,0.846000,-0.2200
"HD 2638 b",14.30000000,,,133.48860000,9.53490000,-9.53490000,"Msini",3.44420000000,0.251000,"Radial Velocity",5186.00,0.770000,0.1300
"Kepler-995 b",2.70000000,0.19000000,-0.17000000,7.75000000,,,"M-R relationship",28.26731672000,2.160000,"Transit",5206.00,0.830000,-0.0700
"Kepler-236 c",2.00000000,0.17000000,-0.17000000,4.66000000,,,"M-R relationship",23.96812700000,3.200000,"Transit",3750.00,0.596005,-0.0500
"TOI-2328 b",9.97599282,0.33626942,-0.44835923,50.85254512,6.35656814,-6.35656814,"Mass",17.10197000000,0.290000,"Transit",5525.00,0.950000,0.0900
"HIP 67537 b",12.30000000,,,4309.11754211,1608.84739623,-757.70292229,"Mass",2523.64713000000,12.700000,"Radial Velocity",4985.00,2.316000,0.1500
"Kepler-305 c",3.30000000,0.82000000,-0.33000000,6.00000000,2.40000000,-2.20000000,"Mass",8.29100000000,0.917000,"Transit",5080.00,0.760000,0.0900
"HD 77338 b",4.12000000,,,15.90000000,4.70000000,-5.30000000,"Mass",5.73610000000,1.250000,"Radial Velocity",5341.00,1.370000,0.3200
"KOI-3503 c",1.21000000,0.28000000,-0.09000000,10.36000000,,,"Mass",31.82800000000,10.000000,"Transit",6001.00,0.858000,-0.5428
"TOI-2152 A b",14.35870428,0.56044903,-0.51561311,899.45439181,120.77479466,-117.59651059,"Mass",3.37735120000,1.670000,"Transit",6630.00,1.516000,0.2820
"HD 83443 b",14.10000000,,,127.76701961,2.54262726,-2.54262726,"Msini",2.98562800000,0.250000,"Radial Velocity",5442.00,1.000000,0.3400
"HD 133131 A b",13.60000000,,,451.31860000,12.71320000,-12.71320000,"Msini",649.00000000000,0.986000,"Radial Velocity",5799.00,0.950000,-0.3060
"HD 66428 c",13.50000000,,,560.64930995,1081.88789743,-13.03096469,"Mass",10478.84437000000,1.250000,"Radial Velocity",5716.00,1.010000,0.2300
"Kepler-607 b",0.87000000,0.06000000,-0.07000000,0.59000000,,,"M-R relationship",0.63816320400,4.920000,"Transit",5196.00,0.840000,-0.0200
"Kepler-860 b",3.24000000,0.81000000,-0.33000000,10.60000000,,,"M-R relationship",5.10137945400,1.710000,"Transit",5836.00,1.040000,0.0900
"HD 196067 b",12.40000000,,,3623.24383980,508.52545120,-508.52545120,"Mass",3413.70000000000,10.400000,"Radial Velocity",6072.00,1.160000,0.2130
"Kepler-1039 b",1.46000000,0.09000000,-0.22000000,2.73000000,,,"M-R relationship",0.93488424200,4.820000,"Transit",4870.00,0.790000,0.0100
"Kepler-228 c",2.70000000,1.24000000,-1.24000000,7.75000000,,,"M-R relationship",4.13444400000,2.160000,"Transit",6043.00,1.006000,0.1800
"TIC 178172313 b",2.80405322,0.87657907,-0.42159846,8.27000000,,,"M-R relationship",4.37318161360,2.060000,"Transit",5405.59,0.910000,
"Kepler-378 b",0.75000000,0.15000000,-0.15000000,0.34700000,,,"M-R relationship",16.09236100000,4.520000,"Transit",4661.00,0.780000,0.1369
"HD 4208 b",13.90000000,,,257.44230000,4.44962000,-4.76745000,"Msini",832.97000000000,0.527000,"Radial Velocity",5717.00,0.883000,-0.2800
"HD 148156 b",13.90000000,,,270.14400000,212.93700000,-15.89080000,"Msini",1027.00000000000,0.553000,"Radial Velocity",6308.00,1.220000,0.2900
"HD 168746 b",11.10000000,,,85.81410000,6.35660000,-6.35660000,"Msini",6.40400000000,0.345000,"Radial Velocity",5570.00,1.070000,-0.0800
"HD 20781 c",2.17000000,,,5.33000000,0.70000000,-0.67000000,"Msini",13.89050000000,2.870000,"Radial Velocity",5256.00,0.700000,-0.1100
"Kepler-1779 b",3.03295685,,,9.44000000,,,"M-R relationship",16.34359932000,1.860000,"Transit",5730.00,1.008000,0.1600
"K2-32 d",3.48400000,0.11200000,-0.12900000,6.70000000,2.50000000,-2.50000000,"Mass",31.71701000000,0.870000,"Transit",5271.00,0.830000,-0.0600
"HD 100508 b",13.70000000,,,381.39408840,95.34852210,-57.20911326,"Mass",5681.00000000000,0.815000,"Radial Velocity",5419.00,0.940000,0.3300
"HD 184010 b",12.10000000,,,98.52680617,9.53485221,-12.71313628,"Msini",286.60000000000,0.306000,"Radial Velocity",4971.00,1.350000,-0.1700
"Kepler-1220 b",1.52000000,0.33000000,-0.19000000,2.92000000,,,"M-R relationship",7.42693741000,4.570000,"Transit",5842.00,1.000000,-0.0400
"Kepler-1119 b",1.92000000,0.63000000,-0.30000000,4.35000000,,,"M-R relationship",8.32651530000,3.380000,"Transit",6083.00,1.110000,0.0300
"Kepler-146 b",3.71000000,0.70000000,-0.70000000,13.30000000,,,"M-R relationship",31.15879900000,1.430000,"Transit",5948.00,1.079000,-0.0261
"HD 82943 b",13.50000000,,,534.25000000,8.89900000,-8.89900000,"Mass",441.47000000000,1.190000,"Radial Velocity",5935.00,1.080000,0.2600
"TOI-2084 b",2.47000000,0.13000000,-0.13000000,6.66000000,,,"M-R relationship",6.07842470000,2.430000,"Transit",3551.00,0.453000,-0.1300
"HD 109749 b",11.10000000,,,85.81410000,14.30235000,-14.30235000,"Msini",5.23989100000,0.345000,"Radial Velocity",5824.00,1.130000,0.2400
"HD 4760 b",12.30000000,,,4417.83700000,762.79200000,-762.79200000,"Msini",434.00000000000,13.000000,"Radial Velocity",4076.00,1.050000,-0.9100
"TOI-2093 c",2.30000000,0.12000000,-0.12000000,15.80000000,3.60000000,-3.80000000,"Mass",53.81149000000,7.000000,"Transit",4426.00,0.745000,-0.0800
"HAT-P-7 b",16.92559000,2.35389000,-2.35389000,584.80720000,168.44990000,-168.44990000,"Mass",2.20474000000,0.712000,"Transit",6389.00,1.560000,0.2600
"TOI-2015 c",2.93000000,,,8.91000000,0.38000000,-0.40000000,"Mass",5.58279600000,1.950000,"Transit Timing Variations",3297.00,0.304100,-0.3100
"HIP 113103 c",2.40000000,0.10000000,-0.08000000,6.35000000,,,"M-R relationship",14.24564800000,2.520000,"Transit",4930.00,0.761000,-0.1000
"Kepler-1254 b",1.55000000,0.09000000,-0.12000000,3.02000000,,,"M-R relationship",9.99113313000,4.460000,"Transit",4985.00,0.780000,-0.1000
"TOI-5788 c",2.27200000,0.03900000,-0.03900000,6.40000000,1.20000000,-1.20000000,"Mass",16.21336200000,3.032489,"Transit",5615.00,0.870000,-0.3200
"Kepler-30 b",3.90000000,0.20000000,-0.20000000,11.30000000,1.40000000,-1.40000000,"Mass",29.33434000000,1.020000,"Transit",5498.00,0.990000,0.1800
"Kepler-909 b",1.47000000,0.16000000,-0.11000000,2.76000000,,,"M-R relationship",13.93290318000,4.770000,"Transit",6154.00,1.170000,0.0800
"Kepler-1488 b",1.86000000,0.42000000,-0.37000000,4.12000000,,,"M-R relationship",39.81899320000,3.520000,"Transit",5820.00,1.050000,0.0600
"Kepler-557 b",2.67000000,0.80000000,-0.38000000,7.61000000,,,"M-R relationship",3.70598955100,2.200000,"Transit",6068.00,1.110000,0.0200
"K2-342 b",2.03000000,0.13000000,-0.09000000,4.78000000,,,"M-R relationship",11.56105200000,3.140000,"Transit",5920.00,1.010000,-0.0600
"K2-195 b",3.13000000,0.12000000,-0.12000000,9.96000000,,,"M-R relationship",15.85297500000,1.780000,"Transit",5713.00,0.940000,-0.1000
"Kepler-842 b",1.60000000,0.08000000,-0.09000000,3.19000000,,,"M-R relationship",1.21956827000,4.280000,"Transit",4848.00,0.780000,-0.0200
"TOI-5292 A b",12.64373023,0.43715025,-0.41473229,412.85910069,25.74410097,-23.51930212,"Mass",2.02191000000,1.120000,"Transit",3919.00,0.596000,0.3300
"Kepler-81 c",2.37000000,0.37000000,-0.37000000,4.30000000,2.70000000,-1.80000000,"Mass",12.04000000000,1.770000,"Transit",4385.00,0.640000,-0.1800
"Kepler-196 b",1.90000000,0.15000000,-0.15000000,4.27000000,,,"M-R relationship",20.73988600000,3.420000,"Transit",5128.00,0.839000,0.0300
"Kepler-179 b",1.64000000,0.68000000,-0.68000000,3.33000000,,,"M-R relationship",2.73592600000,4.150000,"Transit",5302.00,0.893000,0.1200
"TIC 365102760 b",6.21000000,0.76000000,-0.76000000,19.20000000,4.20000000,-4.20000000,"Mass",4.21285367000,0.437000,"Transit",4900.00,1.170000,0.0900
"K2-146 b",2.05000000,0.06000000,-0.06000000,5.77000000,0.18000000,-0.18000000,"Mass",2.64460000000,3.690000,"Transit",3385.00,0.331000,-0.0200
"WASP-158 b",11.99363000,1.68135000,-1.68135000,886.74570000,73.10090000,-73.10090000,"Mass",3.65633300000,3.100000,"Transit",6350.00,1.380000,0.2400
"KIC 3526061 b",12.10000000,,,5768.58558705,139.84449908,-139.84449908,"Msini",3552.00000000000,17.900000,"Radial Velocity",4829.00,1.420000,0.1200
"Kepler-711 b",3.41000000,0.34000000,-0.63000000,11.50000000,,,"M-R relationship",23.58914398000,1.590000,"Transit",5222.00,0.840000,-0.0400
"TOI-1347 b",1.80000000,0.10000000,-0.10000000,11.10000000,1.20000000,-1.20000000,"Mass",0.84742346000,9.900000,"Transit",5464.00,0.913000,0.0400
"Kepler-738 b",2.50000000,0.20000000,-0.17000000,6.80000000,,,"M-R relationship",24.58721573000,2.390000,"Transit",5327.00,0.860000,-0.0900
"Kepler-131 b",2.41000000,0.20000000,-0.20000000,16.13000000,3.50000000,-3.50000000,"Mass",16.09200000000,6.000000,"Transit",5685.00,1.020000,0.1200
"HIP 29442 d",1.53800000,0.04900000,-0.04900000,5.14000000,0.41000000,-0.41000000,"Mass",6.42957500000,11.000000,"Radial Velocity",5289.00,0.901000,0.2400
"Kepler-1941 b",2.64976949,,,7.51000000,,,"M-R relationship",31.33510017000,2.220000,"Transit",6404.00,1.175000,-0.0600
"Kepler-1850 b",0.72909663,,,0.31300000,,,"M-R relationship",1.38580000400,4.440000,"Transit",4239.00,0.611000,-0.2200
"K2-28 b",2.32000000,0.24000000,-0.24000000,5.99000000,,,"M-R relationship",2.26045500000,2.640000,"Transit",3214.00,0.257000,0.2600
"HD 34445 b",13.90000000,,,260.62060000,28.60470000,-28.60470000,"Msini",1049.00000000000,0.533000,"Radial Velocity",5879.00,1.140000,0.1800
"TOI-2796 b",17.26183028,,,139.84449908,31.78284070,-34.96112477,"Mass",4.80849830000,0.150000,"Transit",5764.00,1.063000,0.2390
"TOI-6054.02",2.82000000,0.17000000,-0.16000000,9.30000000,1.90000000,-1.90000000,"Mass",12.56363600000,2.250000,"Transit",6047.00,1.107000,-0.0700
"TOI-2184 b",11.39953337,0.57165802,-0.57165802,206.58846455,50.85254512,-50.85254512,"Mass",6.90683000000,0.760000,"Transit",5966.00,1.530000,0.1400
"WASP-26 b",13.56289000,1.68135000,-1.68135000,270.15550000,73.10090000,-73.10090000,"Mass",2.75660000000,0.703000,"Transit",6034.00,0.860000,0.1600
"Kepler-92 d",2.06700000,0.05600000,-0.05600000,11.86668060,11.28149826,-11.28149826,"Msini",49.35680000000,7.457871,"Transit",5904.34,1.070000,0.1381
"TOI-2005 b",11.99360935,0.67253884,-1.23298788,2034.10180480,,,"Mass",17.30590400000,,"Transit",7130.00,1.590000,0.0000
"K2-199 c",2.85000000,0.10000000,-0.09000000,12.40000000,2.30000000,-2.30000000,"Mass",7.37448970000,2.900000,"Transit",4491.00,0.711000,-0.0100
"Kepler-341 b",1.18000000,0.62000000,-0.62000000,1.76000000,,,"M-R relationship",5.19552800000,5.890000,"Transit",6012.00,0.976000,0.0700
"Kepler-197 e",0.91000000,0.04000000,-0.04000000,0.69300000,,,"M-R relationship",25.20971500000,5.050000,"Transit",6004.00,0.857000,-0.4410
"TOI-1260 d",3.12000000,0.08000000,-0.08000000,11.84000000,7.79000000,-7.79000000,"Mass",16.60816400000,2.140000,"Transit",4227.00,0.679000,-0.1000
"K2-402 b",2.67800000,0.21300000,-0.19500000,7.65000000,,,"M-R relationship",17.27474000000,2.190000,"Transit",5716.00,0.944000,-0.3780
"Kepler-194 d",2.40000000,1.26000000,-1.26000000,6.35000000,,,"M-R relationship",52.81497300000,2.520000,"Transit",6089.00,0.940000,-0.0300
"K2-160 b",3.17824034,0.21418014,-0.14547330,10.20000000,,,"M-R relationship",3.70587100000,1.750000,"Transit",5649.00,0.982829,0.0700
"K2-239 c",1.00000000,0.10000000,-0.10000000,0.97200000,,,"M-R relationship",7.77500000000,5.340000,"Transit",3420.00,0.400000,-0.1000
"KIC 9663113 b",4.60000000,0.60000000,-0.70000000,19.20000000,,,"M-R relationship",572.38470000000,1.080000,"Transit",6065.00,0.980000,-0.2800
"HAT-P-58 b",14.93036229,0.48198617,-0.48198617,118.23216740,9.53485221,-9.53485221,"Mass",4.01383790000,0.194000,"Transit",6078.00,1.031000,-0.2240
"Kepler-1879 b",2.06512018,,,4.92000000,,,"M-R relationship",10.61340046000,3.070000,"Transit",5865.00,1.023000,0.0000
"WASP-58 b",16.02887000,1.56926000,-1.56926000,308.29510000,88.99240000,-88.99240000,"Mass",5.01718000000,0.450000,"Transit",5800.00,1.060000,-0.4500
"Kepler-723 b",12.19000000,1.58000000,-0.79000000,,,,"Msini",4.08227506800,,"Transit",5539.00,0.920000,0.0000
"HD 88986 b",2.49000000,0.18000000,-0.18000000,17.20000000,4.00000000,-3.80000000,"Mass",146.05000000000,6.100000,"Radial Velocity",5861.00,1.250000,0.0600
"Kepler-1694 b",1.17986031,,,1.76000000,,,"M-R relationship",3.89526000000,5.890000,"Transit",4954.00,0.820000,0.1400
"Kepler-20 c",2.89400000,0.03600000,-0.03300000,11.10000000,2.10000000,-2.10000000,"Mass",10.85407740000,2.510000,"Transit",5495.00,0.929000,0.0700
"Kepler-114 c",1.60000000,0.18000000,-0.18000000,2.80000000,0.60000000,-0.60000000,"Mass",8.04100000000,1.180000,"Transit",4660.00,0.560000,0.2291
"K2-79 b",4.15000000,0.19000000,-0.18000000,5.90000000,2.60000000,-2.60000000,"Mass",10.99503900000,0.476928,"Transit",5897.00,1.060000,0.0350
"GJ 1061 b",1.04000000,,,1.11000000,0.11000000,-0.09000000,"Mass",3.20730000000,5.420000,"Radial Velocity",2953.00,0.120000,-0.0800
"HD 18143 c",12.50000000,,,3177.64841319,623.26150613,-594.65694950,"Mass",28982.41764000000,8.940000,"Radial Velocity",5078.00,0.850000,0.2800
"Kepler-392 b",1.00000000,0.21000000,-0.21000000,0.97200000,,,"M-R relationship",5.34185300000,5.340000,"Transit",5938.00,0.874000,-0.4362
"HD 213519 b",2.99000000,,,9.21702380,2.86045566,-1.27131363,"Msini",11.12214000000,1.890000,"Radial Velocity",5840.00,1.050000,0.0100
"24 Boo b",13.90000000,,,280.64248338,11.44182265,-13.66662150,"Msini",30.33000000000,0.574000,"Radial Velocity",4816.00,1.050000,-0.7800
"TOI-4930 b",6.93277225,0.56664636,-0.53497392,38.40000000,,,"M-R relationship",6.78130241498,0.633000,"Transit",5624.72,1.040000,
"Kepler-411 b",2.40100000,0.05300000,-0.05300000,25.60000000,2.60000000,-2.60000000,"Mass",3.00515600000,10.300000,"Transit",4974.00,0.870000,0.2100
"TOI-954 b",9.55006800,0.59407700,-0.69495800,55.30242000,5.72094000,-5.40311000,"Mass",3.68497290000,0.350000,"Transit",5710.00,1.201000,0.2150
"Kepler-347 b",1.97000000,0.94000000,-0.94000000,4.54000000,,,"M-R relationship",12.79836000000,3.260000,"Transit",6088.00,0.922000,-0.1400
"TOI-4559 b",1.41500000,0.12600000,-0.11200000,2.59000000,,,"M-R relationship",3.96599100000,5.020000,"Transit",3558.00,0.392000,-0.0900
"TOI-5319 b",2.83000000,0.57000000,-0.59000000,8.40000000,,,"M-R relationship",4.07853000000,2.040000,"Transit",3580.00,0.500000,
"Kepler-1721 b",3.11856756,,,9.90000000,,,"M-R relationship",4.59238004700,1.790000,"Transit",5351.00,0.890000,-0.0400
"KOI-4978 b",0.70000000,0.10000000,-0.10000000,0.27100000,,,"M-R relationship",0.94196700000,4.340000,"Transit",5050.28,0.859000,0.1800
"HD 224538 b",12.70000000,,,2075.73732612,583.53295525,-110.92211404,"Mass",1202.05199000000,5.570000,"Radial Velocity",6097.00,1.230000,0.2700
"Kepler-819 b",2.76000000,0.25000000,-0.17000000,8.05000000,,,"M-R relationship",33.19956480000,2.100000,"Transit",5279.00,0.860000,-0.0600
"HAT-P-20 b",9.71800000,0.37000000,-0.37000000,2302.89900000,59.43200000,-59.43200000,"Mass",2.87531700000,13.780000,"Transit",4595.00,0.756000,0.3500
"Kepler-749 b",3.10000000,0.23000000,-0.26000000,9.80000000,,,"M-R relationship",17.31716585000,1.810000,"Transit",5009.00,0.790000,-0.1100
"Kepler-1446 b",0.82000000,0.04000000,-0.02000000,0.47700000,,,"M-R relationship",0.68996783200,4.750000,"Transit",4865.00,0.810000,0.1100
"HATS-66 b",15.81589900,0.94155600,-0.94155600,1694.03390000,216.12440000,-216.12440000,"Mass",3.14143910000,2.340000,"Transit",6626.00,1.411000,-0.0170
"GJ 238 b",0.56600000,0.01400000,-0.01400000,0.12600000,,,"M-R relationship",1.74469990000,3.820000,"Transit",3485.00,0.419300,0.1500
"HIP 4845 b",3.89000000,,,14.40000000,3.00000000,-3.00000000,"Msini",34.15000000000,1.340000,"Radial Velocity",4010.00,0.620000,
"HATS-53 b",15.02006000,0.62770400,-0.62770400,189.10885000,28.28687000,-28.28687000,"Mass",3.85377680000,0.303000,"Transit",5644.00,0.964000,
"HAT-P-22 b",12.89035000,2.12971000,-2.12971000,785.04010000,101.70560000,-101.70560000,"Mass",3.21222000000,2.140000,"Transit",5302.00,1.130000,0.2400
"K2-381 c",2.00000000,0.18400000,-0.14800000,4.66000000,,,"M-R relationship",16.03465600000,3.200000,"Transit",4473.00,0.754000,-0.2440
"TOI-700 d",1.07300000,0.05900000,-0.05400000,1.25000000,,,"M-R relationship",37.42396000000,5.560000,"Transit",3459.00,0.415000,-0.0700
"Qatar-5 b",12.40836300,0.71737600,-0.71737600,1373.02560000,57.20940000,-57.20940000,"Mass",2.87923190000,3.950000,"Transit",5747.00,1.128000,0.3770
"Kepler-1354 b",2.97000000,1.22000000,-0.50000000,9.11000000,,,"M-R relationship",76.61337700000,1.910000,"Transit",6168.00,1.160000,0.0300
"TOI-5422 b",9.10169233,0.34747840,-0.28022452,8899.19539600,508.52545120,-381.39408840,"Mass",5.37721900000,65.800000,"Transit",5820.00,1.066000,-0.0120
"Kepler-607 c",2.76001201,,,8.05000000,,,"M-R relationship",39.67679977000,2.100000,"Transit",5244.00,0.808000,0.0200
"GJ 9689 b",3.07000000,,,9.65000000,1.41000000,-1.41000000,"Msini",18.27000000000,1.830000,"Radial Velocity",3836.00,0.590000,0.0500
"Kepler-1715 b",4.14042267,,,16.00000000,,,"M-R relationship",35.59730148000,1.240000,"Transit",6212.00,1.082000,-0.0400
"K2-16 b",2.02000000,0.24000000,-0.24000000,4.74000000,,,"M-R relationship",7.61880000000,3.160000,"Transit",4742.00,0.680000,-0.3300
"WASP-161 b",12.81188700,0.72858500,-0.65012200,791.39670000,66.74430000,-66.74430000,"Mass",5.40604250000,2.200000,"Transit",6400.00,1.390000,0.1600
"Kepler-259 b",2.80000000,1.37000000,-1.37000000,8.25000000,,,"M-R relationship",8.11531700000,2.070000,"Transit",5938.00,0.867000,-0.0900
"Kepler-823 b",1.57000000,0.31000000,-0.14000000,3.09000000,,,"M-R relationship",4.16809082000,4.390000,"Transit",5643.00,0.980000,0.0600
"Kepler-1727 b",3.17321625,,,10.20000000,,,"M-R relationship",9.02929973600,1.750000,"Transit",5349.00,0.824000,-0.1200
"HD 79181 b",14.10000000,,,203.41018048,19.06970442,-50.85254512,"Msini",273.10000000000,0.399000,"Radial Velocity",4862.00,1.280000,-0.2800
"Kepler-197 d",1.22000000,0.10000000,-0.10000000,1.98000000,,,"M-R relationship",15.67756300000,5.990000,"Transit",6004.00,0.857000,-0.4410
"GJ 3323 c",1.32000000,,,2.31000000,0.50000000,-0.49000000,"Msini",40.54000000000,5.520000,"Radial Velocity",3159.00,0.164000,-0.2700
"Kepler-1092 b",2.07000000,0.37000000,-0.24000000,4.94000000,,,"M-R relationship",58.60179250000,3.060000,"Transit",5862.00,0.990000,-0.0900
"Kepler-184 d",2.49000000,1.41000000,-1.41000000,6.76000000,,,"M-R relationship",29.02235800000,2.410000,"Transit",5788.00,0.872000,-0.1958
"K2-90 c",1.30000000,0.13000000,-0.11000000,2.24000000,,,"M-R relationship",2.90070600000,5.600000,"Transit",4421.98,0.704613,-0.2250
"Kepler-601 b",1.90000000,0.27000000,-0.18000000,4.27000000,,,"M-R relationship",5.37886844100,3.420000,"Transit",5160.00,0.850000,-0.0200
"Kepler-781 b",2.89000000,0.49000000,-0.24000000,8.70000000,,,"M-R relationship",13.21407320000,1.980000,"Transit",5162.00,0.810000,-0.1000
"Kepler-1150 b",1.02000000,0.06000000,-0.06000000,1.04000000,,,"M-R relationship",2.78786838600,5.390000,"Transit",4754.00,0.760000,0.0100
"Kepler-390 c",0.79000000,0.08000000,-0.08000000,0.41800000,,,"M-R relationship",13.06002200000,4.660000,"Transit",5166.00,0.787000,-0.0443
"Kepler-1513 c",11.00000000,,,84.54235626,31.14718389,-20.02318964,"Mass",841.40000000000,0.349000,"Transit Timing Variations",5491.00,0.943000,0.1700
"K2-62 c",1.99000000,0.19000000,-0.07000000,4.62000000,,,"M-R relationship",16.19697000000,3.220000,"Transit",4455.00,0.670000,-0.1000
"TOI-178 d",2.69500000,0.04100000,-0.04600000,5.20000000,0.39000000,-0.43000000,"Mass",6.55756900000,1.461108,"Transit",4316.00,0.647000,-0.2300
"HD 189733 b",12.66617000,0.11209000,-0.11209000,359.14790000,25.42640000,-25.42640000,"Mass",2.21857567000,0.943000,"Radial Velocity",5052.00,0.790000,-0.0200
"K2-72 b",1.08000000,0.11000000,-0.11000000,1.28000000,,,"M-R relationship",5.57721200000,5.580000,"Transit",3360.47,0.271365,
"HD 155358 b",13.80000000,,,314.65170000,25.42640000,-25.42640000,"Msini",194.30000000000,0.658000,"Radial Velocity",5905.00,1.150000,-0.6000
"TOI-2104 b",1.52898127,0.13889258,-0.12285756,2.95000000,,,"M-R relationship",5.90437045700,4.540000,"Transit",4856.13,0.800000,
"DS Tuc A b",5.70000000,0.17000000,-0.17000000,413.17900000,,,"Mass",8.13826800000,,"Transit",5428.00,1.010000,0.0000
"Kepler-222 d",3.69000000,1.63000000,-1.63000000,13.20000000,,,"M-R relationship",28.08191200000,1.440000,"Transit",5433.00,0.933000,0.3300
"TOI-2257 b",2.19400000,0.11300000,-0.11100000,5.45000000,,,"M-R relationship",35.18934600000,2.840000,"Transit",3430.00,0.328000,-0.2700
"K2-285 d",2.48000000,0.06000000,-0.06000000,6.50000000,,,"Mass",10.45582000000,,"Transit",4975.00,0.830000,0.0000
"HD 140901 c",13.40000000,,,572.09113260,158.91420350,-158.91420350,"Mass",14386.00000000000,1.310000,"Radial Velocity",5610.00,1.060000,0.0859
"Kepler-104 d",3.58000000,0.61000000,-0.61000000,5.54022107,4.62828103,-4.62828103,"Msini",51.75539400000,1.668541,"Transit",5711.00,0.818000,-0.4200
"GJ 3293 c",4.87000000,,,21.09000000,1.24000000,-1.26000000,"Msini",122.61960000000,1.000000,"Radial Velocity",3466.00,0.420000,0.0200
"Kepler-38 b",4.30000000,0.11000000,-0.11000000,122.00000000,,,"Mass",105.59900000000,,"Transit",5623.00,0.941000,-0.1100
"Kepler-1918 b",2.29763023,,,5.89000000,,,"M-R relationship",47.05640030000,2.670000,"Transit",5889.00,0.967000,-0.1600
"Kepler-20 e",0.82100000,0.02200000,-0.02200000,0.76000000,,,"Mass",6.09848820000,7.500000,"Transit",5495.00,0.929000,0.0700
"TOI-1438 c",2.75000000,0.14000000,-0.14000000,10.60000000,2.10000000,-2.10000000,"Mass",9.42808900000,2.900000,"Transit",5230.00,0.876000,0.0300
"HIP 97233 b",12.10000000,,,6098.17364511,1157.84888670,-102.97640387,"Mass",1062.26506000000,18.900000,"Radial Velocity",5020.00,1.810000,0.2900
"Kepler-247 d",3.94000000,1.10000000,-1.10000000,14.70000000,,,"M-R relationship",20.47791200000,1.320000,"Transit",5100.00,0.887000,0.3000
"K2-114 b",10.59248676,0.32506044,-0.31385146,638.83509807,38.13940884,-38.13940884,"Mass",11.39093100000,2.960000,"Transit",4899.00,0.863000,0.4200
"TOI-1518 b",21.05046575,0.47077719,-0.47077719,581.62598481,149.37935129,-149.37935129,"Mass",1.90261131000,0.343000,"Transit",7299.00,1.880000,-0.1000
"Kepler-85 d",1.20000000,0.19000000,-0.19000000,8.69679000,,,"Mass",17.91323000000,4.400000,"Transit",5436.00,0.947000,0.1200
"NGTS-25 b",11.46678726,0.39231432,-0.58286700,203.09235207,18.43404761,-16.52707716,"Mass",2.82309300000,0.740000,"Transit",5321.00,0.910000,0.1200
"Kepler-813 b",2.14000000,0.42000000,-0.19000000,5.22000000,,,"M-R relationship",19.12947337000,2.930000,"Transit",5743.00,0.950000,-0.1300
"GJ 649 b",10.80000000,,,81.99972901,7.31005336,-6.99222495,"Msini",600.10000000000,0.358000,"Radial Velocity",3734.00,0.510000,-0.1500
"EPIC 220554210 c",1.60000000,0.10000000,-0.10000000,3.19000000,,,"M-R relationship",0.70531000000,4.280000,"Transit",5499.00,0.940000,-0.2300
"NN Ser c",12.60000000,,,2329.60000000,98.52000000,-98.52000000,"Mass",6987.00000000000,6.400000,"Eclipse Timing Variations",57000.00,0.535000,
"MASCARA-1 b",17.90074218,0.20176165,-0.21297063,1175.97100000,286.04700000,-286.04700000,"Mass",2.14877381000,1.500000,"Transit",7490.00,1.900000,0.1500
"TOI-277 b",2.65000000,0.18000000,-0.18000000,7.51000000,,,"M-R relationship",3.99400000000,2.220000,"Transit",4031.00,0.160000,-0.0100
"TOI-2525 c",10.13291855,0.11208981,-0.11208981,208.81326340,9.85268062,-10.17050902,"Mass",49.25190000000,1.110000,"Transit",5096.00,0.849000,0.1400
"Kepler-438 b",1.12000000,0.16000000,-0.17000000,1.46000000,,,"M-R relationship",35.23319000000,5.710000,"Transit",3748.00,0.544000,0.1600
"ZTF J1828+2308 b",11.13051784,0.21297063,-0.21297063,6356.56814000,317.82840700,-317.82840700,"Mass",0.11200670000,25.300000,"Transit",15900.00,0.610000,
"Kepler-693 b",10.18000000,0.50000000,-0.77000000,73.80000000,,,"M-R relationship",15.37563332000,0.384000,"Transit",4881.00,0.760000,-0.1000
"TOI-2025 b",11.89272852,0.36989636,-0.34747840,1144.18226520,104.88337431,-104.88337431,"Mass",8.87209820000,3.740000,"Transit",5977.00,1.199000,0.1500
"TOI-1248 b",6.80848590,0.11671600,-0.12027714,27.40000000,3.60000000,-3.50000000,"Mass",4.36015610000,0.470000,"Transit",5205.00,0.904200,0.2230
"TIC 139270665 c",12.90000000,,,1554.18091023,209.76674862,-117.59651059,"Msini",1010.00000000000,3.980000,"Radial Velocity",5844.00,1.035000,0.1560
"Kepler-387 b",1.03000000,0.24000000,-0.24000000,1.08000000,,,"M-R relationship",6.79163600000,5.430000,"Transit",5774.00,0.850000,-0.3000
"K2-263 b",2.51300000,0.11000000,-0.09500000,15.40000000,2.40000000,-2.50000000,"Mass",50.81917200000,5.650354,"Transit",5368.00,0.880000,-0.0800
"HD 192310 c",5.25000000,,,24.00000000,5.00000000,-5.00000000,"Msin(i)/sin(i)",525.80000000000,0.911000,"Radial Velocity",5166.00,0.800000,-0.0400
"WASP-110 b",13.19297028,0.31385146,-0.26901554,154.78243421,16.52707716,-17.16273398,"Mass",3.77840220000,0.396533,"Transit",5392.00,0.814000,-0.1500
"Kepler-1423 b",1.06000000,0.09000000,-0.07000000,1.20000000,,,"M-R relationship",23.95537800000,5.540000,"Transit",4939.00,0.790000,-0.0200
"Kepler-1869 b",1.11955354,,,1.46000000,,,"M-R relationship",8.16736030600,5.720000,"Transit",5808.00,0.987000,-0.0600
"Kepler-8 b",15.87194400,0.59407700,-0.69495800,187.51970000,41.31790000,-38.13960000,"Mass",3.52249910000,0.270000,"Transit",6213.00,1.213000,-0.0550
"KOI-142 b",3.43800000,0.07500000,-0.07500000,9.50000000,1.10000000,-1.10000000,"Mass",10.91647000000,1.290000,"Transit",5466.00,0.990000,0.2700
"Kepler-1998 b",0.60000000,0.08000000,-0.04000000,0.15600000,,,"M-R relationship",3.03267135000,3.970000,"Transit",5640.00,0.962000,0.0600
"TOI-6695 c",13.60000000,,,460.85119015,9.53485221,-9.53485221,"Msini",242.40000000000,1.010000,"Radial Velocity",6400.00,1.338000,0.2000
"EPIC 206317286 b",0.96000000,0.11000000,-0.15000000,0.84000000,,,"M-R relationship",1.58252000000,5.220000,"Transit",4752.00,0.711000,0.0190
"Kepler-80 c",2.74000000,0.12000000,-0.10000000,6.74000000,1.23000000,-0.86000000,"Mass",9.52355000000,1.220000,"Transit",4540.00,0.730000,0.0400
"HD 73267 b",13.00000000,,,1321.53051631,216.44114517,-164.95294323,"Mass",1257.99159000000,3.310000,"Radial Velocity",5387.00,0.930000,0.0300
"EPIC 211822797 b",1.92000000,0.12000000,-0.07000000,4.35000000,,,"M-R relationship",21.17019630000,3.380000,"Transit",4057.00,0.620000,0.2000
"Kepler-307 b",2.43000000,0.09000000,-0.09000000,7.44000000,0.91000000,-0.87000000,"Mass",10.42080000000,2.620000,"Transit",5367.00,0.907000,0.1900
"K2-285 e",1.95000000,0.05000000,-0.05000000,10.70000000,,,"Mass",14.76289000000,,"Transit",4975.00,0.830000,0.0000
"Kepler-19 d",5.06000000,,,22.50000000,1.20000000,-5.60000000,"Mass",62.95000000000,0.954000,"Radial Velocity",5544.00,0.936000,-0.0800
"HD 18742 b",13.10000000,,,1080.62200000,381.39600000,-381.39600000,"Msini",766.00000000000,2.640000,"Radial Velocity",4940.00,1.360000,-0.0400
"Kepler-731 b",13.88000000,3.18000000,-1.52000000,,,,"Msini",3.85560355100,,"Transit",5849.00,1.030000,0.0400
"KOI-351 e",2.66000000,0.29000000,-0.29000000,7.56000000,,,"M-R relationship",91.93913000000,2.210000,"Transit",6080.00,1.200000,-0.1200
"TOI-4640 b",2.84326517,0.26912040,-0.25931352,8.46000000,,,"M-R relationship",2.68566015238,2.020000,"Transit",5743.01,1.100000,
"Kepler-432 b",12.83430500,0.40352400,-0.43715100,1719.46030000,101.70560000,-57.20940000,"Mass",52.50112900000,4.460000,"Transit",4995.00,1.320000,-0.0700
"Kepler-1213 b",1.19000000,0.13000000,-0.10000000,1.81000000,,,"M-R relationship",5.34982412000,5.900000,"Transit",6050.00,1.140000,0.1300
"K2-8 c",2.41000000,0.33000000,-0.33000000,6.39000000,,,"M-R relationship",5.06416000000,2.510000,"Transit",4870.00,0.780000,-0.0200
"K2-268 d",1.49000000,0.14000000,-0.07000000,2.83000000,,,"M-R relationship",4.52859800000,4.700000,"Transit",5106.00,0.840000,0.0300
"Kepler-1655 b",2.21300000,0.08200000,-0.08200000,5.40000000,1.70000000,-1.70000000,"Mass",11.87287870000,2.720000,"Transit",6148.00,1.030000,-0.2400
"HD 191939 g",3.74000000,,,13.50000000,2.00000000,-2.00000000,"Msini",284.00000000000,1.420000,"Radial Velocity",5348.00,0.810000,-0.1500
"K2-87 b",7.60000000,0.40000000,-0.40000000,44.90000000,,,"M-R relationship",9.72661800000,0.562000,"Transit",5747.00,1.164000,0.3280
"TOI-1438 b",3.04000000,0.19000000,-0.19000000,9.40000000,1.80000000,-1.80000000,"Mass",5.13967000000,1.800000,"Transit",5230.00,0.876000,0.0300
"Kepler-849 b",8.08167508,0.30264248,-0.32506044,298.75870258,63.56568140,-63.56568140,"Mass",394.62508000000,3.090000,"Transit",5950.00,1.259000,0.1450
"Kepler-1938 b",1.82828927,,,4.00000000,,,"M-R relationship",13.06260014000,3.600000,"Transit",4522.00,0.646000,-0.2200
"K2-220 b",2.37000000,0.14000000,-0.07000000,6.21000000,,,"M-R relationship",13.68186000000,2.560000,"Transit",5612.00,0.910000,-0.0500
"TOI-1453 c",2.22400000,0.09500000,-0.09500000,2.95000000,0.83000000,-0.84000000,"Mass",6.58869820000,1.472135,"Transit",4975.00,0.715000,-0.3100
"TOI-3919 b",12.31866979,0.58286700,-0.56044903,1233.17421916,73.10053361,-73.10053361,"Mass",7.43323400000,3.630000,"Transit",6100.00,1.208000,0.1750
"K2-223 b",0.89000000,0.10000000,-0.09000000,0.64000000,,,"M-R relationship",0.50557000000,4.990000,"Transit",5859.00,1.060000,0.1900
"TOI-6086 b",1.18000000,0.07000000,-0.07000000,1.76000000,,,"M-R relationship",1.38887250000,5.890000,"Transit",3200.00,0.254000,0.1100
"TOI-2322 c",1.87400000,0.06600000,-0.05700000,18.10000000,4.34000000,-5.36000000,"Mass",20.22552800000,14.690000,"Transit",4664.00,0.703000,-0.1200
"Kepler-1237 b",2.86000000,0.39000000,-0.21000000,8.55000000,,,"M-R relationship",84.57332260000,2.010000,"Transit",5472.00,0.940000,0.1200
"HD 178911 B b",12.60000000,,,2552.17490000,797.75330000,-797.75330000,"Msini",71.48400000000,7.010000,"Radial Velocity",5588.00,1.240000,0.2400
"Kepler-260 b",2.01000000,0.55000000,-0.55000000,4.70000000,,,"M-R relationship",8.18739900000,3.180000,"Transit",5250.00,1.013000,0.2900
"TOI-1683.01",2.63820000,0.27638700,-0.27638700,7.45000000,,,"M-R relationship",3.05753560000,2.230000,"Transit",4402.00,0.694661,
"TOI-6281 b",1.92416074,0.18572931,-0.16416748,4.36000000,,,"M-R relationship",1.05426244177,3.360000,"Transit",4533.23,0.650000,-0.0900
"TYC 4282-00605-1 b",12.40000000,,,3426.20740000,38.13960000,-38.13960000,"Msini",101.54000000000,9.870000,"Radial Velocity",4300.00,0.970000,-0.0700
"TOI-2136 b",2.19000000,0.17000000,-0.17000000,6.37000000,2.45000000,-2.29000000,"Mass",7.85192800000,3.340000,"Transit",3342.00,0.340000,0.0300
"HD 1690 b",12.50000000,,,2793.72570000,1153.72290000,-1153.72290000,"Msini",533.00000000000,7.860000,"Radial Velocity",4374.00,1.860000,-0.2700
"Kepler-196 d",2.66065673,,,7.56000000,,,"M-R relationship",122.08000180000,2.210000,"Transit",5132.00,0.805000,-0.0600
"Kepler-251 e",2.77000000,0.49000000,-0.49000000,8.10000000,,,"M-R relationship",99.64016100000,2.090000,"Transit",5526.00,0.891000,-0.0600
"K2-357 b",3.72000000,0.23000000,-0.21000000,13.40000000,,,"M-R relationship",16.34886370000,1.430000,"Transit",5794.00,0.980000,-0.0200
"HD 13167 b",13.10000000,,,1052.01730000,50.85280000,-50.85280000,"Msini",2613.00000000000,2.570000,"Radial Velocity",5671.00,1.350000,0.1900
"Kepler-175 c",3.10000000,1.56000000,-1.56000000,9.80000000,,,"M-R relationship",34.03525700000,1.810000,"Transit",6064.00,0.969000,0.0400
"HD 4732 b",13.40000000,,,631.20721630,49.58123149,-48.94557468,"Msini",371.74000000000,1.440000,"Radial Velocity",4898.00,1.390000,-0.0100
"TOI-406.01",2.08000000,0.16000000,-0.15000000,6.57000000,1.00000000,-0.90000000,"Mass",13.17568200000,4.100000,"Transit",3392.00,0.408000,-0.0200
"Kepler-27 d",2.70619460,,,7.78000000,,,"M-R relationship",6.54628992100,2.160000,"Transit",5251.00,0.926000,0.2100
"BD+55 362 b",14.00000000,,,228.83645304,25.42627256,-25.42627256,"Msini",265.59000000000,0.458000,"Radial Velocity",5012.00,0.909000,0.1800
"TOI-663 c",2.26000000,0.10000000,-0.10000000,3.65000000,0.97000000,-0.97000000,"Mass",4.69555070000,1.730000,"Transit",3681.00,0.514000,0.0700
"K2-403 b",5.33300000,0.35700000,-0.38700000,24.60000000,,,"M-R relationship",33.58997900000,0.891000,"Transit",5511.00,0.784000,-0.1620
"Kepler-58 c",2.86000000,,,53.00000000,,,"Mass",15.57415680000,10.000000,"Transit",5843.00,0.950000,0.1000
"Kepler-235 e",2.22000000,0.29000000,-0.29000000,5.56000000,,,"M-R relationship",46.18366900000,2.790000,"Transit",4255.00,0.581000,-0.5100
"Kepler-1325 b",2.86000000,0.40000000,-0.47000000,8.55000000,,,"M-R relationship",33.87868380000,2.010000,"Transit",5550.00,0.930000,0.0100
"Kepler-1143 b",1.67000000,0.13000000,-0.11000000,3.43000000,,,"M-R relationship",2.88890484900,4.050000,"Transit",5053.00,0.810000,-0.0600
"TOI-3693 b",12.59889431,0.32506044,-0.25780656,324.18497514,76.27881768,-69.92224954,"Mass",9.08851600000,0.890000,"Transit",5321.00,0.867000,0.0710
"Kepler-221 c",2.93000000,0.27000000,-0.27000000,9.30000000,2.40000000,-1.70000000,"Mass",5.69058600000,1.940000,"Transit",5243.00,0.854000,0.0616
"HD 163607 b",13.90000000,,,249.05158800,3.11473400,-3.11473400,"Msini",75.22030000000,0.510000,"Radial Velocity",5522.00,1.120000,0.2100
"TOI-2081 b",2.04000000,0.50000000,-0.54000000,4.82000000,,,"M-R relationship",10.50534000000,3.120000,"Transit",3800.00,0.540000,-0.5000
"Kepler-1660 AB b",12.90000000,,,1586.59940774,73.10053361,-73.10053361,"Mass",239.50440000000,4.060000,"Eclipse Timing Variations",6305.24,1.136600,-0.3600
"TOI-2158 b",10.76062147,0.13450777,-0.13450777,260.61929374,25.42627256,-25.42627256,"Mass",8.60077000000,1.140000,"Transit",5673.00,1.120000,0.4700
"K2-158 b",2.64000000,0.16000000,-0.10000000,7.46000000,,,"M-R relationship",10.06049000000,2.230000,"Transit",5503.00,0.920000,0.0700
"Kepler-1323 b",1.52000000,0.33000000,-0.24000000,2.92000000,,,"M-R relationship",0.92990667800,4.570000,"Transit",6169.00,1.180000,0.0200
"K2-389 b",2.33000000,0.12000000,-0.06000000,6.04000000,,,"M-R relationship",8.58289000000,2.620000,"Transit",5773.00,0.990000,0.0380
"K2-184 b",1.47000000,0.11000000,-0.05000000,2.76000000,,,"M-R relationship",16.97801020000,4.770000,"Transit",5245.00,0.840000,-0.1000
"7 CMa c",13.90000000,,,276.51210000,19.06980000,-19.06980000,"Msin(i)/sin(i)",996.00000000000,0.566000,"Radial Velocity",4826.00,1.340000,0.2100
"Kepler-217 b",2.23000000,0.32000000,-0.32000000,5.60000000,,,"M-R relationship",5.37494300000,2.770000,"Transit",6171.00,1.342000,-0.0700
"Kepler-1132 b",2.35000000,0.19000000,-0.17000000,6.12000000,,,"M-R relationship",62.89162280000,2.590000,"Transit",5298.00,0.870000,-0.0100
"Kepler-1447 b",2.90000000,0.50000000,-0.24000000,8.75000000,,,"M-R relationship",56.67472850000,1.970000,"Transit",5722.00,0.970000,-0.0300
"Kepler-1878 b",2.92019781,,,8.86000000,,,"M-R relationship",4.44587993600,1.960000,"Transit",5918.00,0.956000,-0.2600
"Kepler-341 e",1.99000000,1.03000000,-1.03000000,4.62000000,,,"M-R relationship",42.47326900000,3.220000,"Transit",6012.00,0.976000,0.0700
"K2-176 b",1.49090097,0.12341971,-0.09253438,2.83000000,,,"M-R relationship",5.32943900000,4.690000,"Transit",5428.00,0.938545,0.1500
"Kepler-107 e",2.90300000,0.03500000,-0.03500000,14.10000000,3.30000000,-3.30000000,"Mass",14.74914300000,3.180000,"Transit",5854.00,1.238000,0.3210
"Kepler-1452 b",2.70000000,0.39000000,-0.35000000,7.75000000,,,"M-R relationship",42.91375100000,2.160000,"Transit",6101.00,1.410000,0.1400
"NGTS-4 b",3.18000000,0.26000000,-0.26000000,20.60000000,3.00000000,-3.00000000,"Mass",1.33735080000,3.450000,"Transit",5143.00,0.750000,-0.2800
"K2-38 b",1.54000000,0.14000000,-0.14000000,7.30000000,1.10000000,-1.00000000,"Mass",4.01593000000,11.000000,"Transit",5731.00,1.030000,0.2600
"TOI-2443 b",2.36300000,0.06600000,-0.06600000,4.80000000,1.10000000,-1.10000000,"Mass",15.66858000000,2.000000,"Transit",4375.00,0.642000,-0.2900
"Kepler-1020 b",2.28000000,0.08000000,-0.09000000,5.82000000,,,"M-R relationship",96.91514960000,2.700000,"Transit",5227.00,0.870000,0.0000
"HD 1666 b",12.70000000,,,2040.00000000,99.00000000,-70.00000000,"Msini",270.00000000000,5.470000,"Radial Velocity",6317.00,1.500000,0.3700
"GJ 685 b",2.95000000,,,9.00000000,1.70000000,-1.80000000,"Msini",24.16000000000,1.930000,"Radial Velocity",3816.00,0.550000,-0.1500
"TOI-2453 b",3.24380341,0.29909721,-0.25885686,10.60000000,,,"M-R relationship",4.44143463188,1.710000,"Transit",3720.23,0.500519,
"L 363-38 b",2.00000000,,,4.67000000,0.43000000,-0.43000000,"Msini",8.78100000000,3.210000,"Radial Velocity",3129.00,0.210000,
"TOI-1648 b",2.54000000,0.14000000,-0.12000000,7.40000000,1.10000000,-1.30000000,"Mass",7.33160200000,2.490000,"Transit",4850.00,0.830000,0.2000
"TOI-1470 c",2.47000000,0.02000000,-0.02000000,7.24000000,2.87000000,-2.77000000,"Mass",18.08816000000,2.660000,"Transit",3709.00,0.471000,0.0000
"HD 187123 b",14.20000000,,,166.21800000,13.66600000,-13.66600000,"Msini",3.09658280000,0.319000,"Radial Velocity",5790.00,1.040000,0.0900
"NGTS-13 b",12.80067800,0.51561400,-0.51561400,1538.29720000,139.84520000,-139.84520000,"Mass",4.11902700000,4.020000,"Transit",5819.00,1.300000,0.2500
"HD 130322 b",13.70000000,,,365.49000000,,,"Msini",10.70871000000,0.781000,"Radial Velocity",5387.00,0.920000,-0.0200
"K2-38 c",2.29000000,0.26000000,-0.26000000,8.30000000,1.30000000,-1.30000000,"Mass",10.56103000000,3.800000,"Transit",5731.00,1.030000,0.2600
"TOI-3261 b",3.82000000,0.42000000,-0.35000000,30.30000000,2.20000000,-2.40000000,"Mass",0.88313310000,3.000000,"Transit",5068.00,0.861000,0.1380
"Kepler-915 b",1.50000000,0.33000000,-0.19000000,2.86000000,,,"M-R relationship",4.59489604000,4.660000,"Transit",6173.00,1.210000,0.0800
"OGLE-TR-10 b",14.01100000,1.56900000,-1.34500000,197.04600000,44.49400000,-44.49400000,"Mass",3.10127800000,0.400000,"Transit",5950.00,1.140000,0.2800
"K2-77 b",2.49960270,0.16813471,-0.12329879,603.87700000,,,"Mass",8.20008440000,,"Transit",5160.00,0.847000,0.1300
"K2-123 b",2.76000000,0.16000000,-0.16000000,8.05000000,,,"M-R relationship",30.95152400000,2.100000,"Transit",4035.00,0.620000,0.0300
"TOI-1693 b",1.41000000,0.10000000,-0.10000000,2.57000000,,,"M-R relationship",1.76669570000,5.040000,"Transit",3499.00,0.490000,
"eps Eri b",13.80000000,,,317.82840700,31.78284070,-31.78284070,"Mass",2680.00000000000,0.665000,"Radial Velocity",5020.38,0.820000,-0.1300
"Kepler-224 c",3.12000000,0.26000000,-0.26000000,9.91000000,,,"M-R relationship",5.92500300000,1.790000,"Transit",5018.00,0.777000,-0.0600
"Kepler-956 b",3.00000000,0.78000000,-0.38000000,9.27000000,,,"M-R relationship",5.24867263100,1.890000,"Transit",6040.00,1.100000,0.0200
"Kepler-361 c",2.52000000,0.48000000,-0.48000000,6.90000000,,,"M-R relationship",55.18802300000,2.370000,"Transit",6169.00,1.191000,0.0400
"Kepler-1778 b",3.01665969,,,9.36000000,,,"M-R relationship",10.08740044000,1.870000,"Transit",6310.00,1.143000,-0.0600
"Kepler-339 d",1.17000000,0.53000000,-0.53000000,14.70000000,14.10000000,-10.00000000,"Mass",10.55834500000,50.400000,"Transit",5631.00,0.870000,0.0330
"Kepler-825 b",1.53000000,0.39000000,-0.22000000,2.96000000,,,"M-R relationship",3.77360059000,4.540000,"Transit",5976.00,1.030000,-0.0800
"WASP-132 c",1.84100000,0.09400000,-0.09300000,6.26000000,1.84000000,-1.83000000,"Mass",1.01153624000,5.470000,"Transit",4686.00,0.789000,0.1500
"GJ 676 A d",1.78000000,,,3.81394088,0.31782841,-0.31782841,"Msini",3.60076000000,3.720000,"Radial Velocity",3734.00,0.626000,0.2300
"Kepler-1052 b",2.93000000,0.54000000,-0.31000000,8.91000000,,,"M-R relationship",34.85382760000,1.950000,"Transit",5888.00,1.030000,0.0000
"HATS-63 b",13.52926300,0.43715100,-0.43715100,305.11680000,38.13960000,-38.13960000,"Mass",3.05665270000,0.670000,"Transit",5627.00,0.931000,0.0810
"Kepler-346 b",2.66000000,1.24000000,-1.24000000,7.56000000,,,"M-R relationship",6.51112700000,2.210000,"Transit",6033.00,0.943000,0.1000
"Kepler-688 b",9.76000000,1.76000000,-0.97000000,68.70000000,,,"M-R relationship",3.89593684400,0.406000,"Transit",5715.00,0.980000,0.0200
"Kepler-1838 b",1.66049425,,,3.40000000,,,"M-R relationship",12.14680004000,4.080000,"Transit",5877.00,1.187000,0.0400
"Kepler-1481 b",1.23000000,0.08000000,-0.06000000,2.04000000,,,"M-R relationship",5.94220998000,6.020000,"Transit",4908.00,0.800000,0.0400
"Kepler-1571 b",1.52000000,0.68000000,-0.34000000,2.92000000,,,"M-R relationship",3.38555488000,4.570000,"Transit",6297.00,1.230000,0.0400
"TOI-1052 b",2.87000000,0.29000000,-0.24000000,16.90000000,1.70000000,-1.70000000,"Mass",9.13970300000,3.930000,"Transit",6146.00,1.204000,0.1400
"Kepler-614 b",2.39000000,0.20000000,-0.17000000,6.30000000,,,"M-R relationship",14.03491514000,2.540000,"Transit",5268.00,0.850000,-0.0700
"Kepler-257 c",5.41000000,2.72000000,-2.72000000,25.20000000,,,"M-R relationship",6.58148400000,0.875000,"Transit",5180.00,0.916000,0.4000
"HD 76920 b",13.10000000,,,994.80291391,130.30964687,-136.66621501,"Msini",415.89100000000,2.430000,"Radial Velocity",4664.00,1.000000,-0.1900
"Kepler-178 c",2.88000000,1.23000000,-1.23000000,8.65000000,,,"M-R relationship",20.55280200000,1.990000,"Transit",5676.00,0.852000,-0.0400
"Kepler-1612 b",1.03000000,0.18000000,-0.11000000,1.08000000,,,"M-R relationship",3.91795101000,5.430000,"Transit",5643.00,0.960000,0.0300
"K2-295 b",10.05447300,0.12329900,-0.05604500,106.47305000,19.70546000,-19.70546000,"Mass",4.02486700000,0.612000,"Transit",4444.00,0.740000,0.1400
"HAT-P-55 b",14.84069045,0.25780656,-0.24659758,189.42573057,23.20147371,-22.88364530,"Mass",3.58523130000,0.318000,"Transit",5804.00,1.028000,0.0030
"TOI-5398 b",10.30000000,0.40000000,-0.40000000,58.70000000,5.70000000,-5.60000000,"Mass",10.59054700000,0.290000,"Transit",6000.00,1.146000,0.0900
"HD 147018 b",13.40000000,,,674.00000000,20.00000000,-20.00000000,"Msini",44.23600000000,1.540000,"Radial Velocity",5441.00,0.927000,0.1000
"K2-348 b",3.26000000,0.22000000,-0.11000000,10.70000000,,,"M-R relationship",4.68841800000,1.700000,"Transit",5077.00,0.830000,0.1300
"TOI-3457 b",10.64000000,0.25000000,-0.25000000,797.74930157,,,"Mass",32.60026800000,,"Transit",6300.00,1.040000,0.2800
"K2-19 c",4.10000000,0.20000000,-0.20000000,11.00000000,0.50000000,-0.40000000,"Mass",11.90600000000,0.877000,"Transit",5322.00,0.880000,0.0600
"GJ 1289 b",2.38000000,,,6.27000000,1.23000000,-1.25000000,"Msini",111.74000000000,2.560000,"Radial Velocity",3296.00,0.210000,0.0200
"HD 200964 c",13.70000000,,,385.84562000,22.88376000,-22.88376000,"Msini",852.50000000000,0.825000,"Radial Velocity",4982.00,1.390000,-0.1500
"Kepler-1271 b",1.48000000,0.23000000,-0.16000000,2.79000000,,,"M-R relationship",3.02559550000,4.730000,"Transit",6143.00,1.130000,-0.0100
"Kepler-1314 b",5.11000000,0.19000000,-0.19000000,22.90000000,,,"M-R relationship",5.42474928100,0.943000,"Transit",4188.00,0.600000,-0.2200
"HD 176986 d",2.49000000,,,6.76000000,0.91000000,-0.92000000,"Msini",61.37600000000,2.410000,"Radial Velocity",4931.00,0.789000,0.0300
"Kepler-805 b",2.89000000,0.13000000,-0.25000000,8.70000000,,,"M-R relationship",30.86389310000,1.980000,"Transit",6112.00,1.190000,-0.0600
"Kepler-300 b",1.67000000,0.76000000,-0.76000000,3.43000000,,,"M-R relationship",10.44634700000,4.050000,"Transit",5986.00,1.070000,0.0400
"TIC 245076932 b",10.87271128,0.53803107,-0.53803107,162.09248757,12.71313628,-15.89142035,"Mass",21.61389000000,0.746600,"Transit",6130.00,1.117000,0.0200
"Kepler-425 b",10.96200000,0.24700000,-0.24700000,79.45000000,25.43000000,-25.43000000,"Mass",3.79701816000,0.270000,"Transit",5170.00,0.930000,0.2400
"Kepler-187 b",1.41000000,0.28000000,-0.28000000,2.57000000,,,"M-R relationship",4.93886400000,5.040000,"Transit",6105.00,1.081000,-0.0400
"HIP 66074 b",12.90000000,,,1589.14203500,635.65681400,-635.65681400,"Mass",310.90000000000,4.070000,"Astrometry",4300.00,0.705000,0.1200
"17 Sco b",12.90000000,,,1373.01871824,47.67426105,-38.13940884,"Msini",578.38000000000,3.510000,"Radial Velocity",4157.00,1.220000,-0.0100
"K2-253 b",12.67000000,0.69000000,-0.61000000,,,,"Msini",4.00167000000,,"Transit",6027.00,1.080000,0.0000
"Kepler-395 b",1.03000000,0.08000000,-0.08000000,1.08000000,,,"M-R relationship",7.05434600000,5.430000,"Transit",4262.00,0.622827,-0.0200
"TOI-1011 b",1.45000000,0.05000000,-0.05000000,4.04000000,0.59000000,-0.59000000,"Mass",2.47049800000,7.280000,"Transit",5475.00,0.910000,0.0300
"Kepler-1295 b",1.55000000,0.20000000,-0.12000000,3.02000000,,,"M-R relationship",3.81371974000,4.460000,"Transit",5486.00,0.920000,0.0400
"HD 158259 e",2.34000000,,,6.08000000,0.94000000,-1.03000000,"Msini",7.95100000000,2.610000,"Radial Velocity",5801.89,1.080000,
"TOI-763 b",2.28000000,0.11000000,-0.11000000,9.79000000,0.78000000,-0.78000000,"Mass",5.60570000000,4.510000,"Transit",5450.00,0.917000,0.0100
"rho CrB e",1.75000000,,,3.71000000,0.59800000,-0.59800000,"Msini",12.90400000000,3.800000,"Radial Velocity",5817.00,1.000000,-0.2000
"K2-180 b",2.46597575,0.10984801,-0.09639723,11.41003981,2.38371305,-2.16123317,"Mass",8.86566300000,4.160000,"Transit",5365.00,0.735000,-0.5780
"K2-98 b",5.06645928,0.31385146,-0.28022452,34.00763955,13.98444991,-14.62010672,"Mass",10.13673490000,1.400000,"Transit",6260.00,1.246000,-0.0440
"Kepler-1313 b",1.76000000,0.06000000,-0.08000000,3.75000000,,,"M-R relationship",3.83309117800,3.780000,"Transit",5453.00,0.920000,0.0000
"HD 93351 c",12.30000000,,,4154.01727949,633.43201515,-432.56446193,"Mass",14010.29410000000,12.300000,"Radial Velocity",5408.00,0.940000,-0.2300
"Kepler-1807 b",2.70393215,,,7.77000000,,,"M-R relationship",10.86060047000,2.160000,"Transit",6455.00,1.087000,-0.3600
"Kepler-1320 b",1.70000000,0.07000000,-0.11000000,3.53000000,,,"M-R relationship",0.86838652800,3.950000,"Transit",4817.00,0.800000,0.1000
"HD 141004 b",3.77000000,,,13.63483866,1.46201067,-1.46201067,"Msini",15.50830000000,1.400000,"Radial Velocity",5885.38,1.051904,0.0247
"TOI-1450 A c",1.13000000,,,1.52700000,0.18100000,-0.18100000,"Msini",5.06880000000,5.820000,"Transit",3437.00,0.480000,-0.1200
"HD 216520 b",3.18000000,,,10.26000000,0.99000000,-0.99000000,"Msini",35.45000000000,1.750000,"Radial Velocity",5103.00,0.820000,-0.1600
"Kepler-975 b",1.48000000,0.06000000,-0.09000000,2.79000000,,,"M-R relationship",1.97034245700,4.730000,"Transit",4897.00,0.800000,0.0700
"HD 20794 b",1.45000000,,,2.70000000,0.30000000,-0.30000000,"Msin(i)/sin(i)",18.31400000000,4.870000,"Radial Velocity",5368.00,0.790000,-0.4200
"K2-47 b",1.89000000,0.26000000,-0.26000000,4.23000000,,,"M-R relationship",31.63720000000,3.440000,"Transit",5054.00,0.750000,-0.2240
"Kepler-209 b",2.26000000,0.34000000,-0.34000000,5.73000000,,,"M-R relationship",16.08784500000,2.730000,"Transit",5513.00,0.971000,0.1100
"Kepler-1053 b",0.98000000,0.05000000,-0.04000000,0.90400000,,,"M-R relationship",2.41435165400,5.280000,"Transit",4529.00,0.740000,0.1000
"Kepler-219 b",2.95000000,0.49000000,-0.49000000,9.01000000,,,"M-R relationship",4.58551200000,1.930000,"Transit",5786.00,1.164000,0.3600
"Kepler-21 b",1.63900000,0.01900000,-0.01500000,7.50000000,1.30000000,-1.30000000,"Mass",2.78582120000,9.300000,"Transit",6305.00,1.408000,-0.0300
"Kepler-94 c",12.50000000,,,3126.00000000,200.00000000,-200.00000000,"Mass",820.30000000000,8.790000,"Radial Velocity",4781.00,0.810000,0.3400
"Kepler-257 d",4.95000000,2.48000000,-2.48000000,21.70000000,,,"M-R relationship",24.66455100000,0.983000,"Transit",5180.00,0.916000,0.4000
"TOI-5788 b",1.52800000,0.07500000,-0.07500000,3.72000000,0.94000000,-0.94000000,"Mass",6.34075800000,5.734161,"Transit",5615.00,0.870000,-0.3200
"TOI-329 b",4.94057819,0.29202617,-0.25614214,40.40000000,3.80000000,-3.70000000,"Mass",5.70439000000,1.840000,"Transit",5614.00,1.067800,0.2050
"HD 154857 c",13.20000000,,,819.97000000,50.85000000,-50.85000000,"Msini",3452.00000000000,1.960000,"Radial Velocity",5605.00,1.718000,-0.2000
"TIC 139270665 b",7.22979255,0.26901554,-0.24659758,147.15455244,14.62010672,-14.62010672,"Mass",23.62400000000,2.130000,"Transit",5844.00,1.035000,0.1560
"TOI-1408 b",25.00000000,4.00000000,-4.00000000,593.00000000,4.00000000,-4.00000000,"Mass",4.42587000000,0.180000,"Transit",6117.00,1.312000,0.2500
"TOI-5502 b",4.12873780,0.39975161,-0.33665264,15.90000000,,,"M-R relationship",11.62592988285,1.240000,"Transit",6088.71,1.244000,
"Kepler-629 b",1.38000000,0.06000000,-0.04000000,2.48000000,,,"M-R relationship",7.23858540000,5.190000,"Transit",5444.00,0.930000,0.0100
"Kepler-224 b",1.39000000,0.09000000,-0.09000000,2.51000000,,,"M-R relationship",3.13292400000,5.140000,"Transit",5018.00,0.777000,-0.0600
"Kepler-941 b",3.08000000,0.35000000,-0.61000000,9.69000000,,,"M-R relationship",17.42395198000,1.820000,"Transit",5539.00,0.890000,-0.1500
"Kepler-1507 b",0.84000000,0.09000000,-0.09000000,0.52000000,,,"M-R relationship",16.05062130000,4.820000,"Transit",5410.00,0.890000,-0.0300
"CD Cet b",1.82000000,,,3.95000000,0.42000000,-0.43000000,"Msini",2.29070000000,3.600000,"Radial Velocity",3130.00,0.161000,0.1300
"Kepler-125 b",2.37000000,0.10000000,-0.10000000,6.21000000,,,"M-R relationship",4.16438900000,2.560000,"Transit",3810.00,0.542101,-0.1400
"Proxima Cen d",0.69200000,,,0.26000000,0.03800000,-0.03800000,"Msini",5.12338000000,4.310000,"Radial Velocity",2900.00,0.122100,
"ups And b",14.00000000,,,218.53100000,1.39839000,-1.39839000,"Msini",4.61703300000,0.438000,"Radial Velocity",6156.77,1.300000,0.1014
"Kepler-1832 b",1.22719556,,,2.02000000,,,"M-R relationship",3.13878989200,6.010000,"Transit",5242.00,0.684000,-0.5400
"K2-417 b",3.31000000,0.14000000,-0.12000000,699.22249540,,,"Mass",6.53500000000,,"Transit",3861.00,0.569000,
"HAT-P-16 b",14.68376472,0.67253884,-0.67253884,1341.56043000,29.24036000,-29.24036000,"Mass",2.77596727000,2.479989,"Transit",6140.00,1.218000,0.1700
"Kepler-335 c",3.07000000,0.66000000,-0.66000000,9.64000000,,,"M-R relationship",67.84446900000,1.830000,"Transit",5877.00,1.367000,0.2780
"Kepler-31 d",3.90000000,0.80000000,-0.80000000,2161.24400000,,,"Mass",87.64510000000,0.077000,"Transit",6340.00,1.210000,-0.0760
"Kepler-305 b",3.60000000,0.90000000,-0.36000000,10.50000000,2.60000000,-2.00000000,"Mass",5.48700000000,1.240000,"Transit",5080.00,0.760000,0.0900
"Kepler-370 b",1.59000000,0.78000000,-0.78000000,3.15000000,,,"M-R relationship",4.57953000000,4.310000,"Transit",5852.00,0.982000,0.1323
"HD 16760 b",12.10000000,,,6833.31075050,1589.14203500,-1430.22783150,"Mass",466.08000000000,21.200000,"Radial Velocity",5518.00,0.930000,0.0670
"Kepler-605 c",0.86000000,0.11000000,-0.06000000,0.56600000,,,"M-R relationship",2.35895151500,4.890000,"Transit",5462.00,0.910000,0.0200
"K2-60 b",7.65574700,0.41473300,-0.41473300,135.39558000,11.75971000,-11.75971000,"Mass",3.00265000000,1.700000,"Transit",5500.00,0.970000,0.0100
"Kepler-299 c",2.65000000,0.63000000,-0.63000000,7.51000000,,,"M-R relationship",6.88587500000,2.220000,"Transit",5617.00,1.004000,0.1200
"K2-266 d",2.93000000,0.14000000,-0.12000000,8.90000000,5.70000000,-3.80000000,"Mass",14.69700000000,2.030000,"Transit",4285.00,0.686000,-0.1200
"K2-286 b",2.10000000,0.20000000,-0.20000000,5.06000000,,,"M-R relationship",27.35900000000,3.000000,"Transit",3926.00,0.640000,0.0000
"TOI-3837 b",10.87271128,0.56044903,-0.67253884,187.51876013,15.89142035,-15.89142035,"Mass",11.88865000000,0.820000,"Transit",5905.00,0.890000,-0.2600
"Kepler-245 c",2.18000000,0.17000000,-0.17000000,26.70000000,7.00000000,-5.10000000,"Mass",17.46081200000,9.400000,"Transit",5100.00,0.856000,0.1200
"TOI-1181 b",17.02644168,0.66132986,-0.66132986,374.71969185,7.31005336,-7.31005336,"Mass",2.10318900000,0.490000,"Transit",6054.00,1.467000,0.3800
"HD 183579 b",3.49000000,0.07000000,-0.06400000,20.40000000,2.60000000,-2.50000000,"Mass",17.47129100000,2.650000,"Transit",5784.00,0.996000,-0.0380
"HIP 10090 b",13.00000000,,,1229.99593509,206.58846455,-190.69704420,"Mass",2960.00000000000,3.080000,"Radial Velocity",5661.00,0.940000,0.4700
"TOI-1659.01",2.25500000,0.25400000,-0.15700000,5.71000000,,,"M-R relationship",5.87755632800,2.740000,"Transit",5977.00,1.100000,
"K2-170 c",1.80176470,0.24523316,-0.15822636,3.90000000,,,"M-R relationship",12.40004700000,3.660000,"Transit",5748.00,0.963657,-0.1100
"Kepler-240 c",2.20000000,0.89000000,-0.89000000,102.30000000,43.30000000,-39.40000000,"Mass",7.95352800000,52.800000,"Transit",4985.00,0.868000,0.4100
"GJ 3293 b",5.19000000,,,23.54000000,0.88000000,-0.89000000,"Msini",30.59870000000,0.925000,"Radial Velocity",3466.00,0.420000,0.0200
"Kepler-256 d",2.48000000,0.63000000,-0.63000000,6.71000000,,,"M-R relationship",5.83917200000,2.420000,"Transit",5551.00,1.037000,0.2600
"HD 14067 b",12.20000000,,,4862.77462710,1970.53612340,-1430.22783150,"Mass",2744.00000000000,14.700000,"Radial Velocity",4815.00,2.400000,-0.1000
"TOI-837 b",9.16894621,0.38110534,-0.26901554,120.45696625,18.43404761,-19.38753283,"Mass",8.32491130000,0.890000,"Transit",5995.00,1.142000,0.0100
"Kepler-782 b",3.21000000,0.47000000,-0.30000000,10.40000000,,,"M-R relationship",158.68533080000,1.730000,"Transit",5867.00,0.980000,-0.1400
"TOI-833 b",1.27000000,0.07000000,-0.07000000,2.15000000,,,"M-R relationship",1.04187770000,5.770000,"Transit",3920.00,0.610000,
"Kepler-1465 b",1.77000000,0.35000000,-0.19000000,3.78000000,,,"M-R relationship",31.82771110000,3.750000,"Transit",4726.00,0.750000,-0.0600
"Kepler-362 b",0.88000000,0.38000000,-0.38000000,0.61500000,,,"M-R relationship",10.32718600000,4.960000,"Transit",5788.00,0.904000,-0.1200
"Kepler-769 b",2.92000000,1.30000000,-0.46000000,8.85000000,,,"M-R relationship",7.42608998000,1.950000,"Transit",6186.00,1.190000,0.0600
"TOI-905 b",13.12573900,0.59407700,-0.57165900,211.99261000,13.34886000,-13.03103000,"Mass",3.73949400000,0.515000,"Transit",5570.00,0.968000,0.1400
"TOI-470 b",4.34000000,0.29000000,-0.29000000,17.40000000,,,"M-R relationship",12.19148000000,1.170000,"Transit",5190.00,0.870000,0.1000
"K2-83 c",1.48300000,0.09900000,-0.09900000,2.80000000,,,"M-R relationship",9.99767000000,4.720000,"Transit",3910.00,0.484000,
"Kepler-1377 b",1.25000000,0.09000000,-0.08000000,2.10000000,,,"M-R relationship",0.74092842200,5.910000,"Transit",5218.00,0.860000,0.0500
"Kepler-1331 b",1.05000000,0.09000000,-0.08000000,1.16000000,,,"M-R relationship",0.78916165300,5.510000,"Transit",4508.00,0.720000,0.0500
"TOI-2545 b",2.75000000,,,8.00000000,,,"M-R relationship",7.99403700000,2.110000,"Transit",5846.29,1.055000,-0.2729
"TOI-1294 c",14.30000000,,,147.00000000,15.00000000,-14.00000000,"Msini",159.90000000000,0.276000,"Radial Velocity",5718.00,1.157800,0.2830
"Kepler-1158 b",2.34000000,0.46000000,-0.46000000,6.08000000,,,"M-R relationship",13.53962930000,2.610000,"Transit",6203.00,1.410000,0.1800
"K2-335 b",2.21000000,0.18000000,-0.14000000,5.52000000,,,"M-R relationship",12.28321100000,2.810000,"Transit",6222.00,1.230000,0.1000
"HD 219666 b",4.89800000,0.06000000,-0.06000000,17.60000000,1.20000000,-1.20000000,"Mass",6.03446800000,0.870000,"Transit",5540.00,1.020000,0.0400
"K2-8 b",3.58000000,0.71000000,-0.71000000,12.50000000,,,"M-R relationship",10.35239000000,1.500000,"Transit",4870.00,0.780000,-0.0200
"K2-5 c",2.26000000,0.62000000,-0.62000000,5.73000000,,,"M-R relationship",10.93241000000,2.730000,"Transit",3930.00,0.610000,-0.3300
"Kepler-238 e",5.60000000,2.37000000,-0.46000000,169.70000000,71.70000000,-69.10000000,"Mass",23.65400000000,0.540000,"Transit",5800.00,1.060000,0.3400
"HD 197037 b",13.90000000,,,251.00000000,16.00000000,-16.00000000,"Msini",1035.70000000000,0.514000,"Radial Velocity",6150.00,1.110000,-0.2000
"HD 140901 b",4.07000000,,,15.57359194,0.63565681,-2.54262726,"Msini",9.02378000000,1.270000,"Radial Velocity",5610.00,0.990000,0.0859
"Kepler-1614 b",1.49000000,0.12000000,-0.15000000,2.83000000,,,"M-R relationship",3.94661410000,4.700000,"Transit",5121.00,0.790000,-0.1700
"Kepler-809 b",3.01000000,0.67000000,-0.25000000,9.32000000,,,"M-R relationship",55.63934000000,1.880000,"Transit",5734.00,0.990000,0.0400
"Kepler-1018 b",2.58000000,0.30000000,-0.19000000,7.18000000,,,"M-R relationship",49.10135140000,2.300000,"Transit",5518.00,0.910000,-0.0500
"HD 69123 b",13.10000000,,,982.08977763,197.05361234,-92.17023803,"Mass",1193.30000000000,2.400000,"Radial Velocity",4842.00,1.680000,0.0500
"HIP 111909 c",13.90000000,,,257.44100967,25.42627256,-25.42627256,"Msini",893.63000000000,0.527000,"Radial Velocity",4891.00,1.280000,-0.0100
"Kepler-896 b",2.53000000,0.18000000,-0.19000000,6.94000000,,,"M-R relationship",144.54739600000,2.350000,"Transit",5262.00,0.840000,-0.1000
"Kepler-568 b",2.26000000,0.08000000,-0.08000000,5.73000000,,,"M-R relationship",11.02347475000,2.730000,"Transit",3768.00,0.550000,0.1100
"TOI-209 b",2.39472090,0.22229568,-0.19618434,6.32000000,,,"M-R relationship",4.37943587445,2.530000,"Transit",4806.66,0.810000,
"TOI-4734 b",10.91754720,0.28022452,-0.25780656,61.65871096,10.48833743,-10.17050902,"Mass",6.23563300000,0.260000,"Transit",6070.00,1.391000,0.2880
"HD 114386 c",13.40000000,,,117.59651059,9.53485221,-9.53485221,"Msini",444.00000000000,0.269000,"Radial Velocity",4895.00,0.800000,-0.1000
"Kepler-1606 b",2.07000000,0.23000000,-0.15000000,4.94000000,,,"M-R relationship",196.43522400000,3.060000,"Transit",5422.00,0.900000,0.0100
"Kepler-1923 b",1.95958179,,,4.50000000,,,"M-R relationship",52.60969925000,3.290000,"Transit",5881.00,1.109000,0.1600
"Kepler-1757 b",2.94660251,,,8.99000000,,,"M-R relationship",19.65640068000,1.930000,"Transit",5288.00,0.828000,-0.2400
"WASP-21 b",11.99000000,0.56000000,-0.56000000,95.34500000,3.49600000,-3.49600000,"Mass",4.32248200000,0.320000,"Transit",5800.00,1.010000,-0.2200
"Kepler-1181 c",1.83000000,0.64000000,-0.23000000,4.01000000,,,"M-R relationship",8.93484887000,3.600000,"Transit",6688.00,1.336000,0.0700
"HD 33564 b",12.50000000,,,2892.10000000,,,"Msini",388.00000000000,8.140000,"Radial Velocity",6250.00,1.250000,-0.1200
"TOI-2886 b",18.64053490,0.45956821,-0.39231432,444.95976980,73.10053361,-73.10053361,"Mass",1.60200105000,0.377000,"Transit",6240.00,1.229000,0.2840
"HD 62549 b",12.60000000,,,2707.58019923,665.21485585,-330.54154328,"Mass",14306.88519000000,7.440000,"Radial Velocity",5930.46,1.080000,
"Kepler-499 b",2.17000000,0.25000000,-0.16000000,5.35000000,,,"M-R relationship",5.63252845300,2.880000,"Transit",5312.00,0.870000,0.0000
"Kepler-210 b",2.94000000,0.21000000,-0.21000000,8.96000000,,,"M-R relationship",2.45323400000,1.940000,"Transit",4559.00,0.770000,0.2772
"Kepler-785 b",13.02000000,0.44000000,-0.53000000,,,,"Msini",1.97376092600,,"Transit",4739.00,0.770000,-0.0200
"BD-210397 b",14.00000000,,,214.00000000,31.00000000,-32.00000000,"Msini",1891.00000000000,0.429000,"Radial Velocity",4051.00,0.679000,0.1200
"WASP-159 b",15.46842000,1.00881000,-1.00881000,174.80650000,25.42640000,-25.42640000,"Mass",3.84040100000,0.280000,"Transit",6120.00,1.410000,0.2200
"HD 125612 c",4.07000000,,,15.57359194,2.54262726,-2.86045566,"Msini",4.15466000000,1.270000,"Radial Velocity",5900.00,1.050000,0.2300
"Wolf 1061 d",2.69000000,,,7.70000000,1.12000000,-1.06000000,"Msini",217.21000000000,2.170000,"Radial Velocity",3342.00,0.294000,-0.0900
"HD 111591 b",12.90000000,,,1398.45200000,127.13200000,-127.13200000,"Msini",1056.40000000000,3.580000,"Radial Velocity",4884.00,1.940000,0.0700
"ups And c",12.30000000,,,4443.24112986,731.00533610,-1684.49055710,"Mass",241.25800000000,13.100000,"Radial Velocity",6156.77,1.300000,0.1014
"BD+03 2562 b",12.70000000,,,2034.11200000,413.17900000,-413.17900000,"Msini",481.90000000000,5.460000,"Radial Velocity",4095.00,1.140000,-0.7100
"HATS-36 b",12.92000000,0.38000000,-0.38000000,1022.14128000,19.70546000,-19.70546000,"Mass",4.17518600000,2.120000,"Transit",5950.00,1.100000,0.1500
"K2-26 b",2.67000000,0.46000000,-0.42000000,7.61000000,,,"M-R relationship",14.56650000000,2.200000,"Transit",3785.00,0.560000,-0.1300
"Kepler-401 b",1.71000000,0.40000000,-0.40000000,3.57000000,,,"M-R relationship",14.38303500000,3.920000,"Transit",6117.00,1.173000,0.0000
"Kepler-1082 b",1.12000000,0.18000000,-0.13000000,1.46000000,,,"M-R relationship",1.54320660400,5.710000,"Transit",5923.00,1.030000,-0.0600
"Kepler-1288 b",1.12000000,0.47000000,-0.16000000,1.46000000,,,"M-R relationship",2.76122421000,5.710000,"Transit",6132.00,1.200000,0.1400
"Kepler-1163 b",1.03000000,0.17000000,-0.11000000,1.08000000,,,"M-R relationship",6.11786898000,5.430000,"Transit",6302.00,1.220000,0.0200
"CoRoT-24 b",3.70000000,0.40000000,-0.40000000,5.70000000,,,"Mass",5.11340000000,0.900000,"Transit",4950.00,0.910000,0.3000
"HIP 948 b",12.10000000,,,6547.26518420,3132.51677939,-2705.67322879,"Mass",24955.45756000000,20.300000,"Radial Velocity",4497.00,0.710000,
"HD 28185 c",12.80000000,,,1906.97044200,190.69704420,-190.69704420,"Mass",9090.00000000000,5.000000,"Radial Velocity",5602.00,0.974000,0.1900
"HAT-P-19 b",11.29865255,0.15692573,-0.14571675,88.03846874,5.40308292,-5.08525451,"Mass",4.00878322000,0.335000,"Transit",4962.00,0.807000,0.1660
"KIC 3558849 b",6.90000000,1.00000000,-0.90000000,38.10000000,,,"M-R relationship",1322.30000000000,0.637000,"Transit",6175.00,0.980000,-0.4200
"K2-387 b",7.32200000,0.26800000,-0.26400000,42.20000000,,,"M-R relationship",28.73532700000,0.591000,"Transit",3572.00,0.570000,0.1260
"GJ 1151 c",3.25000000,,,10.62000000,1.31000000,-1.47000000,"Msini",389.70000000000,1.700000,"Radial Velocity",3280.00,0.163900,-0.1200
"WASP-195 b",10.31226224,0.56044903,-0.56044903,33.05415433,9.53485221,-9.85268062,"Mass",5.05192800000,0.160000,"Transit",6300.00,1.300000,0.0000
"Kepler-574 b",2.39000000,0.33000000,-0.16000000,6.30000000,,,"M-R relationship",7.65880414000,2.540000,"Transit",5612.00,0.950000,-0.0100
"Kepler-82 b",4.07000000,0.24000000,-0.10000000,12.15000000,0.96000000,-0.87000000,"Mass",26.44000000000,0.980000,"Transit",5401.00,0.910000,0.2107
"K2-239 b",1.10000000,0.10000000,-0.10000000,1.37000000,,,"M-R relationship",5.24000000000,5.660000,"Transit",3420.00,0.400000,-0.1000
"WASP-170 b",12.28506400,0.95276500,-0.95276500,508.52800000,63.56600000,-63.56600000,"Mass",2.34478022000,1.600000,"Transit",5600.00,0.930000,0.2200
"Kepler-830 b",1.70000000,0.61000000,-0.25000000,3.53000000,,,"M-R relationship",11.29695137000,3.950000,"Transit",6037.00,1.070000,-0.0200
"Kepler-1162 b",2.21000000,0.50000000,-0.21000000,5.52000000,,,"M-R relationship",32.56370690000,2.810000,"Transit",5390.00,0.890000,-0.0300
"Kepler-1650 b",0.96000000,0.11000000,-0.10000000,0.84000000,,,"M-R relationship",1.53818001000,5.220000,"Transit",3410.00,0.326000,-0.1100
"TOI-1269 b",2.40144286,0.15036543,-0.07395390,6.40000000,3.00000000,-2.90000000,"Mass",4.25299130000,2.530000,"Transit",5499.00,0.902700,-0.0490
"HATS-9 b",13.85000000,0.35000000,-0.35000000,266.02371000,9.21707000,-9.21707000,"Mass",1.91529100000,0.626000,"Transit",5599.00,1.100000,0.3800
"HD 457 b",11.90000000,,,8445.33643080,5952.29040630,-3798.68512046,"Mass",20324.58153000000,27.500000,"Radial Velocity",6114.04,1.150000,0.3400
"Kepler-100 e",5.27000000,,,24.14271827,3.33214569,-3.33214569,"Msini",60.88858800000,0.906000,"Radial Velocity",5884.00,1.097000,0.1000
"Kepler-1439 b",1.46000000,0.14000000,-0.21000000,2.73000000,,,"M-R relationship",8.07392849000,4.820000,"Transit",3578.00,0.460000,-0.0300
"Kepler-1352 b",0.89000000,0.25000000,-0.11000000,0.64000000,,,"M-R relationship",1.87788274800,4.990000,"Transit",6118.00,1.110000,0.0000
"K2-346 b",2.26000000,0.19000000,-0.10000000,5.73000000,,,"M-R relationship",26.20144600000,2.730000,"Transit",4801.00,0.710000,-0.1800
"Kepler-1800 b",0.99679734,,,0.96100000,,,"M-R relationship",4.56202983900,5.330000,"Transit",5343.00,1.330000,0.0800
"TOI-5143 c",16.25302201,2.01761653,-1.34507768,,,,"Msini",5.20971180000,,"Transit",5183.00,0.864000,0.1070
"HD 77946 b",2.89646124,0.18675590,-0.14235529,10.90000000,1.80000000,-1.70000000,"Mass",6.52736300000,2.440000,"Transit",6007.00,1.197300,0.2150
"TIC 67686059 b",2.59125922,0.41949600,-0.31487958,7.23000000,,,"M-R relationship",3.52163529551,2.280000,"Transit",5090.09,0.860000,
"Kepler-1202 b",2.94000000,0.91000000,-0.31000000,8.96000000,,,"M-R relationship",28.68513240000,1.940000,"Transit",5834.00,1.030000,0.0600
"K2-32 b",5.29900000,0.19100000,-0.19100000,15.00000000,1.80000000,-1.70000000,"Mass",8.99200000000,0.550000,"Transit",5271.00,0.830000,-0.0600
"Wolf 1061 c",1.66000000,,,3.41000000,0.43000000,-0.41000000,"Msini",17.87190000000,4.100000,"Radial Velocity",3342.00,0.294000,-0.0900
"HD 111232 c",12.20000000,,,5740.93451564,1337.73976506,-512.33939208,"Mass",26472.44623000000,17.400000,"Radial Velocity",5512.00,0.960000,-0.3600
"K2-393 b",2.35200000,0.17500000,-0.16700000,6.13000000,,,"M-R relationship",10.41318100000,2.590000,"Transit",5678.00,0.881000,0.0760
"70 Vir b",12.60000000,,,2380.45000000,193.87000000,-193.87000000,"Mass",116.68800000000,6.540000,"Radial Velocity",5495.00,1.090000,-0.0900
"HD 69830 b",3.17000000,,,10.20000000,,,"Msini",8.66700000000,1.760000,"Radial Velocity",5385.00,0.860000,-0.0500
"TOI-4379 b",16.69017226,0.88550948,-0.88550948,353.74301699,22.56581690,-22.56581690,"Mass",3.25352000000,0.418000,"Transit",6020.00,1.372000,0.1600
"HIP 8541 b",12.60000000,,,2451.72833160,602.28483126,-32.73632592,"Mass",1852.14387000000,6.730000,"Radial Velocity",4672.00,2.009000,-0.1900
"TIC 34085383 b",3.91982296,0.40942416,-0.33426205,14.60000000,,,"M-R relationship",3.47793368523,1.330000,"Transit",4694.84,0.733000,
"Kepler-1995 b",4.28000000,2.21000000,-0.66000000,16.90000000,,,"M-R relationship",73.75788750000,1.180000,"Transit",5029.00,0.847000,0.4800
"TOI-1268 b",9.10000000,0.60000000,-0.60000000,96.40000000,8.20000000,-8.30000000,"Mass",8.15770940000,0.710000,"Transit",5300.00,0.960000,0.3600
"HD 210277 b",13.60000000,,,410.00070000,15.89150000,-15.89150000,"Msini",442.19000000000,0.896000,"Radial Velocity",5538.00,1.010000,0.2200
"WASP-73 b",15.91678000,2.46598000,-2.46598000,908.99380000,292.40360000,-292.40360000,"Mass",4.08722000000,1.596000,"Transit",6030.00,2.520000,0.1400
"Kepler-365 b",2.04000000,0.97000000,-0.97000000,4.82000000,,,"M-R relationship",10.66490300000,3.120000,"Transit",6012.00,1.020000,-0.2180
"Kepler-25 c",5.21700000,0.07000000,-0.06500000,15.20000000,1.30000000,-1.60000000,"Mass",12.72070000000,0.588000,"Transit",6354.00,1.165000,0.1100
"Kepler-1258 b",0.86000000,0.13000000,-0.08000000,0.56600000,,,"M-R relationship",0.98494016700,4.890000,"Transit",5839.00,0.990000,-0.0700
"HD 99492 c",4.42000000,,,17.90000000,1.30000000,-1.30000000,"Msini",95.23300000000,1.140000,"Radial Velocity",4929.00,0.850000,0.3000
"Qatar-9 b",11.30988100,0.15692600,-0.15692600,378.21770000,50.85280000,-50.85280000,"Mass",1.54073100000,1.430000,"Transit",4309.00,0.719000,0.2520
"WASP-132 d",12.80000000,,,1639.99458012,165.27077164,-165.27077164,"Msini",1816.60000000000,4.300000,"Radial Velocity",4686.00,0.789000,0.1500
"K2-385 b",1.53900000,0.14500000,-0.12600000,2.98000000,,,"M-R relationship",2.38086700000,4.490000,"Transit",4844.00,0.927000,-0.2240
"Kepler-33 f",4.46000000,0.41000000,-0.41000000,9.60000000,1.70000000,-1.80000000,"Mass",41.02902000000,0.900000,"Transit",5904.00,1.291000,0.0250
"Kepler-19 b",2.20900000,0.04800000,-0.04800000,6.10000000,2.80000000,-2.70000000,"Mass",9.28699000000,3.100000,"Transit",5541.00,0.936000,-0.1300
"TOI-3364 b",12.22899794,0.42594127,-0.35868738,530.77343969,38.13940884,-41.31769291,"Mass",5.87689180000,1.600000,"Transit",5706.00,1.186000,0.3870
"Kepler-129 b",2.40000000,0.04000000,-0.04000000,20.00000000,,,"Msini",15.79000000000,8.100000,"Transit",5770.00,1.178000,0.2900
"Kepler-1633 b",1.58000000,0.65000000,-0.25000000,3.12000000,,,"M-R relationship",186.40427100000,4.350000,"Transit",6256.00,1.200000,0.0200
"K2-348 c",2.67000000,0.23000000,-0.11000000,7.61000000,,,"M-R relationship",12.55017100000,2.200000,"Transit",5077.00,0.830000,0.1300
"Kepler-446 b",1.50000000,0.25000000,-0.25000000,2.86000000,,,"M-R relationship",1.56540900000,4.660000,"Transit",3359.00,0.220000,-0.3000
"Kepler-1772 b",2.68609988,,,7.68000000,,,"M-R relationship",3.21509003600,2.180000,"Transit",5541.00,0.942000,0.1200
"K2-330 b",2.77000000,0.14000000,-0.09000000,8.10000000,,,"M-R relationship",13.77479800000,2.090000,"Transit",6232.00,1.230000,-0.0300
"HD 6718 b",13.30000000,,,762.78817680,95.34852210,-63.56568140,"Mass",2476.00000000000,1.780000,"Radial Velocity",5746.00,0.960000,-0.0600
"HAT-P-53 b",14.77346200,1.02001900,-1.02001900,471.65972000,17.79848000,-17.79848000,"Mass",1.96162410000,0.800000,"Transit",5956.00,1.093000,0.0000
"Kepler-399 c",1.43000000,0.77000000,-0.77000000,2.63000000,,,"M-R relationship",26.67569000000,4.940000,"Transit",5502.00,0.902000,0.1400
"Kepler-984 b",2.12000000,0.13000000,-0.11000000,5.14000000,,,"M-R relationship",43.03422720000,2.960000,"Transit",5610.00,0.960000,0.0400
"Kepler-665 b",2.60000000,0.15000000,-0.15000000,7.27000000,,,"M-R relationship",16.01310205000,2.270000,"Transit",4913.00,0.790000,-0.0300
"Kepler-789 b",2.12000000,0.42000000,-0.23000000,5.14000000,,,"M-R relationship",8.63847725000,2.960000,"Transit",5870.00,1.010000,-0.0600
"Kepler-188 c",3.19000000,1.45000000,-1.45000000,10.30000000,,,"M-R relationship",5.99655300000,1.740000,"Transit",6021.00,1.021000,0.1500
"HD 110113 b",2.05000000,0.12000000,-0.12000000,4.55000000,0.62000000,-0.62000000,"Mass",2.54100000000,2.900000,"Transit",5732.00,0.997000,0.1400
"K2-118 b",2.54000000,0.23000000,-0.20000000,6.99000000,,,"M-R relationship",50.92092000000,2.340000,"Transit",4726.29,0.756446,0.1290
"HD 86950 b",13.00000000,,,1144.18800000,222.48100000,-222.48100000,"Msini",1270.00000000000,2.860000,"Radial Velocity",4805.00,1.660000,0.0400
"HD 12484 b",13.20000000,,,947.13340000,44.49620000,-44.49620000,"Msini",58.83000000000,2.260000,"Radial Velocity",5920.00,1.010000,0.0500
"Kepler-1073 d",1.48770949,,,2.82000000,,,"M-R relationship",2.50476002700,4.710000,"Transit",5509.00,0.924000,0.1600
"GJ 3942 b",2.57000000,,,7.14000000,0.59000000,-0.59000000,"Msini",6.90500000000,2.310000,"Radial Velocity",3867.00,0.630000,-0.0400
"KOI-1831 d",1.13000000,0.05000000,-0.05000000,2.23000000,0.50000000,-0.84000000,"Mass",34.16900000000,9.950000,"Transit",5233.00,0.901000,0.1800
"HD 41004 B b",12.10000000,,,5838.29000000,69.92000000,-69.92000000,"Msini",1.32830000000,18.100000,"Radial Velocity",5036.00,0.400000,
"GJ 1002 c",1.10000000,,,1.36000000,0.17000000,-0.17000000,"Msini",21.20200000000,5.610000,"Radial Velocity",3024.00,0.120000,-0.2500
"Kepler-1089 b",1.83000000,0.10000000,-0.34000000,4.01000000,,,"M-R relationship",5.13248561800,3.600000,"Transit",3753.00,0.520000,-0.0900
"TOI-1799 b",1.64200000,0.22700000,-0.16800000,4.00000000,1.70000000,-1.80000000,"Mass",7.09457086500,7.510000,"Transit",5690.00,1.010000,-0.0640
"HD 151450 b",6.94000000,,,38.45723725,6.03873973,-7.94571018,"Msini",21.89288000000,0.632000,"Radial Velocity",6091.98,1.140000,
"HD 37124 c",14.10000000,,,207.22516000,16.52716000,-16.52716000,"Msini",885.50000000000,0.406000,"Radial Velocity",5698.64,0.850000,-0.4400
"K2-116 b",0.69000000,0.04000000,-0.04000000,0.25700000,,,"M-R relationship",4.65541100000,4.300000,"Transit",4348.35,0.694512,0.0100
"Kepler-1589 b",1.09000000,0.44000000,-0.17000000,1.32000000,,,"M-R relationship",0.99166527400,5.600000,"Transit",6166.00,1.180000,0.0800
"GJ 328 c",4.91000000,,,21.40000000,3.40000000,-3.20000000,"Msini",241.80000000000,0.993000,"Radial Velocity",3897.00,0.650000,-0.0600
"HD 47366 c",13.50000000,,,483.73483545,22.88364530,-22.24798849,"Msini",677.53000000000,1.080000,"Radial Velocity",4866.00,1.810000,-0.0200
"HD 136418 b",13.30000000,,,680.15620000,47.67450000,-47.67450000,"Msini",464.29999000000,1.590000,"Radial Velocity",4989.00,1.480000,-0.1100
"Kepler-118 b",1.96000000,0.94000000,-0.94000000,4.50000000,,,"M-R relationship",7.51849600000,3.280000,"Transit",5274.00,0.811000,0.1800
"WASP-3 b",15.91678000,1.90553000,-1.90553000,772.32690000,168.44990000,-168.44990000,"Mass",1.84683000000,0.890000,"Transit",6400.00,1.620000,0.0000
"Kepler-741 b",2.97000000,1.01000000,-0.35000000,9.11000000,,,"M-R relationship",7.03902374000,1.910000,"Transit",6129.00,1.160000,0.0700
"Kepler-355 c",2.71000000,1.22000000,-1.22000000,7.80000000,,,"M-R relationship",25.76229400000,2.150000,"Transit",6184.00,0.933000,-0.0600
"Kepler-1078 b",1.90000000,0.30000000,-0.33000000,4.27000000,,,"M-R relationship",3.00725242000,3.420000,"Transit",5612.00,0.940000,-0.0100
"HD 16417 b",5.00000000,,,22.10000000,2.00000000,-2.00000000,"Msini",17.24000000000,0.972000,"Radial Velocity",5841.00,1.200000,0.0600
"Kepler-353 c",1.38000000,0.07000000,-0.07000000,2.48000000,,,"M-R relationship",8.41089400000,5.190000,"Transit",3903.00,0.553000,-0.1200
"Kepler-1259 b",1.43000000,0.07000000,-0.10000000,2.63000000,,,"M-R relationship",0.66308525800,4.940000,"Transit",5053.00,0.800000,-0.0700
"K2-5 b",1.91000000,0.44000000,-0.44000000,4.31000000,,,"M-R relationship",5.73594000000,3.400000,"Transit",3930.00,0.610000,-0.3300
"Kepler-771 b",1.82000000,0.31000000,-0.21000000,3.97000000,,,"M-R relationship",8.73485836000,3.620000,"Transit",5906.00,1.030000,0.0100
"HAT-P-66 b",17.82231000,1.79344000,-1.12090000,248.86089000,18.11631000,-18.11631000,"Mass",2.97208600000,0.242000,"Transit",6002.00,1.255000,0.0350
"Kepler-827 b",5.63000000,0.70000000,-0.46000000,27.00000000,,,"M-R relationship",51.92927591000,0.831000,"Transit",5602.00,0.930000,-0.0600
"K2-315 b",0.95000000,0.05800000,-0.05800000,0.80900000,,,"M-R relationship",3.14431890000,5.180000,"Transit",3300.00,0.174000,-0.2400
"K2-174 b",2.60000000,0.10000000,-0.10000000,7.27000000,,,"M-R relationship",19.56230700000,2.270000,"Transit",4455.00,0.700000,0.1130
"TOI-756 c",13.00000000,,,1287.20504835,34.96112477,-34.96112477,"Msini",149.40000000000,3.220000,"Radial Velocity",3657.00,0.505000,0.1960
"Kepler-1359 b",2.83000000,0.45000000,-0.32000000,8.40000000,,,"M-R relationship",59.49709520000,2.040000,"Transit",4709.00,0.780000,0.1100
"Kepler-750 c",1.62000000,0.65000000,-0.22000000,3.26000000,,,"M-R relationship",4.08899022000,4.210000,"Transit",6160.00,1.150000,0.0300
"Kepler-108 c",8.18000000,0.51000000,-0.51000000,50.90000000,,,"M-R relationship",190.32349400000,0.511000,"Transit",5854.00,1.247000,0.3261
"TOI-3593 b",11.02963701,0.31385146,-0.29143350,565.73456446,28.60455663,-41.31769291,"Mass",3.82128670000,2.310000,"Transit",5550.00,1.015000,0.3840
"HD 238090 b",2.52000000,,,6.89000000,0.92000000,-0.95000000,"Msini",13.67100000000,2.370000,"Radial Velocity",3933.00,0.578000,-0.0300
"Kepler-1621 b",2.16000000,0.80000000,-0.37000000,5.31000000,,,"M-R relationship",92.26371400000,2.900000,"Transit",6158.00,1.150000,0.0300
"Kepler-278 c",3.26800000,0.06700000,-0.06700000,34.90000000,9.90000000,-21.00000000,"Mass",51.11100000000,5.500000,"Transit",4965.00,1.227000,0.2200
"Kepler-1784 b",2.79936489,,,8.24000000,,,"M-R relationship",13.59049988000,2.060000,"Transit",5442.00,0.887000,0.1000
"HD 75898 b",13.20000000,,,810.46243785,12.71313628,-12.71313628,"Msini",422.82000000000,1.940000,"Radial Velocity",6122.00,1.295000,0.2900
"Kepler-1459 b",1.36000000,0.10000000,-0.08000000,2.42000000,,,"M-R relationship",62.86916110000,5.290000,"Transit",4828.00,0.780000,0.0100
"TOI-2267 c",1.14000000,0.13000000,-0.13000000,1.55000000,,,"M-R relationship",3.49504120000,5.750000,"Transit",3030.00,0.171000,0.1640
"Kepler-450 c",2.62000000,0.14000000,-0.14000000,12.50000000,3.20000000,-2.60000000,"Mass",15.41313500000,8.800000,"Transit",6197.21,1.190000,0.1278
"GJ 687 c",4.14000000,,,16.00000000,4.10000000,-4.10000000,"Msini",727.56200000000,1.240000,"Radial Velocity",3413.00,0.400000,0.0631
"Kepler-380 c",1.27000000,0.28000000,-0.28000000,2.15000000,,,"M-R relationship",7.63000400000,5.770000,"Transit",6045.00,0.990000,-0.1600
"HATS-39 b",17.59813000,1.34508000,-1.34508000,200.23290000,41.31790000,-41.31790000,"Mass",4.57763480000,0.202000,"Transit",6572.00,1.379000,0.0000
"TOI-4507 b",8.20000000,0.10000000,-0.10000000,20.00000000,,,"Mass",104.61611000000,0.200000,"Transit",6260.00,1.110000,-0.0600
"K2-151 b",1.49000000,0.08000000,-0.08000000,2.83000000,,,"M-R relationship",3.83547600000,4.700000,"Transit",3695.00,0.470000,-0.1900
"TOI-707 b",2.41600000,0.09800000,-0.09800000,6.42000000,,,"M-R relationship",52.79918000000,2.500000,"Transit",5424.00,0.990000,0.1600
"TOI-205 b",2.50121142,0.23968778,-0.21681012,6.81000000,,,"M-R relationship",4.25300773815,2.390000,"Transit",6302.74,1.200000,0.1300
"Kepler-286 b",1.24000000,0.25000000,-0.25000000,2.07000000,,,"M-R relationship",1.79630200000,5.970000,"Transit",5580.00,0.830000,-0.2500
"K2-284 b",2.78000000,0.14000000,-0.12000000,8.15000000,,,"M-R relationship",4.79506900000,2.080000,"Transit",4140.00,0.630000,0.0000
"HIP 109384 b",13.50000000,,,495.81480000,25.42640000,-25.42640000,"Msini",499.48000000000,1.110000,"Radial Velocity",5180.00,0.780000,-0.2600
"Kepler-65 e",13.90000000,,,260.00000000,200.00000000,-50.00000000,"Mass",258.80000000000,0.532000,"Radial Velocity",6220.00,1.248000,0.1300
"Kepler-803 b",3.79000000,0.55000000,-0.38000000,13.80000000,,,"M-R relationship",50.28638192000,1.390000,"Transit",5919.00,1.050000,0.0200
"Kepler-418 c",5.22108654,,,23.70000000,,,"M-R relationship",12.21829987000,0.915000,"Transit",5822.00,0.957000,-0.0600
"BD+37 3172 b",12.40000000,,,3368.98111420,,,"Msini",1887.76000000000,9.710000,"Radial Velocity",4500.00,3.750000,-0.0300
"Kepler-1895 b",2.11934728,,,5.14000000,,,"M-R relationship",6.07029008900,2.970000,"Transit",5076.00,0.860000,0.1000
"Kepler-1384 b",1.94000000,0.43000000,-0.20000000,4.42000000,,,"M-R relationship",15.36262753000,3.330000,"Transit",4919.00,0.780000,-0.0600
"Kepler-1042 b",2.19000000,0.11000000,-0.16000000,5.43000000,,,"M-R relationship",10.13202575000,2.840000,"Transit",4815.00,0.750000,-0.1000
"Kepler-1695 b",1.11948901,,,1.46000000,,,"M-R relationship",4.73290000000,5.720000,"Transit",5473.19,0.960000,-0.0347
"TOI-1431 b",16.70138124,0.56044903,-0.56044903,991.62462984,57.20911326,-57.20911326,"Mass",2.65023700000,1.170000,"Transit",7690.00,1.900000,0.0900
"Kepler-333 c",1.11000000,0.20000000,-0.20000000,1.41000000,,,"M-R relationship",24.08821000000,5.670000,"Transit",4259.00,0.601000,0.0465
"HD 153557 c",4.36000000,,,17.48056238,1.58914204,-1.90697044,"Msini",15.27018000000,1.160000,"Radial Velocity",4837.00,0.790000,
"Kepler-422 b",12.89000000,1.23000000,-1.23000000,136.66000000,41.32000000,-41.32000000,"Mass",7.89144830000,0.380000,"Transit",5972.00,1.150000,0.2300
"Kepler-65 d",1.52000000,0.04000000,-0.04000000,4.14000000,0.79000000,-0.80000000,"Mass",8.13123000000,5.700000,"Transit",6211.00,1.250000,0.1700
"K2-136 b",1.01400000,0.05000000,-0.04900000,4.30000000,,,"Mass",7.97525000000,24.000000,"Transit",4500.00,0.742000,-0.0200
"KELT-16 b",15.86073500,0.94155600,-0.75100300,874.03250000,50.85280000,-47.67450000,"Mass",0.96899510000,1.200000,"Transit",6236.00,1.211000,-0.0020
"Kepler-329 b",1.40000000,0.25000000,-0.25000000,2.54000000,,,"M-R relationship",7.41639700000,5.090000,"Transit",4257.00,0.602000,-0.4400
"K2-198 d",2.43800000,0.13000000,-0.05600000,6.52000000,,,"M-R relationship",7.45001770000,2.470000,"Transit",5212.90,0.799000,0.0940
"HATS-15 b",12.38594500,0.44836000,-0.44836000,689.69110000,47.67450000,-47.67450000,"Mass",1.74748753000,1.970000,"Transit",5311.00,0.871000,0.0000
"TOI-5349 b",10.20000000,0.30000000,-0.30000000,127.40000000,5.80000000,-5.50000000,"Mass",3.31792100000,0.660000,"Transit",3751.00,0.610000,0.5000
"Kepler-1094 b",3.18000000,1.20000000,-0.46000000,10.20000000,,,"M-R relationship",78.10002310000,1.740000,"Transit",6112.00,1.140000,0.0600
"Kepler-448 c",12.00000000,,,6992.26000000,2224.81000000,-1589.15000000,"Mass",2500.00000000000,22.200000,"Transit Timing Variations",6635.00,1.500000,0.0815
"Kepler-48 b",1.88000000,0.10000000,-0.10000000,3.94000000,2.10000000,-2.10000000,"Mass",4.77800000000,3.230000,"Transit",5194.00,0.880000,0.1700
"Pr0211 c",12.60000000,,,2475.89570000,104.88390000,-104.88390000,"Msini",4850.00000000000,6.800000,"Radial Velocity",5300.00,0.935000,0.1800
"Kepler-1856 b",1.73447868,,,3.66000000,,,"M-R relationship",1.30200004600,3.850000,"Transit",4948.00,0.782000,0.1400
"HD 12235 c",12.50000000,,,3135.69506346,1013.87261833,-566.05239287,"Mass",36336.70679000000,8.820000,"Radial Velocity",5986.00,1.100000,0.3100
"HD 75784 b",13.80000000,,,317.83000000,44.49620000,-44.49620000,"Msini",341.20000000000,0.665000,"Radial Velocity",4867.00,1.260000,0.2500
"Kepler-1187 b",2.61000000,0.51000000,-0.28000000,7.32000000,,,"M-R relationship",18.87064068000,2.260000,"Transit",5975.00,1.060000,-0.0100
"Kepler-164 e",4.24000000,0.69000000,-0.56000000,16.70000000,,,"M-R relationship",94.88690200000,1.200000,"Transit",5888.00,0.966000,-0.1000
"TOI-2981 b",13.40000000,0.42000000,-0.42000000,638.00000000,33.00000000,-33.00000000,"Mass",3.60150100000,1.460000,"Transit",5940.00,1.030000,-0.1100
"GJ 3512 b",14.30000000,,,146.51889563,7.31005336,-7.31005336,"Msini",203.10900000000,0.275000,"Radial Velocity",3141.00,0.123000,-0.0700
"GJ 876 c",14.00000000,,,226.98460000,1.23950000,-1.23950000,"Mass",30.08810000000,0.455000,"Radial Velocity",3293.74,0.320000,0.2129
"Kepler-266 b",2.48000000,1.20000000,-1.20000000,6.71000000,,,"M-R relationship",6.61833000000,2.420000,"Transit",5885.00,0.947000,0.1600
"K2-133 e",1.73000000,0.14000000,-0.13000000,3.64000000,,,"M-R relationship",26.58410000000,3.860000,"Transit",3655.00,0.461000,
"Kepler-604 b",2.59000000,0.49000000,-0.27000000,7.22000000,,,"M-R relationship",25.85501786000,2.280000,"Transit",5890.00,1.020000,-0.0200
"HD 332231 b",9.07303305,0.18720815,-0.17534239,74.10000000,5.60000000,-5.40000000,"Mass",18.71202400000,0.550000,"Transit",6128.00,1.164200,0.0430
"NGTS-9 b",11.99363000,0.67254000,-0.67254000,921.70700000,54.03110000,-54.03110000,"Mass",4.43527000000,2.930000,"Transit",6330.00,1.340000,0.3100
"Kepler-1569 b",1.68000000,0.73000000,-0.31000000,3.46000000,,,"M-R relationship",5.79180156000,4.010000,"Transit",6319.00,1.250000,0.0600
"Kepler-1100 b",1.75000000,0.82000000,-0.29000000,3.71000000,,,"M-R relationship",6.42200058000,3.800000,"Transit",6247.00,1.210000,0.0500
"Kepler-1121 b",1.91000000,0.48000000,-0.46000000,4.31000000,,,"M-R relationship",13.15141081000,3.400000,"Transit",6231.00,1.290000,0.1200
"Kepler-303 b",0.89000000,0.05000000,-0.05000000,0.64000000,,,"M-R relationship",1.93705500000,4.990000,"Transit",3944.00,0.575000,-0.4136
"TOI-4603 b",11.67975789,0.42594127,-0.39231432,4096.80816623,184.34047606,-181.16219199,"Mass",7.24599000000,14.100000,"Transit",6264.00,1.765000,0.3420
"TOI-1224 b",2.10400000,0.09400000,-0.09100000,5.08000000,,,"M-R relationship",4.17827450000,3.000000,"Transit",3326.00,0.400000,
"Kepler-1373 b",1.16000000,0.54000000,-0.19000000,1.65000000,,,"M-R relationship",1.29123275000,5.810000,"Transit",6299.00,1.220000,0.0300
"HAT-P-46 b",14.39200000,3.03800000,-1.49100000,156.68400000,26.06100000,-16.52600000,"Mass",4.46312900000,0.280000,"Transit",6120.00,1.284000,0.3000
"HD 39855 b",2.85000000,,,8.50000000,1.50000000,-1.50000000,"Msini",3.24980000000,2.020000,"Radial Velocity",5576.00,0.870000,
"Kepler-1626 b",2.02000000,0.66000000,-0.43000000,4.74000000,,,"M-R relationship",4.13962966000,3.160000,"Transit",6826.00,1.510000,0.0400
"Kepler-1845 b",2.43836702,,,6.52000000,,,"M-R relationship",11.60649967000,2.470000,"Transit",4703.00,0.686000,-0.1400
"TOI-5938 b",3.82000000,0.11000000,-0.11000000,14.00000000,,,"M-R relationship",2.26042400000,1.380000,"Transit",4650.00,0.744000,0.0700
"K2-188 b",1.35000000,0.11000000,-0.11000000,2.39000000,,,"M-R relationship",1.74216900000,5.340000,"Transit",5977.00,1.060000,-0.0100
"Kepler-1107 b",1.34000000,0.10000000,-0.08000000,2.36000000,,,"M-R relationship",0.57103851800,5.390000,"Transit",5268.00,0.860000,0.0100
"Kepler-1472 b",1.90000000,0.76000000,-0.36000000,4.27000000,,,"M-R relationship",38.13128310000,3.420000,"Transit",6159.00,1.160000,0.0300
"Kepler-631 b",2.90000000,0.32000000,-0.23000000,8.75000000,,,"M-R relationship",17.97979059000,1.970000,"Transit",6185.00,1.240000,0.2300
"Kepler-1656 b",4.57400000,0.10600000,-0.10600000,47.80000000,6.20000000,-3.30000000,"Mass",31.56200000000,2.130000,"Transit",5569.00,1.030000,0.1900
"K2-182 b",2.71257333,0.11096891,-0.09079274,20.97667486,5.40308292,-5.08525451,"Mass",4.73696960000,5.700000,"Transit",5128.00,0.823000,0.0220
"Kepler-1286 b",2.15000000,0.45000000,-0.18000000,5.27000000,,,"M-R relationship",11.25402929000,2.910000,"Transit",5753.00,1.000000,0.0300
"Kepler-603 b",2.65000000,0.59000000,-0.26000000,7.51000000,,,"M-R relationship",21.05358596000,2.220000,"Transit",5808.00,1.010000,0.0300
"TOI-1811 b",11.14172682,0.28022452,-0.25780656,308.92921160,24.15495893,-24.79061575,"Mass",3.71307650000,1.230000,"Transit",4766.00,0.817000,0.3060
"Kepler-1270 b",3.32000000,0.30000000,-0.65000000,11.00000000,,,"M-R relationship",6.03356196000,1.650000,"Transit",5047.00,1.280000,-0.0200
"TOI-2345 c",2.45100000,0.04500000,-0.04600000,7.27000000,2.27000000,-2.45000000,"Mass",21.06430200000,2.710000,"Transit",4687.00,0.727000,-0.1000
"TOI-2818 b",15.27784069,0.51561311,-0.50440413,225.65816897,82.63538582,-82.63538582,"Mass",4.03970900000,0.340000,"Transit",5721.00,0.977000,-0.0200
"VHS J125601.92-125723.9 b",13.67495645,,,5085.25451200,317.82840700,-317.82840700,"Mass",5800000.00000000000,10.900000,"Imaging",2620.00,0.070000,
"K2-252 b",1.74000000,0.17000000,-0.12000000,3.68000000,,,"M-R relationship",13.81513000000,3.840000,"Transit",5152.00,0.790000,-0.0900
"Kepler-356 c",1.81000000,0.33000000,-0.33000000,3.93000000,,,"M-R relationship",13.12163200000,3.640000,"Transit",6133.00,1.163000,-0.0226
"HD 47536 b",12.60000000,,,2330.00000000,750.00000000,-750.00000000,"Msini",712.13000000000,6.400000,"Radial Velocity",4380.00,2.100000,-0.6500
"Kepler-1149 b",1.44000000,0.26000000,-0.17000000,2.67000000,,,"M-R relationship",3.73089898000,4.910000,"Transit",5833.00,1.020000,0.0200
"TOI-1756 b",1.94225664,0.34679104,-0.20376951,4.43000000,,,"M-R relationship",2.78301736297,3.320000,"Transit",3891.86,0.556454,
"HD 156098 b",4.12000000,,,15.89142035,3.49611248,-1.27131363,"Msini",21.85849000000,1.250000,"Radial Velocity",6419.19,1.290000,0.1200
"HD 6434 b",14.20000000,,,155.73670000,12.71320000,-12.71320000,"Msini",21.99800000000,0.299000,"Radial Velocity",5769.00,1.100000,-0.5500
"TOI-2095 c",1.33000000,0.08000000,-0.08000000,7.40000000,,,"Mass",28.17232000000,,"Transit",3759.00,0.440000,-0.2400
"Kepler-847 b",1.18000000,0.09000000,-0.05000000,1.76000000,,,"M-R relationship",2.34323189500,5.890000,"Transit",4940.00,0.830000,0.1500
"DMPP-9 b",3.89000000,,,14.43000000,2.57000000,-2.36000000,"Msini",12.73300000000,1.350000,"Radial Velocity",6092.00,1.100000,
"Kepler-122 c",5.87000000,1.16000000,-1.16000000,29.00000000,,,"M-R relationship",12.46598800000,0.788000,"Transit",6050.00,0.982000,-0.0800
"TIC 87422071 b",10.86150230,0.97518132,-0.94155438,409.99864503,31.78284070,-34.96112477,"Mass",11.36492900000,1.878500,"Transit",6150.00,1.239000,0.1600
"HD 32963 b",13.40000000,,,657.90480249,263.79757781,-203.41018048,"Mass",2372.00000000000,1.500000,"Radial Velocity",5727.00,0.940000,0.1100
"Kepler-1516 b",1.75000000,0.49000000,-0.19000000,3.71000000,,,"M-R relationship",7.25931979000,3.800000,"Transit",5904.00,1.040000,0.0300
"HD 73344 c",13.50000000,,,118.54999581,6.99222495,-6.67439655,"Msini",65.94000000000,0.265000,"Radial Velocity",6148.00,1.190000,0.1600
"GJ 163 c",2.50000000,,,6.80000000,0.90000000,-0.90000000,"Msini",25.63058000000,2.390000,"Radial Velocity",3500.00,0.400000,0.1000
"WTS-2 b",15.27786700,0.68374900,-0.68374900,355.96960000,50.85280000,-50.85280000,"Mass",1.01870680000,0.540000,"Transit",5000.00,0.820000,0.2000
"HD 93963 A c",3.11976057,0.13502367,-0.10446158,18.40000000,3.20000000,-3.10000000,"Mass",3.64513890000,3.310000,"Transit",5908.00,1.084400,0.1100
"HD 211970 b",3.66000000,,,13.00000000,2.50000000,-2.50000000,"Msini",25.20100000000,1.460000,"Radial Velocity",4127.00,0.610000,
"HD 139357 b",12.10000000,,,6315.56827550,1403.53024531,-1093.01189167,"Mass",1124.79139000000,19.600000,"Radial Velocity",4700.00,2.690000,-0.1300
"CoRoT-25 b",12.11000000,3.40000000,-1.12000000,85.81000000,12.71000000,-12.71000000,"Mass",4.86069000000,0.150000,"Transit",6040.00,1.090000,-0.0100
"HATS-18 b",14.89676100,0.84067500,-0.84067500,629.14448500,24.15508000,-24.15508000,"Mass",0.83784000000,1.116900,"Transit",5600.00,1.037000,0.2800
"Kepler-567 b",2.25000000,0.15000000,-0.12000000,5.69000000,,,"M-R relationship",16.54297375000,2.740000,"Transit",5148.00,0.840000,0.0000
"Kepler-1457 b",1.99000000,0.31000000,-0.20000000,4.62000000,,,"M-R relationship",51.11102430000,3.220000,"Transit",5866.00,1.010000,-0.0500
"TOI-5789 e",3.43000000,,,11.61000000,0.97000000,-0.97000000,"Msini",62.98000000000,1.580000,"Radial Velocity",5185.00,0.821000,-0.1200
"HD 30177 c",12.90000000,,,1484.25866069,139.84449908,-136.66621501,"Mass",11320.00000000000,3.800000,"Radial Velocity",5680.00,0.980000,0.4300
"CoRoT-2 b",16.43200000,0.47100000,-0.49300000,1102.82000000,69.92000000,-69.92000000,"Mass",1.74299350000,1.470000,"Transit",5625.00,0.960000,0.0400
"K2-175 b",2.03803688,0.35536293,-0.27066826,4.81000000,,,"M-R relationship",9.52598800000,3.120000,"Transit",5909.00,1.094693,0.0500
"tau Boo b",12.80000000,,,1891.00000000,89.00000000,-89.00000000,"Mass",3.31245680000,4.950000,"Radial Velocity",6466.27,1.320000,0.2642
"Kepler-1682 b",2.88940836,,,8.70000000,,,"M-R relationship",14.83340000000,1.980000,"Transit",5619.12,0.990000,-0.0480
"GJ 3293 d",2.67000000,,,7.60000000,1.05000000,-1.05000000,"Msini",48.13450000000,2.190000,"Radial Velocity",3466.00,0.420000,0.0200
"HD 103774 b",13.30000000,,,116.00000000,7.00000000,-7.00000000,"Msini",5.88810000000,0.271000,"Radial Velocity",6489.00,1.335000,0.2800
"Kepler-1389 b",1.77000000,0.05000000,-0.14000000,3.78000000,,,"M-R relationship",99.25309510000,3.750000,"Transit",5078.00,0.810000,-0.1400
"Kepler-251 d",2.77000000,0.49000000,-0.49000000,8.10000000,,,"M-R relationship",30.13300100000,2.090000,"Transit",5526.00,0.891000,-0.0600
"K2-275 c",2.21000000,0.08000000,-0.06000000,5.52000000,,,"M-R relationship",8.43883850000,2.810000,"Transit",4841.00,0.770000,-0.0600
"HD 9446 c",13.40000000,,,578.42600000,54.02880000,-54.02880000,"Msini",192.90000000000,1.320000,"Radial Velocity",5793.00,1.000000,0.0900
"Kepler-758 d",2.12000000,0.47000000,-0.33000000,5.14000000,,,"M-R relationship",20.49661970000,2.960000,"Transit",6228.00,1.160000,-0.1000
"HD 25912 c",12.20000000,,,5252.75008249,437.33188803,-444.64194139,"Mass",26308.65619000000,15.900000,"Radial Velocity",5920.58,1.080000,0.1200
"Kepler-444 e",0.54600000,0.01700000,-0.01500000,0.10000000,0.20000000,-0.10000000,"Mass",7.74349300000,4.800000,"Transit",5046.00,0.758000,-0.5500
"Kepler-822 b",1.77000000,0.41000000,-0.21000000,3.78000000,,,"M-R relationship",3.22296927300,3.750000,"Transit",5928.00,1.060000,0.0400
"HD 220842 b",13.10000000,,,1010.69940000,47.67450000,-47.67450000,"Msini",218.47000000000,2.470000,"Radial Velocity",5960.00,1.130000,-0.1700
"TOI-1749 d",2.52000000,0.15000000,-0.15000000,15.00000000,,,"Mass",9.04970000000,,"Transit",3985.00,0.580000,-0.2600
"DMPP-1 e",1.86000000,,,4.13000000,0.66000000,-1.14000000,"Msini",5.51600000000,3.530000,"Radial Velocity",6196.00,1.210000,
"Kepler-1476 b",1.67000000,0.37000000,-0.13000000,3.43000000,,,"M-R relationship",10.35863224000,4.050000,"Transit",5663.00,0.980000,0.0600
"TOI-1820 b",12.77823800,0.22417961,-0.22417961,731.00533610,63.56568140,-63.56568140,"Mass",4.86067400000,2.000000,"Transit",5734.00,1.040000,0.1400
"HD 167768 b",13.90000000,,,270.15414595,38.13940884,-34.96112477,"Msini",20.65320000000,0.553000,"Radial Velocity",4851.00,1.080000,-0.6700
"K2-29 b",13.33871000,0.22418000,-0.22418000,232.01590000,12.71320000,-12.71320000,"Mass",3.25883210000,0.530000,"Transit",5358.00,0.940000,0.1600
"Kepler-206 c",1.77000000,0.34000000,-0.34000000,3.78000000,,,"M-R relationship",13.13747100000,3.750000,"Transit",5764.00,0.957000,0.0213
"HD 128356 b",13.90000000,,,282.86870000,22.24810000,-22.24810000,"Msini",298.20000000000,0.579000,"Radial Velocity",4875.00,0.650000,0.1700
"TOI-157 b",14.41477400,0.25780700,-0.22418000,375.03940000,41.31790000,-38.13960000,"Mass",2.08454350000,0.686000,"Transit",5404.00,0.948000,0.2400
"Kepler-1438 b",0.94000000,0.19000000,-0.10000000,0.77900000,,,"M-R relationship",2.31942009000,5.150000,"Transit",5530.00,0.970000,0.2000
"HD 108236 c",2.07100000,0.05200000,-0.05200000,4.94000000,,,"M-R relationship",6.20344900000,3.060000,"Transit",5660.00,0.869000,-0.2800
"Kepler-169 b",1.13000000,0.08000000,-0.08000000,1.51000000,,,"M-R relationship",3.25061900000,5.750000,"Transit",4997.00,0.825000,0.1700
"xi Aql b",13.40000000,,,616.90493799,28.92238504,-56.89128485,"Msini",136.97000000000,1.410000,"Radial Velocity",4841.00,1.740000,-0.1100
"HD 69830 d",4.45000000,,,18.10000000,,,"Msini",197.00000000000,1.130000,"Radial Velocity",5385.00,0.860000,-0.0500
"Kepler-374 b",1.03000000,0.54000000,-0.54000000,1.08000000,,,"M-R relationship",1.89780600000,5.430000,"Transit",5977.00,1.033000,0.1111
"Kepler-1761 b",1.39109603,,,2.51000000,,,"M-R relationship",4.04354000100,5.120000,"Transit",3871.00,0.573000,0.0700
"Kepler-334 c",1.43000000,0.26000000,-0.26000000,2.63000000,,,"M-R relationship",12.75800500000,4.940000,"Transit",5828.00,1.022000,-0.0120
"TOI-5489 c",1.28000000,0.07000000,-0.07000000,2.18000000,,,"M-R relationship",4.92126000000,5.710000,"Transit",3547.00,0.410000,
"Kepler-1668 b",4.34764405,,,17.40000000,,,"M-R relationship",15.43400000000,1.160000,"Transit",5542.00,0.980000,0.0700
"HD 21749 c",0.89200000,0.06400000,-0.05800000,3.70000000,,,"Mass",7.78993000000,31.930000,"Transit",4640.00,0.730000,0.0030
"Kepler-216 b",2.35000000,0.46000000,-0.46000000,6.12000000,,,"M-R relationship",7.69364100000,2.590000,"Transit",6091.00,1.126000,-0.1489
"Kepler-829 b",2.11000000,0.44000000,-0.18000000,5.10000000,,,"M-R relationship",6.88337562000,2.980000,"Transit",5698.00,0.980000,0.0300
"Kepler-1873 b",1.62573811,,,3.28000000,,,"M-R relationship",0.55884200300,4.190000,"Transit",5151.00,0.903000,0.2100
"HATS-22 b",10.68217700,0.53803200,-0.32506100,870.85420000,34.96130000,-34.96130000,"Mass",4.72281240000,3.890000,"Transit",4803.00,0.759000,0.0000
"TOI-1723 b",3.43500000,0.24400000,-0.19300000,10.40000000,5.20000000,-4.80000000,"Mass",13.72701264300,1.600000,"Transit",5777.00,1.040000,0.1590
"TOI-6038 A b",6.41000000,0.20000000,-0.16000000,78.50000000,9.50000000,-9.90000000,"Mass",5.82673110000,1.620000,"Transit",6110.00,1.291000,0.1240
"HIP 18606 b",14.00000000,,,244.72787339,22.24798849,-22.24798849,"Msini",674.94000000000,0.490000,"Radial Velocity",4860.00,1.210000,-0.0100
"TIC 434398831 c",5.63000000,0.29000000,-0.28000000,27.00000000,,,"M-R relationship",6.21029100000,0.831000,"Transit",5638.00,0.992000,-0.0810
"TOI-2202 c",13.40000000,,,117.27868218,32.73632592,-26.57045483,"Mass",24.67440000000,0.268000,"Transit Timing Variations",5144.00,0.823000,0.0400
"Kepler-33 d",5.35000000,0.49000000,-0.49000000,3.91000000,1.87000000,-1.80000000,"Mass",21.77596000000,0.250000,"Transit",5904.00,1.291000,0.0250
"TOI-1722 b",4.38298108,0.59298530,-0.48069428,17.60000000,,,"M-R relationship",9.60523206943,1.150000,"Transit",5999.55,1.162000,
"Kepler-525 b",2.63000000,0.38000000,-0.52000000,7.41000000,,,"M-R relationship",18.68404933000,2.240000,"Transit",5573.00,0.950000,0.1100
"HD 164604 b",12.30000000,,,4195.33497240,572.09113260,-476.74261050,"Mass",653.90000000000,12.400000,"Radial Velocity",4663.00,0.770000,0.1200
"WASP-132 b",10.09929161,0.42594127,-0.42594127,136.03055820,4.76742611,-4.76742611,"Mass",7.13351640000,0.730000,"Transit",4686.00,0.789000,0.1500
"HD 28254 b",13.00000000,,,1207.74794660,953.48522100,-699.22249540,"Mass",1333.00000000000,3.020000,"Radial Velocity",5664.00,1.100000,0.0600
"Kepler-1486 b",2.32000000,0.58000000,-0.29000000,5.99000000,,,"M-R relationship",54.64957590000,2.640000,"Transit",5965.00,1.080000,0.0600
"Kepler-634 b",1.89000000,0.30000000,-0.25000000,4.23000000,,,"M-R relationship",5.16950177000,3.440000,"Transit",6075.00,1.030000,-0.1800
"Kepler-251 c",2.77000000,0.49000000,-0.49000000,8.10000000,,,"M-R relationship",16.51404300000,2.090000,"Transit",5526.00,0.891000,-0.0600
"HD 129445 b",13.30000000,,,797.74930157,349.61124770,-171.62733978,"Mass",1840.00000000000,1.860000,"Radial Velocity",5646.00,0.990000,0.2500
"K2-213 b",1.51398464,0.29814572,-0.20976135,2.90000000,,,"M-R relationship",8.13087000000,4.590000,"Transit",5794.00,1.069596,0.2500
"Kepler-724 b",3.29000000,0.40000000,-0.23000000,10.80000000,,,"M-R relationship",3.31494633800,1.670000,"Transit",5437.00,0.900000,-0.0200
"DMPP-2 b",14.20000000,,,171.48000000,10.99000000,-8.34000000,"Msini",5.20300000000,0.329000,"Radial Velocity",6500.00,1.410000,
"NGTS-11 b",9.15775300,0.31385200,-0.35868800,109.33352000,29.24036000,-23.20159000,"Mass",35.45533000000,0.780000,"Transit",5050.00,0.862000,0.2200
"Kepler-34 b",8.56400000,0.13500000,-0.15700000,69.92000000,3.49600000,-3.17800000,"Mass",288.82200000000,0.613000,"Transit",5913.00,1.047900,-0.0700
"Kepler-1016 b",2.18000000,0.37000000,-0.28000000,5.39000000,,,"M-R relationship",1.95452434200,2.860000,"Transit",5821.00,0.990000,-0.0300
"TIC 32032563 b",3.47739942,0.41441263,-0.34948645,11.90000000,,,"M-R relationship",13.83460487791,1.560000,"Transit",5567.93,1.050000,
"Kepler-1859 c",1.66000000,0.29000000,-0.23000000,3.39000000,,,"M-R relationship",3.59645081000,4.070000,"Transit",5887.00,1.090000,0.1600
"Kepler-190 b",1.56000000,0.11000000,-0.11000000,3.05000000,,,"M-R relationship",2.01999900000,4.410000,"Transit",5106.00,0.834000,0.0600
"HD 95544 b",12.80000000,,,1913.64483855,513.61070571,-81.99972901,"Mass",2041.54152000000,5.010000,"Radial Velocity",5722.00,1.010000,0.1100
"Kepler-975 c",10.69000000,6.94000000,-6.30000000,80.20000000,,,"M-R relationship",5.05821338000,0.361000,"Transit",4883.00,0.951000,0.5600
"Kepler-978 b",2.99000000,0.67000000,-0.57000000,9.22000000,,,"M-R relationship",49.62215090000,1.900000,"Transit",6002.00,1.070000,-0.0100
"Kepler-1418 b",1.66000000,0.08000000,-0.14000000,3.39000000,,,"M-R relationship",22.47644250000,4.070000,"Transit",4770.00,0.770000,0.0000
"HD 25912 b",6.90000000,,,38.13940884,4.13176929,-4.13176929,"Msini",41.83156000000,0.638000,"Radial Velocity",5920.58,1.080000,0.1200
"TOI-4914 b",12.87000000,0.36000000,-0.36000000,227.00000000,13.00000000,-13.00000000,"Mass",10.60057000000,0.590000,"Transit",5805.00,1.030000,-0.1300
"Kepler-444 c",0.49700000,0.02100000,-0.01700000,0.07930000,,,"M-R relationship",4.54588410000,3.550000,"Transit",5046.00,0.758000,-0.5500
"Kepler-76 b",15.24424000,1.34508000,-1.34508000,638.83830000,117.59710000,-111.24050000,"Mass",1.54492980000,1.100000,"Orbital Brightness Modulation",6409.00,1.200000,-0.1000
"K2-386 b",2.32000000,0.07100000,-0.06700000,5.99000000,,,"M-R relationship",7.47322300000,2.640000,"Transit",5749.00,0.911000,0.0740
"HD 3167 b",1.67000000,0.17000000,-0.10000000,4.97000000,0.24000000,-0.23000000,"Mass",0.95964100000,5.600000,"Transit",5261.00,0.837000,0.0400
"Kepler-714 b",9.67000000,2.49000000,-1.01000000,67.60000000,,,"M-R relationship",8.09888798600,0.411000,"Transit",5995.00,1.090000,0.0400
"Kepler-1386 b",1.24000000,0.38000000,-0.13000000,2.07000000,,,"M-R relationship",6.73972381000,5.970000,"Transit",5733.00,1.020000,0.1100
"HIP 57274 d",14.20000000,,,167.40000000,8.00000000,-8.00000000,"Msini",431.70000000000,0.321000,"Radial Velocity",4640.00,0.730000,0.0900
"OGLE-2016-BLG-1190L b",12.30000000,,,4253.00000000,280.00000000,-260.00000000,"Mass",1220.00000000000,12.600000,"Microlensing",,0.880000,
"HD 111998 b",12.90000000,,,1525.57635360,63.56568140,-63.56568140,"Mass",810.00000000000,3.910000,"Radial Velocity",6557.00,1.400000,0.0700
"Kepler-141 b",0.69000000,0.05000000,-0.05000000,0.25700000,,,"M-R relationship",3.10767500000,4.300000,"Transit",4910.00,0.878000,0.2643
"Kepler-1112 b",3.02000000,1.28000000,-0.52000000,9.38000000,,,"M-R relationship",14.36267939000,1.870000,"Transit",6496.00,1.340000,0.0400
"K2-268 e",1.33000000,0.11000000,-0.08000000,2.33000000,,,"M-R relationship",6.13124300000,5.440000,"Transit",5106.00,0.840000,0.0300
"HD 102888 b",12.80000000,,,1808.44363583,47.67426105,-47.67426105,"Msini",252.06000000000,4.740000,"Radial Velocity",4990.00,2.420000,0.0700
"WASP-4 b",15.12091496,0.12329879,-0.13450777,381.39408840,10.17050902,-9.53485221,"Mass",1.33823099400,0.647184,"Transit",5436.00,0.899000,-0.0500
"MXB 1658-298 b",12.00000000,,,7532.57100000,1017.05600000,-1017.05600000,"Mass",760.00000000000,24.000000,"Eclipse Timing Variations",,1.980000,
"Kepler-1537 b",1.18000000,0.06000000,-0.09000000,1.76000000,,,"M-R relationship",1.44445379800,5.890000,"Transit",5079.00,0.810000,-0.0800
"Kepler-151 b",3.06000000,1.53000000,-1.53000000,9.59000000,,,"M-R relationship",15.22895800000,1.840000,"Transit",5460.00,0.870000,0.1245
"TOI-4504 b",2.69100000,0.19100000,-0.19100000,7.71000000,,,"M-R relationship",2.42614000000,2.170000,"Transit",5315.00,0.890000,0.1600
"Kepler-1445 b",0.96000000,0.20000000,-0.13000000,0.84000000,,,"M-R relationship",10.60052251000,5.220000,"Transit",6150.00,1.130000,-0.0300
"TOI-480 b",2.85372018,0.13233983,-0.10240654,20.80000000,4.40000000,-4.20000000,"Mass",6.86619600000,4.910000,"Transit",6174.00,1.279300,0.1640
"HATS-70 b",15.51325600,0.88551100,-0.82946600,4100.00700000,572.09400000,-508.52800000,"Mass",1.88823780000,6.640000,"Transit",7930.00,1.780000,0.0410
"Kepler-366 b",1.46000000,0.66000000,-0.66000000,2.73000000,,,"M-R relationship",3.28195900000,4.820000,"Transit",6209.00,1.088000,-0.0600
"HD 187123 c",13.20000000,,,912.16752809,127.13136280,-133.48793094,"Mass",3810.00000000000,2.180000,"Radial Velocity",5790.00,1.040000,0.0900
"LHS 1678 b",0.68500000,0.03700000,-0.03500000,0.35000000,,,"Mass",0.86023250000,6.000000,"Transit",3490.00,0.345000,
"Kepler-935 b",1.35000000,0.08000000,-0.07000000,2.39000000,,,"M-R relationship",4.88083852000,5.340000,"Transit",4830.00,0.780000,-0.0100
"HD 224693 b",14.00000000,,,222.48100000,38.13960000,-38.13960000,"Msini",26.69040000000,0.446000,"Radial Velocity",5894.00,1.310000,0.2700
"mu Leo b",13.30000000,,,762.80000000,127.10000000,-127.10000000,"Msini",357.80000000000,1.780000,"Radial Velocity",4538.20,1.500000,0.3600
"Kepler-321 b",1.77000000,0.34000000,-0.34000000,3.78000000,,,"M-R relationship",4.91537900000,3.750000,"Transit",5740.00,1.024000,0.1210
"HD 10975 b",14.30000000,,,143.02278315,19.06970442,-47.67426105,"Msini",283.80000000000,0.269000,"Radial Velocity",4840.00,1.410000,-0.2100
"Kepler-109 b",2.49000000,0.11000000,-0.11000000,4.90000000,,,"Mass",6.48163070000,1.700000,"Transit",5950.00,1.094000,-0.0200
"HD 70573 b",12.80000000,,,1900.00000000,130.00000000,-130.00000000,"Msini",851.80000000000,4.980000,"Radial Velocity",5737.00,1.000000,-0.1800
"Kepler-388 b",0.81000000,0.10000000,-0.10000000,0.45700000,,,"M-R relationship",3.17331500000,4.730000,"Transit",4498.00,0.635000,0.0000
"Kepler-15 b",10.76000000,0.67000000,-0.78000000,209.76000000,25.43000000,-28.60000000,"Mass",4.94278200000,0.930000,"Transit",5515.00,1.018000,0.3600
"HD 202772 A b",18.23701160,0.78462865,-0.72858375,323.54931833,20.97667486,-20.02318964,"Mass",3.30887750000,0.293000,"Transit",6442.00,1.721000,0.2320
"HD 134606 b",2.97000000,,,9.09000000,0.64000000,-0.63000000,"Msini",12.08900000000,1.910000,"Radial Velocity",5576.00,1.046000,0.3430
"HIP 98599 b",12.70000000,,,2177.12458795,31.78284070,-69.92224954,"Mass",2656.00000000000,5.840000,"Radial Velocity",5978.00,1.190000,-0.1200
"TOI-2458 b",2.83000000,0.20000000,-0.18000000,13.31000000,0.99000000,-0.96000000,"Mass",3.73659000000,3.230000,"Transit",6005.00,1.050000,-0.1000
"HD 190360 b",13.50000000,,,537.00000000,79.00000000,-46.00000000,"Mass",2887.50000000000,1.200000,"Radial Velocity",5560.00,0.996000,0.2600
"TOI-1259 A b",11.60000000,0.20000000,-0.20000000,141.00000000,13.00000000,-13.00000000,"Mass",3.47797920000,0.490000,"Transit",4775.00,0.746000,-0.5000
"Kepler-374 c",1.10000000,0.57000000,-0.57000000,1.37000000,,,"M-R relationship",3.28280700000,5.660000,"Transit",5977.00,1.033000,0.1111
"TOI-5300 b",9.86390302,0.89671846,-0.89671846,190.69704420,31.78284070,-31.78284070,"Mass",2.26219600000,1.100000,"Transit",4610.00,0.670000,-0.1700
"Kepler-402 b",1.22000000,0.24000000,-0.24000000,1.98000000,,,"M-R relationship",4.02875100000,5.990000,"Transit",6090.00,1.072000,-0.0800
"Kepler-372 d",1.69000000,0.73000000,-0.73000000,3.50000000,,,"M-R relationship",30.09256800000,3.980000,"Transit",6509.00,1.202000,-0.1300
"TOI-5713 b",1.77000000,0.17000000,-0.14000000,3.78000000,,,"M-R relationship",10.44198900000,3.750000,"Transit",3225.00,0.265300,-0.0300
"K2-381 b",1.07500000,0.14200000,-0.10400000,1.26000000,,,"M-R relationship",7.93893340000,5.570000,"Transit",4473.00,0.754000,-0.2440
"HD 11964 c",5.38000000,,,25.00000000,3.10000000,-3.10000000,"Msini",37.91000000000,0.882000,"Radial Velocity",5303.00,0.910000,0.1000
"WASP-96 b",13.45000000,0.67000000,-0.67000000,152.55000000,9.53000000,-9.53000000,"Mass",3.42526020000,0.370000,"Transit",5540.00,1.060000,0.1400
"Kepler-351 c",3.19000000,1.55000000,-1.55000000,11.10000000,9.90000000,-7.60000000,"Mass",57.24809000000,1.880000,"Transit",5643.00,0.810000,-0.1600
"HD 155193 b",14.00000000,,,238.37130525,19.06970442,-19.06970442,"Msini",352.65000000000,0.477000,"Radial Velocity",6239.00,1.221000,0.0500
"HD 13808 b",3.35000000,,,11.20000000,1.20000000,-0.66000000,"Msini",14.18150000000,1.640000,"Radial Velocity",5035.00,0.771000,-0.2100
"GJ 180 c",2.41000000,,,6.40000000,3.70000000,-4.10000000,"Msini",24.32900000000,2.510000,"Radial Velocity",3371.00,0.430000,
"Kepler-1663 b",3.30395896,,,10.90000000,,,"M-R relationship",17.60460000000,1.660000,"Transit",3844.00,0.610816,0.0600
"Kepler-452 b",1.63000000,0.23000000,-0.20000000,3.29000000,,,"M-R relationship",384.84300000000,4.170000,"Transit",5757.00,1.037000,0.2100
"Kepler-1768 b",2.23346338,,,5.62000000,,,"M-R relationship",15.13589954000,2.770000,"Transit",6050.00,1.240000,0.1400
"TOI-6041 c",10.50000000,,,77.90000000,9.20000000,-8.90000000,"Msini",88.00000000000,0.370000,"Radial Velocity",5445.00,0.885000,0.1040
"HD 109833 c",2.59000000,0.19600000,-0.17500000,7.22000000,,,"M-R relationship",13.90014800000,2.280000,"Transit",5881.00,1.080000,-0.0700
"HAT-P-61 b",10.07687365,0.30264248,-0.30264248,335.94462620,22.24798849,-22.24798849,"Mass",1.90231289000,1.800000,"Transit",5587.00,1.004000,0.1940
"Kepler-1026 b",2.21000000,0.33000000,-0.15000000,5.52000000,,,"M-R relationship",36.51560530000,2.810000,"Transit",4948.00,0.790000,-0.0200
"HD 219134 b",1.60200000,0.05500000,-0.05500000,4.74000000,0.19000000,-0.19000000,"Mass",3.09292600000,6.340000,"Radial Velocity",4699.00,0.810000,0.1100
"Kepler-1223 b",1.22000000,0.06000000,-0.08000000,1.98000000,,,"M-R relationship",16.30125900000,5.990000,"Transit",4870.00,0.800000,0.0400
"Kepler-1834 b",1.45938340,,,2.73000000,,,"M-R relationship",4.60301017800,4.830000,"Transit",4821.00,0.765000,0.1600
"Kepler-1276 b",1.19000000,0.20000000,-0.11000000,1.81000000,,,"M-R relationship",12.57200950000,5.900000,"Transit",6188.00,1.140000,-0.0200
"Kepler-1871 b",2.42172881,,,6.44000000,,,"M-R relationship",1.95270001900,2.490000,"Transit",5741.00,1.020000,0.1200
"Kepler-1553 b",1.15000000,0.10000000,-0.09000000,1.60000000,,,"M-R relationship",4.24261881000,5.780000,"Transit",5288.00,0.850000,-0.0900
"Kepler-755 c",1.26000000,0.05000000,-0.05000000,2.13000000,,,"M-R relationship",2.85313364400,5.850000,"Transit",5043.00,0.820000,-0.0100
"LHS 1678 d",0.98100000,0.07000000,-0.07200000,0.90700000,,,"M-R relationship",4.96522290000,5.280000,"Transit",3490.00,0.345000,
"HD 136118 b",12.30000000,,,4164.18778851,428.75052104,-402.05293485,"Mass",1187.59765000000,12.300000,"Radial Velocity",6097.00,1.180000,-0.0500
"HD 25015 b",12.50000000,,,2884.92845034,367.72746690,-579.40118596,"Mass",6134.42700000000,8.120000,"Radial Velocity",5160.00,0.860000,0.0400
"TIC 241249530 b",13.29385111,0.41473229,-0.44835923,1582.78546686,50.85254512,-57.20911326,"Mass",165.77190000000,3.700000,"Transit",6166.00,1.271000,0.0900
"K2-178 b",3.55790985,0.20414388,-0.13806599,12.40000000,,,"M-R relationship",8.74781800000,1.510000,"Transit",5525.00,0.951090,0.0900
"Kepler-1281 b",1.64000000,0.13000000,-0.14000000,3.33000000,,,"M-R relationship",3.11602791000,4.150000,"Transit",5353.00,0.870000,-0.0400
"Kepler-1550 b",3.02000000,0.71000000,-0.38000000,9.38000000,,,"M-R relationship",225.58280900000,1.870000,"Transit",5991.00,1.070000,0.0100
"TOI-5126 c",3.86000000,0.17000000,-0.16000000,14.20000000,,,"M-R relationship",17.89990000000,1.360000,"Transit",6150.00,1.240000,0.1800
"Kepler-1896 b",3.09935997,,,9.80000000,,,"M-R relationship",44.87020111000,1.810000,"Transit",6122.00,1.070000,-0.1000
"HAT-P-59 b",12.58768533,0.14571675,-0.14571675,489.45574678,21.29450327,-21.29450327,"Mass",4.14197710000,1.347000,"Transit",5678.00,1.008000,0.2170
"Kepler-69 b",2.24000000,0.44000000,-0.29000000,5.65000000,,,"M-R relationship",13.72234100000,2.760000,"Transit",5638.00,0.810000,-0.2900
"Kepler-1483 b",1.52000000,0.66000000,-0.30000000,2.92000000,,,"M-R relationship",9.50851560000,4.570000,"Transit",6337.00,1.250000,0.0400
"Kepler-608 b",3.64000000,0.72000000,-0.44000000,12.90000000,,,"M-R relationship",6.41251503700,1.470000,"Transit",5820.00,1.000000,-0.0200
"Kepler-318 c",3.68000000,0.65000000,-0.65000000,13.10000000,,,"M-R relationship",11.81500700000,1.440000,"Transit",5746.00,1.073000,0.3320
"Kepler-225 b",1.20000000,0.07000000,-0.07000000,1.87000000,,,"M-R relationship",6.73897500000,5.950000,"Transit",3682.00,0.593000,-0.0400
"K2-57 b",2.30905002,0.16813471,-0.13450777,5.94000000,,,"M-R relationship",9.00730000000,2.650000,"Transit",4413.00,0.699000,0.0800
"Kepler-627 b",3.73000000,1.60000000,-0.82000000,13.40000000,,,"M-R relationship",40.69944430000,1.420000,"Transit",6424.00,1.300000,0.0500
"TOI-7333 b",2.09469416,0.20576569,-0.17593549,5.04000000,,,"M-R relationship",6.26449803661,3.010000,"Transit",4586.87,0.721000,
"LHS 1815 b",1.08800000,0.06400000,-0.06400000,1.58000000,0.64000000,-0.60000000,"Mass",3.81433400000,6.700000,"Transit",3643.00,0.502000,-0.1200
"K2-266 e",2.73000000,0.14000000,-0.11000000,14.30000000,6.40000000,-5.00000000,"Mass",19.48200000000,2.210000,"Transit",4285.00,0.686000,-0.1200
"HD 24085 b",3.46000000,,,11.80000000,3.10000000,-3.10000000,"Msini",2.04550000000,1.570000,"Radial Velocity",6034.00,1.220000,0.1700
"HD 92788 b",13.00000000,,,1195.04080000,50.85280000,-47.67450000,"Msini",325.80300000000,2.990000,"Radial Velocity",5744.00,1.150000,0.2700
"CoRoT-28 b",10.70459500,0.73979400,-0.73979400,153.82972000,27.65121000,-27.65121000,"Mass",5.20851000000,0.690000,"Transit",5150.00,1.010000,0.1500
"Kepler-1093 b",1.95000000,0.62000000,-0.25000000,4.46000000,,,"M-R relationship",25.08246260000,3.310000,"Transit",6166.00,1.130000,-0.0100
"TOI-1226 b",2.41011120,0.24811318,-0.20160482,6.39000000,,,"M-R relationship",3.92880881576,2.510000,"Transit",5434.91,1.010000,0.1290
"HD 164922 e",3.23000000,,,10.52012027,0.98526806,-0.98526806,"Msini",41.76300000000,1.720000,"Radial Velocity",5393.43,0.921146,0.1967
"Kepler-845 b",2.04000000,0.09000000,-0.29000000,4.82000000,,,"M-R relationship",0.92785982100,3.120000,"Transit",4913.00,0.790000,0.0100
"WASP-102 b",14.90794433,0.56044903,-0.56044903,197.68926915,42.27117813,-42.27117813,"Mass",2.70981300000,0.320000,"Transit",5990.00,1.080000,-0.2000
"K2-247 b",2.12000000,0.19000000,-0.16000000,5.14000000,,,"M-R relationship",2.25021000000,2.960000,"Transit",4667.00,0.740000,-0.0800
"HD 96063 b",13.70000000,,,403.64410000,85.81410000,-85.81410000,"Msini",362.50000000000,0.863000,"Radial Velocity",5020.00,1.370000,-0.3000
"HD 101581 b",0.95600000,0.06100000,-0.06300000,0.82700000,,,"M-R relationship",4.46569000000,5.200000,"Transit",4675.00,0.653000,-0.3430
"HD 13908 c",12.80000000,,,1630.40000000,79.45000000,-79.45000000,"Msini",931.00000000000,4.270000,"Radial Velocity",6255.00,1.290000,0.0100
"Kepler-888 b",1.76000000,0.08000000,-0.06000000,3.75000000,,,"M-R relationship",70.69790610000,3.780000,"Transit",5875.00,0.970000,-0.2100
"HD 28471 b",1.75000000,,,3.72000000,0.40000000,-0.43000000,"Msini",3.16490000000,3.810000,"Radial Velocity",5766.00,0.980000,-0.0400
"Kepler-1916 b",2.61757235,,,7.35000000,,,"M-R relationship",31.25429916000,2.250000,"Transit",6246.00,1.180000,0.0700
"TOI-5817 b",3.08000000,0.14000000,-0.14000000,10.30000000,1.40000000,-1.30000000,"Mass",15.61031000000,1.930000,"Transit",5770.00,0.970000,-0.2400
"Kepler-279 b",3.62000000,0.71000000,-0.71000000,4180.93000000,,,"Mass",12.30968100000,165.000000,"Transit",6363.00,1.200000,-0.1141
"TOI-1853 b",3.46000000,0.08000000,-0.08000000,73.20000000,2.70000000,-2.70000000,"Mass",1.24362580000,9.740000,"Transit",4985.00,0.837000,0.1100
"Kepler-889 b",1.09000000,0.19000000,-0.13000000,1.32000000,,,"M-R relationship",3.74443900000,5.600000,"Transit",5961.00,1.140000,0.1900
"HAT-P-27 b",11.43000000,0.78000000,-0.67000000,197.05000000,9.53000000,-9.53000000,"Mass",3.03957700000,0.760000,"Transit",5316.00,0.916000,0.3000
"TOI-6034 b",11.92000000,0.48000000,-0.48000000,254.00000000,24.00000000,-24.00000000,"Mass",2.57618400000,0.820000,"Transit",3635.00,0.514000,-0.0900
"TOI-1260 b",2.41000000,0.05000000,-0.05000000,8.56000000,1.54000000,-1.54000000,"Mass",3.12746300000,3.350000,"Transit",4227.00,0.679000,-0.1000
"TOI-216.01",10.10000000,0.20000000,-0.20000000,177.98390792,6.35656814,-6.35656814,"Mass",34.52552800000,0.760000,"Transit",5026.00,0.770000,0.3200
"Kepler-1620 b",1.61000000,0.64000000,-0.27000000,3.22000000,,,"M-R relationship",101.95182900000,4.240000,"Transit",6157.00,1.150000,0.0300
"HD 4732 c",13.10000000,,,1069.49258955,36.86809521,-85.49584148,"Msini",3184.20000000000,2.610000,"Radial Velocity",4898.00,1.390000,-0.0100
"Kepler-1232 b",1.93000000,0.24000000,-0.16000000,4.38000000,,,"M-R relationship",26.78391830000,3.350000,"Transit",5471.00,0.920000,0.0600
"TOI-3894 b",15.27784069,0.61649394,-0.57165802,260.61929374,44.49597698,-44.49597698,"Mass",4.33454000000,0.400000,"Transit",6000.00,1.138000,0.0210
"Kepler-1735 b",1.19429134,,,1.84000000,,,"M-R relationship",7.71792984000,5.940000,"Transit",3975.00,0.535000,-0.3400
"K2-43 b",4.51000000,0.44000000,-0.19000000,18.50000000,,,"M-R relationship",3.47114900000,1.110000,"Transit",3840.60,0.571000,
"GJ 1148 b",11.90000000,,,96.70000000,1.41000000,-1.02000000,"Msini",41.38000000000,0.315000,"Radial Velocity",3287.00,0.344045,0.1596
"TOI-1232 b",10.92875618,0.59407598,-0.58286700,220.57291446,12.07747947,-12.71313628,"Mass",14.25600000000,0.926000,"Transit",5823.00,1.058000,0.1800
"HD 114729 b",13.90000000,,,262.20975000,2.22481000,-2.22481000,"Msini",1121.79000000000,0.537000,"Radial Velocity",5844.00,0.936000,-0.3300
"TOI-5595 b",4.73740402,0.36062543,-0.34675941,20.10000000,,,"M-R relationship",5.99002553853,1.040000,"Transit",4417.30,0.645000,
"HD 3651 b",10.10000000,,,72.46524000,3.49613000,-3.49613000,"Msini",62.25000000000,0.386000,"Radial Velocity",5221.00,0.799000,0.1453
"TrES-3 b",14.97500000,0.34700000,-0.41500000,607.03000000,23.83600000,-25.42500000,"Mass",1.30618581000,0.994000,"Transit",5650.00,0.928000,-0.1900
"BD+20 2457 c",12.40000000,,,3963.17000000,,,"Msini",621.99000000000,11.400000,"Radial Velocity",4137.00,2.800000,-1.0000
"HD 88072 b",12.60000000,,,2511.79790052,485.32397749,-319.73537744,"Mass",18538.79293000000,6.900000,"Radial Velocity",5785.33,1.040000,0.0426
"TOI-6303 b",11.59000000,0.61000000,-0.64000000,2493.00000000,99.00000000,-99.00000000,"Mass",9.48523600000,8.820000,"Transit",3977.00,0.644000,0.4400
"eps Tau b",12.70000000,,,2285.18624633,17.79839079,-17.79839079,"Msini",585.82000000000,6.130000,"Radial Velocity",4877.00,2.570000,0.1000
"Kepler-26 d",1.07000000,0.06000000,-0.06000000,1.24000000,,,"M-R relationship",3.54391900000,5.560000,"Transit",4486.00,0.593000,-0.2100
"Kepler-496 b",2.32000000,0.19000000,-0.14000000,5.99000000,,,"M-R relationship",8.30864937000,2.640000,"Transit",5293.00,0.860000,-0.0300
"Kepler-903 c",2.53000000,0.40000000,-0.45000000,6.94000000,,,"M-R relationship",62.92285570000,2.350000,"Transit",5682.00,0.980000,0.0500
"Kepler-526 b",1.99000000,0.16000000,-0.17000000,4.62000000,,,"M-R relationship",5.45849831600,3.220000,"Transit",5894.00,1.150000,0.3400
"GJ 3473 c",2.63000000,,,7.41000000,0.91000000,-0.86000000,"Msini",15.50900000000,2.240000,"Radial Velocity",3347.00,0.360000,0.1100
"Kepler-239 c",2.51000000,0.42000000,-0.42000000,6.85000000,,,"M-R relationship",56.22809800000,2.380000,"Transit",4914.00,0.757000,0.1700
"TOI-5007 b",11.07447293,0.34747840,-0.34747840,211.03806225,13.66662150,-13.34879309,"Mass",2.54337100000,0.850000,"Transit",3793.00,0.632000,0.4300
"GJ 676 A e",2.47000000,,,6.67439655,0.63565681,-0.63565681,"Msini",35.47358000000,2.430000,"Radial Velocity",3734.00,0.626000,0.2300
"Kepler-1101 b",2.47000000,0.37000000,-0.21000000,6.66000000,,,"M-R relationship",81.31510590000,2.430000,"Transit",5614.00,0.940000,-0.0400
"Kepler-1253 b",1.33000000,0.18000000,-0.18000000,2.33000000,,,"M-R relationship",68.88619150000,5.440000,"Transit",5850.00,0.970000,-0.1400
"TOI-674 b",5.25000000,0.17000000,-0.17000000,23.60000000,3.30000000,-3.30000000,"Mass",1.97714300000,0.910000,"Transit",3514.00,0.420000,0.1700
"Kepler-208 b",1.63000000,0.30000000,-0.30000000,3.29000000,,,"M-R relationship",4.22864000000,4.170000,"Transit",6092.00,1.082000,-0.0423
"GJ 687 b",4.32000000,,,17.20000000,1.00000000,-1.00000000,"Msini",38.14200000000,1.170000,"Radial Velocity",3413.00,0.400000,0.0631
"HD 208897 b",13.70000000,,,379.48711796,15.57359194,-13.98444991,"Msini",358.27000000000,0.811000,"Radial Velocity",4860.00,1.250000,0.2100
"HD 67087 b",13.10000000,,,973.00000000,70.00000000,-64.00000000,"Msini",352.20000000000,2.380000,"Radial Velocity",6330.00,1.360000,0.2500
"Kepler-1854 b",2.58746104,,,7.21000000,,,"M-R relationship",39.83110046000,2.290000,"Transit",5026.00,0.800000,0.0000
"EPIC 201833600 c",1.00000000,0.12000000,-0.11000000,0.97200000,,,"M-R relationship",3.96151000000,5.340000,"Transit",4326.00,0.611000,-0.1132
"WASP-93 b",17.90077300,0.86309300,-0.86309300,467.21010000,92.17070000,-92.17070000,"Mass",2.73253210000,0.479000,"Transit",6700.00,1.334000,0.0700
"Kepler-673 b",6.54000000,0.53000000,-0.48000000,34.80000000,,,"M-R relationship",3.72873109300,0.684000,"Transit",5355.00,0.880000,0.0000
"WASP-78 b",21.63337000,5.04405000,-5.04405000,352.79130000,171.62820000,-171.62820000,"Mass",2.17518000000,0.131000,"Transit",6100.00,1.870000,-0.3500
"TIC 172900988 b",11.25000000,0.44000000,-0.44000000,942.00000000,5.60000000,-5.60000000,"Mass",200.45200000000,3.640000,"Transit",6050.00,1.238400,0.3400
"Kepler-249 b",1.09000000,0.05000000,-0.05000000,1.32000000,,,"M-R relationship",3.30653900000,5.600000,"Transit",3568.00,0.510238,-0.3400
"TOI-3071 b",7.16000000,0.57000000,-0.51000000,68.20000000,3.50000000,-3.50000000,"Mass",1.26693800000,1.020000,"Transit",6177.00,1.290000,0.3500
"Kepler-2000 b",2.73000000,0.10000000,-0.17000000,7.90000000,,,"M-R relationship",6.38315913500,2.130000,"Transit",3757.00,0.581000,0.4800
"Kepler-349 c",1.96000000,0.74000000,-0.74000000,4.50000000,,,"M-R relationship",12.24762900000,3.280000,"Transit",5956.00,1.083000,0.1509
"TIC 142589416 b",2.67899519,0.37365834,-0.26903649,7.65000000,,,"M-R relationship",2.09518466313,2.190000,"Transit",4396.27,0.641000,
"Kepler-1224 b",1.33000000,0.12000000,-0.08000000,2.33000000,,,"M-R relationship",13.32351601000,5.440000,"Transit",6155.00,1.180000,0.1400
"TYC 1422-614-1 c",12.50000000,,,3178.00000000,318.00000000,-318.00000000,"Msini",559.30000000000,8.940000,"Radial Velocity",4806.00,1.150000,-0.2000
"HD 235088 b",1.98200000,0.07200000,-0.06900000,4.15000000,0.83000000,-0.83000000,"Mass",7.43413250000,2.922216,"Transit",5075.00,0.849000,-0.0200
"Kepler-441 b",1.64000000,0.22000000,-0.24000000,3.33000000,,,"M-R relationship",207.24820000000,4.150000,"Transit",4340.00,0.572000,-0.5700
"Kepler-619 c",1.69000000,0.39000000,-0.17000000,3.50000000,,,"M-R relationship",1.20846502600,3.980000,"Transit",5980.00,1.090000,0.0500
"Kepler-471 b",14.96000000,5.42000000,-2.96000000,,,,"Msini",5.01423457500,,"Transit",6733.00,1.490000,0.0700
"HD 164604 c",12.50000000,,,3019.36986650,381.39408840,-381.39408840,"Mass",5387.00000000000,8.490000,"Radial Velocity",4663.00,0.770000,0.1200
"OGLE-2007-BLG-349L AB c",10.70000000,,,80.00000000,13.00000000,-13.00000000,"Mass",2557.00000000000,0.359000,"Microlensing",,0.410000,
"K2-138 f",2.90400000,0.16400000,-0.11100000,1.63000000,2.12000000,-1.18000000,"Mass",12.75758000000,0.400000,"Transit",5356.30,0.935000,0.1400
"HD 13808 c",3.13000000,,,9.96000000,1.80000000,-0.96000000,"Msini",53.75300000000,1.780000,"Radial Velocity",5035.00,0.771000,-0.2100
"WASP-59 b",8.68700000,0.76200000,-0.76200000,274.27600000,14.30200000,-14.30200000,"Mass",7.91958500000,2.400000,"Transit",4650.00,0.719000,-0.1500
"HD 161178 b",14.10000000,,,181.16219199,6.35656814,-50.85254512,"Msini",279.30000000000,0.355000,"Radial Velocity",4786.00,1.060000,-0.2100
"TOI-712 b",2.04900000,0.01200000,-0.08000000,4.85000000,,,"M-R relationship",9.53136100000,3.100000,"Transit",4622.00,0.732000,-0.0200
"Kepler-776 b",1.28000000,0.11000000,-0.07000000,2.18000000,,,"M-R relationship",4.89718784000,5.710000,"Transit",5071.00,0.830000,0.0500
"TOI-3976 A b",12.27383387,0.40352331,-0.39231432,55.61997123,11.75965106,-11.44182265,"Mass",6.60766200000,0.165000,"Transit",5975.00,1.254000,0.1820
"Kepler-852 b",2.54000000,0.45000000,-0.17000000,6.99000000,,,"M-R relationship",44.93098040000,2.340000,"Transit",6100.00,1.190000,0.2200
"HD 33142 c",13.90000000,,,282.86728223,19.06970442,-15.89142035,"Msini",810.20000000000,0.579000,"Radial Velocity",5025.40,1.520000,0.0600
"HD 5278 c",4.49000000,,,18.40000000,1.80000000,-1.90000000,"Msini",40.87000000000,1.120000,"Radial Velocity",6203.00,1.126000,-0.1200
"TOI-2193 A b",19.83989584,,,298.75870258,57.20911326,-57.20911326,"Mass",2.12257350000,0.060000,"Transit",5966.00,1.082000,0.0270
"K2-411 b",0.98980000,0.04980000,-0.04860000,0.93700000,,,"M-R relationship",3.21410000000,5.310000,"Transit",5711.00,1.018000,0.1415
"Kepler-338 c",2.34000000,0.12000000,-0.12000000,6.08000000,,,"M-R relationship",24.31085600000,2.610000,"Transit",5923.00,1.105000,-0.0290
"GJ 3998 c",2.50000000,,,6.82000000,0.78000000,-0.75000000,"Msini",13.72700000000,2.400000,"Radial Velocity",3726.00,0.520000,-0.1300
"TOI-5795 b",5.62000000,0.11000000,-0.11000000,23.66000000,4.09000000,-4.61000000,"Mass",6.14063250000,0.730000,"Transit",5715.00,0.901000,-0.2700
"HD 34445 g",13.60000000,,,120.60000000,38.90000000,-38.90000000,"Msini",5700.00000000000,0.263000,"Radial Velocity",5836.00,1.070000,0.1400
"Kepler-722 c",2.82000000,0.56000000,-0.33000000,8.35000000,,,"M-R relationship",105.14474900000,2.050000,"Transit",5863.00,1.030000,0.0200
"Kepler-186 c",1.25000000,0.14000000,-0.14000000,2.10000000,,,"M-R relationship",7.26730200000,5.910000,"Transit",3788.00,0.478000,-0.2800
"Kepler-339 b",1.42000000,0.66000000,-0.66000000,2.60000000,,,"M-R relationship",4.97765600000,4.990000,"Transit",5631.00,0.870000,0.0330
"Kepler-1673 b",2.93551940,,,8.93000000,,,"M-R relationship",33.78880000000,1.940000,"Transit",6014.95,1.110000,0.2280
"G 192-15 c",3.87000000,,,14.30000000,1.60000000,-1.50000000,"Msini",1219.00000000000,1.360000,"Radial Velocity",2999.00,0.132000,
"K2-196 b",3.59970536,0.60292183,-0.50268801,12.60000000,,,"M-R relationship",48.32422200000,1.480000,"Transit",6045.00,1.162095,0.0100
"Kepler-123 c",1.48000000,0.30000000,-0.30000000,2.79000000,,,"M-R relationship",26.69507400000,4.730000,"Transit",6089.00,1.079000,-0.0800
"K2-102 b",1.30000000,0.10000000,-0.10000000,2.24000000,,,"M-R relationship",9.91561500000,5.600000,"Transit",4695.00,0.770000,0.1400
"TOI-1201 b",2.41500000,0.09100000,-0.09000000,6.28000000,0.84000000,-0.88000000,"Mass",2.49198630000,2.450000,"Transit",3476.00,0.512000,0.0500
"Kepler-870 b",2.78000000,0.51000000,-0.29000000,8.15000000,,,"M-R relationship",21.35876210000,2.080000,"Transit",5857.00,1.010000,-0.0100
"Kepler-1976 b",12.21000000,1.96000000,-1.46000000,,,,"Msini",4.95931924400,,"Transit Timing Variations",5712.00,0.976000,0.1000
"TOI-1743 b",1.83000000,0.11000000,-0.10000000,4.01000000,,,"M-R relationship",4.26604600000,3.600000,"Transit",3277.00,0.339000,0.2200
"HD 107148 b",9.60000000,,,66.74100000,11.44100000,-11.44100000,"Msini",48.05600000000,0.415000,"Radial Velocity",5797.00,1.120000,0.3140
"HD 3765 b",8.56000000,,,54.98431441,4.44959770,-4.13176929,"Msini",1211.00000000000,0.482000,"Radial Velocity",5049.80,0.851785,0.1716
"GJ 3378 b",1.32000000,,,2.30000000,0.40000000,-0.40000000,"Msini",21.45000000000,5.500000,"Radial Velocity",3340.00,0.262000,-0.0900
"HD 135872 b",12.80000000,,,1744.56012602,458.62639130,-31.14718389,"Mass",2422.32597000000,4.570000,"Radial Velocity",4992.00,1.646000,0.0900
"K2-36 b",1.43000000,0.08000000,-0.08000000,4.30000000,1.40000000,-1.40000000,"Mass",1.42261400000,8.000000,"Transit",4916.00,0.790000,-0.0470
"Kepler-1957 b",0.94374867,,,0.79000000,,,"M-R relationship",2.18661999700,5.160000,"Transit",4904.00,0.745000,0.0000
"HS Psc b",13.60000000,,,464.02947422,177.98390792,-139.84449908,"Msini",3.98600000000,1.010000,"Radial Velocity",4203.00,0.690000,-0.0500
"GJ 27.1 b",3.66000000,,,13.00000000,4.10000000,-6.60000000,"Msini",15.81900000000,1.460000,"Radial Velocity",3542.00,0.530000,
"Kepler-218 c",3.14000000,0.26000000,-0.26000000,10.00000000,,,"M-R relationship",44.69957600000,1.770000,"Transit",5502.00,1.019000,0.3700
"HATS-52 b",15.49083800,0.96397400,-0.96397400,711.93920000,47.67450000,-47.67450000,"Mass",1.36665436000,1.060000,"Transit",6010.00,1.111000,-0.2843
"HD 142 c",12.40000000,,,3464.64746471,406.18470415,-297.80521736,"Mass",10159.64279000000,9.990000,"Radial Velocity",6245.00,1.210000,0.0900
"CoRoT-18 b",14.68000000,2.02000000,-2.02000000,1102.82000000,120.77000000,-120.77000000,"Mass",1.90006930000,2.200000,"Transit",5440.00,0.950000,-0.1000
"KOI-351 d",2.87000000,0.30000000,-0.30000000,8.60000000,,,"M-R relationship",59.73667000000,2.000000,"Transit",6080.00,1.200000,-0.1200
"HR 858 d",2.00100000,0.06300000,-0.06400000,7.10000000,1.60000000,-1.60000000,"Mass",11.23051100000,4.900000,"Transit",6354.00,1.204000,0.0250
"TOI-1758 b",3.62000000,0.33700000,-0.26900000,6.90000000,6.20000000,-6.30000000,"Mass",20.70507468500,0.830000,"Transit",5169.00,0.880000,-0.0200
"HD 56414 b",3.71000000,0.20000000,-0.20000000,13.30000000,,,"M-R relationship",29.04992000000,1.430000,"Transit",8500.00,1.890000,0.0000
"HD 63433 c",2.69200000,0.10800000,-0.08800000,15.53900000,3.86100000,-3.80200000,"Mass",20.54382810000,4.630000,"Transit",5553.00,0.956000,-0.0700
"Kepler-1731 b",2.93295657,,,8.92000000,,,"M-R relationship",21.76129913000,1.940000,"Transit",4859.00,0.781000,0.0000
"Kepler-351 b",3.06000000,1.55000000,-1.55000000,4.80000000,5.70000000,-4.70000000,"Mass",37.05491900000,0.921000,"Transit",5643.00,0.810000,-0.1600
"K2-281 b",8.18000000,0.21000000,-0.21000000,50.90000000,,,"M-R relationship",8.68772100000,0.511000,"Transit",4812.00,0.820000,0.2200
"HD 88133 b",13.80000000,,,324.18660000,193.87630000,-88.99240000,"Mass",3.41488400000,0.678000,"Radial Velocity",5392.00,1.260000,0.3400
"HD 80869 b",12.80000000,,,1609.80088146,809.82678104,-179.57304995,"Mass",1752.92067000000,4.220000,"Radial Velocity",5837.00,1.060000,0.1700
"HATS-59 b",12.62133400,0.86309300,-0.86309300,256.17098000,21.93027000,-21.93027000,"Mass",5.41608100000,0.700000,"Transit",5670.00,1.038000,0.1800
"Kepler-1788 b",2.37850461,,,6.25000000,,,"M-R relationship",2.80012011500,2.550000,"Transit",4786.00,0.686000,-0.2000
"Kepler-352 d",0.80628032,,,0.44900000,,,"M-R relationship",6.88727998700,4.710000,"Transit",5208.00,0.796000,-0.1400
"HIP 97166 b",2.48013380,0.07271432,-0.05203142,19.10000000,1.60000000,-1.50000000,"Mass",10.28891400000,6.860000,"Transit",5216.00,0.934200,0.2480
"HATS-54 b",11.37711541,0.26901554,-0.26901554,239.32479047,18.11621920,-18.11621920,"Mass",2.54417650000,0.770000,"Transit",5621.00,1.050000,0.3700
"HD 217107 b",13.60000000,,,459.57987652,57.20911326,-21.29450327,"Mass",7.12701660000,1.000000,"Radial Velocity",5622.00,1.045000,0.3700
"HD 220689 b",13.70000000,,,381.39408840,69.92224954,-34.96112477,"Mass",2266.40000000000,0.815000,"Radial Velocity",5921.00,1.016000,-0.0700
"Kepler-222 c",4.64000000,2.07000000,-2.07000000,19.40000000,,,"M-R relationship",10.08881000000,1.070000,"Transit",5433.00,0.933000,0.3300
"Kepler-289 b",2.49000000,0.07000000,-0.07000000,3.70000000,3.79000000,-1.96000000,"Mass",34.53830000000,1.450000,"Transit",5990.00,1.080000,0.0500
"Kepler-1444 b",2.18000000,0.41000000,-0.19000000,5.39000000,,,"M-R relationship",33.42035034000,2.860000,"Transit",5810.00,1.030000,0.0600
"Kepler-1763 b",1.14651332,,,1.59000000,,,"M-R relationship",1.48028004200,5.800000,"Transit",5897.00,1.026000,0.0200
"HD 31253 b",14.10000000,,,197.05460000,38.13960000,-38.13960000,"Msini",466.00000000000,0.386000,"Radial Velocity",6130.00,1.700000,0.1700
"Kepler-1543 b",2.71000000,1.21000000,-0.51000000,7.80000000,,,"M-R relationship",6.96710269000,2.150000,"Transit",6561.00,1.390000,0.0700
"HD 45184 b",3.52000000,,,12.19000000,1.06000000,-1.03000000,"Msini",5.88540000000,1.540000,"Radial Velocity",5869.00,1.030000,0.0400
"TOI-1776 b",1.21612741,0.08984660,-0.07715788,1.40000000,1.10000000,-1.00000000,"Mass",2.79986800000,4.130000,"Transit",5785.00,0.919600,-0.1930
"Barnard e",0.63700000,,,0.19300000,0.03300000,-0.03300000,"Msini",6.73920000000,4.100000,"Radial Velocity",3195.00,0.162000,-0.5600
"Kepler-1579 b",0.84000000,0.06000000,-0.05000000,0.52000000,,,"M-R relationship",0.84990788900,4.820000,"Transit",4584.00,0.750000,0.1100
"Kepler-108 b",8.65000000,0.48000000,-0.48000000,56.00000000,,,"M-R relationship",49.18392100000,0.475000,"Transit",5854.00,1.247000,0.3261
"Kepler-358 b",2.72000000,1.36000000,-1.36000000,7.85000000,,,"M-R relationship",34.06046700000,2.140000,"Transit",5908.00,0.940000,0.0350
"TOI-3135 b",13.65253849,0.33626942,-0.33626942,327.36325921,95.34852210,-85.81366989,"Mass",3.70655850000,0.700000,"Transit",5890.00,1.044000,0.0710
"Kepler-887 c",1.13000000,0.17000000,-0.11000000,1.51000000,,,"M-R relationship",7.63846023000,5.750000,"Transit",6194.00,1.190000,0.0800
"TOI-1194 b",8.71664516,0.15541841,-0.14858263,120.00000000,5.60000000,-5.70000000,"Mass",2.31064460000,0.990000,"Transit",5394.00,0.983500,0.3480
"Kepler-1179 b",1.32000000,0.09000000,-0.08000000,2.30000000,,,"M-R relationship",2.68505749200,5.500000,"Transit",5212.00,0.840000,-0.0300
"HD 40307 g",2.56000000,,,7.10000000,2.60000000,-2.60000000,"Msini",197.80000000000,2.330000,"Radial Velocity",4956.00,0.770000,-0.3100
"HD 33844 b",13.40000000,,,638.83830000,98.52730000,-98.52730000,"Msini",551.40002000000,1.460000,"Radial Velocity",4861.00,1.840000,0.2700
"OGLE-TR-113 b",12.25100000,0.31400000,-0.21300000,400.44900000,50.85100000,-50.85100000,"Mass",1.43247520000,1.200000,"Transit",4790.00,0.779000,0.0900
"K2-209 b",0.86850263,0.10481089,-0.06222638,0.58600000,,,"M-R relationship",2.08061500000,4.920000,"Transit",4720.00,0.744790,-0.0600
"HD 145675 c",12.60000000,,,2510.84441530,508.52545120,-381.39408840,"Mass",15732.45889000000,6.900000,"Radial Velocity",5338.00,0.970000,0.4300
"Kepler-1883 b",3.25107395,,,10.60000000,,,"M-R relationship",103.42700200000,1.700000,"Transit",6208.00,1.086000,-0.1200
"HD 210702 b",13.60000000,,,481.51003660,19.70536123,-16.84490557,"Msini",355.50000000000,1.050000,"Radial Velocity",4912.00,1.330000,-0.0200
"K2-122 b",1.16000000,0.10000000,-0.05000000,1.65000000,,,"M-R relationship",2.21930230000,5.810000,"Transit",4009.00,0.630000,0.3200
"Kepler-1825 b",1.42200732,,,2.61000000,,,"M-R relationship",1.02586996600,4.990000,"Transit",5123.00,0.828000,0.1400
"Kepler-1675 b",3.12483349,,,9.93000000,,,"M-R relationship",63.03820000000,1.790000,"Transit",5853.19,1.060000,0.2537
"Kepler-139 e",13.70000000,,,378.00000000,48.00000000,-39.00000000,"Mass",2047.63537300000,0.808000,"Radial Velocity",5622.00,1.078000,0.3500
"Kepler-376 c",1.79000000,0.36000000,-0.36000000,3.86000000,,,"M-R relationship",14.17232700000,3.700000,"Transit",5900.00,0.968000,-0.1038
"TOI-2587 A b",12.07207221,0.47077719,-0.44835923,69.28659273,17.16273398,-14.62010672,"Mass",5.45664000000,0.216000,"Transit",5760.00,1.150000,0.1300
"HD 147873 b",12.80000000,,,1633.64620000,108.06220000,-108.06220000,"Msini",116.59600000000,4.280000,"Radial Velocity",5972.00,1.380000,0.0300
"HD 20781 b",1.21000000,,,1.93000000,0.39000000,-0.36000000,"Msini",5.31350000000,5.990000,"Radial Velocity",5256.00,0.700000,-0.1100
"K2-373 b",2.06100000,0.14700000,-0.14000000,4.90000000,,,"M-R relationship",11.02066000000,3.080000,"Transit",6138.00,1.158000,0.0490
"HD 222582 b",12.60000000,,,2660.23710000,127.13200000,-127.13200000,"Msini",572.38000000000,7.310000,"Radial Velocity",5790.00,1.120000,0.0100
"Kepler-69 c",1.71000000,0.34000000,-0.23000000,3.57000000,,,"M-R relationship",242.46130000000,3.920000,"Transit",5638.00,0.810000,-0.2900
"BD+63 1405 b",12.40000000,,,3305.41543280,413.17692910,-349.61124770,"Mass",1198.48000000000,9.530000,"Radial Velocity",5000.00,0.816000,-0.0900
"Teegarden's Star b",1.05000000,,,1.16000000,0.12000000,-0.11000000,"Msini",4.90634000000,5.510000,"Radial Velocity",3034.00,0.097000,-0.1100
"Kepler-164 d",2.45000000,0.47000000,-0.47000000,6.57000000,,,"M-R relationship",28.98676900000,2.450000,"Transit",5888.00,1.036000,0.0000
"Kepler-1255 b",2.32000000,0.64000000,-0.29000000,5.99000000,,,"M-R relationship",36.29193360000,2.640000,"Transit",6018.00,1.080000,0.0200
"HD 113538 c",13.80000000,,,295.57000000,19.07000000,-19.07000000,"Msini",1818.00000000000,0.618000,"Radial Velocity",4462.00,0.585000,-0.2400
"Kepler-1165 b",1.55000000,0.50000000,-0.19000000,3.02000000,,,"M-R relationship",9.47852200000,4.460000,"Transit",6080.00,1.130000,0.0500
"Kepler-32 b",2.20000000,0.20000000,-0.20000000,1303.00000000,,,"Mass",5.90124000000,0.460000,"Transit",3900.00,0.580000,0.0000
"Kepler-1328 b",0.98000000,0.20000000,-0.09000000,0.90400000,,,"M-R relationship",4.52158888000,5.280000,"Transit",5780.00,1.000000,0.0000
"Kepler-344 c",2.95000000,1.38000000,-1.38000000,9.01000000,,,"M-R relationship",125.59680900000,1.930000,"Transit",5774.00,0.931000,0.0399
"Kepler-249 d",1.57000000,0.14000000,-0.14000000,3.09000000,,,"M-R relationship",15.36845900000,4.390000,"Transit",3568.00,0.510238,-0.3400
"K2-397 b",2.41700000,0.18700000,-0.18300000,6.42000000,,,"M-R relationship",3.57232600000,2.500000,"Transit",5387.00,0.937000,0.1100
"Kepler-1930 b",1.52955541,,,2.95000000,,,"M-R relationship",13.02680016000,4.530000,"Transit",5083.00,0.844000,0.2200
"K2-159 b",2.26000000,0.17000000,-0.11000000,5.73000000,,,"M-R relationship",12.42205000000,2.730000,"Transit",5425.00,0.900000,-0.0700
"K2-392 b",1.85000000,0.16100000,-0.15400000,4.08000000,,,"M-R relationship",15.39872300000,3.540000,"Transit",5726.00,0.841000,-0.2380
"Kepler-1812 b",2.32494240,,,6.01000000,,,"M-R relationship",7.16521978400,2.630000,"Transit",6174.00,1.162000,0.1000
"HIP 54515 b",12.20000000,,,5625.56280390,2415.49589320,-1557.35919430,"Mass",33000.00000000000,17.000000,"Imaging",8100.00,1.900000,
"TOI-1224 c",2.88400000,0.09800000,-0.09800000,8.67000000,,,"M-R relationship",17.94546600000,1.990000,"Transit",3326.00,0.400000,
"HD 152843 c",5.94000000,0.18000000,-0.16000000,9.67000000,1.97000000,-1.92000000,"Mass",19.50210400000,0.253000,"Transit",6310.00,1.150000,-0.1600
"Kepler-45 b",10.76000000,1.23000000,-1.23000000,160.49700000,28.60400000,-28.60400000,"Mass",2.45523900000,0.800000,"Transit",3820.00,0.590000,0.2800
"Kepler-905 b",1.41000000,0.05000000,-0.05000000,2.57000000,,,"M-R relationship",5.08274651700,5.040000,"Transit",5461.00,0.950000,0.0900
"POTS-1 b",10.54800000,0.40400000,-0.52700000,734.16000000,244.72000000,-244.72000000,"Mass",3.16062960000,3.440000,"Transit",4400.00,0.695000,-0.0300
"WASP-156 b",6.02802815,0.12763915,-0.12019801,41.80000000,2.90000000,-2.90000000,"Mass",3.83616230000,1.050000,"Transit",4987.00,0.871200,0.3050
"HD 49674 b",6.20000000,,,31.78300000,3.17830000,-3.17830000,"Msini",4.94737000000,0.733000,"Radial Velocity",5602.00,1.030000,0.3200
"Kepler-1683 b",1.87477762,,,4.17000000,,,"M-R relationship",15.03370000000,3.480000,"Transit",5429.00,0.950000,0.1600
"Kepler-339 c",1.15000000,0.52000000,-0.52000000,7.30000000,7.80000000,-6.20000000,"Mass",6.98805500000,26.400000,"Transit",5631.00,0.870000,0.0330
"TOI-3464 b",13.76462830,0.63891190,-0.59407598,397.28550875,85.81366989,-82.63538582,"Mass",3.65155680000,0.830000,"Transit",6370.00,1.363000,0.0450
"HD 13908 b",13.90000000,,,274.91000000,11.12000000,-11.12000000,"Msini",19.38200000000,0.562000,"Radial Velocity",6255.00,1.290000,0.0100
"HD 11112 b",12.60000000,,,2598.56505563,199.27841119,-1017.05090240,"Mass",17244.90764000000,7.140000,"Radial Velocity",5905.64,1.070000,0.1869
"K2-59 b",2.41000000,0.31000000,-0.31000000,6.39000000,,,"M-R relationship",20.69210000000,2.510000,"Transit",5055.00,0.774000,
"KELT-24 b",12.71098411,0.30264248,-0.29143350,1458.83238813,57.20911326,-57.20911326,"Mass",5.55149296000,3.900000,"Transit",6426.00,1.268000,0.1380
"Kepler-1398 b",0.90000000,0.28000000,-0.12000000,0.66600000,,,"M-R relationship",2.78815679000,5.020000,"Transit",6126.00,1.130000,0.0100
"HATS-37 A b",6.79265400,0.17934400,-0.17934400,31.46517000,13.34886000,-13.34886000,"Mass",4.33153660000,0.550000,"Transit",5326.00,0.843000,0.0510
"Kepler-1563 b",0.75000000,0.12000000,-0.08000000,0.34700000,,,"M-R relationship",3.43276598000,4.520000,"Transit",5765.00,1.000000,0.0200
"Kepler-1474 b",2.16000000,0.44000000,-0.23000000,5.31000000,,,"M-R relationship",36.43334520000,2.900000,"Transit",5870.00,1.040000,0.0400
"TOI-1601 b",14.19902343,0.64857111,-0.51121860,387.00000000,16.00000000,-17.00000000,"Mass",5.33175000000,0.740000,"Transit",5982.00,1.505500,0.3430
"TOI-3819 b",13.13692538,0.40352331,-0.39231432,352.78953177,57.20911326,-63.56568140,"Mass",3.24431410000,0.850000,"Transit",5859.00,1.242000,0.2730
"K2-233 b",1.31500000,0.03600000,-0.03600000,2.40000000,1.50000000,-1.30000000,"Mass",2.46758300000,5.700000,"Transit",4796.00,0.790000,-0.0820
"Kepler-171 d",1.89000000,0.90000000,-0.90000000,4.23000000,,,"M-R relationship",39.59551900000,3.440000,"Transit",5642.00,0.978000,0.1700
"HD 64114 b",4.41000000,,,17.80000000,3.50000000,-3.50000000,"Msini",45.79100000000,1.140000,"Radial Velocity",5676.00,0.950000,
"TOI-2267 b",1.00000000,0.11000000,-0.11000000,0.97200000,,,"M-R relationship",2.28909000000,5.340000,"Transit",3030.00,0.171000,0.1640
"Kepler-1558 b",0.68000000,0.06000000,-0.04000000,0.24400000,,,"M-R relationship",3.50470358000,4.260000,"Transit",5101.00,0.830000,0.0000
"Kepler-30 d",8.80000000,0.50000000,-0.50000000,23.10000000,2.70000000,-2.70000000,"Mass",143.34394000000,0.190000,"Transit",5498.00,0.990000,0.1800
"HD 10647 b",13.80000000,,,298.75000000,25.43000000,-25.43000000,"Msini",989.20000000000,0.625000,"Radial Velocity",6218.00,1.110000,0.0000
"Kepler-581 b",2.63000000,0.56000000,-0.29000000,7.41000000,,,"M-R relationship",40.60698210000,2.240000,"Transit",5772.00,1.000000,0.0300
"HD 27969 b",12.90000000,,,1525.57635360,76.27881768,-73.10053361,"Msini",654.50000000000,3.910000,"Radial Velocity",5966.00,1.160000,0.1800
"Kepler-1666 c",3.23564749,,,10.50000000,,,"M-R relationship",40.71570000000,1.700000,"Transit",6293.00,1.230000,-0.2000
"Kepler-415 b",1.21000000,0.13000000,-0.10000000,119.90000000,102.10000000,-87.40000000,"Mass",4.17600000000,372.000000,"Transit Timing Variations",4362.00,0.670000,0.0100
"Kepler-85 b",1.77800000,0.05000000,-0.05000000,1.84000000,0.60000000,-0.47000000,"Mass",8.30000000000,1.819493,"Transit",5505.20,0.928000,0.1200
"K2-241 b",2.55000000,0.18000000,-0.10000000,7.04000000,,,"M-R relationship",26.81990000000,2.330000,"Transit",5262.00,0.710000,-0.4400
"TOI-771 b",1.36000000,0.10000000,-0.10000000,2.47000000,0.32000000,-0.31000000,"Mass",2.32601550000,5.400000,"Transit",3370.00,0.220000,-0.1300
"K2-381 d",1.68900000,0.18000000,-0.13900000,3.50000000,,,"M-R relationship",26.80302300000,3.990000,"Transit",4473.00,0.754000,-0.2440
"CoRoT-13 b",9.92000000,0.15700000,-0.15700000,415.70400000,20.97600000,-20.97600000,"Mass",4.03519000000,2.340000,"Transit",5945.00,1.090000,0.0100
"Kepler-363 c",1.69000000,0.27000000,-0.27000000,66.40000000,71.90000000,-56.60000000,"Mass",7.54242700000,75.600000,"Transit",5593.00,1.226000,0.3965
"HAT-P-49 b",17.82231000,2.01762000,-2.01762000,699.22600000,187.51970000,-187.51970000,"Mass",2.69155000000,0.750000,"Transit",6820.00,2.220000,0.0700
"K2-320 b",2.62000000,0.23000000,-0.15000000,7.37000000,,,"M-R relationship",1.99500000000,2.250000,"Transit",3157.00,0.117000,
"Kepler-767 b",6.64000000,0.86000000,-0.55000000,35.70000000,,,"M-R relationship",161.52801010000,0.670000,"Transit",5694.00,0.960000,-0.0500
"K2-83 b",1.24400000,0.09800000,-0.09800000,2.08000000,,,"M-R relationship",2.74697000000,5.940000,"Transit",3910.00,0.484000,
"Kepler-477 b",2.07000000,0.18000000,-0.12000000,4.94000000,,,"M-R relationship",11.11990653000,3.060000,"Transit",5240.00,0.870000,-0.0400
"Kepler-1737 b",5.39500000,,,25.10000000,,,"M-R relationship",64.61750031000,0.878000,"Transit",5043.00,0.834000,0.3000
"Kepler-1009 b",2.17000000,0.27000000,-0.24000000,5.35000000,,,"M-R relationship",11.35011917000,2.880000,"Transit",4027.00,0.590000,-0.1200
"Kepler-946 b",1.93000000,0.32000000,-0.20000000,4.38000000,,,"M-R relationship",11.79162572000,3.350000,"Transit",5665.00,0.940000,-0.0900
"HD 215497 c",13.00000000,,,111.23994245,6.35656814,-6.35656814,"Mass",566.00000000000,0.278000,"Radial Velocity",5113.00,0.920000,0.2300
"LP 791-18 c",2.48800000,0.09600000,-0.09600000,7.16000000,0.65000000,-0.65000000,"Mass",4.98991000000,2.560000,"Transit",2960.00,0.139000,-0.0900
"HATS-27 b",16.81350000,2.24180000,-1.23299000,168.44990000,41.31790000,-41.31790000,"Mass",4.63703800000,0.180000,"Transit",6438.00,1.415000,0.0900
"Kepler-1334 b",2.29000000,0.31000000,-0.18000000,5.86000000,,,"M-R relationship",15.64591713000,2.680000,"Transit",5614.00,0.940000,-0.0300
"K2-333 b",6.18000000,0.28000000,-0.25000000,31.60000000,,,"M-R relationship",14.75928700000,0.736000,"Transit",5880.00,1.060000,0.0700
"CoRoT-24 c",5.00000000,0.50000000,-0.50000000,28.00000000,11.00000000,-11.00000000,"Mass",11.75900000000,1.300000,"Transit",4950.00,0.910000,0.3000
"Kepler-1704 b",11.94877343,0.49319515,-0.47077719,1322.16617312,92.17023803,-88.99195396,"Mass",988.88112000000,4.070000,"Transit",5746.00,1.132000,0.1960
"Kepler-1846 b",1.76378826,,,3.76000000,,,"M-R relationship",14.82009983000,3.770000,"Transit",4825.00,0.785000,0.0800
"HD 143105 b",13.70000000,,,384.57430000,19.06980000,-19.06980000,"Msini",2.19740000000,0.822000,"Radial Velocity",6380.00,1.510000,0.1500
"Kepler-203 b",2.57000000,0.52000000,-0.52000000,7.13000000,,,"M-R relationship",3.16269700000,2.310000,"Transit",5821.00,1.060000,0.0800
"Kepler-454 b",2.37000000,0.13000000,-0.13000000,5.40000000,1.40000000,-1.40000000,"Mass",10.57375340000,2.230000,"Transit",5687.00,1.030000,0.3200
"TOI-4127 b",12.07000000,0.50000000,-0.49000000,743.71847238,60.38739733,-54.03082919,"Mass",56.39870000000,2.170000,"Transit",6096.00,1.230000,0.1400
"Kepler-377 b",1.39000000,0.27000000,-0.27000000,2.51000000,,,"M-R relationship",12.50952900000,5.140000,"Transit",5949.00,1.043000,0.0500
"K2-224 c",2.41000000,0.16000000,-0.12000000,6.39000000,,,"M-R relationship",10.09489000000,2.510000,"Transit",5620.00,0.910000,-0.1900
"Kepler-35 b",8.16000000,0.15700000,-0.15700000,40.36300000,6.35600000,-6.35600000,"Mass",131.45800000000,0.410000,"Transit",5606.00,0.887700,-0.3400
"Kepler-1989 b",4.62000000,1.37000000,-0.73000000,19.30000000,,,"M-R relationship",10.16102352800,1.080000,"Transit",6032.00,0.999000,-0.1400
"KOI-4777.01",0.51000000,0.03000000,-0.03000000,99.20000000,,,"Mass",0.41200000000,,"Transit",3515.00,0.410000,0.1000
"TOI-1062 c",3.10000000,,,9.78000000,1.26000000,-1.18000000,"Msini",7.97200000000,1.800000,"Radial Velocity",5328.00,0.940000,0.1400
"Kepler-966 b",4.13000000,1.17000000,-0.58000000,16.00000000,,,"M-R relationship",99.74762200000,1.250000,"Transit",5840.00,1.020000,0.0400
"HD 125390 b",11.90000000,,,8646.20398403,1311.99566410,-99.48029139,"Mass",1757.39151000000,28.200000,"Radial Velocity",4882.00,1.820000,-0.1100
"Kepler-678 b",5.14000000,0.66000000,-0.35000000,23.10000000,,,"M-R relationship",7.27503724000,0.935000,"Transit",5520.00,0.940000,0.0700
"Kepler-968 c",1.69000000,0.08000000,-0.07000000,3.50000000,,,"M-R relationship",5.70940491800,3.980000,"Transit",4598.00,0.760000,0.1300
"Kepler-507 b",1.30000000,0.24000000,-0.17000000,5.69692195,1.46657784,-1.46657784,"Msini",3.56809692600,14.828486,"Transit",6113.00,1.160000,0.0600
"GJ 357 c",1.66000000,,,3.40000000,0.46000000,-0.46000000,"Msini",9.12470000000,4.080000,"Radial Velocity",3505.00,0.342000,-0.1200
"HD 216520 c",3.03000000,,,9.44000000,1.63000000,-1.63000000,"Msini",154.43000000000,1.860000,"Radial Velocity",5103.00,0.820000,-0.1600
"HD 45364 b",9.03000000,,,60.16491745,1.97053612,-2.00231896,"Msini",225.79000000000,0.449000,"Radial Velocity",5466.00,0.820000,-0.1700
"Kepler-1608 b",1.73000000,0.16000000,-0.19000000,3.64000000,,,"M-R relationship",16.47356860000,3.860000,"Transit",4992.00,0.750000,-0.2400
"Kepler-1411 b",2.82000000,0.43000000,-0.24000000,8.35000000,,,"M-R relationship",86.11508880000,2.050000,"Transit",5664.00,0.950000,-0.0400
"HIP 114933 b",13.40000000,,,616.58710958,63.56568140,-63.56568140,"Msini",1481.60000000000,1.410000,"Radial Velocity",4823.00,1.390000,0.0600
"HD 221585 b",13.50000000,,,511.70630000,44.49620000,-44.49620000,"Msini",1173.00000000000,1.140000,"Radial Velocity",5620.00,1.190000,0.2900
"Kepler-403 b",1.25000000,0.22000000,-0.22000000,2.10000000,,,"M-R relationship",7.03146200000,5.910000,"Transit",6090.00,1.299000,0.0790
"Kepler-753 b",1.91000000,0.25000000,-0.09000000,4.31000000,,,"M-R relationship",5.74772501200,3.400000,"Transit",4346.00,0.680000,-0.0300
"TOI-2180 b",11.32107051,0.24659758,-0.21297063,875.61726129,27.65107141,-25.74410097,"Mass",260.79000000000,3.320000,"Transit",5695.00,1.111000,0.2530
"BD-17 63 b",12.80000000,,,1639.99458012,63.56568140,-63.56568140,"Mass",655.57000000000,4.300000,"Radial Velocity",4714.00,0.741000,-0.0300
"K2-274 b",2.08000000,0.12000000,-0.07000000,4.98000000,,,"M-R relationship",14.13303140000,3.040000,"Transit",5044.00,0.790000,-0.1600
"K2-382 b",2.07200000,0.15200000,-0.13300000,4.95000000,,,"M-R relationship",21.70015600000,3.060000,"Transit",5452.00,0.922000,-0.0270
"GJ 4276 b",4.22000000,,,16.57000000,0.94000000,-0.95000000,"Msini",13.35200000000,1.210000,"Radial Velocity",3387.00,0.406000,0.1200
"TOI-1472 b",4.05800000,0.09800000,-0.09800000,18.05000000,0.84000000,-0.85000000,"Mass",6.36338574000,1.490000,"Transit",5100.00,0.870000,0.2700
"Kepler-1436 b",1.31000000,0.35000000,-0.18000000,2.27000000,,,"M-R relationship",9.70571600000,5.550000,"Transit",5972.00,1.060000,-0.0100
"NGTS-14 A b",4.97679600,0.33627000,-0.33627000,29.24036000,3.81396000,-3.81396000,"Mass",3.53571730000,1.395000,"Transit",5187.00,0.898000,0.1000
"Kepler-1843 b",2.70909809,,,7.80000000,,,"M-R relationship",25.54339981000,2.160000,"Transit",5422.00,1.020000,0.0200
"HD 199509 b",7.43000000,,,43.22466335,3.81394088,-5.08525451,"Msini",99.62167000000,0.579000,"Radial Velocity",5796.02,1.040000,-0.3075
"HD 219134 c",1.51100000,0.04700000,-0.04700000,4.36000000,0.22000000,-0.22000000,"Mass",6.76458000000,6.950000,"Radial Velocity",4699.00,0.810000,0.1100
"HR 8799 e",13.11453000,1.45717000,-1.23299000,3178.30000000,2224.81000000,-1271.32000000,"Mass",20815.60000000000,7.740000,"Imaging",7400.00,1.510000,-0.5000
"HD 95089 b",13.70000000,,,400.46580000,27.01555000,-27.01555000,"Msini",464.40000000000,0.856000,"Radial Velocity",4918.00,1.540000,0.0500
"TOI-1803 c",4.29000000,0.08000000,-0.08000000,8.00000000,1.00000000,-2.00000000,"Mass",12.88577900000,0.419035,"Transit",4687.00,0.756000,0.0140
"K2-66 b",2.49000000,0.34000000,-0.24000000,21.30000000,3.60000000,-3.60000000,"Mass",5.06963000000,7.800000,"Transit",5887.00,1.110000,-0.0470
"TOI-1203 e",7.31000000,,,42.10000000,1.83000000,-1.78000000,"Msini",204.59000000000,0.592000,"Radial Velocity",5737.00,0.886000,-0.3900
"Kepler-1781 b",2.38091029,,,6.26000000,,,"M-R relationship",4.88752985000,2.550000,"Transit",5568.00,1.053000,0.4400
"K2-384 b",1.07600000,0.23200000,-0.06000000,1.26000000,,,"M-R relationship",2.23152700000,5.560000,"Transit",3623.00,0.330000,0.0680
"OGLE2-TR-L9 b",18.04600000,0.44800000,-0.44800000,1430.17500000,476.72500000,-476.72500000,"Mass",2.48553350000,1.250000,"Transit",6933.00,1.520000,-0.0500
"HD 45350 b",13.50000000,,,568.89000000,44.49000000,-44.49000000,"Msini",963.60000000000,1.270000,"Radial Velocity",5566.00,0.980000,0.2300
"4 UMa b",12.60000000,,,2511.48007211,63.24785299,-120.13913785,"Msini",270.27000000000,6.900000,"Radial Velocity",4415.00,1.234000,-0.2500
"K2-19 d",1.04400000,0.06400000,-0.06400000,6.20000000,,,"Mass",2.50827000000,31.000000,"Transit",5350.00,0.892000,0.0300
"HAT-P-63 b",12.54284940,0.36989636,-0.36989636,195.14664190,7.62788177,-7.62788177,"Mass",3.37772800000,0.540000,"Transit",5400.00,0.925000,0.2510
"Kepler-1890 b",0.86867375,,,0.58700000,,,"M-R relationship",4.82059001900,4.920000,"Transit",6046.00,1.024000,-0.1600
"WASP-133 b",13.56289000,0.56045000,-0.56045000,368.68280000,28.60470000,-28.60470000,"Mass",2.17642300000,0.880000,"Transit",5700.00,1.160000,0.2900
"TOI-2015 b",3.30900000,0.01300000,-0.01100000,9.20000000,0.32000000,-0.35000000,"Mass",3.34823700000,1.400000,"Transit",3297.00,0.304100,-0.3100
"PDS 70 b",21.96960217,2.24179614,-1.90552672,1017.05090240,1048.83374310,-508.52545120,"Mass",43500.00000000000,0.527000,"Imaging",4109.00,0.982000,-0.1100
"HD 43197 c",12.60000000,,,2500.67390628,559.37799632,-508.20762279,"Mass",9295.97350000000,6.870000,"Radial Velocity",5508.00,0.960000,0.4000
"Kepler-213 b",1.62000000,0.31000000,-0.31000000,3.26000000,,,"M-R relationship",2.46236000000,4.210000,"Transit",5696.00,1.070000,0.1500
"Kepler-1867 b",1.15985997,,,1.65000000,,,"M-R relationship",9.88735961900,5.810000,"Transit",5693.00,0.911000,-0.2400
"GJ 536 c",2.30000000,,,5.89000000,0.70000000,-0.70000000,"Msini",32.76100000000,2.660000,"Radial Velocity",3641.00,0.528000,-0.0800
"Kepler-1038 b",3.53000000,0.52000000,-0.39000000,12.20000000,,,"M-R relationship",148.46033820000,1.520000,"Transit",5335.00,0.870000,-0.0400
"Kepler-934 b",2.09000000,0.15000000,-0.11000000,5.02000000,,,"M-R relationship",55.67383090000,3.020000,"Transit",5001.00,0.810000,0.0100
"GJ 15 A b",1.55000000,,,3.03000000,0.46000000,-0.44000000,"Msini",11.44070000000,4.470000,"Radial Velocity",3607.00,0.380000,-0.3400
"K2-264 b",2.23100000,0.15100000,-0.14500000,5.61000000,,,"M-R relationship",5.84000200000,2.780000,"Transit",3660.00,0.496000,-0.0130
"HIP 14810 b",13.00000000,,,1239.53700000,155.73670000,-155.73670000,"Msini",6.67389200000,3.100000,"Radial Velocity",5544.00,1.010000,0.2400
"Kepler-979 b",2.72000000,0.42000000,-0.23000000,7.85000000,,,"M-R relationship",8.08801350000,2.140000,"Transit",5310.00,0.870000,-0.0200
"K2-130 b",1.25000000,0.20000000,-0.14000000,2.10000000,,,"M-R relationship",2.49412000000,5.910000,"Transit",4356.47,0.695630,-0.2400
"HD 47186 c",13.00000000,,,111.42000000,,,"Msini",1353.60000000000,0.279000,"Radial Velocity",5657.00,0.960000,0.2400
"Kepler-1391 b",1.68000000,0.26000000,-0.18000000,3.46000000,,,"M-R relationship",54.40923330000,4.010000,"Transit",5840.00,1.030000,0.0400
"Kepler-1148 b",1.69000000,0.10000000,-0.09000000,3.50000000,,,"M-R relationship",1.10446350900,3.980000,"Transit",5054.00,0.810000,-0.0200
"Kepler-1231 b",1.42000000,0.30000000,-0.12000000,2.60000000,,,"M-R relationship",10.41725184000,4.990000,"Transit",5778.00,1.010000,0.0600
"HD 221420 b",12.00000000,,,7278.27052030,699.22249540,-699.22249540,"Mass",10090.00000000000,23.100000,"Radial Velocity",5847.00,1.351000,0.3300
"NGC 2682 Sand 978 b",13.30000000,,,692.86940000,54.03110000,-54.03110000,"Msini",511.21000000000,1.620000,"Radial Velocity",4200.00,1.370000,-0.0200
"HU Aqr AB c",12.90000000,,,1430.23500000,158.91500000,-158.91500000,"Msin(i)/sin(i)",4368.00000000000,3.660000,"Eclipse Timing Variations",5952.00,0.880000,
"WASP-181 b",13.27145600,0.79583900,-0.66133100,95.03117000,10.80622000,-10.80622000,"Mass",4.51950640000,0.237000,"Transit",5839.00,1.040000,0.0900
"GJ 887 c",2.43000000,,,6.50000000,1.00000000,-0.90000000,"Msini",21.78400000000,2.490000,"Radial Velocity",3688.00,0.495000,-0.0600
"Kepler-289 d",3.03000000,0.08000000,-0.08000000,5.33000000,0.43000000,-0.42000000,"Mass",66.02820000000,1.140000,"Transit",5990.00,1.080000,0.0500
"Kepler-1067 b",0.80000000,0.12000000,-0.06000000,0.43700000,,,"M-R relationship",0.76212926100,4.690000,"Transit",5592.00,0.950000,0.0300
"TOI-1227 b",9.57246952,0.75100171,-0.58286700,66.50000000,,,"M-R relationship",27.36397000000,0.417000,"Transit",3072.00,0.170000,
"75 Cet c",13.90000000,,,289.85950718,27.96889982,-45.44946220,"Msini",2051.62000000000,0.593000,"Radial Velocity",4809.00,1.920000,0.1000
"Kepler-279 e",4.13000000,0.69000000,-0.92000000,56.00000000,6.00000000,-4.90000000,"Mass",98.35310000000,7.300000,"Transit",6689.45,1.164000,-0.1141
"HD 171238 b",12.50000000,,,2796.88998160,1144.18226520,-413.17692910,"Mass",1515.00000000000,7.870000,"Radial Velocity",5467.00,0.920000,0.2000
"K2-39 b",6.27704000,1.68135000,-1.68135000,28.60470000,15.89150000,-15.89150000,"Mass",4.60543000000,0.930000,"Transit",4881.00,0.660000,0.3200
"HD 145457 b",13.20000000,,,888.01256916,41.95334972,-37.18592362,"Msini",176.13000000000,2.120000,"Radial Velocity",4757.00,1.900000,-0.1400
"Kepler-1487 c",7.97000000,1.39000000,-2.77000000,48.70000000,,,"M-R relationship",35.80071120000,0.529000,"Transit",5745.00,1.801000,0.4000
"TIC 88692598 b",1.81295951,0.20824409,-0.19567673,3.94000000,,,"M-R relationship",2.64909436758,3.630000,"Transit",3483.17,0.529218,
"Kepler-385 d",2.61864480,,,7.36000000,,,"M-R relationship",56.41590000000,2.250000,"Transit",5829.00,1.050000,0.0100
"Kepler-1193 b",1.32000000,0.21000000,-0.17000000,2.30000000,,,"M-R relationship",2.83265213400,5.500000,"Transit",5908.00,1.080000,0.1200
"Kepler-844 b",1.68000000,0.07000000,-0.24000000,3.46000000,,,"M-R relationship",2.61302085600,4.010000,"Transit",4128.00,0.590000,-0.2400
"HD 81817 c",12.00000000,,,7185.78245386,590.84300861,-596.24609153,"Msini",622.97802000000,22.900000,"Radial Velocity",4140.00,4.300000,-0.1700
"HD 194490 b",12.40000000,,,3561.90295725,560.64930995,-422.39395290,"Mass",13092.18348000000,10.300000,"Radial Velocity",5861.32,1.060000,0.0800
"HD 28471 c",2.26000000,,,5.72000000,0.57000000,-0.72000000,"Msini",6.12450000000,2.720000,"Radial Velocity",5766.00,0.980000,-0.0400
"EPIC 201170410.02",1.04700000,0.27600000,-0.25700000,1.15000000,,,"M-R relationship",6.79870000000,5.510000,"Transit",3648.00,0.287000,-0.0480
"47 UMa c",14.20000000,,,171.62100000,20.97600000,-23.20100000,"Msini",2391.00000000000,0.329000,"Radial Velocity",5872.00,1.060000,0.0400
"HIP 57274 c",14.20000000,,,130.00000000,3.00000000,-3.00000000,"Msini",32.03000000000,0.249000,"Radial Velocity",4640.00,0.730000,0.0900
"EPIC 246851721 b",11.78065900,0.49319600,-0.49319600,953.49000000,349.61300000,-381.39600000,"Mass",6.18023500000,3.100000,"Transit",6202.00,1.317000,0.1410
"HD 158038 b",13.50000000,,,486.27990000,149.38010000,-149.38010000,"Msini",521.00000000000,1.090000,"Radial Velocity",4860.00,1.300000,0.1900
"HD 166724 b",13.00000000,,,1207.74794660,206.58846455,-92.17023803,"Mass",5144.00000000000,3.020000,"Radial Velocity",5127.00,0.810000,-0.0900
"HD 62509 b",13.30000000,,,731.00000000,140.00000000,-140.00000000,"Msini",589.64000000000,1.710000,"Radial Velocity",4892.63,2.000000,0.1027
"Kepler-314 c",2.90000000,0.43000000,-0.43000000,8.75000000,,,"M-R relationship",5.96039200000,1.970000,"Transit",5378.00,0.990000,0.3220
"HD 11964 b",14.10000000,,,198.00000000,18.00000000,-18.00000000,"Msini",1945.00000000000,0.388000,"Radial Velocity",5303.00,0.910000,0.1000
"Kepler-232 b",3.08000000,1.47000000,-1.47000000,9.69000000,,,"M-R relationship",4.43122200000,1.820000,"Transit",5847.00,0.970000,0.0300
"Kepler-786 b",2.43000000,0.12000000,-0.07000000,6.48000000,,,"M-R relationship",53.52934870000,2.480000,"Transit",4838.00,0.810000,0.0900
"HD 109271 b",4.31000000,,,17.16200000,1.27100000,-1.27100000,"Msini",7.85430000000,1.180000,"Radial Velocity",5783.00,1.047000,0.1000
"Kepler-284 b",2.24000000,0.98000000,-0.98000000,5.65000000,,,"M-R relationship",12.69914900000,2.760000,"Transit",5615.00,0.766000,-0.2600
"Kepler-950 b",8.98000000,1.56000000,-0.83000000,59.60000000,,,"M-R relationship",98.71804060000,0.452000,"Transit",5857.00,1.020000,0.0200
"Kepler-1463 b",1.86000000,0.33000000,-0.19000000,4.12000000,,,"M-R relationship",25.15864000000,3.520000,"Transit",5679.00,0.960000,0.0000
"WASP-47 e",1.83000000,0.02000000,-0.02000000,9.00000000,0.60000000,-0.40000000,"Mass",0.78961000000,6.290000,"Transit",5565.00,1.058000,0.4300
"TOI-1807 b",1.49681583,0.08089145,-0.06779467,2.44000000,0.60000000,-0.57000000,"Mass",0.54937097000,3.980000,"Transit",4914.00,0.804800,0.0440
"HD 211810 b",14.00000000,,,212.94610000,139.84520000,-139.84520000,"Msini",1558.00000000000,0.426000,"Radial Velocity",5652.00,1.030000,0.1700
"HATS-62 b",11.82549500,0.28022500,-0.28022500,56.89157000,,,"Mass",3.27688370000,0.076000,"Transit",5416.00,0.896000,0.1330
"Kepler-102 d",1.15400000,0.05800000,-0.05800000,3.00000000,1.30000000,-1.30000000,"Mass",10.31176700000,10.700000,"Transit",4909.00,0.803000,0.1100
"Kepler-42 c",0.73000000,0.20000000,-0.20000000,60.33700000,,,"Mass",0.45328509000,98.000000,"Transit",3068.00,0.130000,-0.3300
"HD 56957 b",12.80000000,,,1880.90851263,915.02798375,-1279.57716658,"Mass",5859.08992000000,4.930000,"Radial Velocity",5743.00,1.030000,
"Kepler-1855 b",1.21620500,,,1.96000000,,,"M-R relationship",0.72733098300,5.990000,"Transit",3460.00,0.385000,0.0700
"Kepler-298 c",1.93000000,0.22000000,-0.22000000,4.38000000,,,"M-R relationship",22.92881000000,3.350000,"Transit",4465.00,0.660000,-0.2100
"Kepler-84 d",1.38000000,0.27000000,-0.27000000,2.48000000,,,"M-R relationship",4.22453700000,5.190000,"Transit",6031.00,1.060000,-0.0700
"TOI-1410.01",3.10083009,0.22026793,-0.16123620,12.50000000,1.10000000,-1.00000000,"Mass",1.21687000000,2.300000,"Transit",4635.00,0.794100,0.3280
"HD 180902 b",13.50000000,,,535.54355000,13.03103000,-13.03103000,"Msini",510.90000000000,1.200000,"Radial Velocity",4961.00,1.410000,0.0400
"HD 62364 b",12.10000000,,,5965.63919939,209.76674862,-200.23189641,"Mass",5138.00000000000,18.500000,"Radial Velocity",6255.00,1.157000,-0.1100
"TOI-5238 b",5.22000000,,,23.70000000,,,"M-R relationship",4.87217100000,0.916000,"Transit",5631.00,1.000000,
"Kepler-682 b",7.37000000,0.77000000,-0.50000000,42.60000000,,,"M-R relationship",12.61190667200,0.585000,"Transit",5559.00,0.920000,-0.0500
"K2-368 b",1.33200000,0.10700000,-0.10000000,2.34000000,,,"M-R relationship",5.02559800000,5.440000,"Transit",4663.00,0.746000,-0.2500
"TOI-2010 b",11.81426566,0.30264248,-0.30264248,408.72733140,17.48056238,-18.11621920,"Mass",141.83402500000,1.360000,"Transit",5929.00,1.112000,0.1680
"HD 149143 b",13.60000000,,,422.71390000,47.67450000,-47.67450000,"Msini",4.07182000000,0.923000,"Radial Velocity",5856.00,1.200000,0.2900
"Kepler-18 d",6.98000000,0.33000000,-0.33000000,16.40000000,1.40000000,-1.40000000,"Mass",14.85888000000,0.270000,"Transit",5345.00,0.972000,0.1900
"Kepler-1988 b",1.53000000,0.30000000,-0.49000000,2.96000000,,,"M-R relationship",11.49500229000,4.540000,"Transit",6033.00,1.127000,-0.1000
"Kepler-864 c",1.62000000,0.47000000,-0.19000000,3.26000000,,,"M-R relationship",2.42150341000,4.210000,"Transit",6213.00,1.270000,0.3600
"Kepler-1949 b",2.21964541,,,5.56000000,,,"M-R relationship",2.20828008700,2.790000,"Transit",6028.00,1.194000,0.1400
"Kepler-27 c",4.90000000,,,4385.87000000,,,"Mass",31.33090000000,,"Transit",5400.00,0.650000,0.4100
"TOI-181 b",6.95590000,0.08700000,-0.10100000,46.16870000,2.71000000,-7.83000000,"Mass",4.53200000000,0.756200,"Transit",4994.00,0.822000,0.2720
"TOI-2076 d",3.27000000,0.13000000,-0.13000000,7.30000000,2.70000000,-2.70000000,"Mass",35.12803000000,1.120000,"Transit",5187.00,0.849000,-0.0900
"Kepler-754 b",2.01000000,0.48000000,-0.26000000,4.70000000,,,"M-R relationship",14.55962370000,3.180000,"Transit",5935.00,1.060000,0.0500
"Kepler-1021 b",2.33000000,0.25000000,-0.18000000,6.04000000,,,"M-R relationship",13.47469571000,2.620000,"Transit",5431.00,0.890000,-0.0500
"Kepler-14 b",12.73300000,0.81800000,-0.60500000,2669.66000000,111.24000000,-108.06000000,"Mass",6.79012300000,7.100000,"Transit",6395.00,1.512000,0.1200
"WASP-187 b",18.38276000,0.56045000,-0.56045000,254.26400000,28.60470000,-28.60470000,"Mass",5.14787800000,0.224000,"Transit",6150.00,1.540000,0.0000
"K2-191 b",1.57889322,0.26523273,-0.13201754,3.12000000,,,"M-R relationship",2.85864600000,4.360000,"Transit",5176.00,0.900994,0.3100
"Kepler-1698 b",1.07315686,,,1.25000000,,,"M-R relationship",1.21070000000,5.560000,"Transit",4975.03,0.822000,0.0800
"K2-218 b",2.56948149,0.27525709,-0.15204146,7.13000000,,,"M-R relationship",8.67988500000,2.310000,"Transit",5757.00,1.047488,0.2500
"HIP 56640 b",12.70000000,,,2151.69831539,590.84300861,-385.52585769,"Mass",2675.57603000000,5.770000,"Radial Velocity",4769.00,1.750000,-0.0300
"tau Cet f",1.81000000,,,3.93000000,1.05000000,-1.37000000,"Msini",636.13000000000,3.640000,"Radial Velocity",5310.00,0.783000,-0.5200
"WASP-169 b",14.61653600,1.68135000,-0.81825700,178.30263000,19.38763000,-19.38763000,"Mass",5.61141180000,0.330000,"Transit",6110.00,1.337000,0.0600
"eps CrB b",12.70000000,,,2129.46100000,95.34900000,-95.34900000,"Msini",417.90000000000,5.710000,"Radial Velocity",4406.00,1.700000,-0.0940
"Kepler-1425 b",0.94000000,0.19000000,-0.13000000,0.77900000,,,"M-R relationship",14.45413020000,5.150000,"Transit",5718.00,0.970000,-0.0300
"Kepler-1945 b",1.28900000,,,2.21000000,,,"M-R relationship",6.08003997800,5.670000,"Transit",4991.00,0.767000,0.0400
"PSR B1257+12 c",1.91000000,,,4.30000000,0.20000000,-0.20000000,"Mass",66.54190000000,3.390000,"Pulsar Timing",,1.400000,
"TOI-2141 d",3.97000000,,,14.90000000,2.10000000,-2.10000000,"Msini",60.45000000000,1.310000,"Radial Velocity",5635.00,0.896000,-0.1400
"WASP-118 b",16.14096000,0.40352400,-0.40352400,163.36462000,6.35660000,-6.35660000,"Mass",4.04604350000,0.233000,"Transit",6410.00,1.320000,0.1600
"HD 240210 b",12.80000000,,,1655.82000000,,,"Msini",501.75000000000,4.340000,"Radial Velocity",4297.00,0.820000,-0.1800
"K2-163 b",2.46610713,0.25681072,-0.12408569,6.65000000,,,"M-R relationship",6.67311700000,2.440000,"Transit",4937.00,0.826112,0.1400
"Kepler-778 b",1.68000000,0.10000000,-0.13000000,3.46000000,,,"M-R relationship",3.75574426000,4.010000,"Transit",5102.00,0.810000,-0.0900
"Kepler-1358 b",1.12000000,0.07000000,-0.10000000,1.46000000,,,"M-R relationship",7.06317341000,5.710000,"Transit",5181.00,0.820000,-0.0800
"Kepler-242 b",2.61000000,1.60000000,-1.60000000,7.32000000,,,"M-R relationship",8.20395000000,2.260000,"Transit",5020.00,0.748000,-0.0200
"HD 213240 b",12.80000000,,,1655.88600047,476.74261050,-155.73591943,"Mass",882.70001000000,4.340000,"Radial Velocity",5979.00,1.570000,0.1500
"HD 75302 b",12.80000000,,,1716.27339780,158.91420350,-127.13136280,"Mass",4356.00000000000,4.500000,"Radial Velocity",5697.46,1.060000,0.0857
"HD 37124 b",14.00000000,,,214.53525000,5.40311000,-5.40311000,"Msini",154.37800000000,0.430000,"Radial Velocity",5698.64,0.850000,-0.4400
"TIC 18942729 b",2.00021315,0.28986198,-0.22039639,4.66000000,,,"M-R relationship",0.99817838064,3.200000,"Transit",4360.11,0.652000,0.0118
"Wolf 327 b",1.24000000,0.06000000,-0.06000000,2.53000000,0.46000000,-0.46000000,"Mass",0.57347450000,7.240000,"Transit",3542.00,0.405000,-0.1700
"OGLE-2006-BLG-109L c",11.10000000,,,86.00000000,7.00000000,-7.00000000,"Mass",4927.50000000000,0.346000,"Microlensing",,0.510000,
"HD 12648 b",13.40000000,,,622.94680000,69.92260000,-69.92260000,"Msini",133.60001000000,1.420000,"Radial Velocity",4835.00,0.670000,-0.5700
"HATS-5 b",10.22300000,0.28000000,-0.28000000,75.32300000,3.81400000,-3.91400000,"Mass",4.76338700000,0.390000,"Transit",5304.00,0.936000,0.1900
"Kepler-1561 b",1.09000000,0.26000000,-0.18000000,1.32000000,,,"M-R relationship",1.00520700700,5.600000,"Transit",5957.00,1.070000,0.0400
"PSR B1257+12 b",0.33800000,,,0.02000000,0.00200000,-0.00200000,"Mass",25.26200000000,2.850000,"Pulsar Timing",,1.400000,
"Kepler-274 c",1.84000000,1.00000000,-1.00000000,4.04000000,,,"M-R relationship",33.19786100000,3.560000,"Transit",6023.00,0.883000,-0.2112
"HAT-P-25 b",12.72221500,0.53803200,-0.53803200,180.84527000,7.31009000,-6.99226000,"Mass",3.65281514000,0.483000,"Transit",5519.00,1.012000,0.2940
"BD+48 738 b",13.90000000,,,289.22530000,,,"Msini",392.60000000000,0.592000,"Radial Velocity",4414.00,0.740000,-0.2000
"Kepler-697 b",4.13000000,0.55000000,-0.31000000,16.00000000,,,"M-R relationship",3.70987064500,1.250000,"Transit",5513.00,0.920000,-0.0100
"HD 70642 b",13.00000000,,,1239.53078730,92.17023803,-85.81366989,"Mass",2124.54000000000,3.100000,"Radial Velocity",5732.00,1.078000,0.2200
"Kepler-1710 b",3.19744103,,,3.49494179,5.76752021,-5.76752021,"Msini",14.91110039000,1.112250,"Transit",5650.00,0.932000,-0.0400
"Kepler-510 b",2.47000000,0.23000000,-0.12000000,6.66000000,,,"M-R relationship",19.55659418000,2.430000,"Transit",5746.00,0.910000,-0.3500
"Kepler-1477 b",1.18000000,0.09000000,-0.09000000,1.76000000,,,"M-R relationship",11.55530021000,5.890000,"Transit",5100.00,0.810000,-0.0600
"HN Lib b",2.20000000,,,5.46000000,0.75000000,-0.75000000,"Msini",36.11600000000,2.820000,"Radial Velocity",3347.00,0.291000,-0.1800
"TOI-672 b",5.31000000,0.24000000,-0.26000000,50.90000000,4.50000000,-4.40000000,"Mass",3.63358100000,1.860000,"Transit",3810.00,0.540000,-0.1400
"TOI-1749 b",1.39000000,0.21000000,-0.19000000,57.00000000,,,"Mass",2.38839000000,,"Transit",3985.00,0.580000,-0.2600
"TOI-4633 c",3.20000000,0.20000000,-0.19000000,123.00000000,,,"Mass",271.94450000000,,"Transit",5800.00,1.100000,0.2379
"Kepler-747 b",5.27000000,0.29000000,-0.28000000,24.10000000,,,"M-R relationship",35.61760587000,0.905000,"Transit",5096.00,0.820000,-0.0300
"Kepler-297 b",2.87000000,0.52000000,-0.52000000,48.50000000,11.20000000,-7.00000000,"Mass",38.87182600000,11.300000,"Transit",5619.00,0.927000,-0.1100
"Kepler-308 b",2.12000000,1.02000000,-1.02000000,5.14000000,,,"M-R relationship",9.69492800000,2.960000,"Transit",5895.00,0.920000,-0.0400
"TOI-1260 c",2.76000000,0.07000000,-0.07000000,13.20000000,4.23000000,-4.23000000,"Mass",7.49313400000,3.450000,"Transit",4227.00,0.679000,-0.1000
"Kepler-828 b",1.51000000,0.08000000,-0.11000000,2.89000000,,,"M-R relationship",0.56785713600,4.610000,"Transit",5039.00,0.810000,-0.0200
"TOI-1291 b",5.63826391,0.34804882,-0.34340123,27.10000000,,,"M-R relationship",7.16200975510,0.831000,"Transit",6139.95,1.200000,
"Barnard d",0.69400000,,,0.26300000,0.02400000,-0.02400000,"Msini",2.34020000000,4.320000,"Radial Velocity",3195.00,0.162000,-0.5600
"Kepler-1951 b",2.32107188,,,6.00000000,,,"M-R relationship",20.65780067000,2.640000,"Transit",5468.00,0.923000,0.1400
"Kepler-1839 b",1.94937590,,,4.46000000,,,"M-R relationship",5.05675983400,3.310000,"Transit",5926.00,1.030000,-0.0400
"TOI-333 b",4.26000000,0.11000000,-0.11000000,20.10000000,2.40000000,-2.40000000,"Mass",3.78525030000,1.420000,"Transit",6241.00,1.200000,0.0100
"HD 112640 b",12.90000000,,,1589.15000000,317.83000000,-317.83000000,"Msini",613.20000000000,4.070000,"Radial Velocity",4155.00,1.800000,-0.0900
"Kepler-1722 b",2.86719266,,,8.58000000,,,"M-R relationship",9.17856979400,2.000000,"Transit",5506.00,0.876000,-0.2000
"Kepler-1024 b",3.91000000,0.27000000,-0.26000000,14.50000000,,,"M-R relationship",66.41621330000,1.330000,"Transit",5143.00,0.810000,-0.1000
"Kepler-200 b",2.13000000,0.41000000,-0.41000000,5.18000000,,,"M-R relationship",8.59480500000,2.950000,"Transit",5678.00,0.972000,-0.0060
"Kepler-784 b",1.58000000,0.34000000,-0.32000000,3.12000000,,,"M-R relationship",31.59226460000,4.350000,"Transit",5674.00,1.000000,0.0700
"K2-395 b",2.59700000,0.19200000,-0.17800000,7.26000000,,,"M-R relationship",4.80335200000,2.280000,"Transit",5007.00,0.952000,-0.0330
"Kepler-1588 b",0.76000000,0.11000000,-0.07000000,0.36300000,,,"M-R relationship",7.84931739000,4.540000,"Transit",5817.00,0.960000,-0.1400
"WISE J033605.05-014350.4 b",12.60000000,,,2622.08435775,1350.77072975,-1350.77072975,"Mass",2560.00000000000,7.200000,"Imaging",415.00,0.013100,
"K2-157 b",0.93500000,0.09000000,-0.09000000,1.14000000,0.41000000,-0.42000000,"Mass",0.36525750000,7.700000,"Transit",5334.00,0.890000,0.0200
"HU Aqr AB b",12.80000000,,,1875.19700000,190.69800000,-190.69800000,"Msin(i)/sin(i)",2390.00000000000,4.910000,"Eclipse Timing Variations",5952.00,0.880000,
"Kepler-1968 b",1.50004034,,,2.86000000,,,"M-R relationship",7.28109979600,4.660000,"Transit",5008.00,0.844000,0.1800
"TOI-6054.01",2.64000000,0.15000000,-0.15000000,12.50000000,1.70000000,-1.60000000,"Mass",7.50142800000,3.700000,"Transit",6047.00,1.107000,-0.0700
"Kepler-1676 b",3.37695960,,,11.30000000,,,"M-R relationship",29.92210000000,1.610000,"Transit",5878.30,1.070000,0.1350
"Kepler-84 c",2.36000000,0.11000000,-0.11000000,20.20000000,13.50000000,-10.20000000,"Mass",12.88300000000,8.440000,"Transit",6039.00,1.000000,-0.0700
"NGTS-30 b",10.40193409,0.35868738,-0.35868738,305.11527072,17.79839079,-17.79839079,"Mass",98.29838000000,1.490000,"Transit",5455.00,0.940000,-0.0300
"Kepler-1653 b",2.17000000,0.16000000,-0.23000000,5.35000000,,,"M-R relationship",140.25240000000,2.880000,"Transit",4807.00,0.719000,-0.1800
"Kepler-1079 b",1.63000000,0.33000000,-0.28000000,3.29000000,,,"M-R relationship",13.24503188000,4.170000,"Transit",5758.00,1.080000,0.2100
"SWEEPS-11 b",12.66600000,2.35400000,-2.35400000,3082.82000000,1779.77000000,-1430.17000000,"Mass",1.79600000000,8.340000,"Transit",,1.100000,
"Kepler-1248 b",1.18000000,0.20000000,-0.11000000,1.76000000,,,"M-R relationship",7.46725407000,5.890000,"Transit",6149.00,1.210000,0.2400
"K2-65 b",1.58000000,0.38000000,-0.38000000,3.12000000,,,"M-R relationship",12.64750000000,4.350000,"Transit",5213.00,0.870000,-0.3400
"TOI-2267 d",1.77000000,0.43000000,-0.43000000,3.78000000,,,"M-R relationship",2.03446710000,3.750000,"Transit",3022.00,0.098900,0.1640
"TOI-2416 b",9.86390302,0.22417961,-0.22417961,953.48522100,31.78284070,-28.60455663,"Mass",8.27547900000,5.400000,"Transit",5808.00,1.118000,0.3200
"CFBDSIR J145829+101343 b",12.40000000,,,3337.10000000,1430.20000000,-1430.20000000,"Mass",10037.50000000000,9.620000,"Imaging",580.50,0.021000,
"Kepler-405 b",2.08000000,0.99000000,-0.99000000,4.98000000,,,"M-R relationship",10.61383900000,3.040000,"Transit",5818.00,0.873000,-0.0600
"Kepler-636 b",4.45000000,0.14000000,-0.13000000,18.10000000,,,"M-R relationship",16.08066114700,1.130000,"Transit",5203.00,0.850000,-0.0200
"Kepler-565 b",3.64000000,0.51000000,-0.27000000,12.90000000,,,"M-R relationship",4.24374722600,1.470000,"Transit",5735.00,0.980000,-0.0200
"Kepler-132 e",1.18000000,0.16000000,-0.12000000,1.76000000,,,"M-R relationship",110.28693740000,5.890000,"Transit",6023.00,1.030000,-0.1300
"HD 95735 c",3.76000000,,,13.60000000,2.40000000,-2.30000000,"Msini",2946.00000000000,1.410000,"Radial Velocity",3719.00,0.389900,-0.3621
"KOI-984 c",14.10000000,,,209.80000000,40.00000000,-40.00000000,"Mass",21.51200000000,0.411000,"Transit Timing Variations",5295.00,0.928000,0.1200
"alf Tau b",12.70000000,,,2056.36010000,168.44990000,-168.44990000,"Msini",628.96000000000,5.520000,"Radial Velocity",4055.00,1.130000,-0.2700
"Kepler-138 e",0.79700000,,,0.43000000,0.21000000,-0.10000000,"Mass",38.23000000000,4.670000,"Transit Timing Variations",3841.00,0.535000,-0.1800
"Kepler-1639 b",2.58000000,0.79000000,-0.34000000,7.18000000,,,"M-R relationship",9.87848200000,2.300000,"Transit",6150.00,1.120000,-0.0300
"Kepler-1493 b",1.41000000,0.27000000,-0.23000000,2.57000000,,,"M-R relationship",15.02179830000,5.040000,"Transit",5863.00,1.060000,0.0600
"HIP 86221 b",14.00000000,,,225.65816897,,,"Msini",2.22400000000,0.452000,"Radial Velocity",,0.790000,
"Kepler-799 c",2.78068551,,,8.15000000,,,"M-R relationship",15.19419956000,2.080000,"Transit",5588.00,1.031000,0.1400
"nu Oct A b",13.30000000,,,696.04421133,34.96112477,-34.96112477,"Mass",402.40000000000,1.630000,"Radial Velocity",4910.00,1.570000,0.1800
"Kepler-588 b",2.63000000,0.50000000,-0.22000000,7.41000000,,,"M-R relationship",4.22162535700,2.240000,"Transit",5835.00,1.010000,0.0000
"TOI-6954 b",3.63524486,0.31255602,-0.28011794,12.80000000,,,"M-R relationship",4.02074127419,1.460000,"Transit",5170.87,0.834000,0.0300
"TIC 260969020 b",2.22686612,0.23860135,-0.19249709,5.59000000,,,"M-R relationship",8.48584501953,2.780000,"Transit",4572.94,0.750000,
"TOI-5218 b",9.86000000,0.39000000,-0.39000000,657.00000000,,,"Mass",4.29145200000,,"Transit",4230.00,0.739000,0.4100
"HD 9174 b",13.70000000,,,352.79130000,44.49620000,-44.49620000,"Msini",1179.00000000000,0.754000,"Radial Velocity",5577.00,1.030000,0.3900
"Kepler-1541 b",1.16000000,0.10000000,-0.08000000,1.65000000,,,"M-R relationship",8.40691199000,5.810000,"Transit",5282.00,0.860000,-0.0400
"Kepler-169 e",2.20000000,0.29000000,-0.29000000,5.48000000,,,"M-R relationship",13.76710200000,2.830000,"Transit",4997.00,0.825000,0.1700
"Kepler-1844 b",3.03648191,,,9.46000000,,,"M-R relationship",3.92451000200,1.860000,"Transit",5776.00,0.939000,-0.1800
"TOI-481 b",11.09691000,0.11209000,-0.11209000,486.27990000,9.53490000,-9.53490000,"Mass",10.33111000000,1.960000,"Transit",5735.00,1.140000,0.2600
"Kepler-1311 d",9.65837605,,,67.50000000,,,"M-R relationship",197.51100160000,0.412000,"Transit",5616.00,1.032000,0.0400
"Kepler-1669 b",2.78043818,,,8.15000000,,,"M-R relationship",9.51216000000,2.080000,"Transit",4303.00,0.670000,-0.2300
"Kepler-537 b",1.41000000,0.06000000,-0.04000000,2.57000000,,,"M-R relationship",3.24755521900,5.040000,"Transit",5763.00,1.070000,0.2300
"TOI-2285 b",1.77000000,0.12000000,-0.09000000,19.50000000,,,"Mass",13.63510900000,,"Transit",3491.00,0.454000,-0.0500
"BD+45 564 b",13.60000000,,,432.24663352,38.13940884,-38.13940884,"Msini",307.88000000000,0.944000,"Radial Velocity",5004.00,0.810000,-0.0900
"K2-170 b",1.41817537,0.20164964,-0.13107037,2.60000000,,,"M-R relationship",7.57654400000,5.010000,"Transit",5748.00,0.963657,-0.1100
"Kepler-1069 b",1.60000000,0.31000000,-0.14000000,3.19000000,,,"M-R relationship",23.89902960000,4.280000,"Transit",5722.00,0.990000,0.0400
"Kepler-558 b",2.37000000,0.17000000,-0.14000000,6.21000000,,,"M-R relationship",29.00790538000,2.560000,"Transit",5242.00,0.850000,-0.0600
"Kepler-315 c",4.15000000,0.96000000,-0.96000000,16.10000000,,,"M-R relationship",265.46933500000,1.240000,"Transit",5796.00,0.831000,-0.2700
"Kepler-997 b",1.36000000,0.33000000,-0.26000000,2.42000000,,,"M-R relationship",2.70730671600,5.290000,"Transit",6150.00,1.220000,0.0500
"Kepler-635 b",2.64000000,0.36000000,-0.27000000,7.46000000,,,"M-R relationship",23.44971004000,2.230000,"Transit",6174.00,1.330000,0.4100
"Kepler-575 b",2.39000000,0.52000000,-0.21000000,6.30000000,,,"M-R relationship",9.37891944000,2.540000,"Transit",5710.00,0.970000,0.0000
"Kepler-1848 b",1.40885390,,,2.57000000,,,"M-R relationship",5.60402011900,5.050000,"Transit",4847.00,0.756000,0.0000
"Kepler-80 b",2.67000000,0.10000000,-0.10000000,6.93000000,1.05000000,-0.70000000,"Mass",7.05246000000,1.380000,"Transit",4540.00,0.730000,0.0400
"Kepler-748 b",2.52000000,0.65000000,-0.29000000,6.90000000,,,"M-R relationship",7.40742793000,2.370000,"Transit",5934.00,1.070000,0.0800
"K2-266 b",3.30000000,1.80000000,-1.30000000,11.26782377,11.37119830,-11.37119830,"Msin(i)/sin(i)",0.65852400000,1.720000,"Transit",4285.00,0.686000,-0.1200
"Kepler-1268 b",2.03000000,0.67000000,-0.23000000,4.78000000,,,"M-R relationship",40.99039860000,3.140000,"Transit",5904.00,1.060000,0.0500
"Kepler-1525 b",0.91000000,0.06000000,-0.04000000,0.69300000,,,"M-R relationship",2.41660118300,5.050000,"Transit",5748.00,1.070000,0.2700
"GJ 163 b",3.25000000,,,10.60000000,0.60000000,-0.60000000,"Msini",8.63182000000,1.700000,"Radial Velocity",3500.00,0.400000,0.1000
"HAT-P-21 b",12.44199000,1.79344000,-1.79344000,1547.83210000,498.99310000,-498.99310000,"Mass",4.12448000000,3.633781,"Transit",5588.00,1.240000,0.0100
"TOI-1272 b",4.26000000,0.10000000,-0.10000000,24.10000000,1.40000000,-1.40000000,"Mass",3.31597650000,1.720000,"Transit",4985.00,0.828000,0.1000
"HD 73526 b",13.10000000,,,978.91640000,98.52730000,-98.52730000,"Msini",188.30000000000,2.390000,"Radial Velocity",5601.00,1.140000,0.2200
"HD 95127 b",12.40000000,,,3378.53290000,2561.70980000,-2561.70980000,"Msini",482.00000000000,9.740000,"Radial Velocity",4218.00,3.700000,-0.1800
"Kepler-1915 b",3.21798413,,,10.40000000,,,"M-R relationship",13.83539963000,1.710000,"Transit",6020.00,1.030000,-0.0600
"Kepler-1198 b",1.47000000,0.18000000,-0.10000000,2.76000000,,,"M-R relationship",7.68477160000,4.770000,"Transit",5517.00,0.930000,0.0300
"Kepler-1576 b",1.04000000,0.29000000,-0.13000000,1.12000000,,,"M-R relationship",6.98471973000,5.470000,"Transit",5876.00,1.050000,0.0500
"Kepler-255 b",1.55000000,0.62000000,-0.62000000,3.02000000,,,"M-R relationship",5.71460600000,4.460000,"Transit",5573.00,0.867000,0.3386
"Kepler-1348 b",1.94000000,0.43000000,-0.23000000,4.42000000,,,"M-R relationship",27.57227420000,3.330000,"Transit",5911.00,1.040000,-0.0100
"TOI-251 b",2.74000000,0.18000000,-0.18000000,317.83000000,,,"Mass",4.93777000000,,"Transit",5875.00,1.036000,-0.1060
"Kepler-310 b",1.19000000,0.56000000,-0.56000000,1.81000000,,,"M-R relationship",13.93069800000,5.900000,"Transit",5797.00,0.854000,-0.1200
"KELT-19 A b",21.40919000,1.23299000,-1.23299000,1293.56810000,,,"Mass",4.61170930000,0.744000,"Transit",7500.00,1.620000,-0.1200
"Kepler-337 b",1.54000000,0.43000000,-0.43000000,2.99000000,,,"M-R relationship",3.29278100000,4.500000,"Transit",5684.00,1.081000,0.0700
"Kepler-709 b",2.92000000,0.18000000,-0.19000000,8.85000000,,,"M-R relationship",16.08524954000,1.950000,"Transit",5071.00,0.800000,-0.0800
"K2-21 b",1.84000000,0.10000000,-0.10000000,4.04000000,,,"M-R relationship",9.32503800000,2.700000,"Transit",4222.06,0.676023,-0.1100
"Kepler-1638 b",1.87000000,0.33000000,-0.22000000,4.16000000,,,"M-R relationship",259.33683000000,3.500000,"Transit",5710.00,0.970000,-0.0100
"PSR J2322-2650 b",13.90000000,,,252.64306700,0.06356600,-0.06356600,"Msini",0.32296399700,1.840000,"Pulsar Timing",,1.400000,
"Kepler-114 d",2.53000000,0.28000000,-0.28000000,3.90000000,1.70000000,-1.70000000,"Mass",11.77600000000,0.220000,"Transit",4660.00,0.560000,0.2291
"Kepler-1546 b",3.13000000,0.58000000,-0.34000000,9.96000000,,,"M-R relationship",19.59749710000,1.780000,"Transit",5623.00,0.950000,0.0100
"KOI-1843.03",0.61000000,0.12000000,-0.08000000,8.00000000,,,"Mass",0.17689130000,,"Transit",3584.00,0.460000,0.0000
"EPIC 220674823 b",1.60600000,0.03400000,-0.03300000,7.54000000,0.65000000,-0.64000000,"Mass",0.57130782000,10.684836,"Transit",5578.00,0.913000,-0.0050
"Kepler-348 c",1.33000000,0.25000000,-0.25000000,2.33000000,,,"M-R relationship",17.26542700000,5.440000,"Transit",6177.00,1.189000,-0.0300
"Kepler-925 b",2.34000000,0.66000000,-0.21000000,6.08000000,,,"M-R relationship",33.86785310000,2.610000,"Transit",4673.00,0.770000,0.1200
"Kepler-1380 b",1.43000000,0.26000000,-0.11000000,2.63000000,,,"M-R relationship",10.31082450000,4.940000,"Transit",5570.00,0.960000,0.1000
"Kepler-311 b",1.70000000,0.33000000,-0.33000000,3.53000000,,,"M-R relationship",9.17609200000,3.950000,"Transit",5905.00,0.994000,-0.0300
"Kepler-10 d",3.49000000,,,12.00000000,2.15000000,-2.15000000,"Msini",151.06000000000,1.550000,"Radial Velocity",5708.00,0.910000,-0.1500
"TOI-6008 b",1.03000000,0.05000000,-0.05000000,4.00000000,,,"Mass",0.85743470000,,"Transit",3075.00,0.230000,0.3000
"Kepler-916 b",1.76000000,0.14000000,-0.13000000,3.75000000,,,"M-R relationship",32.29687980000,3.780000,"Transit",5248.00,0.850000,-0.0500
"WASP-68 b",14.79588000,1.56926000,-1.56926000,343.25640000,79.45750000,-79.45750000,"Mass",5.08430000000,0.665000,"Transit",5910.00,1.490000,0.2200
"Kepler-740 b",4.57000000,0.53000000,-0.27000000,18.90000000,,,"M-R relationship",3.58410121600,1.090000,"Transit",5438.00,0.910000,0.0300
"Kepler-1008 b",1.28000000,0.07000000,-0.05000000,2.18000000,,,"M-R relationship",12.43931193000,5.710000,"Transit",5066.00,0.810000,-0.0100
"Kepler-757 b",1.36000000,0.46000000,-0.22000000,2.42000000,,,"M-R relationship",1.02267882100,5.290000,"Transit",6014.00,1.080000,0.0200
"WASP-129 b",10.42437000,0.33627000,-0.33627000,317.83000000,31.78300000,-31.78300000,"Mass",5.74814500000,1.600000,"Transit",5900.00,1.000000,0.1500
"Kepler-954 b",2.32000000,0.05000000,-0.11000000,5.99000000,,,"M-R relationship",16.78176602000,2.640000,"Transit",4990.00,0.820000,0.0200
"Kepler-633 b",1.63000000,0.31000000,-0.21000000,3.29000000,,,"M-R relationship",8.50340718000,4.170000,"Transit",5899.00,1.020000,-0.0500
"Kepler-508 b",1.64000000,0.26000000,-0.19000000,3.33000000,,,"M-R relationship",25.30889748000,4.150000,"Transit",6025.00,1.160000,0.1800
"Kepler-1264 b",1.18000000,0.22000000,-0.12000000,1.76000000,,,"M-R relationship",0.96852602300,5.890000,"Transit",5791.00,0.990000,-0.0200
"Kepler-1515 b",9.55000000,0.77000000,-0.64000000,66.20000000,,,"M-R relationship",214.31141640000,0.418000,"Transit",6511.00,1.300000,0.0700
"Kepler-1188 b",2.08000000,0.49000000,-0.22000000,4.98000000,,,"M-R relationship",17.13695430000,3.040000,"Transit",5913.00,1.040000,0.0000
"Kepler-1598 b",0.95000000,0.28000000,-0.10000000,0.80900000,,,"M-R relationship",4.34195123000,5.180000,"Transit",5940.00,1.070000,0.0400
"Kepler-1299 b",2.98000000,0.66000000,-0.42000000,9.17000000,,,"M-R relationship",19.94008740000,1.900000,"Transit",5609.00,0.940000,-0.0100
"Kepler-19 c",3.68000000,,,13.10000000,2.70000000,-2.70000000,"Mass",28.73100000000,1.440000,"Transit Timing Variations",5544.00,0.936000,-0.0800
"Kepler-363 b",1.16000000,0.19000000,-0.19000000,1.65000000,,,"M-R relationship",3.61456800000,5.810000,"Transit",5593.00,1.226000,0.3965
"K2-396 b",1.57900000,0.11400000,-0.10300000,3.12000000,,,"M-R relationship",0.67386200000,4.350000,"Transit",5236.00,0.954000,0.2370
"K2-347 b",2.41000000,0.11000000,-0.10000000,6.39000000,,,"M-R relationship",7.18725700000,2.510000,"Transit",4599.00,0.660000,-0.2600
"Wolf 1069 b",1.08000000,,,1.26000000,0.21000000,-0.21000000,"Msini",15.56400000000,5.500000,"Radial Velocity",3158.00,0.167000,0.0700
"Kepler-1592 b",1.54000000,0.70000000,-0.28000000,2.99000000,,,"M-R relationship",3.05710069000,4.500000,"Transit",6213.00,1.180000,0.0400
"Kepler-530 b",3.01000000,0.17000000,-0.10000000,9.32000000,,,"M-R relationship",39.30941904000,1.880000,"Transit",5697.00,0.970000,-0.0800
"Kepler-1514 c",1.17582410,0.05716590,-0.04371510,1.74000000,,,"M-R relationship",10.51418100000,5.880000,"Transit",6145.00,1.196000,0.1190
"HIP 5763 b",14.20000000,,,162.09248757,,,"Msini",30.01400000000,0.311000,"Radial Velocity",4352.00,0.720000,
"Kepler-145 c",4.32000000,0.12000000,-0.12000000,79.40000000,16.40000000,-16.40000000,"Mass",42.88200000000,2.580000,"Transit",6022.00,1.320000,-0.0014
"Kepler-936 b",1.45000000,0.20000000,-0.10000000,2.70000000,,,"M-R relationship",10.56134221000,4.870000,"Transit",5482.00,0.920000,0.0500
"Kepler-445 b",1.58000000,0.23000000,-0.23000000,3.12000000,,,"M-R relationship",2.98415100000,4.350000,"Transit",3157.00,0.180000,0.2700
"K2-192 b",1.52000000,0.13000000,-0.13000000,2.92000000,,,"M-R relationship",4.16281700000,4.570000,"Transit",5222.00,0.900000,0.1500
"Kepler-407 c",12.30000000,,,4000.00000000,2000.00000000,-2000.00000000,"Mass",3000.00000000000,11.800000,"Radial Velocity",5476.00,1.000000,0.3300
"Kepler-368 c",3.88000000,1.08000000,-1.08000000,14.30000000,,,"M-R relationship",72.37933400000,1.350000,"Transit",5502.00,1.165000,0.0300
"TOI-2337 b",10.08808263,1.12089807,-1.12089807,508.52545120,47.67426105,-47.67426105,"Mass",2.99432000000,2.720000,"Transit",4780.00,1.325000,0.3900
"Kepler-1834 c",1.22000000,0.05000000,-0.08000000,1.98000000,,,"M-R relationship",0.76669151700,5.990000,"Transit",4821.00,0.765000,0.1600
"HD 17674 b",13.90000000,,,276.51210000,22.24810000,-19.06980000,"Msini",623.80000000000,0.566000,"Radial Velocity",5904.00,0.980000,-0.1600
"Kepler-616 d",2.65300000,,,7.52000000,,,"M-R relationship",51.06740189000,2.210000,"Transit",6004.00,1.061000,-0.0200
"TOI-3896 b",3.14949237,0.25672878,-0.23600170,10.10000000,,,"M-R relationship",4.37730369667,1.780000,"Transit",5110.91,0.860000,
"Kepler-1595 b",1.23000000,0.09000000,-0.10000000,2.04000000,,,"M-R relationship",4.56380468000,6.020000,"Transit",5203.00,0.840000,-0.0200
"Kepler-871 b",3.74000000,1.08000000,-0.55000000,13.50000000,,,"M-R relationship",22.04590180000,1.420000,"Transit",5993.00,1.110000,0.0900
"TOI-1036 b",6.28499593,0.40458464,-0.39895686,32.50000000,,,"M-R relationship",3.77952125496,0.719000,"Transit",5664.68,1.030000,
"Kepler-1478 b",1.73000000,0.47000000,-0.19000000,3.64000000,,,"M-R relationship",26.08405940000,3.860000,"Transit",5904.00,1.040000,0.0300
"Kepler-1966 b",1.10479327,,,1.39000000,,,"M-R relationship",8.61742973300,5.660000,"Transit",5009.00,0.797000,0.1600
"Kepler-1308 b",0.52000000,0.06000000,-0.05000000,0.09330000,,,"M-R relationship",2.10433811900,3.650000,"Transit",3468.00,0.350000,-0.1300
"Kepler-1172 b",3.20000000,0.40000000,-0.28000000,10.30000000,,,"M-R relationship",26.02044230000,1.730000,"Transit",5558.00,0.920000,-0.0400
"Kepler-1912 b",1.35670508,,,2.41000000,,,"M-R relationship",6.05921983700,5.300000,"Transit",5734.00,0.977000,0.0400
"TOI-1750 b",2.78943837,0.34420606,-0.24425703,8.19000000,,,"M-R relationship",11.33727129656,2.070000,"Transit",4683.75,0.767000,
"Kepler-1964 b",1.78105870,,,3.83000000,,,"M-R relationship",2.44082999200,3.730000,"Transit",4803.00,0.752000,-0.0800
"Kepler-143 b",2.41000000,0.60000000,-0.60000000,6.39000000,,,"M-R relationship",16.00758300000,2.510000,"Transit",5848.00,0.982000,-0.0100
"Kepler-735 b",2.95000000,0.16000000,-0.12000000,9.01000000,,,"M-R relationship",11.51516988000,1.930000,"Transit",5107.00,0.850000,0.0700
"Kepler-1067 c",1.74682428,,,3.70000000,,,"M-R relationship",5.42583990100,3.810000,"Transit",5594.00,0.981000,0.1600
"WASP-29 b",8.63093000,0.78463000,-0.78463000,73.10090000,15.89150000,-15.89150000,"Mass",3.92273000000,0.650000,"Transit",4800.00,0.770000,0.1100
"Kepler-1532 b",1.35000000,0.18000000,-0.12000000,2.39000000,,,"M-R relationship",1.09366355900,5.340000,"Transit",5559.00,0.910000,-0.1000
"Kepler-215 d",2.39000000,0.55000000,-0.55000000,23.60000000,17.30000000,-11.90000000,"Mass",30.86442300000,9.500000,"Transit",5739.00,0.788000,-0.4425
"CoRoT-21 b",14.57170000,1.56926000,-1.56926000,718.29580000,98.52730000,-98.52730000,"Mass",2.72474000000,1.360000,"Transit",6200.00,1.290000,0.0000
"Kepler-1586 b",1.52000000,0.65000000,-0.34000000,2.92000000,,,"M-R relationship",15.60492120000,4.570000,"Transit",6681.00,1.450000,0.0600
"Kepler-639 b",2.38000000,0.55000000,-0.34000000,6.26000000,,,"M-R relationship",10.21420496000,2.550000,"Transit",5896.00,1.140000,0.2300
"Kepler-1442 b",3.93000000,0.41000000,-0.29000000,14.70000000,,,"M-R relationship",81.41629410000,1.330000,"Transit",6394.00,1.340000,0.2600
"Kepler-1972 b",0.80200000,0.04200000,-0.04100000,2.02000000,0.56000000,-0.62000000,"Mass",7.54425000000,22.200000,"Transit",5818.00,1.120000,0.2300
"Kepler-637 b",4.75000000,0.51000000,-0.56000000,20.20000000,,,"M-R relationship",23.20584623000,1.040000,"Transit",6096.00,1.640000,0.3800
"K2-231 b",2.50000000,0.20000000,-0.20000000,6.80000000,,,"M-R relationship",13.84190100000,2.390000,"Transit",5695.00,1.010000,0.1400
"Kepler-253 b",1.63000000,0.67000000,-0.67000000,3.29000000,,,"M-R relationship",3.78398600000,4.170000,"Transit",5208.00,0.860000,0.1500
"Kepler-210 c",3.62000000,0.19000000,-0.19000000,12.80000000,,,"M-R relationship",7.97251300000,1.480000,"Transit",4559.00,0.770000,0.2772
"Kepler-722 b",2.63000000,0.71000000,-0.29000000,7.41000000,,,"M-R relationship",4.09357325200,2.240000,"Transit",5863.00,1.030000,0.0200
"HAT-P-64 b",19.08889413,0.78462865,-0.78462865,184.34047606,57.20911326,-41.31769291,"Mass",4.00723200000,0.144000,"Transit",6457.00,1.298000,-0.1130
"Kepler-1555 b",1.61000000,0.46000000,-0.17000000,3.22000000,,,"M-R relationship",8.10501635000,4.240000,"Transit",5866.00,1.040000,0.0300
"TIC 257060897 b",17.26183028,0.48198617,-0.50440413,201.50321004,13.03096469,-10.48833743,"Mass",3.66003639000,0.215000,"Transit",5993.00,1.187000,0.0540
"TOI-6393 b",2.75958542,0.35078393,-0.28229752,8.04000000,,,"M-R relationship",9.53176110329,2.100000,"Transit",5008.20,0.835000,
"pi Men c",2.01890000,0.04650000,-0.04480000,3.63000000,0.38000000,-0.38000000,"Mass",6.26783990000,2.800000,"Transit",5998.00,1.070000,0.0900
"TOI-1775 b",8.04728896,0.14337937,-0.12772169,96.00000000,15.00000000,-15.00000000,"Mass",10.24055490000,1.010000,"Transit",5284.00,0.921800,0.1620
"HD 181720 b",14.00000000,,,127.13200000,19.06980000,-19.06980000,"Msini",956.00000000000,0.255000,"Radial Velocity",5736.00,1.030000,-0.6200
"Kepler-818 b",5.11000000,0.79000000,-0.43000000,22.90000000,,,"M-R relationship",10.03538581400,0.943000,"Transit",5638.00,0.940000,-0.0800
"HD 96700 b",2.93000000,,,8.90000000,0.40000000,-0.40000000,"Msini",8.12450000000,1.940000,"Radial Velocity",5845.00,0.890000,-0.1800
"Kepler-401 c",2.15000000,0.40000000,-0.40000000,5.27000000,,,"M-R relationship",47.31821800000,2.910000,"Transit",6117.00,1.173000,0.0000
"Kepler-265 c",2.63000000,0.55000000,-0.55000000,7.41000000,,,"M-R relationship",17.02893700000,2.240000,"Transit",5835.00,0.970000,-0.1100
"Kepler-1168 b",2.50000000,0.18000000,-0.13000000,6.80000000,,,"M-R relationship",55.82265390000,2.390000,"Transit",5157.00,0.870000,0.1300
"Kepler-1960 b",1.30749704,,,2.26000000,,,"M-R relationship",2.29794001600,5.560000,"Transit",6371.00,1.117000,-0.1800
"Kepler-1564 b",1.47000000,0.19000000,-0.13000000,2.76000000,,,"M-R relationship",18.05403810000,4.770000,"Transit",5528.00,0.930000,0.0300
"Kepler-1666 b",2.88273782,,,8.66000000,,,"M-R relationship",25.84760000000,1.990000,"Transit",6293.00,1.230000,-0.2000
"Kepler-532 b",2.57000000,0.21000000,-0.14000000,7.13000000,,,"M-R relationship",12.92491623000,2.310000,"Transit",5192.00,0.870000,0.0000
"Kepler-713 b",2.48000000,0.50000000,-0.29000000,6.71000000,,,"M-R relationship",7.41114100000,2.420000,"Transit",5785.00,0.980000,-0.0300
"HD 180053 b",13.30000000,,,697.31902000,20.34112000,-20.34112000,"Msini",213.72000000000,1.630000,"Radial Velocity",5131.00,1.750000,0.2500
"HD 181342 b",13.20000000,,,807.28820000,60.38770000,-60.38770000,"Msini",564.10000000000,1.930000,"Radial Velocity",4945.00,1.690000,0.2600
"Kepler-668 b",2.70000000,0.23000000,-0.18000000,7.75000000,,,"M-R relationship",8.35390639000,2.160000,"Transit",5352.00,0.870000,-0.0600
"TOI-7008 b",4.94735276,0.36048908,-0.34445624,21.70000000,,,"M-R relationship",0.84069041367,0.985000,"Transit",5116.06,0.880000,
"K2-148 b",1.33000000,0.19000000,-0.18000000,2.33000000,,,"M-R relationship",4.38395000000,5.440000,"Transit",4079.00,0.650000,-0.1100
"Kepler-189 c",2.38000000,1.19000000,-1.19000000,22.70000000,17.10000000,-10.60000000,"Mass",20.13486600000,9.250000,"Transit",5235.00,0.803000,-0.0400
"Kepler-223 c",3.44000000,0.20000000,-0.30000000,5.10000000,1.70000000,-1.10000000,"Mass",9.84564000000,0.710000,"Transit",5803.00,1.125000,0.1000
"Kepler-271 d",0.66000000,0.05000000,-0.05000000,0.21900000,,,"M-R relationship",5.24972541000,4.190000,"Transit",5555.00,0.900000,-0.1300
"Kepler-342 c",1.96000000,0.35000000,-0.35000000,4.50000000,,,"M-R relationship",26.23413800000,3.280000,"Transit",6175.00,1.213000,-0.0006
"HD 168443 c",12.20000000,,,5500.33841154,810.46243785,-287.95253674,"Mass",1753.10960000000,16.600000,"Radial Velocity",5491.00,0.980000,0.0400
"K2-71 b",2.15000000,0.33000000,-0.33000000,5.27000000,,,"M-R relationship",6.98541000000,2.910000,"Transit",4006.00,0.477000,
"Kepler-394 c",1.66000000,0.86000000,-0.86000000,3.39000000,,,"M-R relationship",12.13068600000,4.070000,"Transit",6402.00,0.870000,-0.3000
"EPIC 212587672 c",2.32000000,0.19000000,-0.12000000,5.99000000,,,"M-R relationship",23.22855500000,2.640000,"Transit",6004.00,0.990000,-0.1800
"Kepler-1600 c",1.94206512,,,4.43000000,,,"M-R relationship",7.29804992700,3.320000,"Transit",5119.00,0.818000,0.1000
"Kepler-1344 b",1.84000000,0.50000000,-0.20000000,4.04000000,,,"M-R relationship",4.76830490000,3.560000,"Transit",5981.00,1.090000,0.0600
"GJ 887 b",1.80000000,,,3.90000000,0.50000000,-0.50000000,"Msini",9.26190000000,3.670000,"Radial Velocity",3688.00,0.495000,-0.0600
"TOI-5882 b",11.46678726,0.50440413,-0.42594127,6995.40323807,193.87532827,-228.83645304,"Mass",7.14897200000,25.400000,"Transit",5920.00,1.334000,0.1800
"Kepler-917 b",1.91000000,0.24000000,-0.17000000,4.31000000,,,"M-R relationship",2.97041437500,3.400000,"Transit",5418.00,0.800000,-0.3800
"HIP 109600 b",13.20000000,,,851.78440000,38.13960000,-38.13960000,"Msini",232.08000000000,2.040000,"Radial Velocity",5530.00,0.870000,-0.1200
"Kepler-1454 b",1.88000000,0.19000000,-0.17000000,4.19000000,,,"M-R relationship",47.03194790000,3.470000,"Transit",5448.00,0.900000,-0.0200
"HD 17092 b",12.50000000,,,3219.61790000,727.83070000,-727.83070000,"Msini",359.89999000000,9.060000,"Radial Velocity",4326.00,6.730000,0.1800
"HD 113538 b",13.20000000,,,114.41000000,12.71000000,-12.71000000,"Msini",663.20000000000,0.273000,"Radial Velocity",4462.00,0.585000,-0.2400
"Kepler-1798 b",2.30911251,,,5.94000000,,,"M-R relationship",16.85589981000,2.650000,"Transit",3967.00,0.593000,0.0600
"Kepler-500 b",2.58000000,0.25000000,-0.17000000,7.18000000,,,"M-R relationship",8.50832439800,2.300000,"Transit",5813.00,1.020000,0.0300
"HD 126614 b",12.70000000,,,107.74382997,64.83699503,-6.03873973,"Mass",1257.25303000000,0.289000,"Radial Velocity",5568.00,0.960000,0.5600
"NGTS-16 b",14.57167491,1.45716749,-1.34507768,211.99154747,49.89905990,-40.99986450,"Mass",4.84532000000,0.380000,"Transit",5550.00,1.002000,0.3500
"Kepler-869 b",3.61000000,0.83000000,-0.62000000,12.70000000,,,"M-R relationship",40.42877550000,1.480000,"Transit",5664.00,0.970000,0.0200
"Kepler-331 c",1.84000000,0.19000000,-0.19000000,4.04000000,,,"M-R relationship",17.28111000000,3.560000,"Transit",4347.00,0.653000,0.1179
"Kepler-970 b",2.60900000,0.26500000,-0.20300000,7.31000000,,,"M-R relationship",16.73652500000,2.260000,"Transit",4290.00,0.670000,0.0400
"HAT-P-70 b",20.96083000,1.68135000,-1.12090000,2154.88740000,,,"Mass",2.74432452000,1.540000,"Transit",8450.00,1.890000,-0.0590
"Kepler-1306 b",1.91000000,0.45000000,-0.18000000,4.31000000,,,"M-R relationship",16.29595382000,3.400000,"Transit",5727.00,0.980000,0.0000
"Kepler-1250 b",1.92000000,0.45000000,-0.17000000,4.35000000,,,"M-R relationship",2.60754383400,3.380000,"Transit",5717.00,0.990000,0.0400
"HD 98649 b",12.50000000,,,3082.93554790,731.00533610,-603.87397330,"Mass",5384.00000000000,8.670000,"Radial Velocity",5759.00,0.970000,-0.0600
"HD 28471 d",2.06000000,,,4.91000000,0.82000000,-0.77000000,"Msini",11.68100000000,3.090000,"Radial Velocity",5766.00,0.980000,-0.0400
"K2-257 b",0.83000000,0.06000000,-0.05000000,0.49800000,,,"M-R relationship",1.60588000000,4.790000,"Transit",3725.00,0.520000,-0.0300
"K2-185 b",1.15000000,0.07000000,-0.07000000,1.60000000,,,"M-R relationship",10.61638400000,5.780000,"Transit",5788.00,0.960000,-0.1000
"HD 23079 c",2.80000000,,,8.26000000,0.79000000,-0.79000000,"Msini",5.74891300000,2.070000,"Radial Velocity",5994.00,1.160000,-0.1290
"Kepler-1617 b",1.20000000,0.37000000,-0.16000000,1.87000000,,,"M-R relationship",27.47855720000,5.950000,"Transit",6167.00,1.150000,0.0100
"Kepler-168 b",1.46000000,0.66000000,-0.66000000,2.73000000,,,"M-R relationship",4.42539100000,4.820000,"Transit",6282.00,1.113000,0.0900
"K2-339 b",1.92000000,0.19000000,-0.12000000,4.35000000,,,"M-R relationship",19.50742800000,3.380000,"Transit",4857.00,0.740000,-0.1100
"HATS-2 b",12.57647635,0.26901554,-0.26901554,435.42491759,50.85254512,-50.85254512,"Mass",1.35413379000,1.206840,"Transit",5227.00,0.904000,0.1500
"Kepler-256 b",1.59000000,0.39000000,-0.39000000,3.15000000,,,"M-R relationship",1.62049300000,4.310000,"Transit",5551.00,1.037000,0.2600
"HD 113996 b",12.70000000,,,2002.32900000,317.83000000,-317.83000000,"Msini",610.20000000000,5.370000,"Radial Velocity",4181.00,1.490000,0.1300
"Kepler-85 c",1.97800000,0.05600000,-0.05700000,2.15000000,0.73000000,-0.57000000,"Mass",12.51000000000,1.527272,"Transit",5505.20,0.928000,0.1200
"HD 80913 b",12.00000000,,,7505.20000290,1142.27529476,-1227.13547943,"Mass",10839.83341000000,23.900000,"Radial Velocity",6013.24,1.110000,-0.6800
"TOI-1298 b",9.65807033,0.19896656,-0.17319735,99.00000000,6.00000000,-6.00000000,"Mass",4.53714300000,0.600000,"Transit",5752.00,1.218700,0.3970
"HD 63433 d",1.07300000,0.04600000,-0.04400000,1.25000000,,,"M-R relationship",4.20907500000,5.560000,"Transit",5688.00,0.990000,0.0300
"HR 810 b",12.70000000,,,1970.53612340,158.91420350,-158.91420350,"Mass",302.79999000000,5.290000,"Radial Velocity",6167.00,1.340000,0.1600
"HD 94890 b",13.30000000,,,676.97450691,50.85254512,-54.03082919,"Msini",824.61000000000,1.580000,"Radial Velocity",4867.00,1.740000,-0.0200
"Kepler-662 b",2.18000000,0.11000000,-0.12000000,5.39000000,,,"M-R relationship",21.67697486000,2.860000,"Transit",4897.00,0.790000,-0.0300
"HD 18143 b",3.28000000,,,10.80616584,1.58914204,-2.22479885,"Msini",10.28510000000,1.680000,"Radial Velocity",5078.00,0.850000,0.2800
"Kepler-231 c",1.93000000,0.19000000,-0.19000000,24.10000000,13.50000000,-11.20000000,"Mass",19.27156600000,0.970000,"Transit",3767.00,0.580000,-0.1000
"Kepler-214 b",2.61000000,0.49000000,-0.49000000,7.32000000,,,"M-R relationship",15.66054400000,2.260000,"Transit",6169.00,1.110000,-0.0200
"HD 219139 b",14.00000000,,,247.90615746,15.89142035,-63.56568140,"Msini",275.50000000000,0.496000,"Radial Velocity",4831.00,1.460000,-0.2000
"Kepler-11 g",3.33000000,0.06000000,-0.08000000,25.00000000,,,"Mass",118.38070000000,4.000000,"Transit",5663.00,0.961000,0.0500
"Kepler-702 b",9.17000000,0.84000000,-0.58000000,61.80000000,,,"M-R relationship",10.52629406300,0.440000,"Transit",5419.00,0.900000,0.0000
"K2-337 b",2.62000000,0.19000000,-0.14000000,7.37000000,,,"M-R relationship",16.27356300000,2.250000,"Transit",5869.00,0.940000,-0.2700
"Kepler-138 c",1.51000000,0.04000000,-0.04000000,2.30000000,0.60000000,-0.50000000,"Mass",13.78150000000,3.600000,"Transit",3841.00,0.535000,-0.1800
"DE CVn b",12.40000000,,,3823.27330161,955.81832540,-955.81832540,"Msin(i)/sin(i)",4098.10000000000,11.000000,"Eclipse Timing Variations",3579.00,0.510000,
"TOI-4578 b",2.26974262,0.28541935,-0.22502724,5.77000000,,,"M-R relationship",8.62392630369,2.710000,"Transit",5951.32,1.077000,
"TOI-1472 c",3.33400000,0.08000000,-0.08000000,21.13000000,0.96000000,-0.99000000,"Mass",15.53817470000,3.140000,"Radial Velocity",5100.00,0.870000,0.2700
"TIC 88785435 b",5.03000000,0.21000000,-0.20000000,22.30000000,,,"M-R relationship",10.50884300000,0.963000,"Transit",3998.00,0.724000,-0.0800
"Kepler-1898 b",0.93353523,,,0.76000000,,,"M-R relationship",4.76562023200,5.130000,"Transit",5702.00,0.837000,-0.2800
"Kepler-319 b",1.63000000,0.23000000,-0.23000000,3.29000000,,,"M-R relationship",4.36270500000,4.170000,"Transit",5526.00,0.933000,0.0600
"HAT-P-60 b",18.28184752,0.26901554,-0.26901554,182.43350562,12.07747947,-12.07747947,"Mass",4.79478130000,0.164000,"Transit",6212.00,1.435000,0.0370
"Kepler-256 e",2.35000000,0.58000000,-0.58000000,6.12000000,,,"M-R relationship",10.68157200000,2.590000,"Transit",5551.00,1.037000,0.2600
"Kepler-1885 b",1.51110555,,,2.89000000,,,"M-R relationship",2.52255988100,4.600000,"Transit",5591.00,0.977000,0.0700
"DMPP-1 d",2.02000000,,,4.72000000,0.81000000,-0.73000000,"Msini",3.14170000000,3.150000,"Radial Velocity",6196.00,1.210000,
"Kepler-756 b",1.12000000,0.09000000,-0.10000000,1.46000000,,,"M-R relationship",1.22486632200,5.710000,"Transit",5282.00,0.820000,-0.1900
"Kepler-606 b",3.31000000,1.27000000,-0.51000000,11.00000000,,,"M-R relationship",24.31575992000,1.670000,"Transit",6161.00,1.130000,0.0100
"K2-388 b",3.90000000,0.20000000,-0.10000000,14.50000000,,,"M-R relationship",6.33932000000,1.340000,"Transit",5310.00,0.930000,0.2400
"Kepler-1023 b",2.63000000,0.30000000,-0.18000000,7.41000000,,,"M-R relationship",62.13877140000,2.240000,"Transit",5494.00,0.930000,0.0500
"Kepler-1037 b",1.28000000,0.09000000,-0.07000000,2.18000000,,,"M-R relationship",1.06378867300,5.710000,"Transit",5105.00,0.820000,-0.0300
"Kepler-621 b",2.30000000,0.07000000,-0.19000000,5.90000000,,,"M-R relationship",2.62811374600,2.660000,"Transit",4521.00,0.720000,-0.0200
"Kepler-243 b",2.45000000,1.16000000,-1.16000000,6.57000000,,,"M-R relationship",5.71544200000,2.450000,"Transit",5228.00,0.904000,0.2600
"Kepler-1379 b",1.30000000,0.12000000,-0.09000000,2.24000000,,,"M-R relationship",0.88184114600,5.600000,"Transit",5188.00,0.830000,-0.0400
"Kepler-304 b",2.86000000,0.21000000,-0.21000000,8.55000000,,,"M-R relationship",3.29570900000,2.010000,"Transit",4731.00,0.737000,0.0300
"Kepler-643 b",10.16000000,0.35000000,-0.27000000,321.00830000,63.56600000,-63.56600000,"Mass",16.33889626000,1.680000,"Transit",4908.00,1.000000,0.1300
"HD 159243 c",13.40000000,,,603.90000000,41.32000000,-41.32000000,"Msini",248.40000000000,1.380000,"Radial Velocity",6123.00,1.125000,0.0500
"Kepler-331 d",1.64000000,0.17000000,-0.17000000,3.33000000,,,"M-R relationship",32.13432800000,4.150000,"Transit",4347.00,0.653000,0.1179
"Kepler-1310 b",1.44000000,0.16000000,-0.12000000,2.67000000,,,"M-R relationship",0.67933627200,4.910000,"Transit",5549.00,0.910000,-0.0700
"Kepler-1245 c",1.44000000,0.13000000,-0.08000000,2.67000000,,,"M-R relationship",2.93658468100,4.910000,"Transit",5306.00,0.860000,-0.0100
"Kepler-1482 b",1.01000000,0.10000000,-0.11000000,1.01000000,,,"M-R relationship",12.25383217000,5.390000,"Transit",5381.00,0.880000,-0.0400
"Kepler-371 b",1.89000000,0.52000000,-0.52000000,4.23000000,,,"M-R relationship",34.76327800000,3.440000,"Transit",5666.00,0.876000,-0.1975
"TOI-238 b",1.55900000,0.04700000,-0.04700000,3.37000000,0.49000000,-0.49000000,"Mass",1.27309900000,6.800000,"Transit",5059.00,0.781000,-0.1140
"Kepler-698 b",3.68000000,0.45000000,-0.45000000,13.10000000,,,"M-R relationship",16.32976218000,1.440000,"Transit",5612.00,0.940000,-0.0300
"TOI-1117 d",3.27000000,,,10.71000000,1.59000000,-1.58000000,"Msini",8.66500000000,1.680000,"Radial Velocity",5635.00,0.970000,0.1360
"K2-183 b",1.10000000,0.10000000,-0.08000000,1.37000000,,,"M-R relationship",0.46928500000,5.660000,"Transit",5482.00,0.942219,0.0900
"Kepler-417 c",2.69000000,0.19000000,-0.14000000,7.70000000,,,"M-R relationship",15.94300000000,2.170000,"Transit Timing Variations",5177.00,0.900000,-0.2040
"RR Cae b",13.00000000,,,1334.88600000,127.13200000,-127.13200000,"Msini",4343.50000000000,3.340000,"Eclipse Timing Variations",3904.00,0.440000,
"HD 5319 c",13.80000000,,,334.67499000,22.88376000,-22.88376000,"Msini",872.20000000000,0.700000,"Radial Velocity",4871.00,1.270000,0.1500
"K2-384 e",1.34500000,0.13900000,-0.08200000,2.37000000,,,"M-R relationship",9.71504300000,5.350000,"Transit",3623.00,0.330000,0.0680
"Kepler-1610 b",1.61000000,0.19000000,-0.13000000,3.22000000,,,"M-R relationship",8.70181574000,4.240000,"Transit",5383.00,0.910000,0.1000
"HIP 70849 b",12.90000000,,,1430.22783150,127.13136280,-95.34852210,"Mass",3649.00000000000,3.660000,"Radial Velocity",4105.00,0.650000,
"TOI-5789 c",2.86000000,0.18000000,-0.15000000,5.00000000,0.50000000,-0.50000000,"Mass",12.92774800000,1.160000,"Transit",5185.00,0.821000,-0.1200
"Kepler-416 b",2.48000000,0.99000000,-0.33000000,58.20000000,53.40000000,-39.50000000,"Mass",6.31900000000,21.000000,"Transit Timing Variations",5718.00,1.000000,0.1259
"K2-72 e",1.29000000,0.14000000,-0.13000000,2.21000000,,,"M-R relationship",24.15886800000,5.660000,"Transit",3360.47,0.271365,
"Kepler-1625 b",6.06000000,0.87000000,-0.53000000,30.60000000,,,"M-R relationship",287.37894900000,0.756000,"Transit",5677.00,0.960000,0.0100
"HATS-14 b",11.64615100,0.35868800,-0.24659800,340.39593000,22.24810000,-22.24810000,"Mass",2.76676410000,1.191000,"Transit",5346.00,0.967000,0.3300
"Kepler-315 b",3.77000000,0.78000000,-0.78000000,13.70000000,,,"M-R relationship",96.10114100000,1.400000,"Transit",5796.00,0.831000,-0.2700
"Kepler-792 b",1.96000000,0.49000000,-0.23000000,4.50000000,,,"M-R relationship",11.30119217000,3.280000,"Transit",5971.00,1.090000,0.0800
"OGLE-TR-211 b",15.24400000,2.01800000,-1.00900000,327.35100000,63.56300000,-63.56300000,"Mass",3.67724000000,0.420000,"Transit",6325.00,1.330000,0.1100
"Kepler-475 b",2.49000000,0.05000000,-0.18000000,6.76000000,,,"M-R relationship",3.10550818900,2.410000,"Transit",5009.00,0.860000,0.2100
"Kepler-482 b",2.36000000,0.37000000,-0.14000000,6.17000000,,,"M-R relationship",56.35418576000,2.580000,"Transit",4871.00,0.750000,-0.1300
"Kepler-1449 b",1.68000000,0.37000000,-0.18000000,3.46000000,,,"M-R relationship",13.22745280000,4.010000,"Transit",5979.00,1.080000,0.0400
"HIP 63242 b",12.50000000,,,2917.56000000,,,"Msini",124.60000000000,8.210000,"Radial Velocity",4830.00,1.540000,-0.3100
"EPIC 212297394 b",1.48000000,0.13000000,-0.11000000,2.79000000,,,"M-R relationship",2.28936300000,4.730000,"Transit",5171.00,0.830000,-0.0300
"HD 45652 b",14.30000000,,,137.62039000,24.15508000,-24.15508000,"Msini",44.07300000000,0.259000,"Radial Velocity",5294.00,0.920000,0.2600
"Kepler-1646 b",1.23000000,0.28000000,-0.24000000,2.04000000,,,"M-R relationship",4.48558383000,6.020000,"Transit",3299.00,0.240000,0.0400
"HD 102843 b",13.10000000,,,113.90000000,14.50000000,-14.50000000,"Msini",3090.94200000000,0.278000,"Radial Velocity",5436.00,0.950000,0.1600
"HD 192699 b",13.40000000,,,666.17168000,29.55819000,-29.55819000,"Msini",340.94000000000,1.520000,"Radial Velocity",5041.00,1.380000,-0.1500
"TIC 65612701 b",5.07802804,0.33441948,-0.32636933,22.70000000,,,"M-R relationship",10.22467974953,0.953000,"Transit",5692.29,1.060000,
"TOI-4747 b",3.95803201,0.35272904,-0.32280843,14.80000000,,,"M-R relationship",5.21924158592,1.310000,"Transit",5595.08,1.010000,
"K2-201 b",1.40006712,0.13501309,-0.07749730,2.54000000,,,"M-R relationship",1.05979000000,5.090000,"Transit",5507.00,0.956055,0.1300
"GJ 876 d",2.51000000,,,6.83000000,0.40000000,-0.40000000,"Mass",1.93778000000,2.370000,"Radial Velocity",3293.74,0.320000,0.2129
"Kepler-1130 c",0.79239584,,,0.42200000,,,"M-R relationship",3.26663994800,4.660000,"Transit",5450.00,0.944000,0.1000
"K2-24 b",5.40000000,0.20000000,-0.20000000,19.00000000,2.20000000,-2.10000000,"Mass",20.88977000000,0.640000,"Transit",5625.00,1.070000,0.3400
"Kepler-106 b",0.82000000,0.11000000,-0.11000000,5.30000000,,,"Mass",6.16486000000,,"Transit",5858.00,1.000000,-0.1200
"TOI-469.01",3.41000000,0.04600000,-0.04600000,9.10000000,0.82000000,-0.79000000,"Mass",13.63082050000,1.300000,"Transit",5289.00,0.901000,0.2400
"Kepler-1705 c",2.05000000,0.14000000,-0.15000000,5.42000000,0.61000000,-0.57000000,"Mass",11.28000000000,3.528714,"Transit",6312.00,1.139000,-0.2000
"Kepler-1580 b",2.11000000,0.30000000,-0.31000000,5.10000000,,,"M-R relationship",56.64492790000,2.980000,"Transit",6228.00,1.470000,0.1200
"Kepler-1365 b",0.92000000,0.14000000,-0.10000000,0.72100000,,,"M-R relationship",7.69993485000,5.090000,"Transit",5770.00,1.000000,0.0300
"Kepler-1521 b",2.50000000,0.09000000,-0.10000000,6.80000000,,,"M-R relationship",47.14840805000,2.390000,"Transit",5042.00,0.810000,-0.0500
"HD 360 b",14.00000000,,,238.37130525,38.13940884,-47.67426105,"Msini",273.10000000000,0.477000,"Radial Velocity",4770.00,1.690000,-0.0600
"Kepler-419 c",12.60000000,,,2320.10000000,127.10000000,-127.10000000,"Mass",675.47000000000,6.370000,"Transit Timing Variations",6430.00,1.390000,0.1760
"Kepler-1505 b",0.93000000,0.05000000,-0.05000000,0.74900000,,,"M-R relationship",30.86093660000,5.120000,"Transit",5686.00,0.930000,-0.1800
"Kepler-367 b",1.30000000,0.16000000,-0.16000000,2.24000000,,,"M-R relationship",37.81572400000,5.600000,"Transit",4710.00,0.768000,0.1974
"Kepler-1077 b",2.77000000,0.70000000,-0.33000000,8.10000000,,,"M-R relationship",34.35118740000,2.090000,"Transit",5816.00,1.020000,0.0300
"TOI-519 b",11.54525012,0.33626942,-0.33626942,147.15455244,26.06192937,-27.96889982,"Mass",1.26523280000,0.560000,"Transit",3322.00,0.335000,0.2700
"HD 74698 b",5.12000000,,,23.00000000,3.00000000,-3.00000000,"Msini",15.01700000000,0.942000,"Radial Velocity",5783.00,1.039000,0.0700
"HD 163607 c",13.30000000,,,699.54383000,11.75971000,-11.75971000,"Msini",1272.00000000000,1.630000,"Radial Velocity",5522.00,1.120000,0.2100
"Kepler-106 c",2.50000000,0.32000000,-0.32000000,10.44000000,3.20000000,-3.20000000,"Mass",13.57080000000,3.280000,"Transit",5858.00,1.000000,-0.1200
"Kepler-890 b",8.89000000,2.86000000,-1.06000000,58.60000000,,,"M-R relationship",52.75875577000,0.458000,"Transit",5954.00,1.090000,0.0900
"TOI-6330 b",10.89000000,0.37000000,-0.35000000,3179.00000000,100.00000000,-100.00000000,"Mass",6.85002460000,13.570000,"Transit",3539.00,0.531000,0.0800
"Kepler-952 b",7.65000000,1.65000000,-0.75000000,45.40000000,,,"M-R relationship",130.35469190000,0.557000,"Transit",5730.00,1.000000,0.0600
"Kepler-268 b",2.55000000,0.47000000,-0.47000000,7.04000000,,,"M-R relationship",25.93413800000,2.330000,"Transit",6081.00,1.109000,0.0009
"Kepler-414 c",3.01000000,0.54000000,-0.25000000,29.90000000,12.40000000,-10.50000000,"Mass",7.17100000000,6.020000,"Transit Timing Variations",5536.00,0.890000,0.1800
"HD 60292 b",12.70000000,,,2065.89500000,317.83000000,-317.83000000,"Msini",495.40000000000,5.540000,"Radial Velocity",4348.00,1.700000,-0.1700
"Kepler-466 c",1.25000000,0.10000000,-0.07000000,2.10000000,,,"M-R relationship",3.70921384600,5.910000,"Transit",5927.00,1.040000,-0.0100
"K2-171 b",2.68657205,0.40023833,-0.33153947,7.69000000,,,"M-R relationship",5.62846600000,2.180000,"Transit",5250.00,0.891587,-0.0900
"K2-352 d",2.23000000,0.13000000,-0.09000000,5.60000000,,,"M-R relationship",14.87138700000,2.770000,"Transit",5791.00,0.980000,-0.0500
"TOI-938 b",4.82401567,0.35034925,-0.32939707,20.80000000,,,"M-R relationship",8.80733882211,1.020000,"Transit",5829.42,1.100000,
"HD 216437 b",13.00000000,,,1334.87930940,222.47988490,-222.47988490,"Mass",1359.00000000000,3.340000,"Radial Velocity",5909.00,1.220000,0.2000
"Kepler-911 b",2.60000000,0.10000000,-0.10000000,7.27000000,,,"M-R relationship",20.31050100000,2.270000,"Transit",6112.00,1.340000,0.0300
"Kepler-1428 b",1.64000000,0.14000000,-0.10000000,3.33000000,,,"M-R relationship",10.67607169000,4.150000,"Transit",6184.00,1.280000,0.3500
"HATS-12 b",7.76000000,0.47000000,-0.47000000,759.61370000,27.65121000,-27.65121000,"Mass",3.14270200000,1.120000,"Transit",6357.00,1.160000,-0.1000
"HD 109833 b",2.88800000,0.15200000,-0.12700000,8.69000000,,,"M-R relationship",9.18852600000,1.980000,"Transit",5881.00,1.080000,-0.0700
"Kepler-286 c",1.37000000,0.27000000,-0.27000000,2.45000000,,,"M-R relationship",3.46809500000,5.240000,"Transit",5580.00,0.830000,-0.2500
"Kepler-349 b",1.90000000,0.72000000,-0.72000000,94.50000000,70.80000000,-60.30000000,"Mass",5.92977800000,75.700000,"Transit",5956.00,1.083000,0.1509
"Kepler-338 d",3.00000000,0.28000000,-0.28000000,9.27000000,,,"M-R relationship",44.43101400000,1.890000,"Transit",5923.00,1.105000,-0.0290
"Kepler-259 c",2.70000000,1.31000000,-1.31000000,7.75000000,,,"M-R relationship",36.92493100000,2.160000,"Transit",5938.00,0.867000,-0.0900
"Kepler-265 e",2.59000000,0.55000000,-0.55000000,7.22000000,,,"M-R relationship",67.83102400000,2.280000,"Transit",5835.00,0.970000,-0.1100
"Kepler-1238 b",1.93000000,0.85000000,-0.42000000,4.38000000,,,"M-R relationship",4.14787559000,3.350000,"Transit",6386.00,1.300000,0.0500
"HD 33283 b",12.50000000,,,104.56607000,22.56593000,-22.56593000,"Msini",18.19910000000,0.294000,"Radial Velocity",5935.00,1.380000,0.3500
"Kepler-1992 b",0.91000000,0.09000000,-0.05000000,0.69300000,,,"M-R relationship",15.61122380000,5.050000,"Transit",5383.00,0.874000,0.0000
"Kepler-1990 c",0.98000000,0.17000000,-0.10000000,0.90400000,,,"M-R relationship",4.06844957000,5.280000,"Transit",5751.00,1.028000,0.2100
"Kepler-399 b",0.96000000,0.51000000,-0.51000000,0.84000000,,,"M-R relationship",14.42528100000,5.220000,"Transit",5502.00,0.902000,0.1400
"Kepler-1709 b",3.12424875,,,9.93000000,,,"M-R relationship",65.70459747000,1.790000,"Transit",5918.00,1.003000,-0.0400
"Kepler-1907 c",1.15547044,,,1.63000000,,,"M-R relationship",14.86390018000,5.810000,"Transit",5159.00,0.752000,-0.1600
"Kepler-245 d",3.03000000,0.21000000,-0.21000000,21.60000000,16.60000000,-12.10000000,"Mass",36.27710800000,0.011100,"Transit",5100.00,0.856000,0.1200
"Kepler-1321 d",2.62843782,,,7.41000000,,,"M-R relationship",5.72092008600,2.240000,"Transit",3640.00,0.513000,0.2100
"Kepler-983 b",2.36000000,0.07000000,-0.18000000,6.17000000,,,"M-R relationship",60.08550820000,2.580000,"Transit",6052.00,1.130000,0.1200
"Kepler-603 d",1.32000000,0.25000000,-0.13000000,2.30000000,,,"M-R relationship",6.21712920000,5.500000,"Transit",5808.00,1.010000,0.0300
"Kepler-1578 b",1.04000000,0.11000000,-0.11000000,1.12000000,,,"M-R relationship",1.45088690700,5.470000,"Transit",5545.00,0.900000,-0.1300
"Kepler-439 b",2.24000000,0.16000000,-0.45000000,5.65000000,,,"M-R relationship",178.13960000000,2.760000,"Transit",5431.00,0.884000,0.0200
"K2-124 b",2.90000000,0.10000000,-0.10000000,8.75000000,,,"M-R relationship",6.41365100000,1.970000,"Transit",3570.00,0.390000,0.0230
"Kepler-55 f",1.59000000,0.10000000,-0.10000000,3.15000000,,,"M-R relationship",10.19854500000,4.310000,"Transit",4503.00,0.631000,-0.0100
"HD 113337 b",13.10000000,,,1035.80277841,119.82130944,-129.99181846,"Msini",317.58639000000,2.530000,"Radial Velocity",6774.00,1.410000,0.0700
"Kepler-1808 b",3.02511302,,,9.40000000,,,"M-R relationship",23.34040070000,1.870000,"Transit",5530.00,0.773000,-0.3400
"HD 233832 b",13.50000000,,,565.73740000,25.42640000,-19.06980000,"Msini",2058.00000000000,1.260000,"Radial Velocity",4981.00,0.710000,-0.6600
"HD 102956 b",13.80000000,,,305.11680000,7.31009000,-7.31009000,"Msini",6.49470000000,0.638000,"Radial Velocity",4985.00,1.660000,0.1900
"Kepler-279 c",4.30000000,1.72000000,-0.41000000,49.40000000,7.20000000,-5.90000000,"Mass",35.73600000000,0.300000,"Transit",6689.45,1.100000,-0.1141
"EPIC 212499991 b",1.60000000,0.13000000,-0.16000000,3.19000000,,,"M-R relationship",34.88500000000,4.280000,"Transit",4982.79,0.912000,
"HD 9446 b",14.00000000,,,222.47200000,19.06900000,-19.06900000,"Msini",30.05200000000,0.446000,"Radial Velocity",5793.00,1.000000,0.0900
"Kepler-1054 b",2.63000000,1.15000000,-0.53000000,7.41000000,,,"M-R relationship",4.30655689000,2.240000,"Transit",6209.00,1.220000,0.0900
"Kepler-1835 b",3.53387773,,,12.20000000,,,"M-R relationship",11.96409988000,1.520000,"Transit",5903.00,0.922000,-0.2600
"Kepler-763 c",1.42000000,0.07000000,-0.10000000,2.60000000,,,"M-R relationship",4.09667624000,4.990000,"Transit",4999.00,0.800000,0.1800
"K2-99 c",12.60000000,,,2669.75861880,63.56568140,-63.56568140,"Msini",522.20000000000,7.330000,"Radial Velocity",6069.00,1.440000,0.2000
"K2-30 b",11.64615100,0.56045000,-0.57165900,184.02357000,8.89924000,-8.58141000,"Mass",4.09850300000,0.640000,"Transit",5425.00,0.900000,-0.1500
"Kepler-998 b",2.32000000,0.61000000,-0.30000000,5.99000000,,,"M-R relationship",5.65377733000,2.640000,"Transit",6058.00,1.120000,0.0700
"Kepler-162 b",1.26000000,0.67000000,-0.67000000,2.13000000,,,"M-R relationship",6.91979800000,5.850000,"Transit",5816.00,1.053000,0.1000
"Kepler-1849 b",2.38685349,,,6.29000000,,,"M-R relationship",57.29290009000,2.540000,"Transit",4806.00,0.709000,-0.1000
"Kepler-1528 b",1.46000000,0.25000000,-0.13000000,2.73000000,,,"M-R relationship",1.79111020500,4.820000,"Transit",5857.00,1.030000,0.0300
"Kepler-116 c",2.30000000,0.44000000,-0.44000000,5.90000000,,,"M-R relationship",13.07163000000,2.660000,"Transit",6142.00,1.198000,0.0700
"Kepler-712 c",4.85000000,0.26000000,-0.41000000,21.00000000,,,"M-R relationship",226.89047000000,1.010000,"Transit",5148.00,0.840000,-0.0300
"WASP-165 b",14.12334000,2.12971000,-1.90553000,209.13214000,30.82951000,-29.24036000,"Mass",3.46550900000,0.440000,"Transit",5599.00,1.248000,0.3300
"WASP-8 b",12.66617000,0.56045000,-0.56045000,807.28820000,104.88390000,-104.88390000,"Mass",8.15872000000,2.100000,"Transit",5600.00,1.340000,0.1700
"HD 26161 b",11.90000000,,,9045.39646322,6372.14173194,-70.55790635,"Mass",10942.29013000000,29.500000,"Radial Velocity",6057.62,1.120000,-0.0095
"WASP-55 b",14.72860064,0.23538859,-0.28022452,186.24744650,10.48833743,-10.17050902,"Mass",4.46563100000,0.342159,"Transit",6096.00,1.071000,-0.0300
"Kepler-306 b",1.52000000,0.10000000,-0.10000000,2.92000000,,,"M-R relationship",4.64618600000,4.570000,"Transit",4954.00,0.750000,-0.1300
"K2-189 c",2.31000000,0.14000000,-0.05000000,5.95000000,,,"M-R relationship",6.67932000000,2.650000,"Transit",5442.00,0.850000,-0.1000
"GJ 414 A c",8.40000000,3.60000000,-2.50000000,53.83000000,9.18000000,-8.58000000,"Msini",749.83000000000,0.499000,"Radial Velocity",4120.00,0.650000,0.2400
"HD 39194 c",2.65000000,,,7.49000000,0.50000000,-0.50000000,"Msini",14.03090000000,2.210000,"Radial Velocity",5205.00,0.860000,-0.6100
"24 Sex b",13.40000000,,,632.46000000,82.63000000,-120.77000000,"Msini",452.80000000000,1.440000,"Radial Velocity",5098.00,1.540000,-0.0300
"GJ 720 A b",3.77000000,,,13.64000000,0.78000000,-0.79000000,"Msini",19.46600000000,1.400000,"Radial Velocity",3837.00,0.570000,-0.1400
"TOI-1994 b",13.67495645,0.91913642,-0.79583763,7024.00779470,826.35385820,-794.57101750,"Mass",4.03371420000,15.000000,"Transit",7700.00,1.860000,-0.0100
"Kepler-195 b",2.03000000,0.74000000,-0.74000000,4.78000000,,,"M-R relationship",8.30787200000,3.140000,"Transit",5329.00,0.867000,0.0400
"Kepler-1388 d",2.86000000,0.12000000,-0.19000000,8.55000000,,,"M-R relationship",20.95681580000,2.010000,"Transit",4098.00,0.630000,0.0200
"Kepler-1523 b",1.58000000,0.27000000,-0.15000000,3.12000000,,,"M-R relationship",0.93875077000,4.350000,"Transit",5708.00,0.970000,0.0000
"Kepler-296 b",1.61000000,0.29000000,-0.27000000,3.22000000,,,"M-R relationship",10.86438400000,3.000000,"Transit",3740.00,0.498000,-0.0800
"TOI-733 b",1.99200000,0.08500000,-0.09000000,5.72000000,0.70000000,-0.68000000,"Mass",4.88476500000,3.980000,"Transit",5585.00,0.956000,-0.0400
"TOI-6420 b",11.93756445,0.72858375,-0.66132986,2606.19293740,114.41822652,-127.13136280,"Mass",6.96150800000,8.400000,"Transit",6020.00,1.165000,0.2400
"Kepler-199 b",3.11000000,0.56000000,-0.56000000,9.85000000,,,"M-R relationship",23.63760400000,1.800000,"Transit",5644.00,0.960000,0.0000
"TOI-5486 b",3.96824928,0.40461614,-0.33059240,14.90000000,,,"M-R relationship",2.02470073205,1.310000,"Transit",3750.17,0.548138,
"Kepler-400 c",1.49000000,0.28000000,-0.28000000,2.83000000,,,"M-R relationship",17.34082400000,4.700000,"Transit",5886.00,1.080000,0.0844
"Kepler-284 c",2.61000000,1.18000000,-1.18000000,7.32000000,,,"M-R relationship",37.51445600000,2.260000,"Transit",5615.00,0.766000,-0.2600
"Kepler-87 b",13.49000000,0.55000000,-0.55000000,324.20000000,8.80000000,-8.80000000,"Mass",114.73635000000,0.729000,"Transit",5600.00,1.100000,-0.1700
"TOI-1768.01",3.45300000,0.42300000,-0.28700000,11.80000000,,,"M-R relationship",7.33770364900,1.570000,"Transit",5994.00,1.100000,
"Kepler-1549 b",2.57000000,0.22000000,-0.20000000,7.13000000,,,"M-R relationship",214.88654500000,2.310000,"Transit",5324.00,0.880000,0.0200
"TOI-1246 d",3.43139739,0.14960553,-0.11612674,5.40000000,1.90000000,-1.90000000,"Mass",18.65487400000,0.730000,"Transit",5213.00,0.888900,0.1680
"HD 24040 b",12.90000000,,,1589.14203500,114.41822652,-82.63538582,"Mass",3668.00000000000,4.070000,"Radial Velocity",5802.00,1.110000,0.1900
"Kepler-78 b",1.20100000,0.02800000,-0.02800000,1.68000000,0.27000000,-0.27000000,"Mass",0.35500745000,5.330000,"Transit",5058.00,0.779000,-0.1800
"Kepler-836 b",2.73000000,0.64000000,-0.32000000,7.90000000,,,"M-R relationship",11.36112327000,2.130000,"Transit",5895.00,1.030000,-0.0100
"WASP-145 A b",10.08810000,4.48360000,-4.48360000,282.86870000,12.71320000,-12.71320000,"Mass",1.76903810000,1.600000,"Transit",4900.00,0.760000,-0.0400
"GJ 273 b",1.51000000,,,2.89000000,0.27000000,-0.26000000,"Msini",18.64980000000,4.610000,"Radial Velocity",3382.00,0.290000,0.0900
"TOI-5388.01",0.99000000,0.07000000,-0.06000000,2.20000000,,,"Mass",2.59467480000,11.900000,"Transit",3440.00,0.292000,-0.3600
"HD 191939 c",3.19500000,0.07500000,-0.07500000,8.00000000,1.00000000,-1.00000000,"Mass",28.57974300000,1.350000,"Transit",5348.00,0.810000,-0.1500
"HIP 5158 b",13.60000000,,,451.00000000,,,"Msini",345.72000000000,0.985000,"Radial Velocity",4962.00,0.780000,0.1000
"TOI-4600 b",6.80000000,0.31000000,-0.30000000,959.84178914,,,"Mass",82.68690000000,,"Transit",5170.00,0.890000,0.1600
"TOI-682.01",3.74186000,0.25183500,-0.25183500,13.50000000,,,"M-R relationship",6.83923880000,1.420000,"Transit",5085.00,0.850000,0.2700
"Kepler-937 b",3.72000000,1.29000000,-0.48000000,13.40000000,,,"M-R relationship",67.66882700000,1.430000,"Transit",6095.00,1.150000,0.0800
"Kepler-56 d",12.80000000,,,1784.00000000,120.00000000,-120.00000000,"Msini",1002.00000000000,4.670000,"Radial Velocity",4819.44,1.290000,0.3631
"Kepler-1985 b",2.27000000,0.25000000,-0.22000000,5.77000000,,,"M-R relationship",3.42064689000,2.710000,"Transit",5370.00,0.877000,0.1400
"TOI-286 c",1.88000000,0.12000000,-0.12000000,3.72000000,2.22000000,-2.22000000,"Mass",39.36182600000,3.090000,"Transit",5152.00,0.832000,-0.0500
"TOI-2384 b",11.48920522,0.23538859,-0.23538859,624.85064816,18.75187601,-18.75187601,"Mass",2.13570304000,2.260000,"Transit",3943.00,0.635000,0.3320
"Kepler-586 b",2.79000000,0.36000000,-0.20000000,8.20000000,,,"M-R relationship",2.10472218400,2.070000,"Transit",5575.00,0.940000,0.0000
"HAT-P-36 b",14.31389300,0.22418000,-0.22418000,587.41340600,27.65121000,-27.65121000,"Mass",1.32734683000,1.175000,"Transit",5620.00,1.030000,0.2500
"HD 11506 d",12.30000000,,,4068.20360960,190.69704420,-158.91420350,"Mass",26500.00000000000,12.000000,"Radial Velocity",6123.00,1.220000,0.3000
"Kepler-345 b",0.74000000,0.06000000,-0.06000000,0.48000000,0.22000000,-0.14000000,"Mass",7.41556300000,4.800000,"Transit",4504.00,0.610000,0.1905
"Kepler-1503 b",2.27000000,0.19000000,-0.23000000,5.77000000,,,"M-R relationship",96.16987000000,2.710000,"Transit",5069.00,0.770000,-0.1900
"HD 47186 b",5.02000000,,,22.24810000,0.00000000,0.00000000,"Msini",4.08450000000,0.966000,"Radial Velocity",5657.00,0.960000,0.2400
"Kepler-520 c",1.07000000,0.07000000,-0.05000000,1.24000000,,,"M-R relationship",5.21104261000,5.560000,"Transit",6112.00,1.100000,-0.0300
"Kepler-1880 b",2.11686218,,,5.13000000,,,"M-R relationship",6.30921983700,2.970000,"Transit",4380.00,0.524000,-0.9200
"Kepler-598 b",1.50000000,0.12000000,-0.09000000,2.86000000,,,"M-R relationship",3.70175428000,4.660000,"Transit",5307.00,0.870000,0.0200
"Kepler-1829 b",2.47887001,,,6.71000000,,,"M-R relationship",5.18671989400,2.420000,"Transit",5230.00,0.873000,0.0000
"KOI-12 b",13.78707000,0.67254000,-0.56045000,349.61300000,1112.40500000,-254.26400000,"Mass",17.85518200000,0.733000,"Transit",6635.00,1.500000,0.0815
"TOI-1752 c",2.29000000,0.13000000,-0.14000000,5.86000000,,,"M-R relationship",32.71443000000,2.680000,"Transit",3762.00,0.524000,-0.1100
"K2-384 f",2.22200000,0.09100000,-0.08200000,5.57000000,,,"M-R relationship",13.62749000000,2.790000,"Transit",3623.00,0.330000,0.0680
"Kepler-80 e",1.60000000,0.08000000,-0.07000000,4.13000000,0.81000000,-0.95000000,"Mass",4.64489000000,3.750000,"Transit",4540.00,0.730000,0.0400
"HD 187085 b",13.90000000,,,265.70588000,3.49613000,-3.49613000,"Msini",1019.74000000000,0.544000,"Radial Velocity",6117.00,1.189000,0.1200
"Kepler-1217 b",1.99000000,0.48000000,-0.19000000,4.62000000,,,"M-R relationship",2.03232507200,3.220000,"Transit",5905.00,1.060000,0.0700
"Kepler-707 b",1.33000000,0.09000000,-0.10000000,2.33000000,,,"M-R relationship",2.23749275100,5.440000,"Transit",5099.00,0.800000,-0.1200
"KOI-984 b",4.30000000,0.05000000,-0.05000000,17.10000000,,,"M-R relationship",4.28817850000,1.180000,"Transit",5295.00,0.928000,0.1200
"Kepler-444 d",0.53000000,0.02200000,-0.01900000,0.20000000,0.50000000,-0.10000000,"Mass",6.18939200000,7.900000,"Transit",5046.00,0.758000,-0.5500
"Kepler-20 g",4.71000000,,,19.96000000,3.08000000,-3.61000000,"Msini",34.94000000000,1.050000,"Radial Velocity",5495.00,0.948000,0.0700
"K2-223 c",1.50000000,0.10000000,-0.10000000,2.86000000,,,"M-R relationship",4.56254600000,4.660000,"Transit",5859.00,1.060000,0.1900
"CoRoT-17 b",11.43000000,0.78000000,-0.78000000,772.29000000,95.34000000,-95.34000000,"Mass",3.76810000000,2.820000,"Transit",5740.00,1.040000,0.0000
"Kepler-1827 b",1.85644292,,,4.10000000,,,"M-R relationship",3.70061993600,3.520000,"Transit",5423.00,0.915000,0.0800
"HD 108341 b",13.30000000,,,715.11391575,225.65816897,-79.45710175,"Mass",1129.00000000000,1.670000,"Radial Velocity",5122.00,0.843000,0.0400
"Kepler-59 b",1.10000000,,,4.10000000,2.80000000,-1.00000000,"Mass",11.86817070000,8.700000,"Transit",6074.00,1.040000,-0.2000
"EPIC 249893012 b",1.95000000,0.09000000,-0.08000000,8.75000000,1.09000000,-1.08000000,"Mass",3.59510000000,6.390000,"Transit",5430.00,1.050000,0.2000
"Kepler-1267 b",3.01000000,0.95000000,-0.45000000,9.32000000,,,"M-R relationship",13.03139450000,1.880000,"Transit",6096.00,1.150000,0.0700
"Kepler-1157 b",1.09000000,0.04000000,-0.20000000,1.32000000,,,"M-R relationship",4.45743164000,5.600000,"Transit",4679.00,0.760000,0.0500
"TOI-622 b",9.23620010,0.31385146,-0.32506044,96.30200732,21.93016008,-22.88364530,"Mass",6.40251300000,0.507000,"Transit",6400.00,1.313000,0.0900
"Kepler-640 b",2.56000000,0.08000000,-0.22000000,7.08000000,,,"M-R relationship",22.24813967000,2.320000,"Transit",5653.00,1.010000,0.1500
"HD 141399 d",13.70000000,,,375.03940000,25.42640000,-25.42640000,"Msini",1069.80000000000,0.801000,"Radial Velocity",5600.00,1.070000,0.3500
"HD 147513 b",13.70000000,,,385.00000000,,,"Msini",528.40000000000,0.823000,"Radial Velocity",5883.00,1.110000,0.0600
"K2-99 b",11.88151954,0.11208981,-0.11208981,276.51071409,6.35656814,-6.35656814,"Mass",18.24783000000,0.900000,"Transit",6069.00,1.440000,0.2000
"HD 102195 b",14.20000000,,,130.31030000,6.35660000,-6.35660000,"Msini",4.11377000000,0.250000,"Radial Velocity",5301.00,0.760000,0.0400
"HIP 38594 c",7.94000000,,,48.40000000,7.40000000,-7.40000000,"Msini",3477.76800000000,0.531000,"Radial Velocity",4086.30,0.610000,
"K2-150 b",2.00000000,0.27000000,-0.21000000,4.66000000,,,"M-R relationship",10.59357000000,3.200000,"Transit",3499.00,0.457000,0.0900
"K2-21 c",2.49000000,0.17000000,-0.19000000,6.76000000,,,"M-R relationship",15.50192000000,5.400000,"Transit",4222.06,0.676023,-0.1100
"HD 220074 b",12.20000000,,,5288.69120000,4214.42580000,-4214.42580000,"Msini",672.09998000000,16.000000,"Radial Velocity",3787.00,2.200000,-0.2500
"Kepler-394 b",1.60000000,0.82000000,-0.82000000,3.19000000,,,"M-R relationship",8.00501300000,4.280000,"Transit",6402.00,0.870000,-0.3000
"TOI-4364 b",2.01000000,0.10000000,-0.08000000,4.70000000,,,"M-R relationship",5.42401900000,3.180000,"Transit",3528.00,0.487000,0.1480
"HD 120084 b",12.70000000,,,2034.10180480,921.70238030,-603.87397330,"Mass",2142.00000000000,5.460000,"Radial Velocity",4879.00,2.160000,0.1000
"Kepler-325 d",2.79000000,1.39000000,-1.39000000,8.20000000,,,"M-R relationship",38.71518500000,2.070000,"Transit",5752.00,0.914000,0.0200
"Kepler-684 b",3.36000000,0.30000000,-0.30000000,11.20000000,,,"M-R relationship",6.77030200800,1.620000,"Transit",5493.00,0.890000,-0.1100
"Kepler-1015 b",3.55000000,1.32000000,-0.66000000,12.30000000,,,"M-R relationship",16.00494214000,1.510000,"Transit",6769.00,1.490000,0.0600
"TOI-763 c",2.63000000,0.12000000,-0.12000000,9.32000000,1.02000000,-1.02000000,"Mass",12.27370000000,2.820000,"Transit",5450.00,0.917000,0.0100
"Kepler-1130 d",0.64472273,,,0.20200000,,,"M-R relationship",4.27225017500,4.140000,"Transit",5450.00,0.944000,0.1000
"TOI-5542 b",11.30986153,0.40352331,-0.39231432,419.53349724,31.78284070,-31.78284070,"Mass",75.12375000000,1.600000,"Transit",5700.00,0.890000,-0.2100
"Kepler-846 b",2.48000000,0.32000000,-0.18000000,6.71000000,,,"M-R relationship",19.80792185000,2.420000,"Transit",5579.00,0.940000,0.0000
"Kepler-1051 b",3.40000000,1.23000000,-0.67000000,11.50000000,,,"M-R relationship",25.96200249000,1.610000,"Transit",6675.00,1.430000,0.0400
"TOI-2068 b",1.82100000,0.16200000,-0.14900000,3.97000000,,,"M-R relationship",7.76891500000,3.610000,"Transit",3710.00,0.559000,0.2700
"Kepler-1175 b",2.99000000,0.27000000,-0.23000000,9.22000000,,,"M-R relationship",37.94563000000,1.900000,"Transit",5453.00,0.900000,-0.0400
"HD 222237 b",12.80000000,,,1649.52943233,184.34047606,-184.34047606,"Mass",14892.00000000000,4.320000,"Radial Velocity",4751.00,0.760000,-0.3200
"Kepler-1573 b",1.20000000,0.23000000,-0.11000000,1.87000000,,,"M-R relationship",2.61575540000,5.950000,"Transit",5808.00,1.010000,0.0200
"K2-6 b",2.50000000,0.88000000,-0.88000000,6.80000000,,,"M-R relationship",30.94191000000,2.390000,"Transit",5850.00,0.970000,-0.1400
"TOI-4561 b",1.77789214,0.26732078,-0.19848508,3.81000000,,,"M-R relationship",8.93547936706,3.730000,"Transit",5537.93,1.000000,
"Kepler-1983 b",2.33000000,0.13000000,-0.18000000,6.04000000,,,"M-R relationship",7.32851947000,2.620000,"Transit",5135.00,0.812000,0.1200
"HATS-1 b",14.59400000,1.81600000,-1.09800000,589.55000000,83.26800000,-62.29200000,"Mass",3.44645900000,1.030000,"Transit",5870.00,0.986000,-0.0600
"BD-10 3166 b",14.10000000,,,187.51970000,22.24810000,-22.24810000,"Msini",3.48777000000,0.368000,"Radial Velocity",5393.00,1.470000,0.3800
"TOI-1422 b",3.83000000,0.11000000,-0.11000000,9.50000000,2.00000000,-1.90000000,"Mass",12.99894000000,0.930000,"Transit",5840.00,0.990300,-0.0280
"Kepler-1273 b",2.49000000,0.33000000,-0.19000000,6.76000000,,,"M-R relationship",28.62565300000,2.410000,"Transit",5566.00,0.940000,0.0300
"Kepler-843 b",2.59000000,0.61000000,-0.25000000,7.22000000,,,"M-R relationship",2.05387982100,2.280000,"Transit",5830.00,1.020000,0.0500
"Kepler-708 b",2.93000000,0.64000000,-0.28000000,8.91000000,,,"M-R relationship",3.16789193800,1.950000,"Transit",5692.00,0.970000,0.0100
"TOI-3486 b",10.57006880,0.33626942,-0.32506044,99.16246298,18.11621920,-17.79839079,"Mass",2.21778105000,0.460000,"Transit",4930.00,0.837000,0.2830
"Kepler-540 b",2.71000000,0.38000000,-0.26000000,7.80000000,,,"M-R relationship",172.70497840000,2.150000,"Transit",5946.00,1.020000,-0.1000
"WASP-160 B b",12.21781000,0.52682300,-0.45956900,88.35674000,13.98452000,-14.30235000,"Mass",3.76849520000,0.284000,"Transit",5298.00,0.870000,0.2700
"Qatar-8 b",14.40356500,0.24659800,-0.24659800,117.91493000,19.70546000,-19.70546000,"Mass",3.71495000000,0.216000,"Transit",5738.00,1.029000,0.0250
"TOI-1836 b",8.00321222,0.34747840,-0.34747840,38.45723725,9.21702380,-9.21702380,"Mass",20.38079900000,0.410000,"Transit",6380.00,1.307000,-0.1010
"K2-172 b",1.66608079,0.15959489,-0.09523043,3.42000000,,,"M-R relationship",14.31694100000,4.060000,"Transit",5569.00,0.934356,-0.0600
"Kepler-278 b",3.95500000,0.08000000,-0.08000000,56.00000000,37.00000000,-13.00000000,"Mass",30.15560000000,5.000000,"Transit",4965.00,1.227000,0.2200
"Kepler-553 c",11.57887706,0.35868738,-0.28022452,2129.45032690,139.84449908,-136.66621501,"Mass",328.24017000000,7.530000,"Transit",5191.00,0.889000,0.1520
"TOI-712 c",2.70100000,0.09200000,-0.08200000,7.76000000,,,"M-R relationship",51.69906000000,2.160000,"Transit",4622.00,0.732000,-0.0200
"Kepler-670 b",13.18000000,2.94000000,-1.21000000,,,,"Msini",2.81650485200,,"Transit",5709.00,0.990000,0.0700
"Kepler-750 b",3.07000000,1.06000000,-0.40000000,9.64000000,,,"M-R relationship",9.42887179000,1.830000,"Transit",6160.00,1.150000,0.0300
"GJ 463 b",13.10000000,,,1080.61658380,95.34852210,-95.34852210,"Mass",3459.00000000000,2.640000,"Radial Velocity",3563.00,0.486000,-0.1600
"Kepler-1677 b",2.70216183,,,7.76000000,,,"M-R relationship",22.06400000000,2.160000,"Transit",6013.72,1.110000,0.1080
"Gl 725 A b",1.48000000,,,2.78000000,0.35000000,-0.35000000,"Msini",11.22010000000,4.710000,"Radial Velocity",3433.00,0.330000,-0.1900
"14 Her b",12.50000000,,,2828.67282230,413.17692910,-540.30829190,"Mass",1766.41000000000,7.960000,"Radial Velocity",5338.00,0.970000,0.4300
"Kepler-261 c",2.00000000,0.14000000,-0.14000000,4.66000000,,,"M-R relationship",24.57085800000,3.200000,"Transit",5098.00,0.834000,0.1621
"HD 148427 b",13.70000000,,,381.39408840,63.56568140,-95.34852210,"Mass",331.90000000000,0.815000,"Radial Velocity",5025.00,1.640000,0.1540
"Kepler-1030 b",2.48000000,0.12000000,-0.18000000,6.71000000,,,"M-R relationship",19.32952416000,2.420000,"Transit",4983.00,0.800000,-0.0100
"TOI-3688 A b",13.08088048,0.53803107,-0.49319515,311.47183886,31.78284070,-34.96112477,"Mass",3.24607500000,0.760000,"Transit",5950.00,1.199000,0.2620
"TOI-559 b",12.22899794,0.31385146,-0.28022452,1910.14872607,76.27881768,-73.10053361,"Mass",6.98390950000,5.740000,"Transit",5925.00,1.026000,-0.0690
"TOI-2018 b",2.26800000,0.06900000,-0.06900000,9.20000000,2.10000000,-2.10000000,"Mass",7.43558300000,4.330000,"Transit",4174.00,0.570000,-0.5800
"Kepler-237 c",2.08000000,1.10000000,-1.10000000,4.98000000,,,"M-R relationship",8.10363600000,3.040000,"Transit",4861.00,0.696000,0.2200
"K2-64 b",2.07000000,0.26000000,-0.26000000,4.94000000,,,"M-R relationship",6.53044000000,3.060000,"Transit",5312.00,0.741000,
"Kepler-138 d",1.51000000,0.04000000,-0.04000000,2.10000000,0.60000000,-0.70000000,"Mass",23.09230000000,3.600000,"Transit",3841.00,0.535000,-0.1800
"GJ 676 A c",12.30000000,,,4288.14086724,332.44851372,-358.19261469,"Mass",13921.42302000000,12.700000,"Radial Velocity",3734.00,0.626000,0.2300
"TOI-5799 c",1.76000000,0.11000000,-0.10000000,3.75000000,,,"M-R relationship",14.01044900000,3.780000,"Transit",3452.00,0.325000,0.0100
"NGTS-1 b",14.90797000,6.83749000,-3.69897000,258.07796000,20.97678000,-23.83725000,"Mass",2.64729800000,0.420000,"Transit",3916.00,0.617000,0.0000
"Kepler-174 c",1.49000000,0.09000000,-0.09000000,2.83000000,,,"M-R relationship",44.00052900000,4.700000,"Transit",4880.00,0.602000,-0.5600
"Kepler-1824 b",2.38127597,,,6.26000000,,,"M-R relationship",95.61100006000,2.550000,"Transit",6002.00,1.135000,0.2000
"EPIC 201757695.02",0.90819000,0.05861000,-0.06401000,0.68800000,,,"M-R relationship",2.04780000000,5.050000,"Transit",4520.00,0.727000,-0.0030
"TOI-4666 b",12.53164042,0.39231432,-0.39231432,155.41809102,21.29450327,-20.97667486,"Mass",2.90891650000,0.430000,"Transit",3793.00,0.576000,0.7900
"HD 110537 b",11.90000000,,,8612.83200129,4053.90133129,-2857.27737893,"Mass",24469.67342000000,28.100000,"Radial Velocity",5718.00,1.020000,0.0900
"Kepler-118 c",7.68000000,3.43000000,-3.43000000,45.70000000,,,"M-R relationship",20.17202000000,0.554000,"Transit",5274.00,0.811000,0.1800
"18 Del b",12.50000000,,,2926.24614325,50.85254512,-24.47278734,"Msini",982.85000000000,8.230000,"Radial Velocity",4980.00,2.100000,-0.0600
"HD 108236 b",1.61500000,0.05100000,-0.05100000,3.24000000,,,"M-R relationship",3.79596300000,4.230000,"Transit",5660.00,0.869000,-0.2800
"Kepler-1500 b",1.20000000,0.22000000,-0.15000000,1.87000000,,,"M-R relationship",15.03301050000,5.950000,"Transit",5845.00,1.000000,-0.0500
"HD 212771 b",13.30000000,,,759.61370000,85.81410000,-85.81410000,"Msini",380.70000000000,1.770000,"Radial Velocity",5003.00,1.560000,-0.2100
"HD 5319 b",13.50000000,,,494.54348000,13.34886000,-13.34886000,"Msini",637.10000000000,1.100000,"Radial Velocity",4871.00,1.270000,0.1500
"HD 16141 b",10.90000000,,,82.63580000,6.35660000,-6.35660000,"Msini",75.52300000000,0.351000,"Radial Velocity",5757.00,1.110000,0.1300
"TOI-5027 b",10.76062147,0.56044903,-0.67253884,642.01338214,41.31769291,-41.31769291,"Mass",10.24368000000,2.940000,"Transit",5909.00,1.020000,-0.1500
"Kepler-766 b",3.39000000,0.93000000,-0.40000000,11.40000000,,,"M-R relationship",6.10027804000,1.610000,"Transit",5992.00,1.100000,0.0900
"GJ 433 b",2.33000000,,,6.04300000,0.59700000,-0.59700000,"Msini",7.37050000000,2.630000,"Radial Velocity",3461.00,0.480000,-0.1700
"KOI-134 c",9.86000000,,,69.92224954,5.40308292,-6.67439655,"Mass",33.95000000000,0.401000,"Transit Timing Variations",6160.00,1.407000,0.4270
"K2-185 c",2.39000000,0.09000000,-0.09000000,6.30000000,,,"M-R relationship",52.71349400000,2.540000,"Transit",5788.00,0.960000,-0.1000
"Kepler-1114 b",1.35000000,0.08000000,-0.07000000,2.39000000,,,"M-R relationship",14.97435694000,5.340000,"Transit",5374.00,0.870000,-0.0800
"Kepler-101 b",5.77000000,0.85000000,-0.79000000,51.10000000,5.10000000,-4.70000000,"Mass",3.48768120000,1.450000,"Transit",5667.00,1.170000,0.3300
"Kepler-1346 b",1.58000000,0.56000000,-0.21000000,3.12000000,,,"M-R relationship",3.40165668000,4.350000,"Transit",6133.00,1.140000,0.0400
"HD 93963 A b",1.46954368,0.07347231,-0.06596084,2.80000000,2.30000000,-2.30000000,"Mass",1.03761090000,4.810000,"Transit",5908.00,1.084400,0.1100
"Kepler-290 c",2.70000000,1.39000000,-1.39000000,7.75000000,,,"M-R relationship",36.77031000000,2.160000,"Transit",5147.00,0.756000,-0.1000
"HD 18438 b",12.10000000,,,6674.39654700,317.82840700,-317.82840700,"Msini",803.00000000000,20.700000,"Radial Velocity",3860.00,1.840000,-0.4000
"Kepler-250 c",2.28000000,1.31000000,-1.31000000,5.82000000,,,"M-R relationship",7.15680400000,2.700000,"Transit",5160.00,0.806000,0.0100
"K2-285 c",3.53000000,0.08000000,-0.08000000,15.68000000,2.28000000,-2.13000000,"Mass",7.13804800000,1.950000,"Transit",4975.00,0.830000,0.0000
"Kepler-42 d",0.57000000,0.18000000,-0.18000000,0.35778500,,,"Mass",1.86516900000,0.550000,"Transit",3068.00,0.130000,-0.3300
"Kepler-1917 b",1.88971288,,,4.23000000,,,"M-R relationship",12.90240002000,3.440000,"Transit",5530.00,0.882000,-0.2200
"Kepler-126 b",1.52000000,0.10000000,-0.10000000,4.11726105,7.11859562,-7.11859562,"Msini",10.49571100000,5.762535,"Transit",6239.00,1.108000,-0.1600
"K2-375 b",2.24300000,0.18600000,-0.17400000,5.66000000,,,"M-R relationship",14.45389500000,2.760000,"Transit",5822.00,1.119000,-0.0910
"Kepler-309 c",2.51000000,0.18000000,-0.18000000,6.85000000,,,"M-R relationship",105.35638300000,2.380000,"Transit",4713.00,0.816000,0.2700
"K2-280 b",7.50000000,0.44000000,-0.44000000,37.10000000,5.60000000,-5.60000000,"Mass",19.89526000000,0.480000,"Transit",5500.00,1.030000,0.3300
"SPECULOOS-3 b",0.97700000,0.02200000,-0.02200000,0.89400000,,,"M-R relationship",0.71912603000,5.270000,"Transit",2800.00,0.100900,0.0700
"TOI-5181 A b",13.34989601,0.44835923,-0.42594127,330.54154328,54.03082919,-54.03082919,"Mass",3.89222950000,0.760000,"Transit",6060.00,1.250000,0.2080
"Kepler-615 b",1.74000000,0.09000000,-0.10000000,3.68000000,,,"M-R relationship",10.35584657000,3.840000,"Transit",4655.00,0.730000,-0.0700
"CoRoT-31 b",16.36514000,3.36270000,-3.36270000,266.97720000,108.06220000,-108.06220000,"Mass",4.62941000000,0.330000,"Transit",5700.00,1.250000,0.0000
"K2-43 c",2.42000000,0.26000000,-0.11000000,6.44000000,,,"M-R relationship",2.19888400000,2.500000,"Transit",3840.60,0.571000,
"TOI-2107 b",13.57407563,0.39231432,-0.35868738,263.79757781,34.96112477,-34.96112477,"Mass",2.45454670000,0.577000,"Transit",5627.00,0.961000,0.0700
"K2-157 c",6.08000000,,,30.80000000,1.90000000,-1.90000000,"Msini",25.94200000000,0.753000,"Radial Velocity",5334.00,0.890000,0.0200
"Kepler-1005 b",1.50000000,0.21000000,-0.15000000,2.86000000,,,"M-R relationship",6.49801525000,4.660000,"Transit",5782.00,1.000000,0.0200
"Kepler-600 b",2.90000000,0.21000000,-0.39000000,8.75000000,,,"M-R relationship",23.67517607000,1.970000,"Transit",5279.00,0.840000,-0.0900
"TOI-1064 c",2.65100000,0.04300000,-0.04200000,2.50000000,1.80000000,-2.00000000,"Mass",12.22657400000,0.771906,"Transit",4734.00,0.748000,0.0500
"WASP-163 b",13.47321800,1.08727300,-1.08727300,594.34210000,66.74430000,-66.74430000,"Mass",1.60968840000,1.420000,"Transit",5500.00,0.970000,-0.3400
"Kepler-4 b",4.00200000,0.21300000,-0.21300000,24.47200000,3.81400000,-3.81400000,"Mass",3.21346000000,1.910000,"Transit",5857.00,1.223000,0.1700
"TOI-913 b",2.45280000,0.12690000,-0.10090000,6.59000000,,,"M-R relationship",11.09864400000,2.450000,"Transit",4969.00,0.820000,-0.1330
"K2-245 b",4.34000000,0.19000000,-0.14000000,17.40000000,,,"M-R relationship",11.89307000000,1.170000,"Transit",5793.00,0.830000,-0.4500
"Kepler-1979 b",29.33000000,8.82000000,-2.94000000,,,,"Msini",18.50845260000,,"Transit",5942.00,1.028000,-0.0600
"HIP 90988 b",13.40000000,,,668.07531151,25.10844415,-27.01541459,"Msini",455.73816000000,1.530000,"Radial Velocity",4883.00,1.613000,0.1700
"K2-27 b",4.74000000,0.13000000,-0.06000000,30.20000000,3.50000000,-3.60000000,"Mass",6.77134700000,1.710000,"Transit",5246.00,0.880000,0.1200
"Kepler-737 b",1.96000000,0.11000000,-0.11000000,4.50000000,,,"M-R relationship",28.59915399000,3.280000,"Transit",3813.00,0.510000,-0.2400
"HD 95338 b",4.27174254,0.03923143,-0.03923143,42.90000000,2.20000000,-2.10000000,"Mass",55.08269400000,3.980000,"Radial Velocity",5097.00,0.848000,0.0800
"TOI-5799 b",1.73300000,0.09600000,-0.09000000,3.65000000,,,"M-R relationship",4.16450700000,3.850000,"Transit",3452.00,0.325000,0.0100
"Kepler-102 e",2.17000000,0.11000000,-0.11000000,4.70000000,1.80000000,-1.80000000,"Mass",16.14569940000,2.500000,"Transit",4909.00,0.803000,0.1100
"K2-243 c",2.01000000,0.15000000,-0.13000000,4.70000000,,,"M-R relationship",24.94598000000,3.180000,"Transit",6570.00,1.290000,-0.0300
"Kepler-1315 b",1.38000000,0.08000000,-0.06000000,2.48000000,,,"M-R relationship",0.84338011000,5.190000,"Transit",4861.00,0.800000,0.0700
"K2-219 b",1.34762583,0.20196772,-0.18106070,2.38000000,,,"M-R relationship",3.90128700000,5.340000,"Transit",5753.00,1.021545,0.1300
"WASP-42 b",12.57649800,0.43715100,-0.43715100,167.49641000,8.89924000,-8.89924000,"Mass",4.98168190000,0.464000,"Transit",5315.00,0.951000,0.2900
"TOI-1798.02",1.46400000,0.18500000,-0.11300000,5.60000000,0.80000000,-0.70000000,"Mass",0.43781182200,11.170000,"Transit",5165.00,0.870000,0.0730
"TOI-712 d",2.47400000,0.09000000,-0.08200000,6.68000000,,,"M-R relationship",84.83960000000,2.420000,"Transit",4622.00,0.732000,-0.0200
"K2-215 b",2.12381238,0.25911151,-0.15791736,5.16000000,,,"M-R relationship",8.26964800000,2.960000,"Transit",5704.00,0.999987,0.1100
"Kepler-1126 c",1.45000000,0.18000000,-0.18000000,2.70000000,,,"M-R relationship",199.66876000000,4.870000,"Transit",5678.00,0.794000,-0.4000
"K2-12 b",2.44000000,0.30000000,-0.14000000,5.20000000,,,"Mass",8.28246000000,1.600000,"Transit",5672.00,0.965000,0.0000
"Kepler-1601 b",0.82000000,0.24000000,-0.11000000,0.47700000,,,"M-R relationship",2.20921951000,4.750000,"Transit",5869.00,1.040000,0.0500
"Kepler-514 b",1.72000000,0.28000000,-0.19000000,3.61000000,,,"M-R relationship",5.65179605000,3.900000,"Transit",6106.00,1.280000,0.3600
"HD 127506 b",5.67000000,,,27.33324300,5.08525451,-7.94571018,"Msini",65.78395000000,0.824000,"Radial Velocity",4595.32,0.730000,-0.0800
"TOI-4156 b",2.53823825,0.27851908,-0.22332531,6.98000000,,,"M-R relationship",4.46189034133,2.350000,"Transit",5971.64,1.100000,
"TOI-2207 b",11.15293580,0.31385146,-0.30264248,203.41018048,31.78284070,-38.13940884,"Mass",8.00196800000,0.800000,"Transit",6101.00,1.296000,0.1810
"TOI-2382 b",12.25141591,0.85188253,-0.57165802,235.19302118,79.45710175,-79.45710175,"Mass",4.66120610000,0.680000,"Transit",6033.00,1.260000,0.2490
"KELT-14 b",19.53728700,0.52682300,-0.52682300,408.09372000,10.17056000,-10.17056000,"Mass",1.71005660000,0.322000,"Transit",5720.00,1.239000,0.3200
"Kepler-599 b",2.84000000,0.15000000,-0.32000000,8.45000000,,,"M-R relationship",15.65562652000,2.030000,"Transit",5127.00,0.830000,-0.0200
"HD 206610 b",13.40000000,,,647.10188000,20.65895000,-20.65895000,"Msini",673.20000000000,1.480000,"Radial Velocity",4842.00,1.550000,0.1400
"TOI-1386 b",6.21638650,0.20643815,-0.16956970,45.80000000,5.80000000,-5.70000000,"Mass",25.84010000000,1.040000,"Transit",5735.00,1.036300,0.1490
"Kepler-1139 b",1.19000000,0.17000000,-0.08000000,1.81000000,,,"M-R relationship",0.81316671900,5.900000,"Transit",5550.00,0.940000,0.0500
"Kepler-1181 b",1.57000000,0.65000000,-0.26000000,3.09000000,,,"M-R relationship",4.89337519000,4.390000,"Transit",6176.00,1.170000,0.0300
"Kepler-1877 b",0.62408600,,,0.17900000,,,"M-R relationship",2.37756991400,4.050000,"Transit",5615.00,1.022000,0.2400
"55 Cnc e",1.87500000,0.02900000,-0.02900000,7.99000000,0.32000000,-0.33000000,"Mass",0.73654740000,6.660000,"Radial Velocity",5172.00,0.905000,0.3500
"WASP-25 b",13.80946422,0.15692573,-0.19055267,179.25522155,8.26353858,-7.94571018,"Mass",3.76483370000,0.399185,"Transit",5697.00,0.962000,-0.2000
"HD 105779 b",14.10000000,,,203.41018048,19.06970442,-19.06970442,"Msini",2412.00000000000,0.399000,"Radial Velocity",5792.00,0.890000,-0.2500
"TOI-2411 b",1.68000000,0.11000000,-0.11000000,3.46000000,,,"M-R relationship",0.78269420000,4.010000,"Transit",4099.00,0.650000,
"omi CrB b",13.70000000,,,355.96781584,18.11621920,-22.56581690,"Msini",187.01000000000,0.761000,"Radial Velocity",4769.00,1.300000,-0.2700
"Kepler-246 b",2.34000000,1.20000000,-1.20000000,6.08000000,,,"M-R relationship",4.60182000000,2.610000,"Transit",5206.00,0.853000,0.2000
"HIP 94235 b",3.00000000,0.32000000,-0.28000000,379.00000000,,,"Mass",7.71305700000,,"Transit",5991.00,1.094000,0.0000
"Kepler-1508 b",1.33000000,0.53000000,-0.26000000,2.33000000,,,"M-R relationship",20.70565040000,5.440000,"Transit",6158.00,1.140000,0.0100
"Kepler-134 b",2.00000000,0.39000000,-0.39000000,4.66000000,,,"M-R relationship",5.31742900000,3.200000,"Transit",5983.00,0.956000,-0.2067
"HD 20794 e",2.03000000,,,4.77000000,0.96000000,-0.86000000,"Msini",147.02000000000,3.130000,"Radial Velocity",5401.00,0.813000,-0.4000
"Kepler-437 b",2.14000000,0.22000000,-0.17000000,5.22000000,,,"M-R relationship",66.65062000000,2.930000,"Transit",4551.00,0.707000,0.0000
"Kepler-1199 b",1.15000000,0.21000000,-0.16000000,1.60000000,,,"M-R relationship",15.04471980000,5.780000,"Transit",5889.00,0.940000,-0.2700
"Kepler-1693 b",1.28938413,,,2.21000000,,,"M-R relationship",12.09990000000,5.670000,"Transit",5432.34,0.950000,0.0260
"HD 65216 c",13.40000000,,,645.19490000,34.96130000,-34.96130000,"Msini",5370.00000000000,1.470000,"Radial Velocity",5612.00,0.874000,-0.1685
"Kepler-137 c",1.88000000,0.14000000,-0.14000000,4.19000000,,,"M-R relationship",18.73575300000,3.470000,"Transit",5187.00,0.850000,0.0500
"Kepler-373 c",1.24000000,0.62000000,-0.62000000,2.07000000,,,"M-R relationship",16.72594800000,5.970000,"Transit",5787.00,0.981000,0.1400
"TOI-4405 b",2.55505441,0.27294816,-0.21353108,7.06000000,,,"M-R relationship",5.92143995316,2.330000,"Transit",4467.38,0.680000,
"Kepler-103 c",5.45390000,0.17700000,-0.17460000,58.47000000,11.17000000,-11.43000000,"Mass",179.60978000000,1.980000,"Transit",6047.00,1.212000,0.1500
"Kepler-1892 b",1.83707938,,,4.03000000,,,"M-R relationship",6.33123016400,3.570000,"Transit",5383.00,0.851000,-0.2200
"HD 21693 c",4.34000000,,,17.37000000,1.77000000,-1.79000000,"Msini",53.73570000000,1.170000,"Radial Velocity",5430.00,0.800000,0.0000
"Kepler-1693 c",0.97698289,,,0.89400000,,,"M-R relationship",5.36370992700,5.270000,"Transit",5553.00,0.941000,0.1600
"Kepler-1387 b",0.93000000,0.05000000,-0.09000000,0.74900000,,,"M-R relationship",2.27952665600,5.120000,"Transit",5046.00,0.820000,0.0200
"Kepler-1263 b",1.14000000,0.28000000,-0.12000000,1.55000000,,,"M-R relationship",4.55139967000,5.750000,"Transit",5213.00,0.840000,-0.0300
"TOI-4562 b",12.53000000,0.15000000,-0.15000000,732.00000000,152.00000000,-149.00000000,"Mass",225.10640000000,2.060000,"Transit",6096.00,1.192000,0.0800
"Kepler-1098 b",1.30000000,0.24000000,-0.14000000,2.24000000,,,"M-R relationship",2.54307285500,5.600000,"Transit",5794.00,0.990000,-0.0200
"TOI-1279 b",2.66146528,0.13795921,-0.10646515,10.60000000,2.50000000,-2.50000000,"Mass",9.61419000000,3.050000,"Transit",5457.00,0.878400,-0.0790
"HATS-30 b",13.17057500,0.58286800,-0.58286800,224.38798000,12.39537000,-12.39537000,"Mass",3.17435160000,0.543000,"Transit",5943.00,1.093000,0.0600
"Kepler-1161 b",2.13000000,0.50000000,-0.13000000,5.18000000,,,"M-R relationship",10.71252541000,2.950000,"Transit",4253.00,0.590000,-0.3500
"WASP-105 b",10.76064000,0.33627000,-0.33627000,572.09400000,31.78300000,-31.78300000,"Mass",7.87288000000,2.650000,"Transit",5070.00,0.890000,0.2800
"HD 66141 b",12.80000000,,,1906.90000000,95.30000000,-95.30000000,"Msini",480.50000000000,5.000000,"Radial Velocity",4323.00,1.100000,-0.3230
"Kepler-1593 b",3.17000000,0.30000000,-0.28000000,10.20000000,,,"M-R relationship",174.50983500000,1.760000,"Transit",4995.00,0.810000,0.0200
"Kepler-980 b",2.67000000,0.23000000,-0.45000000,7.61000000,,,"M-R relationship",11.55102504000,2.200000,"Transit",5935.00,1.050000,0.0100
"TOI-521 b",1.98000000,0.14000000,-0.14000000,5.30000000,1.00000000,-1.00000000,"Mass",1.54285047000,3.800000,"Transit",3544.00,0.420000,-0.1200
"HD 99706 c",12.80000000,,,1808.45270000,454.49690000,-305.11680000,"Msini",1278.00000000000,4.740000,"Radial Velocity",4891.00,1.720000,0.1400
"TOI-620 b",3.76000000,0.15000000,-0.15000000,13.60000000,,,"M-R relationship",5.09881790000,1.410000,"Transit",3708.00,0.577000,0.3500
"HD 20794 f",2.28000000,,,5.82000000,0.57000000,-0.57000000,"Msini",647.60000000000,2.700000,"Radial Velocity",5368.00,0.790000,-0.4200
"Kepler-1570 b",1.07000000,0.19000000,-0.10000000,1.24000000,,,"M-R relationship",26.54895500000,5.560000,"Transit",5550.00,0.920000,-0.0400
"Kepler-252 c",2.15000000,0.13000000,-0.13000000,5.27000000,,,"M-R relationship",10.84846300000,2.910000,"Transit",4208.00,0.610000,-0.1300
"Kepler-1016 c",3.68000000,0.65000000,-0.37000000,13.10000000,,,"M-R relationship",105.65513690000,1.440000,"Transit",5821.00,0.990000,-0.0300
"TOI-3785 b",5.14000000,0.16000000,-0.16000000,14.95000000,4.10000000,-3.92000000,"Mass",4.67473730000,0.610000,"Transit",3576.00,0.520000,0.0990
"BD-11 4672 c",4.04000000,,,15.37000000,2.97000000,-2.81000000,"Msini",74.20000000000,1.280000,"Radial Velocity",4550.00,0.651000,-0.3500
"HD 110014 b",12.40000000,,,3524.59000000,317.82000000,-317.82000000,"Msini",835.47700000000,10.200000,"Radial Velocity",4445.00,2.170000,0.1900
"Kepler-236 b",1.57000000,0.12000000,-0.12000000,3.09000000,,,"M-R relationship",8.29561100000,4.390000,"Transit",3750.00,0.596005,-0.0500
"Kepler-1656 c",14.00000000,,,126.40000000,28.90000000,-28.90000000,"Mass",1919.00000000000,0.253000,"Radial Velocity",5569.00,1.030000,0.1900
"Kepler-1641 c",2.95000000,0.98000000,-0.49000000,9.01000000,,,"M-R relationship",32.65721200000,1.930000,"Transit",6152.00,1.120000,-0.0200
"HD 89744 b",12.60000000,,,2653.88050000,57.20940000,-57.20940000,"Msini",256.78000000000,7.290000,"Radial Velocity",6291.00,1.860000,0.2238
"K2-161 b",6.11721229,1.63323815,-0.78261667,31.10000000,,,"M-R relationship",9.28318800000,0.747000,"Transit",4972.00,0.986876,-0.0300
"HD 169830 c",12.60000000,,,2437.42605328,615.63362436,-875.61726129,"Mass",1818.82339000000,6.700000,"Radial Velocity",6300.00,1.170000,0.2100
"Kepler-1453 b",2.67000000,0.44000000,-0.21000000,7.61000000,,,"M-R relationship",47.16116960000,2.200000,"Transit",5665.00,0.970000,0.0100
"Kepler-1929 b",3.07250761,,,9.65000000,,,"M-R relationship",59.36249924000,1.830000,"Transit",5786.00,1.006000,-0.0200
"HD 118203 c",12.40000000,,,3747.19691853,219.30160083,-200.23189641,"Mass",5103.00000000000,10.800000,"Radial Velocity",5742.00,1.270000,0.2870
"Kepler-88 d",13.10000000,,,965.14699656,44.00670243,-44.00670243,"Msin(i)/sin(i)",1403.00000000000,2.360000,"Radial Velocity",5466.00,0.990000,0.2700
"TOI-3877 b",11.67975789,0.49319515,-0.48198617,99.79811980,21.93016008,-21.29450327,"Mass",4.12359600000,0.342000,"Transit",5731.00,1.160000,0.2690
"Kepler-597 b",2.37000000,0.33000000,-0.13000000,6.21000000,,,"M-R relationship",13.02365861000,2.560000,"Transit",5683.00,0.970000,-0.0100
"Kepler-120 c",1.53000000,0.09000000,-0.09000000,2.96000000,,,"M-R relationship",12.79458500000,4.540000,"Transit",4096.00,0.654000,-0.1200
"Kepler-317 c",1.72000000,0.79000000,-0.79000000,3.61000000,,,"M-R relationship",8.77501000000,3.900000,"Transit",5497.00,0.865000,0.1300
"Kepler-1330 b",1.65000000,0.40000000,-0.13000000,3.36000000,,,"M-R relationship",10.10769068000,4.110000,"Transit",5608.00,0.970000,0.0800
"Kepler-497 b",6.04000000,1.58000000,-0.66000000,30.40000000,,,"M-R relationship",3.57320367100,0.758000,"Transit",5834.00,1.090000,0.2400
"TOI-1439 b",4.24278610,0.23014642,-0.16769357,38.50000000,5.70000000,-5.60000000,"Mass",27.64400000000,2.760000,"Transit",5841.00,1.231300,0.2260
"V0391 Peg b",13.10000000,,,1017.05600000,222.48100000,-222.48100000,"Msini",1170.00000000000,2.490000,"Pulsation Timing Variations",29300.00,0.500000,
"TOI-2449 b",11.24000000,0.10000000,-0.10000000,222.00000000,13.00000000,-13.00000000,"Mass",106.14468000000,0.859000,"Transit",6021.00,1.079000,-0.0300
"Kepler-501 c",1.68119739,,,3.47000000,,,"M-R relationship",3.62276005700,4.010000,"Transit",5794.00,1.032000,0.1400
"Kepler-728 b",3.34000000,0.45000000,-0.26000000,11.10000000,,,"M-R relationship",5.74347726500,1.640000,"Transit",5660.00,0.950000,-0.0300
"Kepler-204 c",1.79000000,0.39000000,-0.39000000,3.86000000,,,"M-R relationship",25.66059300000,3.700000,"Transit",5812.00,1.038000,0.0700
"TOI-1782.01",2.36800000,0.30700000,-0.24400000,6.20000000,,,"M-R relationship",4.98764102800,2.570000,"Transit",4336.00,0.680000,
"Kepler-553 b",4.74139884,0.17934369,-0.12329879,116.00736855,,,"Mass",4.03046700000,,"Transit",5191.00,0.889000,0.1520
"Kepler-282 b",1.01000000,0.25000000,-0.25000000,1.01000000,,,"M-R relationship",9.22052400000,5.390000,"Transit",5602.00,0.860000,-0.2000
"Kepler-1468 b",1.73000000,0.41000000,-0.19000000,3.64000000,,,"M-R relationship",8.23984869000,3.860000,"Transit",5893.00,1.040000,0.0300
"Kepler-42 b",0.78000000,0.22000000,-0.22000000,0.70594400,,,"Mass",1.21376720000,0.150000,"Transit",3068.00,0.130000,-0.3300
"Kepler-1322 b",1.61000000,0.20000000,-0.13000000,3.22000000,,,"M-R relationship",0.96286738200,4.240000,"Transit",5488.00,0.900000,-0.0700
"Wendelstein-2 b",12.99347280,0.22866360,-0.23538900,232.33373000,171.94603000,-98.84513000,"Mass",1.75222390000,0.620000,"Transit",4591.00,0.730000,
"HD 142 A d",10.90000000,,,82.63538582,10.17050902,-11.44182265,"Msini",108.45299000000,0.351000,"Radial Velocity",6245.00,1.210000,0.0900
"KOI-2513.01",2.80224517,22.41796140,-0.56044903,7310.05336100,635.65681400,-635.65681400,"Mass",19.00547000000,2000.000000,"Transit",5900.00,0.910000,-0.3700
"GJ 3779 b",2.75000000,,,8.00000000,0.50000000,-0.50000000,"Msini",3.02320000000,2.110000,"Radial Velocity",3324.00,0.270000,0.0000
"GJ 581 c",2.50000000,,,6.81000000,0.21000000,-1.16000000,"Mass",12.92110000000,2.390000,"Radial Velocity",3500.00,0.295000,-0.0800
"TOI-1203 b",1.52000000,0.04500000,-0.04600000,3.51000000,0.33000000,-0.32000000,"Mass",4.15728880000,5.480000,"Radial Velocity",5737.00,0.886000,-0.3900
"K2-13 b",1.89000000,0.95000000,-0.95000000,4.23000000,,,"M-R relationship",39.91488000000,3.440000,"Transit",5698.00,0.800000,-0.5400
"Kepler-359 c",4.30000000,2.00000000,-2.00000000,2.90000000,2.40000000,-1.90000000,"Mass",57.68802000000,0.100000,"Transit",6248.00,0.827000,-0.2900
"Kepler-1818 b",1.71360684,,,3.58000000,,,"M-R relationship",4.64490985900,3.910000,"Transit",6047.00,1.021000,-0.0800
"Kepler-1724 b",2.83677238,,,8.43000000,,,"M-R relationship",6.45442009000,2.030000,"Transit",6092.00,1.016000,-0.2200
"TOI-220 b",3.03000000,0.15000000,-0.15000000,13.80000000,1.00000000,-1.00000000,"Mass",10.69526400000,2.730000,"Transit",5298.00,0.825000,-0.2170
"iot Dra c",12.20000000,,,4958.12314920,4449.59769800,-1620.92487570,"Msini",25000.00000000000,15.000000,"Radial Velocity",4504.00,1.540000,0.0300
"rho CrB c",5.68000000,,,27.44200000,0.70900000,-0.70900000,"Msini",102.03600000000,0.823000,"Radial Velocity",5817.00,1.000000,-0.2000
"Kepler-543 b",2.50000000,0.12000000,-0.26000000,6.80000000,,,"M-R relationship",13.89961966000,2.390000,"Transit",4671.00,0.700000,-0.1900
"Gaia-5 b",12.10000000,,,6633.07885409,168.44905571,-165.27077164,"Mass",358.62000000000,20.600000,"Astrometry",3447.00,0.339000,-0.1800
"WASP-117 b",11.88154000,0.78463000,-0.78463000,95.34900000,15.89150000,-15.89150000,"Mass",10.02165000000,0.344500,"Transit",6040.00,1.290000,-0.1100
"Kepler-1180 b",1.99000000,0.55000000,-0.27000000,4.62000000,,,"M-R relationship",16.86012860000,3.220000,"Transit",6077.00,1.090000,0.0000
"Kepler-770 b",2.30000000,0.32000000,-0.17000000,5.90000000,,,"M-R relationship",18.92540274000,2.660000,"Transit",5598.00,0.940000,-0.0100
"Kepler-258 b",4.06000000,2.71000000,-2.71000000,15.50000000,,,"M-R relationship",13.19722000000,1.270000,"Transit",4942.00,0.820000,0.3031
"HD 207832 c",14.00000000,,,232.01590000,57.20940000,-15.89150000,"Msini",1155.70000000000,0.465000,"Radial Velocity",5710.00,0.940000,0.0600
"Kepler-1809 b",1.51300000,,,2.90000000,,,"M-R relationship",3.75729990000,4.600000,"Transit",4901.00,0.807000,0.0400
"K2-249 b",2.79000000,0.27000000,-0.22000000,8.20000000,,,"M-R relationship",12.40900000000,2.070000,"Transit",6504.00,1.320000,0.0400
"Kepler-612 b",2.84000000,0.66000000,-0.27000000,8.45000000,,,"M-R relationship",3.72215641300,2.030000,"Transit",5693.00,0.980000,0.0400
"WASP-74 b",15.24424000,1.12090000,-1.12090000,228.83760000,38.13960000,-38.13960000,"Mass",2.13775000000,0.369700,"Transit",5990.00,0.980000,0.3900
"Kepler-142 d",2.16000000,0.47000000,-0.47000000,5.31000000,,,"M-R relationship",41.80911800000,2.900000,"Transit",5790.00,0.978000,0.0500
"HD 188641 b",11.90000000,,,9333.03117155,1901.88518749,-1179.77904678,"Mass",14583.81038000000,30.400000,"Radial Velocity",5897.32,1.070000,-0.0800
"Kepler-1640 b",4.82000000,2.48000000,-0.80000000,20.70000000,,,"M-R relationship",7.58441260000,1.020000,"Transit",6324.00,1.270000,0.1000
"K2-80 d",2.55211506,0.27629060,-0.13953552,7.04000000,,,"M-R relationship",28.86725300000,2.330000,"Transit",5377.00,0.913111,0.0700
"TOI-799 b",2.06631784,0.30545179,-0.22030926,4.92000000,,,"M-R relationship",5.54519139676,3.060000,"Transit",5662.81,1.000000,
"WASP-153 b",17.37395000,1.12090000,-0.89672000,123.95370000,6.35660000,-6.35660000,"Mass",3.33260900000,0.150000,"Transit",5914.00,1.336000,0.3400
"Kepler-1376 b",1.05000000,0.21000000,-0.09000000,1.16000000,,,"M-R relationship",5.30880656000,5.510000,"Transit",5659.00,0.980000,0.0700
"Kepler-1837 b",2.06673842,,,4.92000000,,,"M-R relationship",5.90608978300,3.060000,"Transit",5966.00,1.049000,-0.0200
"Kepler-1426 b",1.56000000,0.33000000,-0.17000000,3.05000000,,,"M-R relationship",14.25632270000,4.410000,"Transit",5831.00,1.020000,0.0300
"TOI-3288 b",12.24020692,0.36989636,-0.36989636,536.17652261,36.23243840,-34.64329636,"Mass",1.43386470000,1.600000,"Transit",4072.00,0.643000,0.6500
"TIC 356227008 b",2.39024009,0.34361461,-0.27903346,6.30000000,,,"M-R relationship",2.96147448702,2.540000,"Transit",5731.86,1.020000,
"Kepler-1716 b",2.42476850,,,6.46000000,,,"M-R relationship",35.58100128000,2.490000,"Transit",4894.00,0.753000,-0.2400
"Kepler-117 c",12.34100000,0.39200000,-0.39200000,584.78000000,57.21000000,-57.21000000,"Mass",50.79039100000,1.740000,"Transit",6150.00,1.129000,-0.0400
"Kepler-1906 b",2.77615754,,,8.13000000,,,"M-R relationship",7.36268997200,2.090000,"Transit",5868.00,0.987000,-0.1200
"Kepler-1141 b",0.82000000,0.12000000,-0.08000000,0.47700000,,,"M-R relationship",2.34451194400,4.750000,"Transit",5791.00,1.010000,0.0400
"TOI-1203.01",2.91800000,0.04600000,-0.04500000,7.39000000,0.62000000,-0.62000000,"Mass",25.50267200000,1.630000,"Transit",5737.00,0.886000,-0.3900
"KIC 8540376 b",4.10000000,2.20000000,-1.90000000,15.80000000,,,"M-R relationship",31.80990000000,1.260000,"Transit",6474.00,1.040000,-0.1600
"TrES-2 b",15.24424000,0.89672000,-0.89672000,473.56670000,69.92260000,-69.92260000,"Mass",2.47063000000,0.884000,"Transit",5850.00,1.360000,-0.1500
"TOI-1824 b",2.74382690,0.08672208,-0.07211466,16.00000000,2.60000000,-2.60000000,"Mass",22.80853300000,4.240000,"Transit",5165.00,0.880100,0.1240
"TOI-942 b",3.89000000,0.25000000,-0.23000000,16.00000000,,,"Mass",4.32421000000,,"Transit",4969.00,0.822000,-0.2210
"Kepler-770 c",1.20000000,0.19000000,-0.10000000,1.87000000,,,"M-R relationship",1.47532231400,5.950000,"Transit",5598.00,0.940000,-0.0100
"TIC 188624430 b",3.64811843,0.28823300,-0.26656820,12.90000000,,,"M-R relationship",6.21860433132,1.460000,"Transit",5369.46,0.929000,
"HD 206255 b",6.47000000,,,34.20000000,7.10000000,-7.10000000,"Msini",96.04500000000,0.694000,"Radial Velocity",5635.00,1.420000,
"Kepler-464 b",3.30000000,0.16000000,-0.13000000,10.90000000,,,"M-R relationship",7.25696522400,1.670000,"Transit",5933.00,1.210000,0.1900
"HD 1461 c",2.23000000,,,5.59000000,0.73000000,-0.73000000,"Msini",13.50520000000,2.770000,"Radial Velocity",5765.00,1.020000,0.1900
"Kepler-380 b",1.19000000,0.24000000,-0.24000000,1.81000000,,,"M-R relationship",3.93082100000,5.900000,"Transit",6045.00,0.990000,-0.1600
"Kepler-201 b",2.46000000,0.48000000,-0.48000000,6.62000000,,,"M-R relationship",25.67208300000,2.440000,"Transit",6065.00,1.098000,-0.0442
"Kepler-423 b",13.36100000,0.58300000,-0.58300000,189.10100000,25.74300000,-25.74300000,"Mass",2.68432850000,0.459000,"Transit",5560.00,0.850000,-0.1000
"TOI-1728 b",5.05000000,0.16000000,-0.17000000,26.78000000,5.43000000,-5.13000000,"Mass",3.49151000000,1.140000,"Transit",3980.00,0.646000,0.2500
"Kepler-1464 c",1.00000000,0.22000000,-0.11000000,0.97200000,,,"M-R relationship",5.32786292000,5.340000,"Transit",5828.00,1.020000,0.0300
"K2-17 b",2.23000000,0.20000000,-0.20000000,5.60000000,,,"M-R relationship",17.96753000000,2.770000,"Transit",4320.00,0.710000,0.1500
"K2-222 b",2.27500000,0.10000000,-0.10000000,7.50000000,1.50000000,-1.50000000,"Mass",15.38892740000,3.721139,"Transit",5942.00,0.940000,-0.3150
"WASP-87 b",15.52446500,0.67254000,-0.67254000,692.86940000,47.67450000,-47.67450000,"Mass",1.68279500000,1.020000,"Transit",6450.00,1.204000,
"TOI-3493 b",3.22000000,0.08000000,-0.08000000,8.97000000,1.17000000,-1.20000000,"Mass",8.15946670000,1.470000,"Transit",5844.00,1.023000,0.0300
"GJ 433 d",2.14000000,,,5.22300000,0.92100000,-0.92100000,"Msini",36.05900000000,2.930000,"Radial Velocity",3461.00,0.480000,-0.1700
"NGTS-31 b",18.04645893,1.79343691,-1.79343691,355.96781584,38.13940884,-38.13940884,"Mass",4.16273400000,0.300000,"Transit",5710.00,0.960000,0.0000
"Kepler-1327 b",1.80000000,0.58000000,-0.20000000,3.89000000,,,"M-R relationship",14.88801098000,3.670000,"Transit",5885.00,1.020000,-0.0300
"Kepler-1733 b",3.63582354,,,12.80000000,,,"M-R relationship",9.22957992600,1.460000,"Transit",6320.00,1.273000,0.2400
"EPIC 206032309 b",1.01000000,0.24000000,-0.13000000,1.01000000,,,"M-R relationship",2.87814000000,5.390000,"Transit",3489.00,0.221000,
"HD 141399 c",13.60000000,,,422.71390000,25.42640000,-25.42640000,"Msini",201.99000000000,0.923000,"Radial Velocity",5600.00,1.070000,0.3500
"HD 145934 b",13.40000000,,,658.54045930,519.33161704,-15.25576354,"Mass",2751.53433000000,1.500000,"Radial Velocity",4823.75,2.058000,0.0951
"Kepler-147 c",2.43000000,0.49000000,-0.49000000,6.48000000,,,"M-R relationship",33.41642300000,2.480000,"Transit",6012.00,1.145000,0.1000
"HD 90156 b",4.43000000,,,17.98000000,1.46000000,-1.46000000,"Msini",49.77000000000,1.140000,"Radial Velocity",5599.00,0.840000,-0.2400
"HD 22781 b",12.30000000,,,4338.20000000,308.00000000,-308.00000000,"Msini",528.07000000000,12.800000,"Radial Velocity",5027.00,0.750000,-0.3700
"Kepler-519 b",2.10000000,0.06000000,-0.04000000,5.06000000,,,"M-R relationship",24.30789460000,3.000000,"Transit",5260.00,0.890000,0.0100
"TOI-880.02",2.19000000,0.11000000,-0.11000000,5.43000000,,,"M-R relationship",2.57571000000,2.840000,"Transit",5050.00,0.870000,0.2300
"TOI-2977 b",13.15934334,0.34747840,-0.30264248,533.95172376,82.63538582,-79.45710175,"Mass",2.35056140000,1.280000,"Transit",5691.00,0.936000,0.0130
"TOI-6628 b",10.98480109,0.67253884,-0.67253884,235.19302118,19.06970442,-19.06970442,"Mass",18.18424000000,0.980000,"Transit",5463.00,0.970000,0.3600
"WASP-138 b",12.21781000,0.56045000,-0.56045000,387.75260000,25.42640000,-25.42640000,"Mass",3.63443300000,1.200000,"Transit",6272.00,1.220000,-0.0900
"TIC 206466666 b",2.14817673,0.29725335,-0.22779036,5.26000000,,,"M-R relationship",9.10486865159,2.920000,"Transit",4620.30,0.760000,
"TOI-2128 b",2.08874836,0.08866263,-0.07642236,4.50000000,2.00000000,-2.00000000,"Mass",16.34136000000,2.680000,"Transit",5968.00,1.025100,-0.0700
"Kepler-17 b",14.68000000,0.22000000,-0.22000000,778.65000000,34.96000000,-34.96000000,"Mass",1.48571080000,1.350000,"Transit",5781.00,1.040000,0.2600
"Kepler-327 b",1.11000000,0.05000000,-0.05000000,1.41000000,,,"M-R relationship",2.54957500000,5.670000,"Transit",3799.00,0.591913,-0.2000
"TOI-715 b",1.55000000,0.06400000,-0.06400000,3.02000000,,,"M-R relationship",19.28800400000,4.460000,"Transit",3075.00,0.225000,-0.2500
"Kepler-816 b",10.24000000,0.68000000,-0.54000000,74.50000000,,,"M-R relationship",10.50682564600,0.381000,"Transit",5286.00,0.900000,0.1600
"Kepler-411 c",4.42100000,0.06200000,-0.06200000,26.40000000,5.90000000,-5.90000000,"Mass",7.83443500000,1.700000,"Transit",4974.00,0.870000,0.2100
"TOI-663 d",1.92000000,0.13000000,-0.13000000,5.20000000,,,"Mass",7.10272680000,4.000000,"Transit",3681.00,0.514000,0.0700
"HD 168009 b",3.05000000,,,9.53485221,1.20774795,-1.17596511,"Msini",15.14790000000,1.850000,"Radial Velocity",5778.33,0.986073,0.0183
"Kepler-280 b",1.45000000,0.70000000,-0.70000000,2.70000000,,,"M-R relationship",2.13954200000,4.870000,"Transit",5744.00,0.962000,0.1213
"HD 72659 c",12.10000000,,,6165.87109580,254.26272560,-158.91420350,"Mass",35500.00000000000,19.100000,"Radial Velocity",5929.00,1.033000,-0.0200
"HD 125136 b",13.30000000,,,718.29219982,25.42627256,-25.42627256,"Msini",849.77000000000,1.680000,"Radial Velocity",4959.00,1.550000,0.0200
"Kepler-1196 b",2.23000000,0.37000000,-0.21000000,5.60000000,,,"M-R relationship",66.18490310000,2.770000,"Transit",5756.00,0.980000,0.0000
"Kepler-878 b",1.93000000,0.12000000,-0.10000000,4.38000000,,,"M-R relationship",25.94220330000,3.350000,"Transit",5044.00,0.810000,-0.0300
"HD 25171 b",13.90000000,,,290.81445000,3.49613000,-3.81396000,"Msini",1802.29000000000,0.595000,"Radial Velocity",6125.00,1.076000,-0.1200
"Kepler-1153 b",1.73000000,0.21000000,-0.11000000,3.64000000,,,"M-R relationship",1.75583532700,3.860000,"Transit",5470.00,0.910000,0.0300
"Kepler-406 b",1.43000000,0.03000000,-0.03000000,6.35000000,1.40000000,-1.40000000,"Mass",2.42629000000,11.820000,"Transit",5538.00,1.070000,0.1800
"Kepler-1671 b",1.32557381,,,2.32000000,,,"M-R relationship",4.16787000000,5.470000,"Transit",5135.55,0.866000,0.2502
"HD 62364 c",12.00000000,,,7923.46218651,852.09795917,-928.69460525,"Mass",74839.94555000000,25.200000,"Radial Velocity",6255.00,1.190000,-0.1100
"GJ 9714 b",12.50000000,,,2988.54051102,970.96578339,-538.71914986,"Mass",19240.75467000000,8.410000,"Radial Velocity",4263.00,0.670000,
"K2-216 b",1.75000000,0.17000000,-0.10000000,8.00000000,1.60000000,-1.60000000,"Mass",2.17480000000,8.200000,"Transit",4503.00,0.700000,0.0000
"TOI-4898 b",3.71979540,0.31107066,-0.28689141,13.40000000,,,"M-R relationship",2.76520470167,1.430000,"Transit",4201.57,0.619077,
"HD 68988 c",12.20000000,,,4776.96095721,286.04556630,-238.37130525,"Mass",16000.00000000000,14.500000,"Radial Velocity",5883.41,1.171665,0.3052
"WASP-106 b",12.10569916,0.17934369,-0.19055267,613.40882551,47.67426105,-47.67426105,"Mass",9.28969000000,1.860000,"Transit",6002.00,1.175000,-0.0200
"Kepler-220 c",1.57000000,0.09000000,-0.09000000,3.09000000,,,"M-R relationship",9.03419900000,4.390000,"Transit",4632.00,0.729000,-0.1738
"Kepler-1468 d",3.33187146,,,11.10000000,,,"M-R relationship",19.59059906000,1.650000,"Transit",5794.00,1.072000,0.1400
"Kepler-32 d",2.70000000,0.20000000,-0.20000000,67.48150000,,,"Mass",22.78020000000,0.520000,"Transit",3900.00,0.580000,0.0000
"K2-283 b",3.52000000,0.16000000,-0.16000000,12.20000000,,,"M-R relationship",1.92103600000,1.540000,"Transit",5060.00,0.890000,0.2800
"HIP 105854 b",12.60000000,,,2606.10000000,63.60000000,-63.60000000,"Msini",184.20000000000,7.160000,"Radial Velocity",4780.00,2.100000,0.3100
"Kepler-1117 b",1.11000000,0.17000000,-0.08000000,1.41000000,,,"M-R relationship",4.79028459000,5.670000,"Transit",5612.00,0.950000,0.0300
"K2-324 b",2.43000000,0.15000000,-0.13000000,6.48000000,,,"M-R relationship",3.26200000000,2.480000,"Transit",3752.00,0.517000,
"HD 42618 b",3.89000000,,,14.40000000,2.50000000,-2.40000000,"Msini",149.61000000000,1.340000,"Radial Velocity",5727.00,1.015000,-0.0900
"TOI-1052 c",6.48000000,,,34.30000000,4.10000000,-3.70000000,"Msini",35.80600000000,0.693000,"Radial Velocity",6146.00,1.204000,0.1400
"Kepler-332 c",1.09000000,0.08000000,-0.08000000,1.32000000,,,"M-R relationship",15.99562200000,5.600000,"Transit",4955.00,0.743000,-0.1300
"EPIC 249893012 c",3.67000000,0.17000000,-0.14000000,14.67000000,1.84000000,-1.89000000,"Mass",15.62400000000,1.620000,"Transit",5430.00,1.050000,0.2000
"K2-317 b",2.93000000,0.19000000,-0.17000000,8.91000000,,,"M-R relationship",6.22000000000,1.950000,"Transit",3387.00,0.403000,
"TOI-1184 b",2.39000000,0.25000000,-0.23400000,6.80000000,2.30000000,-2.30000000,"Mass",5.74843380300,2.630000,"Transit",4534.00,0.710000,0.0170
"TOI-1288 c",11.10000000,,,85.70000000,12.10000000,-11.70000000,"Msini",416.00000000000,0.344000,"Radial Velocity",5388.00,0.955200,0.2570
"TOI-2876 b",9.63972340,0.33626942,-0.31385146,54.03082919,16.52707716,-16.52707716,"Mass",6.29964310000,0.330000,"Transit",5271.00,0.939000,0.3530
"Kepler-1884 b",1.81406781,,,3.95000000,,,"M-R relationship",8.98832035100,3.640000,"Transit",5984.00,0.993000,-0.2000
"Kepler-1063 b",1.49000000,0.40000000,-0.19000000,2.83000000,,,"M-R relationship",14.07971466000,4.700000,"Transit",5945.00,1.090000,0.0900
"TOI-808 b",2.20344362,0.22429531,-0.18805529,5.49000000,,,"M-R relationship",9.73944854026,2.820000,"Transit",5078.20,0.870000,
"Kepler-763 b",1.22000000,0.09000000,-0.08000000,1.98000000,,,"M-R relationship",1.19655156000,5.990000,"Transit",5166.00,0.840000,0.0100
"TOI-1695 b",1.90000000,0.16000000,-0.14000000,6.36000000,1.00000000,-1.00000000,"Mass",3.13427910000,5.000000,"Transit",3690.00,0.513000,0.0000
"K2-36 c",3.20000000,0.30000000,-0.30000000,7.90000000,2.80000000,-2.80000000,"Mass",5.34088800000,1.300000,"Transit",4916.00,0.790000,-0.0470
"HD 25723 b",13.30000000,,,794.57101750,44.49597698,-54.03082919,"Msini",457.01000000000,1.860000,"Radial Velocity",4766.00,2.120000,-0.0300
"K2-321 b",2.05124347,0.16813471,-0.13450777,4.86000000,,,"M-R relationship",2.29797490000,3.090000,"Transit",3750.00,0.578000,0.1480
"HD 23472 d",0.75000000,0.06700000,-0.05700000,0.55000000,0.21000000,-0.20000000,"Mass",3.97664000000,7.500000,"Transit",4684.00,0.670000,-0.2000
"TOI-2088 b",3.68311790,0.19277867,-0.14072298,37.00000000,,,"Mass",124.72997000000,2.000000,"Transit",5081.00,0.902700,0.3390
"Kepler-181 b",1.27000000,0.62000000,-0.62000000,2.15000000,,,"M-R relationship",3.13787300000,5.770000,"Transit",5333.00,0.810000,-0.0400
"GJ 411 b",1.45000000,,,2.69000000,0.19000000,-0.18000000,"Msini",12.93940000000,4.850000,"Radial Velocity",3719.00,0.389900,-0.3621
"K2-3 b",2.07800000,0.07600000,-0.06700000,5.11000000,0.65000000,-0.64000000,"Mass",10.05465350000,3.110000,"Transit",3844.00,0.549000,-0.1570
"Kepler-1355 b",1.46000000,0.12000000,-0.10000000,2.73000000,,,"M-R relationship",1.28958811200,4.820000,"Transit",5352.00,0.880000,-0.0400
"HD 219134 f",1.31000000,0.02000000,-0.02000000,7.30000000,0.40000000,-0.40000000,"Mass",22.71700000000,,"Radial Velocity",4699.00,0.810000,0.1100
"TOI-1080 b",1.20000000,0.05800000,-0.05800000,10.70000000,,,"Mass",3.96524820000,,"Transit",3065.00,0.166700,-0.0900
"TOI-198 b",1.36000000,0.13000000,-0.13000000,3.17000000,0.64000000,-0.65000000,"Mass",10.21521300000,6.890000,"Transit",3801.00,0.417000,-0.6600
"Kepler-354 b",1.84000000,0.58000000,-0.58000000,4.04000000,,,"M-R relationship",5.47666000000,3.560000,"Transit",4648.00,0.652000,-0.0300
"47 UMa d",13.50000000,,,521.22000000,92.17000000,-152.55000000,"Msini",14002.00000000000,1.160000,"Radial Velocity",5872.00,1.060000,0.0400
"Ross 176 b",1.84000000,0.08000000,-0.08000000,4.57000000,0.89000000,-0.93000000,"Mass",5.00663380000,4.030000,"Transit",4041.00,0.577000,-0.1900
"Kepler-217 c",1.85000000,0.27000000,-0.27000000,4.08000000,,,"M-R relationship",8.58600400000,3.540000,"Transit",6171.00,1.342000,-0.0700
"Kepler-804 c",1.14000000,0.20000000,-0.14000000,1.55000000,,,"M-R relationship",9.65185017000,5.750000,"Transit",5817.00,1.010000,0.0000
"K2-37 d",2.31000000,0.21000000,-0.07000000,12.50000000,6.20000000,-6.10000000,"Mass",14.09229000000,4.700000,"Transit",5352.00,0.840000,-0.0800
"Kepler-245 b",2.57000000,0.18000000,-0.18000000,146.78000000,,,"Mass",7.49019000000,0.120000,"Transit",5100.00,0.856000,0.1200
"Kepler-624 b",2.31000000,0.33000000,-0.24000000,5.95000000,,,"M-R relationship",14.58649607000,2.650000,"Transit",6117.00,1.100000,-0.0600
"Kepler-1284 b",1.21000000,0.10000000,-0.07000000,1.92000000,,,"M-R relationship",0.66407380600,5.960000,"Transit",5123.00,0.840000,0.0300
"TOI-1054.01",2.43432000,0.14295700,-0.14295700,6.50000000,,,"M-R relationship",15.50778550000,2.480000,"Transit",6122.00,1.140000,
"HD 222155 b",13.40000000,,,581.62598481,111.23994245,-82.63538582,"Mass",3999.00000000000,1.330000,"Radial Velocity",5701.00,1.210000,-0.1800
"Kepler-18 c",5.49000000,0.26000000,-0.26000000,17.30000000,1.90000000,-1.90000000,"Mass",7.64159000000,0.590000,"Transit",5345.00,0.972000,0.1900
"TOI-941 b",6.51165317,0.45298660,-0.44352176,34.60000000,,,"M-R relationship",8.51460888787,0.689000,"Transit",5745.88,1.078000,
"Kepler-436 b",2.73000000,0.23000000,-0.24000000,7.90000000,,,"M-R relationship",64.00205000000,2.130000,"Transit",4651.00,0.729000,0.0100
"Kepler-1999 b",3.29000000,0.26000000,-0.30000000,10.80000000,,,"M-R relationship",8.73967580000,1.670000,"Transit",4406.00,0.632000,-0.2400
"TOI-6478 b",4.60000000,0.24000000,-0.24000000,19.20000000,,,"M-R relationship",34.00501900000,1.080000,"Transit",3230.00,0.230000,-0.5300
"TOI-1634 b",1.75900000,0.05800000,-0.05700000,4.90000000,1.00000000,-1.00000000,"Mass",0.98934551000,5.282044,"Transit",3550.00,0.502000,0.2300
"Kepler-11 e",4.19000000,0.07000000,-0.09000000,8.00000000,1.50000000,-2.10000000,"Mass",31.99960000000,0.580000,"Transit",5663.00,0.961000,0.0500
"Kepler-102 c",0.56700000,0.02800000,-0.02800000,1.70000000,,,"Mass",7.07139200000,52.000000,"Transit",4909.00,0.803000,0.1100
"HIP 99770 b",12.20000000,,,5403.08291900,1906.97044200,-1589.14203500,"Mass",18600.00000000000,16.400000,"Imaging",8000.00,1.900000,
"Kepler-128 c",1.52100000,0.04700000,-0.04700000,3.38000000,0.67000000,-0.59000000,"Mass",22.80000000000,5.237935,"Transit",6072.00,1.184000,-0.0300
"TOI-169 b",12.17297400,0.90792900,-0.53803200,251.40353000,20.34112000,-19.06980000,"Mass",2.25544770000,0.760000,"Transit",5880.00,1.147000,0.2400
"HD 43197 b",14.20000000,,,175.75910907,16.52707716,-15.25576354,"Msini",308.92072000000,0.337000,"Radial Velocity",5508.00,0.960000,0.4000
"Kepler-582 b",3.68000000,0.55000000,-0.34000000,13.10000000,,,"M-R relationship",18.49235668000,1.440000,"Transit",5564.00,0.930000,0.0100
"Kepler-1357 b",1.28000000,0.20000000,-0.11000000,2.18000000,,,"M-R relationship",3.00913240000,5.710000,"Transit",5597.00,0.930000,-0.0600
"HD 158259 f",2.35000000,,,6.14000000,1.31000000,-1.37000000,"Msini",12.02800000000,2.600000,"Radial Velocity",5801.89,1.080000,
"HD 23472 e",0.81800000,0.08000000,-0.06500000,0.72000000,0.28000000,-0.27000000,"Mass",7.90754000000,7.500000,"Transit",4684.00,0.670000,-0.2000
"HD 25463 c",1.36354953,0.13045621,-0.09615242,4.30000000,1.90000000,-1.90000000,"Mass",3.04405000000,9.090000,"Transit",6353.00,1.251000,-0.0180
"Kepler-1510 b",3.36000000,1.23000000,-0.56000000,11.20000000,,,"M-R relationship",84.70392100000,1.620000,"Transit",6200.00,1.190000,0.0400
"HD 200964 b",13.50000000,,,508.21017000,21.29461000,-21.29461000,"Msini",606.30000000000,1.140000,"Radial Velocity",4982.00,1.390000,-0.1500
"K2-292 b",2.63000000,0.11000000,-0.10000000,24.50000000,4.40000000,-4.40000000,"Mass",16.98410000000,7.400000,"Transit",5725.00,1.000000,0.0700
"TOI-1246 b",3.01000000,0.06000000,-0.06000000,8.10000000,1.10000000,-1.10000000,"Mass",4.30744000000,1.630000,"Transit",5151.00,0.870000,0.1700
"TOI-1174 b",2.56200000,0.25200000,-0.20000000,32.00000000,,,"Mass",8.95348768300,11.000000,"Transit",5030.00,0.850000,-0.0020
"TOI-4438 b",2.52000000,0.13000000,-0.13000000,5.40000000,1.10000000,-1.10000000,"Mass",7.44628000000,1.850000,"Transit",3422.00,0.368000,-0.1900
"Kepler-1073 c",1.64000000,0.34000000,-0.18000000,3.33000000,,,"M-R relationship",4.02582254000,4.150000,"Transit",5792.00,1.000000,0.0000
"HAT-P-54 b",10.58129600,0.31385200,-0.31385200,241.55080000,10.17056000,-10.17056000,"Mass",3.79984700000,1.118000,"Transit",4390.00,0.645000,-0.1270
"TOI-4504 c",11.09689089,0.56044903,-0.56044903,1197.32317485,57.52694167,-57.90833576,"Mass",82.97213000000,4.810000,"Transit",5315.00,0.890000,0.1600
"Kepler-386 c",1.58000000,0.89000000,-0.89000000,3.12000000,,,"M-R relationship",25.19345800000,4.350000,"Transit",5178.00,0.825000,0.0700
"Kepler-197 c",1.23000000,0.04000000,-0.04000000,5.30000000,3.30000000,-2.90000000,"Mass",10.34969500000,15.700000,"Transit",6004.00,0.857000,-0.4410
"GJ 1002 b",1.03000000,,,1.08000000,0.13000000,-0.13000000,"Msini",10.34650000000,5.430000,"Radial Velocity",3024.00,0.120000,-0.2500
"Kepler-549 d",4.20000000,0.45000000,-0.50000000,16.40000000,,,"M-R relationship",24.61480613000,1.220000,"Transit",5312.00,0.859000,0.1600
"TOI-1451 b",2.61143902,0.13407193,-0.10283772,15.20000000,2.80000000,-2.80000000,"Mass",16.53794400000,4.670000,"Transit",5801.00,1.002200,0.0190
"K2-355 b",2.25000000,0.22000000,-0.16000000,5.69000000,,,"M-R relationship",5.73856470000,2.740000,"Transit",5790.00,0.960000,-0.1200
"Kepler-1040 b",2.08000000,0.18000000,-0.10000000,4.98000000,,,"M-R relationship",201.12140000000,3.040000,"Transit",5694.00,0.980000,0.0100
"Kepler-127 b",1.40000000,0.05000000,-0.05000000,2.54000000,,,"M-R relationship",14.43588900000,5.090000,"Transit",6106.00,1.248000,0.2142
"TOI-6692 b",11.67975789,0.56044903,-0.54924005,197.05361234,25.42627256,-20.65884645,"Mass",131.12500000000,0.680000,"Transit",5890.00,1.047000,-0.0080
"Kepler-235 b",2.23000000,0.10000000,-0.10000000,5.60000000,,,"M-R relationship",3.34022200000,2.770000,"Transit",4255.00,0.581000,-0.5100
"K2-50 b",1.59000000,0.24000000,-0.24000000,3.15000000,,,"M-R relationship",8.75290000000,4.310000,"Transit",4326.00,0.611000,-0.1132
"TOI-5688 A b",10.30000000,0.60000000,-0.70000000,124.00000000,23.40000000,-24.40000000,"Mass",2.94815527000,0.610000,"Transit",3713.00,0.600000,0.4700
"GJ 667 C e",1.45000000,,,2.70000000,1.60000000,-1.40000000,"Msini",62.24000000000,4.870000,"Radial Velocity",3350.00,0.330000,-0.5500
"HD 143361 b",12.90000000,,,1382.55357045,381.39408840,-209.76674862,"Mass",1039.15000000000,3.540000,"Radial Velocity",5507.00,0.968000,0.1400
"TOI-1742 b",2.36507598,0.05691119,-0.05107400,9.70000000,1.90000000,-1.90000000,"Mass",21.26908400000,4.000000,"Transit",5815.00,1.086100,0.1930
"TOI-4463 A b",13.26022417,0.71737476,-0.50440413,252.35575516,12.39530787,-12.71313628,"Mass",2.88071980000,0.595000,"Transit",5640.00,1.056000,0.2500
"Kepler-1285 b",0.97000000,0.10000000,-0.08000000,0.87100000,,,"M-R relationship",14.79674580000,5.240000,"Transit",6170.00,1.200000,0.1600
"HAT-P-8 b",15.69260000,1.45717000,-1.45717000,406.82240000,85.81410000,-85.81410000,"Mass",3.07634000000,0.685644,"Transit",6200.00,1.270000,0.0100
"Kepler-121 b",2.34000000,1.27000000,-1.27000000,6.08000000,,,"M-R relationship",3.17742200000,2.610000,"Transit",5311.00,0.859000,-0.0800
"TOI-2295 c",12.80000000,,,1783.01736327,73.10053361,-76.27881768,"Msini",966.50000000000,4.670000,"Radial Velocity",5730.00,1.168000,0.3160
"TOI-1244 b",2.46700000,0.24000000,-0.21100000,6.60000000,3.80000000,-3.70000000,"Mass",6.40031648300,2.660000,"Transit",4599.00,0.730000,0.0340
"WASP-147 b",12.49803500,1.56926000,-1.04243700,87.40325000,8.89924000,-8.58141000,"Mass",4.60273000000,0.263000,"Transit",5702.00,1.044000,0.0920
"HD 28109 c",4.13000000,0.16000000,-0.14000000,9.20000000,2.00000000,-2.00000000,"Mass",55.99712000000,0.700000,"Transit",6189.00,1.227000,0.1000
"Kepler-992 b",1.62000000,0.04000000,-0.27000000,3.26000000,,,"M-R relationship",20.16034462000,4.210000,"Transit",4944.00,0.800000,-0.0400
"TOI-4311 c",2.47000000,0.12000000,-0.11000000,13.58000000,,,"Mass",15.07042500000,5.290000,"Transit",5063.00,0.816000,-0.0650
"Kepler-97 b",1.48000000,0.13000000,-0.13000000,3.51000000,1.90000000,-1.90000000,"Mass",2.58664000000,5.440000,"Transit",5779.00,0.940000,-0.2000
"Kepler-133 c",2.84000000,0.48000000,-0.48000000,8.45000000,,,"M-R relationship",31.51758600000,2.030000,"Transit",5736.00,1.020000,0.2820
"TOI-2407 b",4.26000000,0.26000000,-0.26000000,16.80000000,,,"M-R relationship",2.70296900000,1.190000,"Transit",3530.00,0.548000,0.2100
"Kepler-1159 b",2.37000000,1.03000000,-0.37000000,6.21000000,,,"M-R relationship",22.70816791000,2.560000,"Transit",6217.00,1.190000,0.0400
"Kepler-887 b",1.84000000,0.27000000,-0.17000000,4.04000000,,,"M-R relationship",20.42228798000,3.560000,"Transit",6194.00,1.190000,0.0800
"HD 213885 c",4.71000000,,,19.95000000,1.38000000,-1.36000000,"Msini",4.78503000000,1.050000,"Radial Velocity",5978.00,1.068000,-0.0400
"Kepler-205 c",1.64000000,0.12000000,-0.12000000,3.33000000,,,"M-R relationship",20.30654600000,4.150000,"Transit",4321.00,0.592000,-0.1254
"K2-139 b",9.11000000,0.17000000,-0.17000000,123.00021000,26.37989000,-23.83725000,"Mass",28.38061900000,0.910000,"Transit",5370.00,0.960000,0.2400
"Kepler-139 d",1.69500000,0.06100000,-0.06100000,2.00000000,2.00000000,-1.00000000,"Mass",7.30569992200,5.270467,"Transit",5622.00,1.078000,0.3500
"HIP 113103 b",1.82900000,0.09600000,-0.06700000,4.00000000,,,"M-R relationship",7.61030300000,3.590000,"Transit",4930.00,0.761000,-0.1000
"TOI-1467 b",1.92000000,0.17100000,-0.11300000,9.00000000,,,"Mass",5.97114713000,11.000000,"Transit",3834.00,0.489000,-0.0620
"Kepler-319 d",2.29000000,0.35000000,-0.35000000,5.86000000,,,"M-R relationship",31.78192500000,2.680000,"Transit",5526.00,0.933000,0.0600
"Kepler-559 b",3.61000000,0.64000000,-0.36000000,12.70000000,,,"M-R relationship",17.58752333000,1.480000,"Transit",5630.00,0.960000,0.0300
"Kepler-1865 b",1.57686072,,,3.11000000,,,"M-R relationship",2.52400994300,4.360000,"Transit",5420.00,0.849000,-0.0600
"Kepler-451 d",13.50000000,,,559.37799632,57.20911326,-57.20911326,"Msini",43.00000000000,1.250000,"Eclipse Timing Variations",29564.00,0.480000,-0.0920
"YZ Cet d",1.03000000,,,1.09000000,0.12000000,-0.12000000,"Msini",4.65626000000,5.480000,"Radial Velocity",3151.00,0.142000,-0.1800
"CoRoT-30 b",11.30988100,0.85188400,-0.85188400,921.70700000,69.92260000,-69.92260000,"Mass",9.06005000000,3.450000,"Transit",5650.00,0.980000,0.0200
"TIC 117642575 b",2.82716337,0.28514319,-0.25773518,8.38000000,,,"M-R relationship",4.94459060181,2.040000,"Transit",5719.98,1.060000,
"gam Cep b",12.70000000,,,2097.66748620,731.00533610,-889.91953960,"Mass",913.00000000000,5.630000,"Radial Velocity",4775.00,1.270000,0.1800
"GJ 536 b",2.41000000,,,6.37000000,0.38000000,-0.38000000,"Msini",8.70874000000,2.500000,"Radial Velocity",3641.00,0.528000,-0.0800
"K2-343 b",1.65000000,0.16000000,-0.08000000,3.36000000,,,"M-R relationship",2.78717400000,4.110000,"Transit",3804.00,0.490000,-0.1000
"HD 224018 b",0.91000000,0.64000000,-0.57000000,4.10000000,0.80000000,-0.80000000,"Mass",10.64130000000,17.100000,"Radial Velocity",5784.00,1.013000,0.0500
"Kepler-404 b",1.27000000,0.55000000,-0.55000000,2.15000000,,,"M-R relationship",11.82985100000,5.770000,"Transit",5654.00,0.860000,-0.0300
"TOI-1669 c",2.29639770,0.10169388,-0.09022874,13.00000000,,,"Mass",2.68005350000,6.000000,"Transit",5497.00,0.986700,0.2740
"TOI-1846 b",1.79200000,0.06500000,-0.06800000,3.87000000,,,"M-R relationship",3.93067370000,3.700000,"Transit",3568.00,0.418000,0.1690
"Kepler-529 b",1.86000000,0.25000000,-0.17000000,4.12000000,,,"M-R relationship",1.98035766300,3.520000,"Transit",6087.00,1.070000,-0.1000
"Kepler-334 d",1.41000000,0.26000000,-0.26000000,2.57000000,,,"M-R relationship",25.09849000000,5.040000,"Transit",5828.00,1.022000,-0.0120
"Kepler-908 b",1.22000000,0.10000000,-0.08000000,1.98000000,,,"M-R relationship",1.34059746800,5.990000,"Transit",5973.00,1.110000,0.1500
"TOI-2202 b",10.95117414,0.17934369,-0.17934369,287.31687993,27.65107141,-31.78284070,"Mass",11.91260750000,1.200000,"Transit",5169.00,0.841000,0.0590
"Kepler-856 b",9.30000000,1.25000000,-0.60000000,63.30000000,,,"M-R relationship",8.02768059500,0.432000,"Transit",5535.00,0.960000,0.1200
"Kepler-1940 b",1.54732469,,,3.01000000,,,"M-R relationship",4.95061016100,4.460000,"Transit",5431.00,0.802000,-0.4400
"Kepler-65 b",1.42000000,0.03000000,-0.03000000,2.40000000,2.40000000,-1.60000000,"Mass",2.15491000000,4.400000,"Transit",6211.00,1.250000,0.1700
"Kepler-651 b",2.37000000,0.22000000,-0.14000000,6.21000000,,,"M-R relationship",21.38521506000,2.560000,"Transit",5522.00,0.920000,-0.0400
"K2-277 b",2.18575124,0.20176165,-0.12329879,7.40000000,3.30000000,-3.30000000,"Mass",6.32676800000,4.000000,"Transit",5680.00,0.974000,0.0780
"K2-266 c",0.70500000,0.09600000,-0.08500000,0.29013072,0.17007663,-0.17007663,"Msin(i)/sin(i)",7.81400000000,4.550000,"Transit",4285.00,0.686000,-0.1200
"Kepler-1065 c",1.60000000,0.24000000,-0.17000000,3.19000000,,,"M-R relationship",2.37030743000,4.280000,"Transit",5635.00,0.940000,-0.0100
"Kepler-1897 b",2.81407954,,,8.32000000,,,"M-R relationship",24.22030067000,2.050000,"Transit",5165.00,0.859000,0.0200
"HD 35759 b",13.00000000,,,1195.04080000,54.03110000,-54.03110000,"Msini",82.46700000000,2.990000,"Radial Velocity",6060.00,1.150000,0.0400
"BD-14 3065 b",21.59000000,1.05000000,-1.05000000,3932.00000000,290.00000000,-280.00000000,"Mass",4.28897310000,2.150000,"Transit",6935.00,1.410000,-0.3400
"Kepler-942 b",2.13000000,0.23000000,-0.08000000,5.18000000,,,"M-R relationship",44.96417488000,2.950000,"Transit",4861.00,0.810000,0.0900
"Kepler-1235 b",0.79000000,0.12000000,-0.06000000,0.41800000,,,"M-R relationship",4.16055856000,4.660000,"Transit",5541.00,0.930000,0.0100
"Kepler-402 e",1.46000000,0.29000000,-0.29000000,2.73000000,,,"M-R relationship",11.24286100000,4.820000,"Transit",6090.00,1.072000,-0.0800
"KELT-17 b",17.09372500,0.72858500,-0.67254000,416.35730000,88.99240000,-92.17070000,"Mass",3.08017160000,0.460000,"Transit",7454.00,1.635000,-0.0180
"Kepler-391 c",2.88000000,0.33000000,-0.33000000,450.00000000,,,"Mass",20.50100000000,400.000000,"Transit",5038.00,1.270000,0.0400
"Kepler-1096 b",1.24000000,0.37000000,-0.08000000,2.07000000,,,"M-R relationship",2.89221750600,5.970000,"Transit",4306.00,0.660000,-0.1000
"KIC 10525077 b",5.50000000,0.90000000,-0.80000000,25.90000000,,,"M-R relationship",854.08300000000,0.855000,"Transit",6091.00,1.010000,-0.0400
"Kepler-544 b",2.12000000,0.19000000,-0.14000000,5.14000000,,,"M-R relationship",21.41616926000,2.960000,"Transit",6206.00,1.160000,0.0200
"Kepler-390 b",0.82000000,0.07000000,-0.07000000,0.47700000,,,"M-R relationship",6.73808800000,4.750000,"Transit",5166.00,0.787000,-0.0443
"Kepler-534 b",2.24000000,0.08000000,-0.07000000,5.65000000,,,"M-R relationship",15.95994513000,2.760000,"Transit",5884.00,1.050000,0.0100
"Kepler-1953 b",1.28574667,,,2.20000000,,,"M-R relationship",6.24565982800,5.690000,"Transit",4858.00,0.786000,-0.0200
"TOI-880 c",4.95000000,0.20000000,-0.20000000,21.70000000,,,"M-R relationship",6.38727030000,0.983000,"Transit",5050.00,0.870000,0.2300
"Kapteyn c",2.54000000,,,7.00000000,1.20000000,-1.00000000,"Msini",121.54000000000,2.350000,"Radial Velocity",3550.00,0.281000,-0.8900
"TOI-1269 c",2.22999162,0.24295040,-0.19119088,5.60000000,,,"M-R relationship",9.23786144195,2.770000,"Transit",5554.02,0.902700,-0.0490
"HIP 14810 c",13.60000000,,,416.35730000,57.20940000,-57.20940000,"Msini",147.74700000000,0.910000,"Radial Velocity",5544.00,1.010000,0.2400
"Kepler-703 b",8.20000000,3.71000000,-1.39000000,51.10000000,,,"M-R relationship",4.58352175600,0.509000,"Transit",6185.00,1.180000,0.0500
"Kepler-1956 b",1.08940238,,,1.32000000,,,"M-R relationship",5.94371986400,5.610000,"Transit",4391.00,0.671000,0.0400
"Kepler-46 b",9.05700000,0.47100000,-0.48200000,1907.00000000,,,"Mass",33.60134000000,14.000000,"Transit",5155.00,0.902000,0.4100
"Kepler-1032 b",1.87000000,0.10000000,-0.08000000,4.16000000,,,"M-R relationship",3.29011795300,3.500000,"Transit",4647.00,0.770000,0.1600
"HD 165155 b",13.20000000,,,918.52870000,73.10090000,-73.10090000,"Msini",434.50000000000,2.190000,"Radial Velocity",5426.00,1.020000,0.0900
"TOI-628 b",11.88154000,0.45956900,-0.38110600,2011.86390000,92.17070000,-98.52730000,"Mass",3.40956750000,6.580000,"Transit",6250.00,1.311000,0.2580
"HD 36384 b",12.70000000,,,2097.66748620,158.91420350,-158.91420350,"Msini",490.00000000000,5.630000,"Radial Velocity",3940.00,1.140000,-0.1600
"Kepler-1307 b",2.47000000,0.66000000,-0.27000000,6.66000000,,,"M-R relationship",18.01621096000,2.430000,"Transit",5884.00,1.060000,0.0600
"Kepler-538 b",2.21500000,0.04000000,-0.03400000,12.90000000,2.90000000,-2.90000000,"Mass",81.73778000000,6.500000,"Transit",5534.00,0.892000,-0.0900
"Kepler-642 b",2.90000000,1.30000000,-0.56000000,8.75000000,,,"M-R relationship",4.41745855000,1.970000,"Transit",6570.00,1.400000,0.0600
"K2-334 b",5.65000000,0.36000000,-0.28000000,27.20000000,,,"M-R relationship",5.11398100000,0.829000,"Transit",6502.00,1.360000,0.1700
"K2-358 b",2.68000000,0.17000000,-0.14000000,7.65000000,,,"M-R relationship",11.25102850000,2.180000,"Transit",5650.00,0.930000,-0.0700
"TOI-5350 b",12.41955062,0.42594127,-0.32506044,2094.48920213,79.45710175,-82.63538582,"Mass",7.58136700000,6.030000,"Transit",6220.00,1.167000,0.0440
"K2-138 c",2.29900000,0.12000000,-0.08700000,6.31000000,1.13000000,-1.23000000,"Mass",3.56004000000,2.800000,"Transit",5356.30,0.935000,0.1400
"Kepler-1742 b",2.17824130,,,5.38000000,,,"M-R relationship",49.47819901000,2.860000,"Transit",5776.00,0.939000,-0.1800
"Kepler-1396 b",2.07000000,0.79000000,-0.37000000,4.94000000,,,"M-R relationship",18.22064210000,3.060000,"Transit",6195.00,1.180000,0.0400
"HD 206893 c",16.36511182,2.01761653,-0.67253884,3527.89531770,127.13136280,-158.91420350,"Mass",2290.00000000000,4.420000,"Imaging",6500.00,1.310000,
"TOI-654.01",2.37800000,0.08900000,-0.08900000,8.71000000,1.25000000,-1.25000000,"Mass",1.52756100000,3.590000,"Transit",3521.00,0.419000,0.1200
"Kepler-379 c",2.29000000,0.43000000,-0.43000000,5.86000000,,,"M-R relationship",62.78469700000,2.680000,"Transit",6054.00,1.125000,0.0900
"GJ 143 b",2.61000000,0.17000000,-0.16000000,22.70000000,2.20000000,-1.90000000,"Mass",35.61253000000,7.000000,"Transit",4640.00,0.730000,0.0030
"TOI-237 c",1.20600000,0.03500000,-0.03500000,1.90000000,,,"M-R relationship",1.74486147000,5.950000,"Transit",3226.00,0.169800,-0.3443
"TOI-3682 b",12.80065596,0.40352331,-0.39231432,69.28659273,23.83713052,-25.42627256,"Mass",3.34624060000,0.181000,"Transit",5703.00,1.320000,0.4160
"Kepler-296 e",1.53000000,0.27000000,-0.25000000,2.96000000,,,"M-R relationship",34.14211000000,4.100000,"Transit",3740.00,0.498000,-0.0800
"Kepler-227 b",3.11000000,1.57000000,-1.57000000,9.85000000,,,"M-R relationship",9.48801500000,1.800000,"Transit",5854.00,0.954000,0.1000
"TOI-1839 b",2.21895097,0.25768041,-0.21407250,5.56000000,,,"M-R relationship",1.42378440907,2.800000,"Transit",5315.91,0.934000,0.2520
"TOI-1105 b",3.05823658,0.96295513,-0.43072819,9.58000000,,,"M-R relationship",10.86818410933,1.840000,"Transit",4678.46,0.740000,
"BD-06 1339 c",8.38000000,,,53.00000000,8.00000000,-8.00000000,"Msini",125.94000000000,0.495000,"Radial Velocity",4324.00,0.700000,-0.1400
"K2-37 c",2.41000000,0.15000000,-0.06000000,6.39000000,,,"M-R relationship",6.42966000000,2.510000,"Transit",5352.00,0.840000,-0.0800
"TOI-7149 b",13.20000000,0.51000000,-0.51000000,224.00000000,24.00000000,-24.00000000,"Mass",2.65206166000,0.530000,"Transit",3363.00,0.344000,-0.0800
"TOI-1411 b",1.19880592,0.04935874,-0.04474058,2.00000000,1.20000000,-1.10000000,"Mass",1.45205270000,6.360000,"Transit",4115.00,0.604500,0.0120
"HD 76700 b",9.60000000,,,66.74430000,9.53490000,-9.53490000,"Msini",3.97097000000,0.415000,"Radial Velocity",5644.00,0.990000,0.3100
"HAT-P-39 b",17.60900000,1.21100000,-0.90800000,190.37200000,31.46400000,-31.46400000,"Mass",3.54387000000,0.190000,"Transit",6430.00,1.404000,0.1900
"TOI-1794 b",3.29701268,0.16656615,-0.13651409,8.70000000,4.10000000,-4.00000000,"Mass",8.76552800000,1.310000,"Transit",5631.00,0.969800,0.0350
"TOI-2842 b",12.84549188,0.57165802,-0.53803107,117.59651059,16.52707716,-14.93793513,"Mass",3.55140580000,0.304000,"Transit",5910.00,1.135000,0.2330
"Kepler-9 b",8.29000000,0.54000000,-0.43000000,43.40000000,1.60000000,-2.00000000,"Mass",19.23891000000,0.420000,"Transit",5774.00,1.022000,0.0500
"TOI-757 b",2.50000000,0.10000000,-0.10000000,10.50000000,2.20000000,-2.10000000,"Mass",17.46819000000,3.600000,"Transit",5278.00,0.800000,-0.2700
"Kepler-1147 b",2.61000000,0.80000000,-0.51000000,7.32000000,,,"M-R relationship",10.62784997000,2.260000,"Transit",5941.00,1.090000,0.1100
"GJ 667 C g",1.99000000,,,4.60000000,2.60000000,-2.30000000,"Msini",256.20000000000,3.210000,"Radial Velocity",3350.00,0.330000,-0.5500
"K2-147 b",1.47286006,0.11096891,-0.09863903,2.77000000,,,"M-R relationship",0.96193900000,4.760000,"Transit",3690.00,0.563000,-0.0200
"Kepler-1684 b",2.87084792,,,8.60000000,,,"M-R relationship",47.70550000000,2.000000,"Transit",4706.54,0.750000,0.1267
"Kepler-570 b",2.45000000,0.34000000,-0.15000000,6.57000000,,,"M-R relationship",4.30166200300,2.450000,"Transit",5496.00,0.930000,0.0600
"Kepler-1719 b",3.95000623,,,14.80000000,,,"M-R relationship",6.14955997500,1.320000,"Transit",5687.00,1.080000,0.0400
"K2-155 d",1.90000000,0.70000000,-0.20000000,4.27000000,,,"M-R relationship",40.71800000000,3.420000,"Transit",4258.00,0.650000,-0.3000
"HD 219134 d",1.61000000,0.02000000,-0.02000000,16.17000000,0.64000000,-0.64000000,"Mass",46.85900000000,,"Radial Velocity",4699.00,0.810000,0.1100
"HD 23472 f",1.13700000,0.08400000,-0.07700000,0.77000000,0.44000000,-0.40000000,"Mass",12.16218390000,3.000000,"Transit",4684.00,0.670000,-0.2000
"Kepler-1517 b",9.76000000,2.79000000,-1.93000000,68.70000000,,,"M-R relationship",5.54608366500,0.406000,"Transit",7010.00,1.580000,0.0100
"Kepler-347 c",1.75000000,0.84000000,-0.84000000,3.71000000,,,"M-R relationship",27.32087100000,3.800000,"Transit",6088.00,0.922000,-0.1400
"GJ 96 b",4.67000000,,,19.66000000,2.42000000,-2.30000000,"Msini",73.94000000000,1.060000,"Radial Velocity",3785.00,0.600000,0.1400
"HD 135694 b",2.85700000,0.22700000,-0.20600000,6.10000000,1.80000000,-1.80000000,"Mass",15.92347556800,2.050000,"Transit",5712.00,1.020000,-0.1210
"Kepler-103 b",3.48570000,0.05670000,-0.05360000,11.67000000,4.31000000,-4.73000000,"Mass",15.96532870000,1.520000,"Transit",6047.00,1.212000,0.1500
"TOI-2338 b",11.20898070,0.22417961,-0.22417961,1900.61387386,66.74396547,-63.56568140,"Mass",22.65398000000,7.420000,"Transit",5581.00,0.990000,0.2200
"K2-356 b",2.29000000,0.15000000,-0.12000000,5.86000000,,,"M-R relationship",21.02673660000,2.680000,"Transit",5568.00,0.900000,-0.1100
"TOI-1450 A b",1.13000000,0.04300000,-0.04300000,1.25800000,0.12800000,-0.12800000,"Mass",2.04392740000,4.790000,"Transit",3437.00,0.480000,-0.1200
"Kepler-1902 b",1.17563613,,,1.74000000,,,"M-R relationship",3.82222008700,5.880000,"Transit",3729.00,0.520000,0.0600
"Kepler-188 b",1.68000000,0.76000000,-0.76000000,3.46000000,,,"M-R relationship",2.06189700000,4.010000,"Transit",6021.00,1.021000,0.1500
"Kepler-1305 b",1.88000000,0.35000000,-0.19000000,4.19000000,,,"M-R relationship",13.56309720000,3.470000,"Transit",5701.00,0.970000,0.0100
"Kepler-1687 b",1.65623882,,,3.38000000,,,"M-R relationship",5.77954000000,4.090000,"Transit",4132.00,0.650000,-0.1400
"HD 87816 b",12.70000000,,,2142.16346318,41.31769291,-41.31769291,"Msini",484.17000000000,5.750000,"Radial Velocity",4989.00,2.410000,0.1400
"Kepler-1627 b",3.69000000,0.49000000,-0.41000000,13.20000000,,,"M-R relationship",7.20283653000,1.440000,"Transit",5445.00,0.870000,-0.1000
"K2-95 b",3.31000000,0.20000000,-0.14000000,11.00000000,,,"M-R relationship",10.13464540000,1.670000,"Transit",3566.00,0.410000,0.1000
"TOI-132 b",3.42000000,0.13000000,-0.14000000,22.40000000,1.90000000,-1.92000000,"Mass",2.10970190000,3.080000,"Transit",5397.00,0.970000,0.1600
"Kepler-1961 b",1.61878080,,,3.25000000,,,"M-R relationship",5.60471010200,4.210000,"Transit",5401.00,0.871000,-0.1600
"Kepler-1654 b",9.18017100,0.21297100,-0.19055300,158.91500000,,,"Mass",1047.83560000000,1.200000,"Transit",5597.00,1.011000,-0.0880
"TOI-4029 b",6.73756618,0.48174093,-0.46193929,36.60000000,,,"M-R relationship",5.88498234631,0.658000,"Transit",5662.53,1.018000,0.1007
"Kepler-1904 b",1.39049940,,,2.51000000,,,"M-R relationship",4.57702016800,5.130000,"Transit",3805.00,0.526000,-0.1000
"Kepler-610 c",3.30000000,0.84000000,-0.37000000,10.90000000,,,"M-R relationship",151.86392000000,1.670000,"Transit",5943.00,1.100000,0.1200
"Kepler-903 b",2.01000000,0.35000000,-0.36000000,4.70000000,,,"M-R relationship",10.35077210000,3.180000,"Transit",5682.00,0.980000,0.0500
"HAT-P-41 b",22.97845000,5.60450000,-5.60450000,378.21770000,190.69800000,-190.69800000,"Mass",2.69405000000,0.204000,"Transit",6390.00,2.560000,0.2100
"K2-331 b",1.79000000,0.14000000,-0.10000000,3.86000000,,,"M-R relationship",9.39897700000,3.700000,"Transit",5994.00,1.100000,0.0800
"Kepler-192 c",2.79000000,0.52000000,-0.52000000,8.20000000,,,"M-R relationship",21.22340000000,2.070000,"Transit",5479.00,1.028000,0.3570
"Kepler-270 b",2.01000000,0.40000000,-0.40000000,4.70000000,,,"M-R relationship",11.47609400000,3.180000,"Transit",6067.00,1.170000,0.1500
"Kepler-393 c",1.33000000,0.31000000,-0.31000000,2.33000000,,,"M-R relationship",14.61361200000,5.440000,"Transit",6189.00,1.256000,0.0322
"Kepler-255 c",2.99000000,1.18000000,-1.18000000,9.22000000,,,"M-R relationship",9.94604700000,1.900000,"Transit",5573.00,0.867000,0.3386
"Kepler-283 c",1.82000000,0.12000000,-0.12000000,3.97000000,,,"M-R relationship",92.74371100000,3.620000,"Transit",4351.00,0.596000,-0.1700
"Kepler-207 c",1.50000000,0.29000000,-0.29000000,2.86000000,,,"M-R relationship",3.07157100000,4.660000,"Transit",5920.00,1.313000,0.2900
"K2-243 b",2.17000000,0.14000000,-0.12000000,5.35000000,,,"M-R relationship",11.54182000000,2.880000,"Transit",6570.00,1.290000,-0.0300
"WASP-98 b",12.82309600,0.38110600,-0.38110600,293.03926000,25.42640000,-25.42640000,"Mass",2.96264036000,0.764000,"Transit",5473.00,0.809000,-0.4900
"Kepler-1996 b",2.26000000,0.16000000,-0.07000000,5.73000000,,,"M-R relationship",32.37618300000,2.730000,"Transit",4580.00,0.748000,0.0800
"K2-138 e",3.39000000,0.15600000,-0.11000000,12.97000000,1.98000000,-1.99000000,"Mass",8.26146000000,1.800000,"Transit",5356.30,0.935000,0.1400
"HD 5388 b",13.10000000,,,1017.05090240,95.34852210,-63.56568140,"Mass",772.50000000000,2.490000,"Radial Velocity",6297.00,1.210000,-0.2700
"K2-193 b",3.95000000,0.12000000,-0.12000000,14.80000000,,,"M-R relationship",14.78688900000,1.320000,"Transit",5817.00,1.010000,0.0000
"K2-133 d",2.00300000,0.10700000,-0.10700000,4.67000000,,,"M-R relationship",11.02454000000,3.190000,"Transit",3655.00,0.461000,
"HD 38529 c",12.50000000,,,3299.05886466,325.77411718,-280.96031179,"Mass",2127.60566000000,9.280000,"Radial Velocity",5697.00,0.980000,0.5100
"Kepler-111 c",7.08407580,0.25780656,-0.23538859,222.47988490,44.49597698,-41.31769291,"Mass",224.77833000000,3.420000,"Transit",5914.00,1.118000,0.2370
"Kepler-1690 b",2.81109223,,,8.30000000,,,"M-R relationship",234.63600000000,2.050000,"Transit",5404.00,0.940000,0.0000
"Kepler-128 b",1.42100000,0.04000000,-0.04000000,3.79000000,0.76000000,-0.66000000,"Mass",15.00000000000,7.222837,"Transit",6072.00,1.184000,-0.0300
"TOI-1249 b",3.27103010,0.30687428,-0.18737301,11.90000000,5.20000000,-5.10000000,"Mass",13.07915100000,1.840000,"Transit",5497.00,1.006200,0.2970
"K2-407 b",1.28300000,0.09700000,-0.08900000,2.19000000,,,"M-R relationship",4.94190700000,5.700000,"Transit",5563.00,0.881000,0.0140
"K2-219 d",2.57634456,0.35702762,-0.32309240,7.16000000,,,"M-R relationship",11.13727800000,2.300000,"Transit",5753.00,1.021545,0.1300
"TOI-1777.01",2.24600000,0.27900000,-0.17700000,5.67000000,,,"M-R relationship",14.65011197400,2.750000,"Transit",5859.00,1.060000,
"HIP 79431 b",13.40000000,,,667.41500000,,,"Msini",111.70000000000,1.520000,"Radial Velocity",3191.00,0.490000,0.4000
"Kepler-1332 b",1.37000000,0.09000000,-0.05000000,2.45000000,,,"M-R relationship",11.87456832000,5.240000,"Transit",5581.00,0.950000,0.0000
"Kepler-1450 b",1.71000000,0.13000000,-0.11000000,3.57000000,,,"M-R relationship",54.50941660000,3.920000,"Transit",4524.00,0.710000,-0.0200
"GJ 1061 d",1.16000000,,,1.67000000,0.17000000,-0.21000000,"Mass",13.06600000000,5.880000,"Radial Velocity",2953.00,0.120000,-0.0800
"Kepler-1337 b",2.41000000,0.10000000,-0.44000000,6.39000000,,,"M-R relationship",24.40025490000,2.510000,"Transit",4523.00,0.700000,-0.0900
"HIP 71135 b",4.55000000,,,18.80000000,4.10000000,-4.10000000,"Msini",87.19000000000,1.100000,"Radial Velocity",4146.00,0.660000,
"gam Lib c",12.80000000,,,1662.56039702,38.13940884,-46.72077583,"Msini",966.49000000000,4.360000,"Radial Velocity",4879.00,1.780000,-0.2700
"CoRoT-32 b",6.38913000,0.67254000,-0.56045000,47.67450000,31.78300000,-31.78300000,"Mass",6.71837000000,1.100000,"Transit",5970.00,1.080000,0.0000
"TOI-2096 b",1.24300000,0.07700000,-0.07200000,2.08000000,,,"M-R relationship",3.11906330000,5.950000,"Transit",3300.00,0.231000,-0.0300
"Kepler-325 c",2.54000000,1.26000000,-1.26000000,6.99000000,,,"M-R relationship",12.76217200000,2.340000,"Transit",5752.00,0.914000,0.0200
"Kepler-287 b",2.33000000,1.06000000,-1.06000000,83.00000000,50.00000000,-26.00000000,"Mass",20.34219900000,27.300000,"Transit",5806.00,0.963000,0.1170
"K2-129 b",1.04000000,0.10000000,-0.09000000,1.12000000,,,"M-R relationship",8.23949300000,5.470000,"Transit",3459.09,0.360031,
"HATS-29 b",14.02245900,0.68374900,-0.68374900,207.54299000,20.02329000,-20.02329000,"Mass",4.60587490000,0.411000,"Transit",5670.00,1.032000,0.1600
"HD 181234 b",12.50000000,,,2980.91262925,321.00669107,-315.60360815,"Mass",7593.40512000000,8.390000,"Radial Velocity",5386.00,0.940000,0.3200
"Kepler-292 c",1.47000000,0.15000000,-0.15000000,2.76000000,,,"M-R relationship",3.71533500000,4.770000,"Transit",5299.00,0.865000,0.0400
"TOI-2986 b",9.29224500,0.25780656,-0.23538859,96.61983573,21.29450327,-27.33324300,"Mass",3.27836620000,0.660000,"Transit",5906.00,1.122000,0.0950
"Kepler-20 b",1.77300000,0.05300000,-0.03000000,9.70000000,1.30000000,-1.30000000,"Mass",3.69610490000,9.400000,"Transit",5495.00,0.929000,0.0700
"TIC 147027702 b",10.92875618,0.72858375,-0.71737476,346.43296363,22.24798849,-41.31769291,"Mass",44.40523000000,1.566600,"Transit",6410.00,1.406000,-0.0800
"TOI-2459 b",2.95310000,0.09160000,-0.06580000,9.03000000,,,"M-R relationship",19.10471800000,1.930000,"Transit",4195.00,0.660000,
"HD 104985 b",12.80000000,,,1766.80811451,34.96112477,-38.77506565,"Msini",199.68000000000,4.630000,"Radial Velocity",4738.00,1.220000,-0.3200
"TIC 237913194 b",12.52045300,0.60528600,-0.52682300,617.22586000,29.24036000,-28.92253000,"Mass",15.16886500000,1.847000,"Transit",5788.00,1.026000,0.1400
"TIC 231949697 b",1.52831855,0.34944237,-0.18252922,2.95000000,,,"M-R relationship",0.90720448719,4.540000,"Transit",3451.32,0.490679,
"Kepler-68 e",11.20000000,,,86.44932670,10.17050902,-10.17050902,"Msini",3455.00000000000,0.338000,"Radial Velocity",5847.00,1.057000,0.1100
"K2-101 b",2.00000000,0.14000000,-0.07000000,4.66000000,,,"M-R relationship",14.67624290000,3.200000,"Transit",4927.00,0.820000,0.0700
"TOI-5210 b",10.72699453,0.35868738,-0.26901554,81.99972901,13.03096469,-13.03096469,"Mass",4.56610610000,0.364000,"Transit",5723.00,1.105000,0.3240
"TOI-6130 b",14.34749530,0.33626942,-0.33626942,333.71982735,19.06970442,-19.06970442,"Mass",2.39267900000,0.640000,"Transit",6110.00,1.310000,0.2800
"K2-3 d",1.45800000,0.05600000,-0.05100000,2.20000000,,,"Mass",44.55603000000,17.500000,"Transit",3844.00,0.549000,-0.1570
"Kepler-1755 b",5.91688317,,,29.40000000,,,"M-R relationship",24.81209946000,0.780000,"Transit",6086.00,1.003000,-0.2600
"TIC 294329732 b",2.07692266,0.22293792,-0.18647061,4.97000000,,,"M-R relationship",9.75658761810,3.050000,"Transit",5201.93,0.890000,0.2280
"K2-265 b",1.70824866,0.11208981,-0.08070466,7.34183620,1.43022783,-1.39844499,"Mass",2.36902000000,7.900000,"Transit",5420.00,0.901000,0.0330
"HD 52265 b",13.70000000,,,384.57430000,15.89150000,-15.89150000,"Msini",119.27000000000,0.822000,"Radial Velocity",6136.00,1.204000,0.2100
"HD 96127 b",13.00000000,,,1207.74794660,413.17692910,-381.39408840,"Mass",638.90000000000,3.020000,"Radial Velocity",3943.00,0.910000,-0.2400
"TOI-1789 b",16.14093221,2.69015537,-1.56925730,222.47988490,50.85254512,-50.85254512,"Mass",3.20866400000,0.280000,"Transit",5991.00,1.507000,0.3730
"K2-61 b",1.92000000,0.11000000,-0.05000000,4.35000000,,,"M-R relationship",2.57336000000,3.380000,"Transit",5748.00,0.970000,0.0300
"Kepler-135 b",1.81000000,0.35000000,-0.35000000,3.93000000,,,"M-R relationship",6.00253000000,3.640000,"Transit",6090.00,1.047000,-0.1050
"TOI-1937 A b",13.97759893,0.66132986,-0.69495680,638.83509807,54.03082919,-50.85254512,"Mass",0.94667944000,1.280000,"Transit",5814.00,1.072000,0.1960
"Kepler-1173 b",0.89000000,0.23000000,-0.07000000,0.64000000,,,"M-R relationship",0.76985360000,4.990000,"Transit",5252.00,0.860000,0.0000
"HD 144899 b",4.77000000,,,20.34101805,6.67439655,-5.08525451,"Msini",40.43914000000,1.030000,"Radial Velocity",6126.00,1.160000,
"HD 23472 b",2.00000000,0.11000000,-0.10000000,8.32000000,0.78000000,-0.79000000,"Mass",17.66708700000,6.150000,"Transit",4684.00,0.670000,-0.2000
"Kepler-105 b",2.53000000,0.07000000,-0.07000000,10.80000000,2.30000000,-2.30000000,"Mass",5.41220340000,3.680000,"Transit",5933.00,0.991000,-0.0900
"Kepler-1336 b",1.98000000,0.30000000,-0.40000000,4.58000000,,,"M-R relationship",23.19868100000,3.240000,"Transit",5512.00,0.940000,0.0500
"Kepler-1539 b",2.70000000,0.19000000,-0.15000000,7.75000000,,,"M-R relationship",133.30367410000,2.160000,"Transit",5176.00,0.840000,-0.0100
"K2-7 b",4.03523305,0.30264248,-0.25780656,15.30000000,,,"M-R relationship",28.67810000000,1.280000,"Transit",5700.00,1.056000,0.0490
"Kepler-1870 b",2.10143764,,,5.07000000,,,"M-R relationship",3.60694003100,3.000000,"Transit",5508.00,0.955000,0.0700
"HD 16905 b",12.40000000,,,3591.46099910,190.69704420,-222.47988490,"Mass",10256.00000000000,10.400000,"Radial Velocity",4866.12,0.850000,0.2405
"K2-131 b",1.69000000,0.08500000,-0.05800000,7.90000000,1.30000000,-1.30000000,"Mass",0.36930380000,8.800000,"Transit",5120.00,0.803000,-0.0400
"Kepler-1562 b",3.55000000,1.00000000,-0.42000000,12.30000000,,,"M-R relationship",64.27377520000,1.510000,"Transit",5760.00,1.020000,0.1100
"HAT-P-34 b",13.41717300,1.45717000,-1.03122800,1058.37390000,66.74430000,-63.56600000,"Mass",5.45265400000,2.500000,"Transit",6442.00,1.392000,0.2200
"K2-254 b",1.63000000,0.28000000,-0.24000000,3.29000000,,,"M-R relationship",4.09639000000,4.170000,"Transit",4629.00,0.710000,-0.1400
"TOI-5592 b",17.14974047,3.58687382,-1.79343691,285.72773789,22.24798849,-21.93016008,"Mass",2.60858460000,0.220000,"Transit",6237.00,1.194000,-0.0130
"Kepler-20 f",0.95200000,0.04700000,-0.08700000,1.40000000,,,"Mass",19.57832800000,8.400000,"Transit",5495.00,0.929000,0.0700
"Kepler-1365 c",0.80000000,0.12000000,-0.08000000,0.43700000,,,"M-R relationship",4.77468005000,4.690000,"Transit",5770.00,1.000000,0.0300
"Kepler-68 b",2.35700000,0.02300000,-0.02300000,8.03000000,0.67000000,-0.67000000,"Mass",5.39875259000,3.370000,"Transit",5847.00,1.057000,0.1100
"Kepler-928 b",1.59000000,0.31000000,-0.12000000,3.15000000,,,"M-R relationship",3.93246130200,4.310000,"Transit",4700.00,0.730000,-0.1100
"6 Lyn b",13.40000000,,,597.83523357,12.07747947,-28.28672822,"Msini",919.86000000000,1.370000,"Radial Velocity",4941.00,1.320000,-0.1700
"Kepler-1293 b",0.97000000,0.42000000,-0.15000000,0.87100000,,,"M-R relationship",5.57654784000,5.240000,"Transit",6241.00,1.180000,0.0000
"Kepler-676 b",3.04000000,0.14000000,-0.34000000,9.48000000,,,"M-R relationship",11.59822172000,1.850000,"Transit",3701.00,0.510000,-0.0200
"Kepler-264 b",3.33000000,0.74000000,-0.74000000,11.10000000,,,"M-R relationship",40.80623100000,1.650000,"Transit",6158.00,1.426000,0.0469
"Kepler-730 b",12.32990000,0.52682300,-0.56045000,,,,"Msini",6.49168280800,,"Transit",5620.00,1.047000,0.2100
"Kepler-795 b",1.68000000,0.18000000,-0.13000000,3.46000000,,,"M-R relationship",29.61934210000,4.010000,"Transit",5631.00,0.940000,-0.0200
"CI Tau c",13.00000000,,,1144.18226520,95.34852210,-95.34852210,"Msini",25.20000000000,2.860000,"Radial Velocity",3807.00,0.900000,
"HD 7449 b",12.60000000,,,2597.92939882,970.96578339,-857.81887049,"Mass",1270.55195000000,7.140000,"Radial Velocity",6024.00,1.196000,-0.1050
"TOI-2421 b",10.36830715,0.39231432,-0.38110534,105.83685953,25.10844415,-25.10844415,"Mass",4.34740320000,0.520000,"Transit",5607.00,1.131000,0.1900
"Kepler-52 b",2.10000000,,,135.00000000,,,"Mass",7.87735650000,3.350000,"Transit",4075.00,0.540000,0.0000
"TOI-6699 b",2.32645266,0.41117107,-0.37089896,6.02000000,,,"M-R relationship",5.32005926761,2.630000,"Transit",4705.10,0.750000,
"Kepler-633 c",2.29600000,,,5.89000000,,,"M-R relationship",23.78319931000,2.670000,"Transit",5877.00,0.997000,-0.0400
"Kepler-165 c",2.23000000,1.35000000,-1.35000000,5.60000000,,,"M-R relationship",15.31299000000,2.770000,"Transit",5211.00,0.746000,-0.2500
"Kepler-896 c",3.15000000,0.73000000,-0.25000000,10.10000000,,,"M-R relationship",29.54225660000,1.780000,"Transit",5510.00,0.877000,-0.1600
"Kepler-240 b",1.37000000,0.56000000,-0.56000000,2.45000000,,,"M-R relationship",4.14449500000,5.240000,"Transit",4985.00,0.868000,0.4100
"Kepler-124 d",1.11000000,0.07000000,-0.07000000,1.41000000,,,"M-R relationship",30.95085100000,5.670000,"Transit",4984.00,0.706000,-0.4600
"Kepler-1118 b",2.74000000,0.60000000,-0.43000000,7.95000000,,,"M-R relationship",38.67150750000,2.120000,"Transit",5688.00,0.960000,0.0000
"TOI-1716.01",3.14300000,0.40900000,-0.29800000,10.00000000,,,"M-R relationship",8.08237655400,1.770000,"Transit",5879.00,1.070000,0.0960
"Kepler-206 b",1.20000000,0.24000000,-0.24000000,1.87000000,,,"M-R relationship",7.78198700000,5.950000,"Transit",5764.00,0.957000,0.0213
"Kepler-1765 b",2.49508857,,,6.78000000,,,"M-R relationship",10.41889954000,2.400000,"Transit",5692.00,0.946000,0.0400
"Kepler-764 b",1.64000000,0.20000000,-0.13000000,3.33000000,,,"M-R relationship",7.33683936000,4.150000,"Transit",5557.00,0.920000,-0.0600
"K2-72 d",1.01000000,0.12000000,-0.12000000,1.01000000,,,"M-R relationship",7.76017800000,5.390000,"Transit",3360.47,0.271365,
"Kepler-1080 b",3.28000000,1.13000000,-0.50000000,10.80000000,,,"M-R relationship",77.25483960000,1.680000,"Transit",5956.00,1.100000,0.0900
"MOA-2009-BLG-387L b",13.20000000,,,830.00000000,1300.00000000,-510.00000000,"Mass",1980.00000000000,1.980000,"Microlensing",,0.190000,
"Kepler-1981 b",9.23000000,1.76000000,-4.10000000,62.50000000,,,"M-R relationship",453.54212000000,0.437000,"Transit",5874.00,1.519000,0.1200
"Kepler-11 f",2.49000000,0.04000000,-0.07000000,2.00000000,0.80000000,-0.90000000,"Mass",46.68880000000,0.690000,"Transit",5663.00,0.961000,0.0500
"TOI-406 c",1.32000000,0.12000000,-0.12000000,2.08000000,0.23000000,-0.22000000,"Mass",3.30744100000,4.900000,"Transit",3392.00,0.408000,-0.0200
"WASP-85 A b",13.89916000,0.33627000,-0.33627000,402.05495000,20.65895000,-20.65895000,"Mass",2.65567770000,0.880000,"Transit",6112.00,1.090000,0.1180
"Kepler-760 c",1.48000000,0.12000000,-0.09000000,2.79000000,,,"M-R relationship",2.46697439000,4.730000,"Transit",5322.00,0.890000,0.0800
"TOI-5261 b",11.60129502,0.47077719,-0.45956821,3651.84839643,136.66621501,-146.20106722,"Mass",4.15097680000,12.900000,"Transit",5790.00,1.037000,0.2540
"Kepler-1266 b",2.58000000,0.13000000,-0.46000000,7.18000000,,,"M-R relationship",28.47474800000,2.300000,"Transit",5044.00,0.800000,-0.0700
"Kepler-962 b",1.97000000,0.08000000,-0.08000000,4.54000000,,,"M-R relationship",12.05707239000,3.260000,"Transit",5478.00,0.930000,0.0100
"K2-32 c",3.13400000,0.12300000,-0.10200000,8.10000000,2.40000000,-2.40000000,"Mass",20.66093000000,1.430000,"Transit",5271.00,0.830000,-0.0600
"Kepler-694 b",2.80000000,0.52000000,-0.22000000,8.25000000,,,"M-R relationship",6.36584161200,2.070000,"Transit",5700.00,0.970000,0.0000
"HD 143811 AB b",15.69257298,1.12089807,-1.12089807,1938.75328270,222.47988490,-286.04556630,"Mass",117000.00000000000,2.760000,"Imaging",6791.00,1.320000,
"Kepler-1820 b",3.11883067,,,9.90000000,,,"M-R relationship",31.03249931000,1.790000,"Transit",5841.00,1.047000,0.0700
"TOI-1296 b",14.11645916,0.28454324,-0.26287755,95.30000000,4.70000000,-4.60000000,"Mass",3.94437360000,0.190000,"Transit",5567.00,1.157600,0.4050
"K2-32 e",1.21200000,0.05200000,-0.04600000,2.10000000,1.30000000,-1.10000000,"Mass",4.34934000000,6.300000,"Transit",5271.00,0.830000,-0.0600
"Kepler-352 b",0.86000000,0.08000000,-0.08000000,0.56600000,,,"M-R relationship",10.05537000000,4.890000,"Transit",5212.00,0.798000,-0.1100
"HIP 67522 b",9.98720180,0.23538859,-0.22417961,71.40000000,,,"M-R relationship",6.95947310000,0.394000,"Transit",5675.00,1.220000,0.0000
