hostname,pl_name,sy_pnum,pl_orbper,pl_orbsmax,pl_rade,pl_radeerr1,pl_radeerr2,pl_bmasse,pl_bmasseerr1,pl_bmasseerr2,pl_bmassprov,pl_dens,pl_insol,st_mass,st_teff,discoverymethod
"Kepler-1597","Kepler-1597 b",1,2.94654179000,0.0413600000,1.06000000,0.47000000,-0.17000000,1.20000000,,,"M-R relationship",5.540000,1431.3110,1.250000,6377.00,"Transit"
"Kepler-687","Kepler-687 b",1,20.50586978000,0.1326000000,3.52000000,0.16000000,-0.20000000,12.20000000,,,"M-R relationship",1.540000,15.6480,0.770000,4841.00,"Transit"
"Kepler-1596","Kepler-1596 b",1,66.37337900000,0.3237000000,1.90000000,0.25000000,-0.17000000,4.27000000,,,"M-R relationship",3.420000,33.3780,0.950000,5706.00,"Transit"
"Kepler-692","Kepler-692 b",1,21.81293494000,0.1495000000,3.11000000,0.37000000,-0.23000000,9.85000000,,,"M-R relationship",1.800000,28.5040,0.900000,5440.00,"Transit"
"Kepler-150","Kepler-150 c",5,7.38199800000,0.0730000000,3.69000000,0.59000000,-0.59000000,13.20000000,,,"M-R relationship",1.440000,132.0910,0.956000,5560.00,"Transit"
"Kepler-1494","Kepler-1494 b",1,91.08048200000,0.3982000000,3.07000000,0.46000000,-0.57000000,9.64000000,,,"M-R relationship",1.830000,9.1130,0.960000,5659.00,"Transit"
"Kepler-1502","Kepler-1502 b",1,41.70836290000,0.2482000000,3.18000000,1.12000000,-0.64000000,10.20000000,,,"M-R relationship",1.740000,77.3240,1.440000,6666.00,"Transit"
"Kepler-1490","Kepler-1490 b",1,92.43629730000,0.3729000000,3.04000000,0.37000000,-0.63000000,9.48000000,,,"M-R relationship",1.850000,3.7880,0.900000,5515.00,"Transit"
"Kepler-1491","Kepler-1491 b",2,16.58617620000,0.1270000000,1.51000000,0.35000000,-0.14000000,2.89000000,,,"M-R relationship",4.610000,138.1080,1.000000,5728.00,"Transit"
"Kepler-171","Kepler-171 b",3,4.16697200000,0.0500000000,2.34000000,1.05000000,-1.05000000,6.08000000,,,"M-R relationship",2.610000,304.1780,0.978000,5642.00,"Transit"
"Kepler-1926","Kepler-1926 b",1,42.87770081000,0.2197000000,2.31495961,,,5.97000000,,,"M-R relationship",2.640000,9.8000,0.768000,5256.00,"Transit"
"Kepler-1631","Kepler-1631 b",1,4.09513932000,0.0511000000,1.35000000,0.20000000,-0.15000000,2.39000000,,,"M-R relationship",5.340000,446.9180,0.970000,5679.00,"Transit"
"KOI-1599","KOI-1599.02",2,13.60880000000,0.1122930000,1.90000000,0.20000000,-0.20000000,9.00000000,0.30000000,-0.30000000,"Mass",7.210000,76.8100,1.020000,5833.00,"Transit"
"Kepler-719","Kepler-719 b",1,5.00731777900,0.0556000000,8.52000000,1.83000000,-0.90000000,54.50000000,,,"M-R relationship",0.484000,234.2800,0.990000,5777.00,"Transit"
"Kepler-734","Kepler-734 b",1,6.10485285600,0.0583000000,3.56000000,0.14000000,-0.13000000,12.40000000,,,"M-R relationship",1.510000,89.2500,0.850000,5326.00,"Transit"
"Kepler-1408","Kepler-1408 b",1,2.99793191000,0.0421800000,0.89000000,68.91000000,-0.15000000,0.64000000,,,"M-R relationship",4.990000,1982.2680,1.210000,6170.00,"Transit"
"Kepler-1427","Kepler-1427 b",1,0.96897237600,0.0197000000,1.10000000,0.24000000,-0.12000000,1.37000000,,,"M-R relationship",5.660000,2730.5100,1.010000,5793.00,"Transit"
"Kepler-1665","Kepler-1665 b",1,11.95480000000,0.0960000000,2.83910787,,,8.44000000,,,"M-R relationship",2.030000,40.4000,0.842000,5049.84,"Transit"
"Kepler-342","Kepler-342 e",4,1.64422461300,0.0290900000,0.88000000,0.08000000,-0.06000000,0.61500000,,,"M-R relationship",4.960000,3111.3220,1.260000,6366.00,"Transit"
"Kepler-267","Kepler-267 b",3,3.35372800000,0.0370000000,1.98000000,0.09000000,-0.09000000,37.90000000,21.30000000,-17.90000000,"Mass",26.800000,45.8430,0.541571,4258.00,"Transit"
"Kepler-1738","Kepler-1738 b",1,7.67463016500,0.0781000000,2.82472883,,,8.37000000,,,"M-R relationship",2.040000,198.6700,1.079000,6063.00,"Transit"
"Kepler-746","Kepler-746 b",1,3.48159251000,0.0435000000,1.11000000,0.13000000,-0.09000000,1.41000000,,,"M-R relationship",5.670000,421.6100,0.910000,5418.00,"Transit"
"Kepler-760","Kepler-760 b",2,8.70419416000,0.0808700000,3.06000000,0.26000000,-0.24000000,9.59000000,,,"M-R relationship",1.840000,84.4060,0.890000,5322.00,"Transit"
"Kepler-272","Kepler-272 c",3,6.05734200000,0.0610000000,1.79000000,0.96000000,-0.96000000,97.80000000,55.50000000,-33.90000000,"Mass",93.700000,310.7600,0.910000,5297.00,"Transit"
"Kepler-775","Kepler-775 b",1,0.97486892600,0.0183400000,1.19000000,0.04000000,-0.04000000,1.81000000,,,"M-R relationship",5.900000,1496.7500,0.920000,5468.00,"Transit"
"Kepler-498","Kepler-498 b",1,9.61375356000,0.0897000000,3.03000000,0.50000000,-0.34000000,9.43000000,,,"M-R relationship",1.860000,202.7750,0.980000,5744.00,"Transit"
"Kepler-877","Kepler-877 b",1,18.45847097000,0.1301000000,2.12000000,0.14000000,-0.27000000,5.14000000,,,"M-R relationship",2.960000,37.8100,0.850000,5261.00,"Transit"
"Kepler-865","Kepler-865 b",2,14.16399294000,0.1057000000,2.49000000,0.49000000,-0.24000000,6.76000000,,,"M-R relationship",2.410000,46.3620,0.930000,5570.00,"Transit"
"Kepler-288","Kepler-288 c",3,19.30577200000,0.1400000000,2.85000000,1.36000000,-1.36000000,8.50000000,,,"M-R relationship",2.020000,53.1480,0.842000,5918.00,"Transit"
"Kepler-794","Kepler-794 b",1,11.13125132000,0.1003600000,2.11000000,0.52000000,-0.34000000,5.10000000,,,"M-R relationship",2.980000,299.9700,1.190000,5839.00,"Transit"
"Kepler-485","Kepler-485 b",1,3.24325979600,0.0440100000,14.41000000,3.38000000,-1.63000000,,,,"Msini",,622.0140,1.070000,5958.00,"Transit"
"Kepler-340","Kepler-340 c",2,22.82466900000,0.1780000000,3.37000000,0.77000000,-0.77000000,11.30000000,,,"M-R relationship",1.620000,154.6530,1.650000,6620.00,"Transit"
"Kepler-333","Kepler-333 b",2,12.55115800000,0.0870000000,1.32000000,0.16000000,-0.16000000,28.20000000,29.00000000,-24.10000000,"Mass",67.400000,16.8190,0.601000,4259.00,"Transit"
"Kepler-951","Kepler-951 b",1,71.52530845000,0.3091000000,5.59000000,0.24000000,-0.26000000,26.70000000,,,"M-R relationship",0.840000,2.4720,0.770000,4834.00,"Transit"
"Kepler-66","Kepler-66 b",1,17.81581500000,0.1352000000,2.80000000,0.16000000,-0.16000000,8.25000000,,,"M-R relationship",2.070000,62.8450,1.038000,5962.00,"Transit"
"Kepler-1805","Kepler-1805 b",1,8.84794044500,0.0699000000,1.54502915,,,3.00000000,,,"M-R relationship",4.470000,12.4800,0.581000,3867.00,"Transit"
"Kepler-1792","Kepler-1792 b",1,4.19577980000,0.0488000000,2.51990972,,,6.89000000,,,"M-R relationship",2.370000,283.7800,0.878000,5229.00,"Transit"
"Kepler-276","Kepler-276 d",3,48.64800000000,0.2466600000,2.80000000,1.23000000,-0.27000000,16.30000000,5.00000000,-4.30000000,"Mass",0.760000,11.2740,1.100000,5693.00,"Transit"
"Kepler-372","Kepler-372 c",3,20.05376300000,0.1540000000,2.09000000,0.90000000,-0.90000000,5.02000000,,,"M-R relationship",3.020000,91.8810,1.202000,6509.00,"Transit"
"Kepler-114","Kepler-114 b",3,5.18854900000,0.0530000000,1.26000000,0.13000000,-0.13000000,1.09000000,0.49000000,-0.31000000,"Mass",2.530000,92.5350,0.770000,4605.00,"Transit"
"Kepler-1207","Kepler-1207 b",1,13.68237119000,0.1156000000,1.62000000,0.51000000,-0.18000000,3.26000000,,,"M-R relationship",4.210000,352.5080,1.060000,5909.00,"Transit"
"Kepler-1249","Kepler-1249 b",1,24.33471270000,0.1670000000,2.38000000,0.97000000,-0.38000000,6.26000000,,,"M-R relationship",2.550000,98.3360,1.190000,6202.00,"Transit"
"Kepler-1859","Kepler-1859 b",2,2.72959995300,0.0394000000,1.58313575,,,3.13000000,,,"M-R relationship",4.330000,1056.1500,1.090000,5887.00,"Transit"
"Kepler-1244","Kepler-1244 b",1,3.70428172000,0.0502000000,1.35000000,0.63000000,-0.25000000,2.39000000,,,"M-R relationship",5.340000,4756.3250,1.460000,6680.00,"Transit"
"Kepler-213","Kepler-213 c",2,4.82296200000,0.0570000000,2.34000000,0.45000000,-0.45000000,6.08000000,,,"M-R relationship",2.610000,339.5360,1.070000,5696.00,"Transit"
"Kepler-1388","Kepler-1388 b",4,12.28546030000,0.0882000000,2.59000000,0.13000000,-0.14000000,7.22000000,,,"M-R relationship",2.280000,17.6740,0.630000,4098.00,"Transit"
"Kepler-258","Kepler-258 c",2,33.65307900000,0.1930000000,3.61000000,2.43000000,-2.43000000,12.70000000,,,"M-R relationship",1.480000,7.9850,0.820000,4942.00,"Transit"
"Kepler-355","Kepler-355 b",2,11.03189000000,0.1020000000,1.46000000,0.66000000,-0.66000000,2.73000000,,,"M-R relationship",4.820000,154.8030,0.933000,6184.00,"Transit"
"Kepler-324","Kepler-324 e",4,13.97939968000,0.1097200000,2.03862444,,,235.01400000,,,"Mass",0.160000,38.9000,0.844000,5191.00,"Transit"
"Kepler-330","Kepler-330 b",2,8.25978000000,0.0750000000,1.35000000,0.53000000,-0.53000000,2.39000000,,,"M-R relationship",5.340000,66.5780,0.848000,5117.00,"Transit"
"Kepler-233","Kepler-233 c",2,60.41895500000,0.2870000000,2.71000000,0.78000000,-0.78000000,7.80000000,,,"M-R relationship",2.150000,6.1950,0.855000,5360.00,"Transit"
"Kepler-174","Kepler-174 d",3,247.35373000000,0.6770000000,2.19000000,0.13000000,-0.13000000,5.43000000,,,"M-R relationship",2.840000,0.5300,0.602000,4880.00,"Transit"
"Kepler-200","Kepler-200 c",2,10.22215700000,0.0900000000,1.59000000,0.29000000,-0.29000000,3.15000000,,,"M-R relationship",4.310000,126.3610,0.972000,5678.00,"Transit"
"Kepler-130","Kepler-130 d",3,87.51790500000,0.3770000000,1.64000000,0.16000000,-0.16000000,3.33000000,,,"M-R relationship",4.150000,9.8340,0.927000,5884.00,"Transit"
"Kepler-541","Kepler-541 b",1,5.08005848000,0.0644700000,3.36000000,0.58000000,-0.56000000,11.20000000,,,"M-R relationship",1.620000,1452.9040,1.410000,6166.00,"Transit"
"Kepler-1585","Kepler-1585 b",1,3.58274630000,0.0445000000,1.79000000,0.25000000,-0.16000000,3.86000000,,,"M-R relationship",3.700000,182.9410,0.940000,5538.00,"Transit"
"Kepler-1275","Kepler-1275 b",1,3.65691115000,0.0488000000,1.48000000,0.65000000,-0.27000000,2.79000000,,,"M-R relationship",4.730000,822.4840,1.230000,6296.00,"Transit"
"Kepler-60","Kepler-60 d",3,11.89810000000,0.1020300000,1.99000000,0.16000000,-0.16000000,4.16000000,0.84000000,-0.75000000,"Mass",2.910000,161.0000,1.041000,5905.00,"Transit"
"Kepler-1176","Kepler-1176 b",1,24.17385790000,0.1589000000,2.45000000,0.63000000,-0.32000000,6.57000000,,,"M-R relationship",2.450000,26.0870,1.010000,5844.00,"Transit"
"Kepler-1225","Kepler-1225 b",1,7.01075434000,0.0771000000,1.82000000,0.61000000,-0.24000000,3.97000000,,,"M-R relationship",3.620000,324.2820,1.130000,6140.00,"Transit"
"Kepler-1394","Kepler-1394 b",1,3.93766373000,0.0547400000,1.39000000,0.20000000,-0.22000000,2.51000000,,,"M-R relationship",5.140000,2023.0050,1.640000,6481.00,"Transit"
"Kepler-1649","Kepler-1649 b",2,8.68909900000,0.0514000000,1.01700000,0.05100000,-0.05100000,1.03000000,,,"M-R relationship",5.380000,2.2080,0.197700,3240.00,"Transit"
"TOI-1246","TOI-1246 c",4,5.90413700000,0.0610000000,2.45109846,0.13824169,-0.08751012,9.10000000,1.30000000,-1.20000000,"Mass",3.390000,129.0000,0.888900,5213.00,"Transit"
"Kepler-1468","Kepler-1468 c",3,3.54553021000,0.0466000000,1.15000000,0.25000000,-0.13000000,1.60000000,,,"M-R relationship",5.780000,1479.5670,1.040000,5893.00,"Transit"
"Kepler-326","Kepler-326 c",3,4.58035800000,0.0510000000,1.40000000,0.10000000,-0.10000000,17.40000000,15.40000000,-10.70000000,"Mass",34.800000,303.6200,0.910000,5105.00,"Transit"
"Kepler-1085","Kepler-1085 c",2,56.77710000000,0.2979800000,3.26817741,,,10.70000000,,,"M-R relationship",1.680000,11.8000,1.050000,5816.00,"Transit"
"Kepler-1229","Kepler-1229 b",1,86.82898900000,0.3006000000,1.40000000,0.11000000,-0.13000000,2.54000000,,,"M-R relationship",5.090000,0.5240,0.540000,3784.00,"Transit"
"Kepler-1542","Kepler-1542 e",4,5.10115756000,0.0564900000,0.76000000,0.10000000,-0.08000000,0.36300000,,,"M-R relationship",4.540000,369.9990,0.940000,5564.00,"Transit"
"Kepler-1178","Kepler-1178 b",1,31.80634000000,0.1596000000,1.07000000,0.06000000,-0.08000000,1.24000000,,,"M-R relationship",5.560000,23.2370,0.800000,4990.00,"Transit"
"K2-187","K2-187 c",4,2.87151200000,0.0392000000,1.40000000,0.20000000,-0.20000000,2.54000000,,,"M-R relationship",5.090000,414.3430,0.966999,5438.00,"Transit"
"Kepler-1060","Kepler-1060 b",1,46.87793670000,0.2495000000,2.38000000,0.45000000,-0.29000000,6.26000000,,,"M-R relationship",2.550000,17.4160,0.990000,5797.00,"Transit"
"Kepler-990","Kepler-990 b",2,9.91723428000,0.0859500000,2.60000000,0.65000000,-0.42000000,7.27000000,,,"M-R relationship",2.270000,108.3000,1.050000,5948.00,"Transit"
"Kepler-1126","Kepler-1126 b",2,108.59332900000,0.4125100000,1.73000000,0.21000000,-0.14000000,3.64000000,,,"M-R relationship",3.860000,4.5500,0.920000,5798.00,"Transit"
"Kepler-100","Kepler-100 c",4,12.81590000000,0.1106100000,2.20000000,0.05000000,-0.05000000,7.05000000,,,"Mass",1.721102,208.6570,1.080000,5825.00,"Transit"
"Kepler-172","Kepler-172 c",4,6.38899600000,0.0680000000,2.86000000,0.53000000,-0.53000000,8.55000000,,,"M-R relationship",2.010000,227.2250,1.081000,5526.00,"Transit"
"Kepler-663","Kepler-663 b",1,4.99678284000,0.0559000000,2.60000000,0.20000000,-0.16000000,7.27000000,,,"M-R relationship",2.270000,167.9790,0.860000,5264.00,"Transit"
"HD 102117","HD 102117 b",1,20.81330000000,0.1500000000,8.47000000,,,54.03110000,3.17830000,-3.17830000,"Msini",0.489000,63.8539,1.060000,5655.00,"Radial Velocity"
"HD 137388","HD 137388 b",1,330.00000000000,0.8900000000,9.32000000,,,63.56600000,6.35660000,-6.35660000,"Msini",0.431000,0.5807,0.680000,5181.00,"Radial Velocity"
"HD 50554","HD 50554 b",1,1293.00000000000,2.3530000000,12.80000000,,,1859.29618095,286.04556630,-165.27077164,"Mass",4.870000,0.2510,1.040000,5987.00,"Radial Velocity"
"WASP-24","WASP-24 b",1,2.34121000000,0.0365100000,15.46842000,1.79344000,-1.79344000,394.10920000,92.17070000,-92.17070000,"Mass",0.622000,934.4650,1.430000,6075.00,"Transit"
"HD 156846","HD 156846 b",1,359.51001000000,1.1200000000,12.40000000,,,3391.24610000,235.19420000,-235.19420000,"Msini",9.770000,3.9700,1.380000,6090.00,"Radial Velocity"
"WASP-151","WASP-151 b",1,4.53347750000,0.0550000000,13.30506009,0.23538859,-0.23538859,100.43377661,9.85268062,-9.85268062,"Mass",0.250651,460.0000,1.081000,5871.00,"Transit"
"Kepler-80","Kepler-80 g",6,14.64558000000,,1.13000000,0.14000000,-0.14000000,0.06500000,0.04400000,-0.03800000,"Mass",0.310000,,0.830000,4540.00,"Transit"
"Kepler-263","Kepler-263 b",2,16.56808700000,0.1200000000,2.67000000,1.45000000,-1.45000000,7.61000000,,,"M-R relationship",2.200000,24.3080,0.793000,5265.00,"Transit"
"K2-10","K2-10 b",1,19.30553000000,0.1370000000,3.77300000,0.08800000,-0.04800000,25.20000000,8.40000000,-8.40000000,"Mass",2.360000,42.1000,0.880000,5533.00,"Transit"
"HD 22946","TOI-411 b",3,4.04029500000,0.0572700000,1.36200000,0.04000000,-0.04000000,13.71000000,,,"Mass",18.960000,495.1390,1.098000,6169.00,"Transit"
"WASP-120","WASP-120 b",1,3.61126721000,0.0514000000,15.58048317,0.89671846,-0.89671846,1541.47550000,66.74430000,-66.74430000,"Mass",2.334107,1818.5489,1.393000,6450.00,"Transit"
"Kepler-1006","Kepler-1006 b",1,19.76172042000,0.1464000000,1.54000000,0.27000000,-0.14000000,2.99000000,,,"M-R relationship",4.500000,153.4930,0.780000,5328.00,"Transit"
"Kepler-398","Kepler-398 d",3,6.83437001000,0.0618000000,0.88000000,0.03000000,-0.04000000,0.61500000,,,"M-R relationship",4.960000,40.8310,0.720000,4557.00,"Transit"
"TOI-4034","TOI-4034 b",1,1.80209320000,0.0328900000,17.71018951,0.22417961,-0.22417961,276.51071409,50.85254512,-50.85254512,"Mass",0.275000,1870.7800,1.190000,5891.00,"Transit"
"TOI-5335","TOI-5335 b",1,3.61365988443,,4.02422162,0.84491911,-0.55064827,15.30000000,,,"M-R relationship",1.290000,200.8300,0.945000,5528.92,"Transit"
"Kepler-253","Kepler-253 d",3,18.11986900000,0.1300000000,3.17000000,1.30000000,-1.30000000,10.20000000,,,"M-R relationship",1.760000,24.0840,0.860000,5208.00,"Transit"
"K2-62","K2-62 b",2,6.67199000000,0.0636000000,2.02000000,0.17000000,-0.06000000,4.74000000,,,"M-R relationship",3.160000,46.7000,0.670000,4455.00,"Transit"
"Kepler-369","Kepler-369 b",2,2.73275600000,0.0300000000,1.13000000,0.06000000,-0.06000000,1.51000000,,,"M-R relationship",5.750000,40.2950,0.500000,3591.00,"Transit"
"Kepler-657","Kepler-657 b",1,24.54350418000,0.1733700000,3.52000000,0.69000000,-0.32000000,12.20000000,,,"M-R relationship",1.540000,62.2000,1.010000,5808.00,"Transit"
"Kepler-513","Kepler-513 b",1,28.86235584000,0.1779000000,2.20000000,0.31000000,-0.20000000,5.48000000,,,"M-R relationship",2.830000,36.5270,1.020000,5849.00,"Transit"
"TOI-1180","TOI-1180 b",1,9.68676037800,0.0807990000,3.07200000,0.27000000,-0.24300000,10.00000000,5.30000000,-5.40000000,"Mass",1.930000,36.9700,0.750000,4738.00,"Transit"
"11 UMi","11 UMi b",1,516.21997000000,1.5300000000,12.30000000,,,4684.81420000,794.57500000,-794.57500000,"Msini",13.800000,114.8502,2.780000,4213.00,"Radial Velocity"
"Kepler-1390","Kepler-1390 b",1,6.48021673000,0.0662000000,1.18000000,0.25000000,-0.13000000,1.76000000,,,"M-R relationship",5.890000,171.1330,0.980000,5753.00,"Transit"
"WASP-60","WASP-60 b",1,4.30500000000,0.0554800000,9.86392000,1.34508000,-1.34508000,174.80650000,60.38770000,-60.38770000,"Mass",0.378000,925.4935,1.190000,5900.00,"Transit"
"Kepler-1762","Kepler-1762 b",1,29.53910065000,0.2040000000,2.76022913,,,8.05000000,,,"M-R relationship",2.100000,61.4900,1.298000,6572.00,"Transit"
"Kepler-98","Kepler-98 b",1,1.54168000000,0.0261400000,1.99000000,0.22000000,-0.22000000,3.55000000,1.60000000,-1.60000000,"Mass",2.180000,1107.3890,0.990000,5539.00,"Transit"
"Kepler-403","Kepler-403 c",3,54.28074900000,0.2970000000,1.75000000,0.32000000,-0.32000000,3.71000000,,,"M-R relationship",3.800000,45.1540,1.299000,6090.00,"Transit"
"Kepler-292","Kepler-292 b",5,2.58082700000,0.0350000000,1.32000000,0.14000000,-0.14000000,2.30000000,,,"M-R relationship",5.500000,394.3010,0.865000,5299.00,"Transit"
"K2-49","K2-49 b",1,2.77065000000,0.0309000000,1.93000000,0.53000000,-0.53000000,4.38000000,,,"M-R relationship",3.350000,59.0000,0.510000,4175.00,"Transit"
"HD 142245","HD 142245 b",1,1299.00000000000,2.7800000000,13.10000000,,,975.73810000,133.48860000,-133.48860000,"Msini",2.390000,1.7468,3.500000,4922.00,"Radial Velocity"
"TOI-1452","TOI-1452 b",1,11.06201000000,0.0610000000,1.67200000,0.07100000,-0.07100000,4.82000000,1.30000000,-1.30000000,"Mass",5.600000,1.8000,0.249000,3185.00,"Transit"
"Kepler-110","Kepler-110 b",2,12.69111200000,0.1070000000,1.83000000,0.36000000,-0.36000000,4.01000000,,,"M-R relationship",3.600000,153.8810,0.989000,5960.00,"Transit"
"Kepler-1296","Kepler-1296 b",1,8.38398650000,0.0896000000,0.91000000,0.09000000,-0.06000000,0.69300000,,,"M-R relationship",5.050000,399.0150,0.870000,5359.00,"Transit"
"Kepler-1221","Kepler-1221 b",1,12.00096042000,0.0906000000,1.88000000,0.30000000,-0.16000000,4.19000000,,,"M-R relationship",3.470000,37.8100,0.870000,5194.00,"Transit"
"Kepler-158","Kepler-158 d",3,0.64508800000,,0.43000000,0.05000000,-0.05000000,0.04720000,,,"M-R relationship",3.260000,,0.656000,4895.97,"Transit"
"Kepler-49","Kepler-49 b",4,7.20000000000,0.0592900000,2.57900000,0.08700000,-0.08600000,9.77000000,0.94000000,-0.95000000,"Mass",3.082111,21.4810,0.607000,4095.60,"Transit"
"TOI-1295","TOI-1295 b",1,3.19688380000,0.0470000000,15.69257298,0.89671846,-0.89671846,451.31633794,25.42627256,-25.42627256,"Mass",0.650000,1800.0000,1.380000,6280.00,"Transit"
"Kepler-1691","Kepler-1691 b",1,3.84820000000,0.0495000000,1.83470985,,,4.02000000,,,"M-R relationship",3.580000,641.5300,1.110000,6000.00,"Transit"
"Kepler-180","Kepler-180 c",2,41.88577500000,0.2290000000,3.01000000,1.34000000,-1.34000000,9.32000000,,,"M-R relationship",1.880000,16.4230,0.950000,5731.00,"Transit"
"HATS-33","HATS-33 b",1,2.54955510000,0.0372700000,13.78707000,1.25540800,-0.90792900,378.85336000,16.84499000,-16.84499000,"Mass",0.790000,757.1284,1.062000,5659.00,"Transit"
"K2-254","K2-254 c",2,12.11839000000,0.0923000000,2.19000000,0.24000000,-0.18000000,5.43000000,,,"M-R relationship",2.840000,17.6668,0.710000,4629.00,"Transit"
"HD 38283","HD 38283 b",1,363.20001000000,1.0200000000,14.00000000,,,127.13200000,12.71320000,-12.71320000,"Msini",0.255000,2.4745,1.370000,5981.00,"Radial Velocity"
"Kepler-162","Kepler-162 c",2,19.44635500000,0.1370000000,3.03000000,1.63000000,-1.63000000,9.43000000,,,"M-R relationship",1.860000,77.0520,1.053000,5816.00,"Transit"
"TOI-375","TOI-375 d",3,297.90000000000,0.9840000000,13.60000000,,,445.59542661,98.84463458,-87.72064033,"Msini",0.973000,5.9600,1.441000,5259.90,"Radial Velocity"
"K2-248","K2-248 b",1,7.17256000000,0.0699000000,2.57000000,0.20000000,-0.14000000,7.13000000,,,"M-R relationship",2.310000,132.3323,0.880000,5528.00,"Transit"
"Kepler-1252","Kepler-1252 b",1,15.05403290000,0.1078000000,1.67000000,0.42000000,-0.23000000,3.43000000,,,"M-R relationship",4.050000,57.5790,1.060000,5949.00,"Transit"
"WASP-35","WASP-35 b",1,3.16158000000,0.0431700000,14.57170000,0.78463000,-0.78463000,225.65930000,31.78300000,-31.78300000,"Mass",0.378000,758.1026,1.050000,5990.00,"Transit"
"HD 155918","HD 155918 b",2,1.87567000000,0.0300000000,2.67000000,,,7.62788177,0.95348522,-1.27131363,"Msini",2.200000,1153.7389,1.030000,5771.84,"Radial Velocity"
"Kepler-300","Kepler-300 c",2,40.71495500000,0.2320000000,2.25000000,1.04000000,-1.04000000,5.69000000,,,"M-R relationship",2.740000,43.2480,1.070000,5986.00,"Transit"
"HD 55696","HD 55696 b",1,1827.00000000000,3.1800000000,12.90000000,,,1357.12729789,317.82840700,-219.30160083,"Mass",3.470000,0.2662,1.290000,6012.00,"Radial Velocity"
"Kepler-787","Kepler-787 b",1,0.92831049800,0.0159000000,1.28000000,0.06000000,-0.07000000,2.18000000,,,"M-R relationship",5.710000,493.5530,0.650000,4248.00,"Transit"
"Kepler-79","Kepler-79 e",4,81.06650000000,0.3944500000,3.53000000,0.16000000,-0.16000000,3.80000000,0.70000000,-0.60000000,"Mass",0.480000,18.7800,1.244000,6389.00,"Transit"
"NGTS-12","NGTS-12 b",1,7.53280600000,0.0757000000,11.74703200,0.35868800,-0.35868800,66.10864000,6.99226000,-6.99226000,"Mass",0.223000,416.0000,1.021000,5690.00,"Transit"
"Kepler-493","Kepler-493 b",1,3.00387658100,0.0439000000,15.13000000,5.00000000,-2.55000000,,,,"Msini",,1414.3290,1.360000,6457.00,"Transit"
"TOI-4155","TOI-4155 b",1,3.32072900000,,3.21000000,0.17000000,-0.17000000,10.40000000,,,"M-R relationship",1.730000,586.7620,1.160000,5724.00,"Transit"
"HATS-28","HATS-28 b",1,3.18107810000,0.0413100000,13.38354600,0.78463000,-0.78463000,213.58176000,27.65121000,-27.65121000,"Mass",0.480000,407.8485,0.929000,5498.00,"Transit"
"Kepler-214","Kepler-214 c",2,28.77980000000,0.1940000000,2.13000000,0.40000000,-0.40000000,5.18000000,,,"M-R relationship",2.950000,87.2440,1.110000,6169.00,"Transit"
"HD 33142","HD 33142 b",3,330.00000000000,1.0740000000,13.70000000,,,400.46379282,15.89142035,-15.89142035,"Msini",0.856000,8.6781,1.520000,5025.40,"Radial Velocity"
"GJ 4274","GJ 4274 b",2,1.63390000000,0.0153000000,1.53000000,,,2.97000000,0.54000000,-0.50000000,"Msini",4.560000,14.7000,0.180000,3228.00,"Radial Velocity"
"Kepler-385","Kepler-385 b",3,10.04368600000,0.0970000000,2.73000000,1.38000000,-1.38000000,12.80000000,11.40000000,-6.80000000,"Mass",3.460000,143.9190,0.992000,6326.00,"Transit"
"HD 27631","HD 27631 b",1,2198.14000000000,3.2420000000,13.50000000,,,495.81231492,63.56568140,-47.67426105,"Mass",1.110000,0.0836,0.944000,5737.00,"Radial Velocity"
"KIC 5479689","KIC 5479689 b",1,1.70153100000,,14.20000000,,,158.91420350,127.13136280,-31.78284070,"Msini",0.305000,,0.966000,5459.10,"Orbital Brightness Modulation"
"TOI-2120","TOI-2120 b",1,5.79981640000,0.0377000000,2.12200000,0.06500000,-0.06500000,6.80000000,,,"Mass",,3.6100,0.211000,3131.00,"Transit"
"Kepler-1257","Kepler-1257 b",1,2.66831376200,0.0376000000,1.52000000,0.18000000,-0.12000000,2.92000000,,,"M-R relationship",4.570000,546.9080,0.900000,5502.00,"Transit"
"Kepler-1744","Kepler-1744 b",1,37.10110092000,0.2094500000,3.76754004,,,13.60000000,,,"M-R relationship",1.400000,21.0000,0.886000,5986.00,"Transit"
"Kepler-901","Kepler-901 b",1,3.51749439400,0.0378000000,1.37000000,0.07000000,-0.06000000,2.45000000,,,"M-R relationship",5.240000,68.7230,0.590000,4184.00,"Transit"
"KELT-6","KELT-6 c",2,1276.00000000000,2.3900000000,13.00000000,,,1179.14930000,66.74430000,-66.74430000,"Msini",2.950000,0.5448,1.126000,6272.00,"Radial Velocity"
"Kepler-298","Kepler-298 b",3,10.47546400000,0.0800000000,1.96000000,0.10000000,-0.10000000,4.50000000,,,"M-R relationship",3.280000,24.7070,0.660000,4465.00,"Transit"
"TIC 279401253","TIC 279401253 c",2,155.30000000000,0.5910000000,12.60000000,,,2548.98382414,57.20911326,-57.20911326,"Msini",7.000000,3.5788,1.130000,5951.00,"Transit"
"Kepler-143","Kepler-143 c",2,27.08251100000,0.1810000000,3.37000000,0.84000000,-0.84000000,11.30000000,,,"M-R relationship",1.620000,58.7000,0.982000,5848.00,"Transit"
"ups Leo","ups Leo b",1,385.20000000000,1.1800000000,14.20000000,,,162.09248757,19.06970442,-82.63538582,"Msini",0.311000,45.3174,1.480000,4836.00,"Radial Velocity"
"Kepler-808","Kepler-808 b",1,0.63133235300,0.0131400000,1.46000000,0.06000000,-0.08000000,2.73000000,,,"M-R relationship",4.820000,1428.3000,0.760000,4653.00,"Transit"
"Kepler-885","Kepler-885 b",1,18.11472949000,0.1440300000,2.50000000,0.40000000,-0.39000000,6.80000000,,,"M-R relationship",2.390000,124.6460,1.210000,6187.00,"Transit"
"Kepler-151","Kepler-151 c",2,24.67461200000,0.1600000000,2.09000000,1.04000000,-1.04000000,5.02000000,,,"M-R relationship",3.020000,21.4070,0.870000,5460.00,"Transit"
"Kepler-923","Kepler-923 b",1,6.93366476000,0.0759200000,1.38000000,0.29000000,-0.19000000,2.48000000,,,"M-R relationship",5.190000,390.6360,1.110000,5988.00,"Transit"
"Kepler-191","Kepler-191 c",3,17.73850600000,0.1280000000,1.86000000,0.92000000,-0.92000000,4.12000000,,,"M-R relationship",3.520000,23.2000,0.857000,5282.00,"Transit"
"K2-247","K2-247 c",2,6.49424000000,0.0615000000,2.19000000,0.25000000,-0.23000000,5.43000000,,,"M-R relationship",2.840000,34.7304,0.740000,4667.00,"Transit"
"K2-322","K2-322 b",1,8.20500000000,0.0594000000,1.92000000,0.29000000,-0.18000000,4.35000000,,,"M-R relationship",3.380000,25.9048,0.630000,4141.00,"Transit"
"HATS-44","HATS-44 b",1,2.74390040000,0.0364900000,11.96000300,1.40112500,-0.79583900,177.98480000,34.96130000,-34.96130000,"Mass",0.560000,306.4170,0.860000,5080.00,"Transit"
"K2-352","K2-352 c",3,8.23488500000,,1.92000000,0.13000000,-0.07000000,4.35000000,,,"M-R relationship",3.380000,,0.980000,5791.00,"Transit"
"TOI-1408","TOI-1408 c",2,2.16640000000,0.0358700000,2.22000000,0.06000000,-0.06000000,7.60000000,0.20000000,-0.20000000,"Mass",3.800000,2005.3500,1.312000,6117.00,"Transit Timing Variations"
"Kepler-1460","Kepler-1460 b",1,29.96332470000,0.1614000000,1.96000000,0.14000000,-0.13000000,4.50000000,,,"M-R relationship",3.280000,5.4690,0.700000,4422.00,"Transit"
"Kepler-41","Kepler-41 b",1,1.85555820000,0.0310100000,14.46000000,0.22000000,-0.22000000,177.98000000,25.43000000,-25.43000000,"Mass",0.330000,2036.7490,1.150000,5750.00,"Transit"
"Kepler-229","Kepler-229 d",3,41.19491200000,0.2200000000,3.85000000,1.38000000,-1.38000000,14.20000000,,,"M-R relationship",1.370000,6.1620,0.808000,5120.00,"Transit"
"HD 72659","HD 72659 b",2,3549.00000000000,4.6070000000,13.20000000,,,949.67128012,821.90426050,-31.14718389,"Mass",2.270000,0.1115,1.033000,5929.00,"Radial Velocity"
"Kepler-11","Kepler-11 b",6,10.30390000000,0.0910000000,1.80000000,0.03000000,-0.05000000,1.90000000,1.40000000,-1.00000000,"Mass",1.720000,146.3600,0.961000,5663.00,"Transit"
"Kepler-900","Kepler-900 b",1,6.99130860000,0.0679000000,2.08000000,0.12000000,-0.34000000,4.98000000,,,"M-R relationship",3.040000,54.1090,0.780000,4836.00,"Transit"
"K2-201","K2-201 c",2,22.77987800000,,3.28568401,0.39804812,-0.18385433,10.80000000,,,"M-R relationship",1.670000,,0.956055,5507.00,"Transit"
"Kepler-580","Kepler-580 b",1,8.22241965600,0.0683000000,2.57000000,0.29000000,-0.13000000,7.13000000,,,"M-R relationship",2.310000,24.0630,0.670000,4298.00,"Transit"
"Kepler-1723","Kepler-1723 b",1,39.75289917000,0.2249000000,2.88046569,,,8.65000000,,,"M-R relationship",1.990000,24.5400,0.960000,6072.00,"Transit"
"omi UMa","omi UMa b",1,1569.81000000000,3.6910000000,13.00000000,,,1160.39151396,55.93779963,-94.71286529,"Msini",2.900000,8.4795,2.720000,5075.00,"Radial Velocity"
"Kepler-163","Kepler-163 b",2,7.81093700000,0.0780000000,1.05000000,0.44000000,-0.44000000,1.16000000,,,"M-R relationship",5.510000,115.6120,0.882000,5776.00,"Transit"
"GJ 179","GJ 179 b",1,2288.00000000000,2.4100000000,13.80000000,,,301.93698665,50.85254512,-34.96112477,"Mass",0.631000,0.0028,0.357000,3370.00,"Radial Velocity"
"HD 7924","HD 7924 b",3,5.39792000000,0.0600000000,,,,2058.25676373,,,"Mass",,113.7000,0.650000,5131.00,"Radial Velocity"
"Kepler-1218","Kepler-1218 b",1,22.92212660000,0.1569800000,1.44000000,0.15000000,-0.14000000,2.67000000,,,"M-R relationship",4.910000,84.8300,1.060000,5986.00,"Transit"
"HATS-57","HATS-57 b",1,2.35062100000,0.0349300000,12.76705100,0.31385200,-0.31385200,1000.21101000,23.20159000,-23.20159000,"Mass",2.650000,570.2330,1.026000,5587.00,"Transit"
"Kepler-603","Kepler-603 c",3,127.90757740000,0.5343900000,6.50000000,1.48000000,-0.62000000,34.50000000,,,"M-R relationship",0.690000,8.8000,1.010000,5808.00,"Transit"
"HD 191939","HD 191939 f",6,2898.00000000000,3.7100000000,13.20000000,,,915.34581216,82.63538582,-82.63538582,"Msini",2.190000,0.0472,0.810000,5348.00,"Radial Velocity"
"HD 30669","HD 30669 b",1,1684.00000000000,2.6900000000,14.30000000,,,149.37000000,19.07000000,-19.07000000,"Msini",0.281000,0.0987,0.920000,5400.00,"Radial Velocity"
"K2-244","K2-244 b",1,21.06884000000,0.1418000000,1.75000000,0.13000000,-0.10000000,3.71000000,,,"M-R relationship",3.800000,37.9007,0.860000,5677.00,"Transit"
"EPIC 201497682","EPIC 201497682 b",1,2.13174000000,,0.69200000,0.05900000,-0.04800000,0.26000000,,,"M-R relationship",4.310000,,0.780000,4991.00,"Transit"
"Kepler-653","Kepler-653 c",2,0.90037647600,0.0185500000,0.78000000,0.13000000,-0.12000000,0.39900000,,,"M-R relationship",4.620000,3743.2750,1.020000,5665.00,"Transit"
"K2-59","K2-59 c",2,11.29540000000,0.0905000000,2.30000000,0.29000000,-0.29000000,5.90000000,,,"M-R relationship",2.660000,38.3000,0.774000,5055.00,"Transit"
"Kepler-531","Kepler-531 b",1,29.88485741000,0.1744600000,2.78000000,0.08000000,-0.19000000,8.15000000,,,"M-R relationship",2.080000,10.0070,0.780000,4893.00,"Transit"
"HD 104067","HD 104067 c",2,13.89920000000,0.1058000000,3.69000000,,,13.20000000,1.90000000,-1.90000000,"Msini",1.440000,27.4455,0.820000,4952.00,"Radial Velocity"
"HIP 97166","HIP 97166 c",2,16.43200000000,0.1240000000,2.75000000,,,8.00000000,1.60000000,-1.60000000,"Msini",2.110000,30.7622,0.934200,5216.00,"Radial Velocity"
"TOI-2379","TOI-2379 b",1,5.46938270000,0.0526300000,11.72459381,0.25780656,-0.25780656,1830.69162432,63.56568140,-63.56568140,"Mass",6.210000,25.3000,0.645000,3707.00,"Transit"
"WASP-140","WASP-140 b",1,2.23598448000,0.0323000000,14.23540549,0.67253884,-0.67253884,775.50520000,22.24810000,-22.24810000,"Mass",1.578175,491.3260,0.900000,5300.00,"Transit"
"K2-255","K2-255 b",1,1.96417000000,0.0274000000,2.90000000,0.28000000,-0.11000000,8.75000000,,,"M-R relationship",1.970000,215.9107,0.710000,4676.00,"Transit"
"Kepler-365","Kepler-365 c",2,17.78412900000,0.1370000000,1.64000000,0.77000000,-0.77000000,3.33000000,,,"M-R relationship",4.150000,66.8700,1.020000,6012.00,"Transit"
"Kepler-592","Kepler-592 b",1,2.82019240800,0.0397000000,2.39000000,0.58000000,-0.25000000,6.30000000,,,"M-R relationship",2.540000,935.8270,1.040000,5913.00,"Transit"
"Kepler-1542","Kepler-1542 d",4,5.99273738000,0.0629000000,0.87000000,0.12000000,-0.09000000,0.59000000,,,"M-R relationship",4.920000,297.8060,0.940000,5564.00,"Transit"
"Kepler-29","Kepler-29 c",2,13.28613000000,0.1002700000,2.34000000,0.12000000,-0.11000000,4.50000000,1.10000000,-1.10000000,"Mass",1.910000,34.4000,0.761000,5378.00,"Transit"
"Kepler-506","Kepler-506 b",1,6.88340550000,0.0743700000,2.73000000,0.06000000,-0.06000000,7.90000000,,,"M-R relationship",2.130000,330.5470,1.190000,6236.00,"Transit"
"Kepler-1814","Kepler-1814 b",2,2.93535995500,0.0376500000,2.36961357,,,6.21000000,,,"M-R relationship",2.560000,216.9000,0.790000,4922.00,"Transit"
"Kepler-1004","Kepler-1004 b",1,5.28789787000,0.0679100000,6.28000000,0.78000000,-0.44000000,32.50000000,,,"M-R relationship",0.721000,1610.0870,1.110000,4972.00,"Transit"
"Kepler-1911","Kepler-1911 b",1,5.99079990400,0.0636000000,1.01100000,,,1.01000000,,,"M-R relationship",5.370000,223.9300,0.954000,5721.00,"Transit"
"Kepler-46","Kepler-46 d",3,6.76658900000,0.0670000000,1.64000000,0.92000000,-0.92000000,3.33000000,,,"M-R relationship",4.150000,92.3460,0.883000,5309.00,"Transit"
"kap CrB","kap CrB b",1,1253.68000000000,2.5000000000,13.40000000,,,591.16380000,,,"Mass",1.350000,1.7376,1.330000,4840.00,"Radial Velocity"
"Kepler-1548","Kepler-1548 b",1,124.82867900000,0.4679000000,2.64000000,0.54000000,-0.21000000,7.46000000,,,"M-R relationship",2.230000,1.9330,0.990000,5706.00,"Transit"
"WASP-61","WASP-61 b",1,3.85590000000,0.0521000000,15.80469000,2.46598000,-2.46598000,851.78440000,266.97720000,-266.97720000,"Mass",1.423000,1062.0298,1.820000,6250.00,"Transit"
"Kepler-281","Kepler-281 d",3,148.27200320000,0.5456000000,5.93747806,,,654.00000000,100.00000000,-104.00000000,"Mass",12.300000,2.5100,0.984000,5717.00,"Transit"
"HD 190360","HD 190360 c",3,17.11625000000,0.1298000000,5.53000000,,,26.20000000,27.00000000,-4.00000000,"Mass",0.851000,69.1705,0.996000,5560.00,"Radial Velocity"
"Kepler-1287","Kepler-1287 b",1,11.47685909000,0.0976000000,1.54000000,0.22000000,-0.13000000,2.99000000,,,"M-R relationship",4.500000,78.1560,0.960000,5715.00,"Transit"
"Kepler-1506","Kepler-1506 b",1,14.03291540000,0.1168000000,1.32000000,0.19000000,-0.13000000,2.30000000,,,"M-R relationship",5.500000,235.8070,0.950000,5676.00,"Transit"
"Kepler-913","Kepler-913 b",2,10.29672521000,0.1009000000,2.06000000,0.08000000,-0.06000000,4.90000000,,,"M-R relationship",3.080000,58.9000,0.630000,4687.00,"Transit"
"TOI-3160 A","TOI-3160 A b",1,3.97128100000,0.0505000000,13.76462830,0.51561311,-0.50440413,378.21580433,50.85254512,-47.67426105,"Mass",0.790000,933.0000,1.088000,6190.00,"Transit"
"Kepler-1066","Kepler-1066 b",1,1.93155983900,0.0298000000,2.36000000,0.50000000,-0.33000000,6.17000000,,,"M-R relationship",2.580000,710.0190,0.980000,5762.00,"Transit"
"Kepler-262","Kepler-262 c",2,21.85372200000,0.1520000000,1.64000000,0.68000000,-0.68000000,3.33000000,,,"M-R relationship",4.150000,25.2600,0.816000,5841.00,"Transit"
"KOI-351","KOI-351 h",8,331.60296000000,0.9706200000,11.25200000,0.30600000,-0.30600000,203.00000000,16.00000000,-16.00000000,"Mass",0.911829,1.8490,1.242000,6031.13,"Transit"
"HD 99492","HD 99492 b",2,17.05030000000,0.1200000000,5.44000000,,,25.50000000,0.60000000,-0.60000000,"Msini",0.870000,23.2671,0.850000,4929.00,"Radial Velocity"
"Kepler-359","Kepler-359 d",3,77.09569100000,0.3720000000,4.01000000,1.91000000,-1.91000000,2.70000000,2.50000000,-1.50000000,"Mass",0.100000,5.5000,0.827000,6248.00,"Transit"
"Kepler-859","Kepler-859 b",1,20.38177573000,0.1315700000,3.09000000,0.18000000,-0.15000000,9.75000000,,,"M-R relationship",1.820000,14.8970,0.810000,5020.00,"Transit"
"WASP-157","WASP-157 b",1,3.95162300000,0.0499000000,11.19000000,0.28000000,-0.28000000,182.43442000,29.55819000,-29.55819000,"Mass",0.640000,482.1005,1.060000,5772.00,"Transit"
"Kepler-1333","Kepler-1333 b",1,109.64718420000,0.4382000000,2.81000000,0.40000000,-0.25000000,8.30000000,,,"M-R relationship",2.060000,3.2980,0.940000,5628.00,"Transit"
"Kepler-1120","Kepler-1120 b",1,2.94902905200,0.0369000000,1.38000000,0.09000000,-0.07000000,2.48000000,,,"M-R relationship",5.190000,206.8740,0.780000,4904.00,"Transit"
"Kepler-264","Kepler-264 c",2,140.10126100000,0.5660000000,2.83000000,0.58000000,-0.58000000,8.40000000,,,"M-R relationship",2.040000,15.3470,1.426000,6158.00,"Transit"
"Kepler-1242","Kepler-1242 b",1,13.62798432000,0.1039000000,2.26000000,0.13000000,-0.13000000,5.73000000,,,"M-R relationship",2.730000,28.9980,0.770000,4895.00,"Transit"
"K2-214","K2-214 b",1,8.59656000000,0.0834000000,2.51000000,0.14000000,-0.07000000,6.85000000,,,"M-R relationship",2.380000,238.0000,1.030000,5875.00,"Transit"
"Kepler-1228","Kepler-1228 b",1,0.57736957900,0.0118600000,1.54000000,0.11000000,-0.14000000,2.99000000,,,"M-R relationship",4.500000,1598.6640,0.780000,5063.00,"Transit"
"Kepler-1501","Kepler-1501 b",1,14.55645330000,0.1159200000,1.56000000,0.68000000,-0.25000000,3.05000000,,,"M-R relationship",4.410000,100.0010,1.200000,6229.00,"Transit"
"HD 156279","HD 156279 b",2,133.40355000000,0.5020000000,12.50000000,,,2997.75753482,242.18524613,-254.58055401,"Msini",8.430000,2.8355,0.940000,5453.00,"Radial Velocity"
"TOI-1443","TOI-1443 b",1,23.54067800000,0.1470000000,2.30381001,0.12697832,-0.10061016,30.00000000,,,"Mass",14.000000,16.8576,0.766300,5224.00,"Transit"
"HD 72892","HD 72892 b",1,39.44603000000,0.2280000000,12.80000000,,,1737.88572948,143.65843996,-150.96849332,"Msini",4.550000,26.9314,1.010000,5688.00,"Radial Velocity"
"Kepler-385","Kepler-385 c",3,15.16316100000,0.1270000000,3.04000000,1.56000000,-1.56000000,13.20000000,16.80000000,-9.00000000,"Mass",2.580000,83.1550,0.992000,6326.00,"Transit"
"TOI-2345","TOI-2345 b",2,1.05285730000,0.0170500000,1.50400000,0.04700000,-0.04400000,3.49000000,0.85000000,-0.85000000,"Mass",5.640000,791.0000,0.727000,4687.00,"Transit"
"Kepler-1099","Kepler-1099 b",1,2.16845259300,0.0337000000,2.83000000,0.43000000,-0.51000000,8.40000000,,,"M-R relationship",2.040000,766.3440,1.010000,5837.00,"Transit"
"Kepler-587","Kepler-587 b",1,10.94027841000,0.0952000000,2.23000000,0.64000000,-0.17000000,5.60000000,,,"M-R relationship",2.770000,70.9650,0.920000,5549.00,"Transit"
"K2-197","K2-197 b",1,8.35788100000,0.0806000000,2.56000000,0.16000000,-0.16000000,7.08000000,,,"M-R relationship",2.320000,118.4501,1.000000,5667.00,"Transit"
"HD 158259","HD 158259 b",5,2.17800000000,,1.28228000,0.06651520,-0.06651520,2.22000000,0.39000000,-0.45000000,"Msini",6.120000,759.1830,1.080000,5801.89,"Radial Velocity"
"Kepler-62","Kepler-62 b",5,5.71493200000,0.0553000000,1.31000000,0.04000000,-0.04000000,9.00000000,,,"Mass",,80.3260,0.690000,4925.00,"Transit"
"HD 21520","HD 21520 b",1,25.12920000000,0.1726000000,2.69700000,0.09000000,-0.09000000,17.70000000,,,"Mass",1.350000,25.7431,1.090000,5871.00,"Transit"
"Kepler-115","Kepler-115 c",2,8.99088900000,0.0870000000,2.60000000,0.50000000,-0.50000000,7.27000000,,,"M-R relationship",2.270000,209.1010,1.042000,5979.00,"Transit"
"Kepler-231","Kepler-231 b",2,10.06527500000,0.0740000000,1.73000000,0.12000000,-0.12000000,35.40000000,19.70000000,-16.60000000,"Mass",13.800000,14.8790,0.580000,3767.00,"Transit"
"Kepler-1142","Kepler-1142 b",1,18.30272480000,0.1343000000,1.47000000,0.43000000,-0.18000000,2.76000000,,,"M-R relationship",4.770000,147.8170,0.970000,5685.00,"Transit"
"HD 169830","HD 169830 b",2,225.67372000000,0.7650000000,13.20000000,,,804.42369812,71.19356317,-75.32533246,"Msini",1.920000,7.8465,1.170000,6300.00,"Radial Velocity"
"Kepler-548","Kepler-548 b",1,4.45419433800,0.0495000000,11.99000000,2.19000000,-1.10000000,,,,"Msini",,237.0350,0.930000,5535.00,"Transit"
"GJ 9404","GJ 9404 b",1,13.45860000000,0.0943000000,3.48000000,,,11.90000000,1.90000000,-1.90000000,"Msini",1.550000,11.2454,0.620000,3811.00,"Radial Velocity"
"K2-226","K2-226 b",1,3.27109000000,0.0409500000,1.53899305,0.10312262,-0.08630915,2.98000000,,,"M-R relationship",4.490000,332.7564,0.856000,5288.00,"Transit"
"HD 190228","HD 190228 b",1,1143.59858000000,2.4060000000,12.90000000,,,1598.67688721,378.21580433,-0.95348522,"Mass",4.090000,0.8598,1.415000,5360.00,"Radial Velocity"
"Kepler-1495","Kepler-1495 b",1,85.27325600000,0.3677000000,2.94000000,0.72000000,-0.32000000,8.96000000,,,"M-R relationship",1.940000,9.1000,1.030000,5831.00,"Transit"
"Kepler-159","Kepler-159 c",2,43.59579200000,0.2180000000,3.41000000,0.28000000,-0.28000000,11.50000000,,,"M-R relationship",1.590000,4.7910,0.628000,4625.00,"Transit"
"Kepler-1014","Kepler-1014 b",1,16.57110363000,0.1210000000,2.39000000,0.21000000,-0.25000000,6.30000000,,,"M-R relationship",2.540000,33.4790,0.880000,5388.00,"Transit"
"Kepler-1122","Kepler-1122 b",1,42.19173570000,0.2315000000,2.04000000,0.27000000,-0.14000000,4.82000000,,,"M-R relationship",3.120000,23.2630,0.920000,5544.00,"Transit"
"TOI-4443","TOI-4443.01",1,1.84985670000,0.0299626450,1.71932650,0.13466030,-0.13466030,3.60000000,,,"M-R relationship",3.890000,1194.2104,1.049133,5834.00,"Transit"
"HD 100655","HD 100655 b",1,157.57001000000,0.6800000000,13.50000000,,,511.70630000,108.06220000,-108.06220000,"Msini",1.140000,92.9931,2.280000,4891.00,"Radial Velocity"
"Kepler-1730","Kepler-1730 b",1,13.81019974000,0.1131000000,4.48524519,,,18.40000000,,,"M-R relationship",1.120000,113.7500,1.009000,5942.00,"Transit"
"Kepler-150","Kepler-150 d",5,12.56093000000,0.1040000000,2.79000000,0.41000000,-0.41000000,8.20000000,,,"M-R relationship",2.070000,65.1420,0.956000,5560.00,"Transit"
"Kepler-248","Kepler-248 c",2,16.23949400000,0.1230000000,4.07000000,0.49000000,-0.49000000,15.60000000,,,"M-R relationship",1.270000,22.4590,0.838000,5190.00,"Transit"
"HD 285507","HD 285507 b",1,6.08810000000,0.0600000000,13.80000000,,,311.47340000,31.78300000,-31.78300000,"Msini",0.651000,53.0123,0.820000,4503.00,"Radial Velocity"
"Kepler-1047","Kepler-1047 b",2,56.18868870000,0.2987100000,2.09000000,0.26000000,-0.17000000,5.02000000,,,"M-R relationship",3.020000,28.8510,1.080000,5754.00,"Transit"
"GJ 3138","GJ 3138 c",3,5.97400000000,0.0570000000,1.88000000,,,4.18000000,0.61000000,-0.59000000,"Msini",3.460000,13.9000,0.681000,3717.00,"Radial Velocity"
"Kepler-55","Kepler-55 b",5,27.94814490000,0.1593000000,2.43000000,,,43.00000000,37.20000000,-18.00000000,"Mass",16.500000,6.6420,0.620000,4362.00,"Transit"
"HD 116029","HD 116029 b",2,670.00000000000,1.6500000000,13.60000000,,,444.96200000,92.17070000,-92.17070000,"Msini",0.972000,4.1506,0.830000,4819.00,"Radial Velocity"
"HD 37605","HD 37605 c",2,2720.00000000000,3.7400000000,13.10000000,,,1013.87770000,120.77540000,-120.77540000,"Msini",2.480000,0.0431,0.940000,5329.00,"Radial Velocity"
"Kepler-1184","Kepler-1184 b",1,53.59910440000,0.2863000000,2.68000000,0.60000000,-0.30000000,7.65000000,,,"M-R relationship",2.180000,18.0390,1.050000,5983.00,"Transit"
"TOI-1266","TOI-1266 c",3,18.80270000000,0.1050000000,1.98000000,0.10000000,-0.10000000,3.17000000,0.76000000,-0.76000000,"Mass",2.250000,2.4200,0.437000,3563.00,"Transit"
"Kepler-547","Kepler-547 b",1,6.01038428900,0.0580000000,4.00000000,0.13000000,-0.31000000,15.10000000,,,"M-R relationship",1.300000,87.7130,0.780000,4828.00,"Transit"
"Kepler-1488","Kepler-1488 c",2,6.15826988200,0.0695900000,1.65156749,,,3.37000000,,,"M-R relationship",4.110000,760.6000,1.003000,5710.00,"Transit"
"HAT-P-57","HAT-P-57 b",1,2.46530000000,0.0406000000,19.50366000,4.03524000,-4.03524000,448.14030000,483.10160000,-483.10160000,"Mass",0.332000,2726.6328,2.770000,6330.00,"Transit"
"HD 8326","HD 8326 b",1,158.99100000000,0.5330000000,9.58000000,,,66.60000000,19.60000000,-19.60000000,"Msini",0.416000,1.1342,0.800000,4914.00,"Radial Velocity"
"TOI-150","TOI-150.01",1,5.85748700000,0.0703700000,14.06729500,0.23538900,-0.21297100,797.75330000,38.13960000,-38.13960000,"Mass",1.680000,750.9220,1.351000,6255.00,"Transit"
"TIC 86380416","TIC 86380416 b",1,6.04086434610,,2.41236120,0.29307308,-0.24128947,6.40000000,,,"M-R relationship",2.510000,,1.070000,5723.74,"Transit"
"TRAPPIST-1","TRAPPIST-1 g",7,12.35244600000,0.0468300000,1.12900000,0.01500000,-0.01300000,1.32100000,0.03800000,-0.03800000,"Mass",5.055986,0.2520,0.089800,2566.00,"Transit"
"HD 106315","HD 106315 b",2,9.55237000000,0.0907000000,2.44000000,0.17000000,-0.17000000,12.60000000,3.20000000,-3.20000000,"Mass",4.700000,277.0000,1.091000,6327.00,"Transit"
"GJ 9827","GJ 9827 b",3,1.20897400000,0.0189000000,1.44000000,0.09000000,-0.07000000,4.28000000,0.35000000,-0.33000000,"Mass",7.858000,318.0000,0.620000,4236.00,"Transit"
"BD-06 1339","BD-06 1339 b",2,3.87280000000,0.0428000000,,,,1523.03372634,,,"Mass",,51.8934,0.700000,4324.00,"Radial Velocity"
"Kepler-1033","Kepler-1033 b",1,7.56052806000,0.0761000000,2.51000000,0.41000000,-0.18000000,6.85000000,,,"M-R relationship",2.380000,159.4220,0.940000,5547.00,"Transit"
"TOI-7155","TOI-7155 b",1,3.89489711981,,2.40821473,0.34326283,-0.25569019,6.38000000,,,"M-R relationship",2.510000,116.2530,0.755000,4673.03,"Transit"
"K2-136","K2-136 d",3,25.57500000000,0.1538000000,1.56500000,0.07700000,-0.07600000,3.00000000,,,"Mass",4.300000,7.0700,0.742000,4500.00,"Transit"
"K2-154","K2-154 b",2,3.67626000000,0.0405000000,1.99000000,0.21000000,-0.11000000,4.62000000,,,"M-R relationship",3.220000,57.5000,0.650000,4097.00,"Transit"
"V1298 Tau","V1298 Tau e",4,48.67771400000,0.2689000000,10.17000000,0.75000000,-0.75000000,15.30000000,4.20000000,-4.20000000,"Mass",0.080000,10.0000,1.100000,4970.00,"Transit"
"TOI-836","TOI-836 b",2,3.81673000000,0.0422000000,1.70400000,0.06700000,-0.06700000,4.53000000,0.92000000,-0.86000000,"Mass",5.020000,78.8380,0.678000,4552.00,"Transit"
"K2-165","K2-165 c",3,4.38274500000,,1.55409035,0.20925649,-0.11010438,3.03000000,,,"M-R relationship",4.440000,,0.834847,5185.00,"Transit"
"Kepler-947","Kepler-947 b",1,26.96443170000,0.1773000000,2.28000000,0.23000000,-0.23000000,5.82000000,,,"M-R relationship",2.700000,51.9500,0.900000,5508.00,"Transit"
"WASP-12","WASP-12 b",1,1.09141890100,0.0234000000,22.02564708,0.98639030,-0.97518132,467.21010000,24.15508000,-21.93027000,"Mass",0.266000,8220.5840,1.325000,6265.00,"Transit"
"WASP-17","WASP-17 b",1,3.73543000000,0.0515000000,20.96083000,2.69016000,-2.69016000,247.90740000,73.10090000,-73.10090000,"Mass",0.082000,1292.1900,2.280000,6550.00,"Transit"
"WASP-39","WASP-39 b",1,4.05529410000,0.0482800000,14.33631100,0.44836000,-0.44836000,89.31023000,10.17056000,-10.17056000,"Mass",0.167000,316.2690,0.913000,5485.00,"Transit"
"TOI-3235","TOI-3235 b",1,2.59261842000,0.0270900000,11.39953337,0.49319515,-0.49319515,211.35589065,7.94571018,-7.94571018,"Mass",0.780000,13.8883,0.393900,3388.80,"Transit"
"HD 3167","HD 3167 e",4,96.63000000000,0.3885000000,2.83000000,,,8.41000000,1.02000000,-1.02000000,"Msini",2.040000,3.5579,0.837000,5261.00,"Radial Velocity"
"55 Cnc B","55 Cnc B b",7,6.79940000000,0.0440000000,1.69000000,,,3.50000000,0.80000000,-0.80000000,"Msini",3.980000,4.0271,0.260000,3286.00,"Radial Velocity"
"WASP-94 A","WASP-94 A b",2,3.95019000000,0.0550000000,17.71022000,1.45717000,-1.45717000,158.91500000,41.31790000,-41.31790000,"Mass",0.118000,1009.3800,1.670000,6170.00,"Transit"
"WASP-69","WASP-69 b",1,3.86813881000,0.0453000000,11.21000000,0.22000000,-0.22000000,82.58000000,5.37000000,-5.37000000,"Mass",0.291000,180.5564,0.830000,4792.00,"Transit"
"KELT-7","KELT-7 b",1,2.73477000000,0.0441500000,17.93440000,0.67254000,-0.67254000,441.78370000,69.92260000,-69.92260000,"Mass",0.442000,1775.3900,1.760000,6768.00,"Transit"
"NSVS 14256825","NSVS 14256825 b",1,3225.00000000000,3.1200000000,12.30000000,,,4497.29450000,50.85280000,-50.85280000,"Msini",13.300000,9.6678,0.419000,40000.00,"Eclipse Timing Variations"
"HD 114082","HD 114082 b",1,109.75000000000,0.5109000000,11.20898070,0.33626942,-0.33626942,2542.62725600,317.82840700,-317.82840700,"Mass",9.920000,14.6733,1.470000,6651.00,"Radial Velocity"
"TIC 46432937","TIC 46432937 b",1,1.44044527000,0.0206500000,13.31626907,0.33626942,-0.33626942,1017.05090240,34.96112477,-34.96112477,"Mass",2.370000,115.1312,0.563000,3572.00,"Transit"
"2MASS J19383260+4603591","Kepler-451 c",3,1460.00000000000,,13.50000000,,,511.70373527,44.49597698,-44.49597698,"Msini",1.140000,,0.480000,29564.00,"Eclipse Timing Variations"
"TOI-2529","TOI-2529 b",1,64.59490000000,0.3270000000,11.54525012,0.56044903,-0.56044903,743.71847238,62.61219618,-61.97653937,"Mass",2.660000,70.9731,1.110000,5802.00,"Transit"
"KOI-1599","KOI-1599.01",2,20.44150000000,0.1472800000,1.90000000,0.30000000,-0.30000000,4.60000000,0.30000000,-0.30000000,"Mass",3.690000,44.8000,1.020000,5833.00,"Transit"
"Kepler-689","Kepler-689 b",1,22.36656079000,0.1449000000,2.89000000,0.35000000,-0.23000000,8.70000000,,,"M-R relationship",1.980000,35.3370,0.910000,5518.00,"Transit"
"NGC 2682 YBP 1194","NGC 2682 YBP 1194 b",1,6.95900000000,,12.30000000,,,101.70560000,9.53490000,-9.53490000,"Msini",0.300000,,1.010000,5780.00,"Radial Velocity"
"Kepler-1205","Kepler-1205 b",1,1.07839035200,0.0196000000,1.41000000,0.10000000,-0.09000000,2.57000000,,,"M-R relationship",5.040000,1038.4930,0.840000,5226.00,"Transit"
"Kepler-32","Kepler-32 f",5,0.74296000000,0.0130000000,0.82000000,0.07000000,-0.07000000,969.22800000,,,"Mass",1.500000,349.6450,0.580000,3900.00,"Transit"
"CoRoT-20","CoRoT-20 c",2,1675.00000000000,2.9000000000,12.20000000,,,5403.11000000,317.83000000,-317.83000000,"Msini",16.400000,0.1759,1.140000,5880.00,"Radial Velocity"
"HD 149026","HD 149026 b",1,2.87589000000,0.0436400000,8.29466000,0.22418000,-0.22418000,120.77540000,19.06980000,-19.06980000,"Mass",0.750000,1095.9100,1.420000,6179.00,"Radial Velocity"
"TRAPPIST-1","TRAPPIST-1 d",7,4.04921900000,0.0222700000,0.78800000,0.01100000,-0.01000000,0.38800000,0.01200000,-0.01200000,"Mass",4.366784,1.1150,0.089800,2566.00,"Transit"
"Kepler-968","Kepler-968 b",3,3.69298372800,0.0389000000,2.00000000,0.08000000,-0.08000000,4.66000000,,,"M-R relationship",3.200000,103.9090,0.760000,4598.00,"Transit"
"BD+20 594","BD+20 594 b",1,41.68550000000,0.2410000000,2.57807000,0.11209000,-0.11209000,22.24810000,9.53490000,-9.53490000,"Mass",7.890000,15.1513,1.670000,5766.00,"Transit"
"HD 73534","HD 73534 b",1,1750.00000000000,2.9900000000,13.70000000,,,353.42696000,18.75197000,-18.75197000,"Msini",0.755000,0.3721,1.160000,4917.00,"Radial Velocity"
"GJ 3988","GJ 3988 b",1,6.94420000000,0.0405000000,1.74000000,,,3.69000000,0.42000000,-0.41000000,"Msini",3.850000,2.4500,0.184200,3273.00,"Radial Velocity"
"Kepler-116","Kepler-116 b",2,5.96873400000,0.0690000000,3.42000000,0.65000000,-0.65000000,11.60000000,,,"M-R relationship",1.590000,594.4510,1.198000,6142.00,"Transit"
"Kepler-364","Kepler-364 c",2,59.98062700000,0.3120000000,2.15000000,0.42000000,-0.42000000,5.27000000,,,"M-R relationship",2.910000,22.2340,1.076000,6108.00,"Transit"
"HD 190984","HD 190984 b",1,4885.00000000000,5.5000000000,13.00000000,,,1137.82569706,381.39408840,-143.02278315,"Mass",2.850000,0.0890,0.910000,5988.00,"Radial Velocity"
"Kepler-516","Kepler-516 b",1,24.85462415000,0.1992000000,5.74000000,1.43000000,-1.16000000,27.90000000,,,"M-R relationship",0.811000,174.5800,1.620000,7099.00,"Transit"
"Kepler-119","Kepler-119 b",2,2.42208200000,0.0350000000,3.60000000,1.37000000,-1.37000000,12.60000000,,,"M-R relationship",1.480000,745.2850,0.918000,5595.00,"Transit"
"WASP-75","WASP-75 b",1,2.48419300000,0.0375000000,14.23500000,0.53800000,-0.53800000,340.06000000,15.89000000,-15.89000000,"Mass",0.690000,1657.0000,1.140000,6100.00,"Transit"
"Kepler-1518","Kepler-1518 b",2,5.11177904000,0.0593000000,3.05000000,0.92000000,-0.63000000,9.53000000,,,"M-R relationship",1.850000,1079.4580,1.540000,6846.00,"Transit"
"K2-270","K2-270 c",2,4.40002800000,0.0497000000,2.95000000,0.16000000,-0.16000000,9.01000000,,,"M-R relationship",1.930000,122.7722,0.850000,4877.00,"Transit"
"Kepler-550","Kepler-550 b",1,8.60010410900,0.0747000000,4.42000000,0.34000000,-0.27000000,17.90000000,,,"M-R relationship",1.140000,77.2580,0.870000,5322.00,"Transit"
"Kepler-763","Kepler-763 d",3,6.50327035000,0.0634000000,1.67000000,0.08000000,-0.12000000,3.43000000,,,"M-R relationship",4.050000,98.8100,0.800000,4999.00,"Transit"
"Kepler-812","Kepler-812 b",1,10.11716531000,0.1024000000,3.55000000,1.35000000,-0.68000000,12.30000000,,,"M-R relationship",1.510000,421.9170,1.450000,6761.00,"Transit"
"WASP-23","WASP-23 b",1,2.94442560000,0.0376000000,10.78300000,0.52700000,-0.62800000,280.95000000,27.96800000,-31.46400000,"Mass",1.170000,317.4314,0.780000,5150.00,"Transit"
"Kepler-686","Kepler-686 b",1,1.59474546300,0.0258000000,12.15000000,1.97000000,-1.01000000,,,,"Msini",,2132.9030,0.940000,5649.00,"Transit"
"Kepler-184","Kepler-184 b",3,10.68757600000,0.0920000000,2.36000000,1.33000000,-1.33000000,6.17000000,,,"M-R relationship",2.580000,70.3610,0.872000,5788.00,"Transit"
"Kepler-343","Kepler-343 b",2,8.96855000000,0.0880000000,2.41000000,0.51000000,-0.51000000,6.39000000,,,"M-R relationship",2.510000,206.0720,1.055000,5807.00,"Transit"
"HD 103720","HD 103720 b",1,4.55570000000,0.0498000000,14.10000000,,,197.04600000,7.94500000,-7.94500000,"Msini",0.386000,140.3478,0.794000,5017.00,"Radial Velocity"
"Kepler-1378","Kepler-1378 b",1,11.95398936000,0.0885000000,2.20000000,0.71000000,-0.14000000,5.48000000,,,"M-R relationship",2.830000,14.8670,0.700000,4407.00,"Transit"
"Kepler-229","Kepler-229 c",3,16.06863800000,0.1170000000,4.92000000,1.74000000,-1.74000000,21.50000000,,,"M-R relationship",0.992000,21.6370,0.808000,5120.00,"Transit"
"Kepler-561","Kepler-561 b",2,58.36204950000,0.2925600000,6.96000000,1.21000000,-0.61000000,38.70000000,,,"M-R relationship",0.631000,7.5650,0.960000,5646.00,"Transit"
"Kepler-1272","Kepler-1272 b",1,51.13097040000,0.2705000000,2.37000000,0.70000000,-0.32000000,6.21000000,,,"M-R relationship",2.560000,34.4330,1.060000,5926.00,"Transit"
"HD 18015","HD 18015 b",1,2278.00000000000,3.8700000000,13.10000000,,,1048.83374310,216.12331676,-130.30964687,"Mass",2.560000,0.6286,1.490000,5603.00,"Radial Velocity"
"TOI-2019","TOI-2019 b",1,15.34440000000,0.1280000000,5.33275337,0.26371361,-0.20823795,34.40000000,4.40000000,-4.40000000,"Mass",1.250000,126.0520,1.183200,5626.00,"Transit"
"Kepler-161","Kepler-161 b",2,4.92135500000,0.0540000000,2.12000000,0.14000000,-0.14000000,2.63000000,0.83000000,-0.61000000,"Mass",0.450000,123.4000,0.853000,5078.00,"Transit"
"Kepler-75","Kepler-75 b",1,8.88491160000,0.0818000000,11.77000000,0.34000000,-0.34000000,3209.90000000,127.10000000,-127.10000000,"Mass",11.000000,106.4840,0.910000,5200.00,"Transit"
"HD 30562","HD 30562 b",1,1157.00000000000,2.3400000000,13.60000000,,,467.20775829,143.02278315,-57.20911326,"Mass",1.020000,0.5147,1.120000,5882.00,"Radial Velocity"
"Kepler-292","Kepler-292 e",5,11.97901000000,0.0970000000,2.67000000,0.35000000,-0.35000000,7.61000000,,,"M-R relationship",2.200000,50.9240,0.865000,5299.00,"Transit"
"Kepler-981","Kepler-981 b",1,4.46975773600,0.0535000000,2.31000000,0.30000000,-0.18000000,5.95000000,,,"M-R relationship",2.650000,337.4710,0.980000,5718.00,"Transit"
"Kepler-176","Kepler-176 b",4,5.43307400000,0.0580000000,1.43000000,0.73000000,-0.73000000,290.53700000,,,"Mass",179.000000,123.8020,0.860000,5232.00,"Transit"
"Kepler-726","Kepler-726 b",1,21.80451088000,0.1406000000,3.26000000,0.32000000,-0.35000000,10.70000000,,,"M-R relationship",1.700000,25.2960,0.880000,5452.00,"Transit"
"Kepler-594","Kepler-594 b",1,13.64618192000,0.1089000000,2.18000000,0.22000000,-0.15000000,5.39000000,,,"M-R relationship",2.860000,59.3960,0.910000,5485.00,"Transit"
"HD 180617","HD 180617 b",1,105.91100000000,0.3430000000,3.53000000,,,12.21400000,1.05000000,-1.05000000,"Msini",1.530000,0.2751,0.484000,3534.00,"Radial Velocity"
"Kepler-238","Kepler-238 d",5,13.23354900000,0.1150000000,3.07000000,0.57000000,-0.57000000,23.10000000,7.90000000,-6.10000000,"Mass",2.950000,213.4800,1.229000,5751.00,"Transit"
"HD 142022 A","HD 142022 A b",1,1928.00000000000,2.9300000000,12.90000000,,,1433.40611557,289.22385037,-193.87532827,"Mass",3.670000,0.1176,0.900000,5421.00,"Radial Velocity"
"Kepler-404","Kepler-404 c",2,14.75116600000,0.1180000000,1.72000000,0.85000000,-0.85000000,3.61000000,,,"M-R relationship",3.900000,33.1530,0.860000,5654.00,"Transit"
"Ross 128","Ross 128 b",1,9.86580000000,0.0496000000,1.11000000,,,1.40000000,0.21000000,-0.21000000,"Msini",5.630000,1.3800,0.168000,3192.00,"Radial Velocity"
"Kepler-1936","Kepler-1936 b",1,126.55699920000,0.5266200000,3.16615594,,,10.20000000,,,"M-R relationship",1.770000,9.4000,1.419000,6501.00,"Transit"
"HD 216435","HD 216435 b",1,1311.00000000000,2.5600000000,13.70000000,,,400.40000000,41.30000000,-41.30000000,"Msini",0.856000,0.5501,1.300000,5999.00,"Radial Velocity"
"Kepler-1211","Kepler-1211 b",1,11.01816836000,0.0976300000,2.55000000,0.42000000,-0.41000000,7.04000000,,,"M-R relationship",2.330000,130.9000,0.960000,5705.00,"Transit"
"Kepler-224","Kepler-224 e",4,18.64357700000,0.1240000000,1.97000000,0.15000000,-0.15000000,4.54000000,,,"M-R relationship",3.260000,18.7320,0.777000,5018.00,"Transit"
"TIC 445839811","TIC 445839811 b",1,11.10862603180,,2.47771211,0.39704670,-0.37972982,6.70000000,,,"M-R relationship",2.420000,,0.950000,5408.25,"Transit"
"Kepler-1759","Kepler-1759 b",1,3.72023010300,0.0429000000,0.90377910,,,0.67600000,,,"M-R relationship",5.030000,195.7000,0.760000,5017.00,"Transit"
"Kepler-1215","Kepler-1215 b",1,4.76703963000,0.0528000000,1.22000000,0.18000000,-0.12000000,1.98000000,,,"M-R relationship",5.990000,253.9640,0.950000,5616.00,"Transit"
"HIP 14810","HIP 14810 d",3,981.80000000000,1.9400000000,14.10000000,,,187.51970000,31.78300000,-31.78300000,"Msini",0.368000,0.2597,1.010000,5544.00,"Radial Velocity"
"Kepler-716","Kepler-716 b",2,10.37168453000,0.0862800000,2.90000000,0.35000000,-0.17000000,8.75000000,,,"M-R relationship",1.970000,42.4930,0.830000,5099.00,"Transit"
"HAT-P-4","HAT-P-4 b",1,3.05653600000,0.0443800000,14.28000000,0.54900000,-0.67300000,213.25500000,10.48800000,-13.98400000,"Mass",0.403000,1438.0000,1.248000,5860.00,"Transit"
"TOI-1691","TOI-1691 b",1,16.73688893500,0.1293650000,3.66000000,0.23600000,-0.20700000,14.60000000,5.40000000,-5.30000000,"Mass",1.760000,59.1300,1.030000,5759.00,"Transit"
"Kepler-1045","Kepler-1045 b",1,26.41045478000,0.1616000000,2.69000000,0.21000000,-0.16000000,7.70000000,,,"M-R relationship",2.170000,19.1270,0.860000,5301.00,"Transit"
"HD 158259","HD 158259 c",5,3.43200000000,,2.23000000,,,5.60000000,0.60000000,-0.59000000,"Msini",2.770000,,1.080000,5801.89,"Radial Velocity"
"WASP-144","WASP-144 b",1,2.27831520000,0.0316000000,9.52765000,0.56045000,-0.56045000,139.84520000,19.06980000,-19.06980000,"Mass",0.950000,775.8849,0.810000,5200.00,"Transit"
"TIC 139702105","TIC 139702105 b",1,6.83601903383,,2.45316949,0.29500474,-0.24622913,6.59000000,,,"M-R relationship",2.450000,,0.900000,5742.35,"Transit"
"HATS-68","HATS-68 b",1,3.58622020000,0.0507100000,13.80948800,0.43715100,-0.32506100,410.00070000,18.75197000,-18.75197000,"Mass",0.856000,1521.0000,1.351000,6147.00,"Transit"
"Kepler-170","Kepler-170 b",2,7.93059200000,0.0800000000,3.20000000,0.22000000,-0.22000000,82.60000000,67.50000000,-62.40000000,"Mass",13.900000,136.5220,1.066000,5679.00,"Transit"
"WASP-88","WASP-88 b",1,4.95400000000,0.0643100000,16.36514000,2.35389000,-2.35389000,133.48860000,44.49620000,-44.49620000,"Mass",0.141000,1489.5543,0.940000,6430.00,"Transit"
"Kepler-357","Kepler-357 c",3,16.85837000000,0.1200000000,2.67000000,1.57000000,-1.57000000,7.61000000,,,"M-R relationship",2.200000,19.4040,0.794000,5036.00,"Transit"
"Kepler-312","Kepler-312 c",2,19.74741200000,0.1530000000,3.15000000,0.61000000,-0.61000000,10.10000000,,,"M-R relationship",1.780000,165.8240,1.314000,6115.00,"Transit"
"Kepler-744","Kepler-744 b",1,12.06222443000,0.0973500000,1.62000000,0.12000000,-0.09000000,3.26000000,,,"M-R relationship",4.210000,62.9550,0.940000,5594.00,"Transit"
"TIC 437041147","TIC 437041147 b",1,3.82301421497,,2.21526814,0.32466894,-0.29917369,5.54000000,,,"M-R relationship",2.800000,,0.931000,5224.36,"Transit"
"Kepler-1167","Kepler-1167 b",1,1.00393373900,0.0175000000,1.71000000,0.12000000,-0.12000000,3.57000000,,,"M-R relationship",3.920000,1039.6970,0.790000,4971.00,"Transit"
"Kepler-1987","Kepler-1987 b",4,2.34586300200,0.0318000000,1.23000000,0.11000000,-0.09000000,2.04000000,,,"M-R relationship",6.020000,233.3800,0.799000,4769.00,"Transit"
"Kepler-28","Kepler-28 c",2,8.99000000000,0.0751900000,1.85700000,0.04200000,-0.04200000,2.06000000,0.70000000,-0.52000000,"Mass",1.764357,35.8980,0.684000,4499.30,"Transit"
"Kepler-173","Kepler-173 c",2,8.00577700000,0.0740000000,2.43000000,1.21000000,-1.21000000,6.48000000,,,"M-R relationship",2.480000,258.4180,1.067000,6031.00,"Transit"
"GJ 676 A","GJ 676 A b",4,1051.44521000000,1.7350000000,12.80000000,,,1840.86213334,149.06152288,-151.60415014,"Mass",4.820000,0.0301,0.626000,3734.00,"Radial Velocity"
"Kepler-127","Kepler-127 c",3,29.39319500000,0.2000000000,2.66000000,0.14000000,-0.14000000,7.56000000,,,"M-R relationship",2.210000,61.6880,1.248000,6106.00,"Transit"
"TOI-2458","TOI-2458 c",2,16.55300000000,0.1290000000,3.18000000,,,10.22000000,1.71000000,-1.90000000,"Msini",1.750000,131.8551,1.050000,6005.00,"Radial Velocity"
"HD 22532","HD 22532 b",1,872.60000000000,1.9000000000,13.40000000,,,673.79622284,28.60455663,-28.60455663,"Msini",1.540000,5.2078,1.570000,5038.00,"Radial Velocity"
"HD 115404 A","HD 115404 A b",2,10.49488000000,0.0880000000,6.09000000,,,30.82935548,6.35656814,-6.99222495,"Msini",0.750000,39.0242,0.830000,5019.17,"Radial Velocity"
"Kepler-661","Kepler-661 b",1,6.02930132100,0.0585000000,3.07000000,0.12000000,-0.21000000,9.64000000,,,"M-R relationship",1.830000,45.5280,0.700000,4483.00,"Transit"
"Kepler-381","Kepler-381 d",3,8.25629997300,0.0836400000,1.06678650,,,1.23000000,,,"M-R relationship",5.570000,436.7000,1.198000,6197.00,"Transit"
"Kepler-1739","Kepler-1739 b",1,7.34370994600,0.0697000000,2.43056832,,,6.48000000,,,"M-R relationship",2.480000,117.5000,0.865000,5757.00,"Transit"
"Kepler-1254","Kepler-1254 d",3,5.72717226000,0.0575000000,1.31000000,0.09000000,-0.11000000,2.27000000,,,"M-R relationship",5.550000,71.3100,0.780000,4985.00,"Transit"
"K2-45","K2-45 b",1,1.72926840000,0.0224000000,6.71000000,0.00000000,0.00000000,36.40000000,,,"M-R relationship",0.662000,100.0000,0.503000,4103.00,"Transit"
"XO-2 S","XO-2 S b",4,18.22000000000,0.1347000000,10.90000000,,,82.63538582,3.17828407,-3.17828407,"Msini",0.351000,41.5190,0.980000,5325.00,"Radial Velocity"
"OGLE-TR-56","OGLE-TR-56 b",1,1.21191890000,0.0238300000,15.27800000,1.03100000,-1.00900000,441.77000000,57.21000000,-54.03000000,"Mass",0.680000,3942.3204,1.228000,6050.00,"Transit"
"91 Aqr","91 Aqr b",1,181.40000000000,0.7000000000,13.10000000,,,1017.00000000,,,"Msini",2.490000,100.5060,1.400000,4665.00,"Radial Velocity"
"K2-405","K2-405 b",1,3.43547100000,,4.56900000,0.08500000,-0.12300000,18.90000000,,,"M-R relationship",1.090000,146.5770,1.034000,4927.00,"Transit"
"HD 109246","HD 109246 b",1,68.27000000000,0.3300000000,13.90000000,,,273.33380000,79.45750000,-79.45750000,"Msini",0.559000,11.5680,1.200000,5844.00,"Radial Velocity"
"TOI-4515","TOI-4515 b",1,15.26644600000,0.1180000000,12.17000000,0.43000000,-0.43000000,637.00000000,17.00000000,-17.00000000,"Mass",1.941000,42.2987,0.949000,5433.00,"Transit"
"Oph 11","Oph 11 b",1,7300000.00000000000,243.0000000000,12.30000000,,,4449.62000000,1906.98000000,-1589.15000000,"Mass",13.100000,0.0000,0.016000,2375.00,"Imaging"
"Kepler-96","Kepler-96 b",1,16.23850000000,0.1261000000,2.67000000,0.22000000,-0.22000000,8.46000000,3.40000000,-3.40000000,"Mass",2.260000,57.5240,1.000000,5690.00,"Transit"
"Kepler-180","Kepler-180 b",2,13.81712400000,0.1090000000,1.50000000,0.67000000,-0.67000000,2.86000000,,,"M-R relationship",4.660000,72.1190,0.950000,5731.00,"Transit"
"NGTS-6","NGTS-6 b",1,0.88205900000,0.0167700000,14.86313400,1.08727300,-1.25540800,425.57437000,8.89924000,-8.89924000,"Mass",0.711000,983.4246,0.767000,4730.00,"Transit"
"Kepler-1756","Kepler-1756 b",1,2.35575008400,0.0319000000,1.47199944,,,2.77000000,,,"M-R relationship",4.770000,338.4000,0.781000,4915.00,"Transit"
"Kepler-1064","Kepler-1064 b",1,16.54080322000,0.1183000000,1.55000000,0.07000000,-0.05000000,3.02000000,,,"M-R relationship",4.460000,24.8700,0.850000,5153.00,"Transit"
"NN Ser","NN Ser d",2,2880.00000000000,3.3900000000,13.30000000,,,724.62200000,120.77000000,-120.77000000,"Mass",1.690000,,0.535000,57000.00,"Eclipse Timing Variations"
"Kepler-1146","Kepler-1146 b",1,2.35226579700,0.0325000000,1.23000000,0.10000000,-0.08000000,2.04000000,,,"M-R relationship",6.020000,227.9620,0.740000,4692.00,"Transit"
"Kepler-667","Kepler-667 b",1,41.43962808000,0.2288000000,4.73000000,0.39000000,-0.28000000,20.10000000,,,"M-R relationship",1.040000,71.8170,0.910000,5327.00,"Transit"
"Kepler-772","Kepler-772 b",1,12.99207337000,0.1115300000,1.82000000,0.37000000,-0.24000000,3.97000000,,,"M-R relationship",3.620000,264.5760,0.980000,5714.00,"Transit"
"HD 93385","HD 93385 d",3,45.85000000000,0.2565000000,2.89000000,,,8.70000000,0.90000000,-0.90000000,"Msini",1.980000,24.4710,1.040000,5977.00,"Radial Velocity"
"Kepler-1921","Kepler-1921 c",2,3.15722086000,0.0454000000,1.41000000,0.33000000,-0.57000000,2.57000000,,,"M-R relationship",5.040000,2436.4700,1.251000,6120.00,"Transit"
"K2-390","K2-390 b",1,3.31279200000,,4.66200000,0.31300000,-0.34300000,19.60000000,,,"M-R relationship",1.060000,260.9650,0.789000,5558.00,"Transit"
"K2-369","K2-369 b",1,5.76161200000,,1.31300000,0.10100000,-0.09500000,2.28000000,,,"M-R relationship",5.530000,,0.735000,5682.00,"Transit"
"Kepler-1056","Kepler-1056 b",1,27.49560600000,0.1629000000,3.01000000,1.33000000,-0.60000000,9.32000000,,,"M-R relationship",1.880000,56.9100,1.120000,6127.00,"Transit"
"Kepler-1554","Kepler-1554 b",1,198.08877400000,0.5952700000,2.90000000,0.23000000,-0.27000000,8.75000000,,,"M-R relationship",1.970000,1.0140,0.840000,5297.00,"Transit"
"Kepler-234","Kepler-234 c",2,7.21205000000,0.0770000000,3.51000000,1.56000000,-1.56000000,12.10000000,,,"M-R relationship",1.540000,273.3040,1.129000,6224.00,"Transit"
"WASP-13","WASP-13 b",1,4.35301000000,0.0536200000,13.67498000,1.56926000,-1.56926000,114.41880000,28.60470000,-28.60470000,"Mass",0.222000,617.3090,0.720000,5950.00,"Transit"
"Kepler-1963","Kepler-1963 b",1,1.96226000800,0.0291500000,0.74437023,,,0.33700000,,,"M-R relationship",4.490000,612.3000,0.915000,5726.00,"Transit"
"NGTS-33","NGTS-33 b",1,2.82797200000,0.0480000000,18.38272835,0.78462865,-0.78462865,1153.71711741,85.81366989,-85.81366989,"Mass",0.190000,2620.0000,1.600000,7437.00,"Transit"
"Kepler-310","Kepler-310 d",3,92.87612500000,0.3920000000,2.47000000,1.15000000,-1.15000000,7.00000000,3.40000000,-4.10000000,"Mass",3.300000,3.6640,0.854000,5797.00,"Transit"
"Kepler-161","Kepler-161 c",2,7.06424000000,0.0680000000,2.05000000,0.15000000,-0.15000000,3.61000000,0.78000000,-1.19000000,"Mass",1.310000,76.2010,0.853000,5078.00,"Transit"
"Kepler-1169","Kepler-1169 b",1,6.11009134000,0.0693100000,0.94000000,0.06000000,-0.06000000,0.77900000,,,"M-R relationship",5.150000,348.0460,1.240000,6191.00,"Transit"
"Kepler-879","Kepler-879 c",2,0.64671600000,,0.40000000,0.10000000,-0.10000000,0.03640000,,,"M-R relationship",3.130000,,0.974000,5456.75,"Transit"
"Kepler-784","Kepler-784 c",2,17.15723600000,0.1309000000,1.55000000,0.24000000,-0.36000000,3.02000000,,,"M-R relationship",4.460000,119.8700,1.016000,5676.00,"Transit"
"Kepler-149","Kepler-149 c",3,55.32832800000,0.2810000000,1.61000000,0.24000000,-0.24000000,3.22000000,,,"M-R relationship",4.240000,10.0840,1.013000,5381.00,"Transit"
"Kepler-1458","Kepler-1458 b",1,47.98727640000,0.2486900000,2.76000000,0.42000000,-0.21000000,8.05000000,,,"M-R relationship",2.100000,8.2930,0.960000,5653.00,"Transit"
"Kepler-1935","Kepler-1935 b",1,3.95140004200,0.0463000000,2.50271696,,,6.82000000,,,"M-R relationship",2.390000,324.7800,0.845000,5570.00,"Transit"
"Kepler-920","Kepler-920 c",2,100.82741130000,0.4029000000,3.80000000,0.58000000,-0.28000000,13.80000000,,,"M-R relationship",1.380000,3.9860,0.890000,5403.00,"Transit"
"Kepler-1864","Kepler-1864 b",1,3.88151001900,0.0490000000,0.75408365,,,0.35300000,,,"M-R relationship",4.520000,427.6000,1.030000,5854.00,"Transit"
"K2-110","K2-110 b",1,13.86375000000,0.1020700000,2.59200000,0.09800000,-0.09700000,15.90000000,2.70000000,-2.70000000,"Mass",5.020000,27.7000,0.738000,5010.00,"Transit"
"Kepler-1110","Kepler-1110 b",1,9.69312032000,0.0754000000,2.66000000,0.38000000,-0.26000000,7.56000000,,,"M-R relationship",2.210000,43.1360,0.730000,4781.00,"Transit"
"Kepler-960","Kepler-960 b",1,3.12686223000,0.0380700000,2.29000000,0.07000000,-0.25000000,5.86000000,,,"M-R relationship",2.680000,129.2230,0.770000,4755.00,"Transit"
"Kepler-348","Kepler-348 b",2,7.05677000000,0.0760000000,1.52000000,0.29000000,-0.29000000,2.92000000,,,"M-R relationship",4.570000,438.9420,1.189000,6177.00,"Transit"
"Kepler-1533","Kepler-1533 b",1,308.54710000000,0.9341600000,3.46000000,1.49000000,-0.68000000,11.80000000,,,"M-R relationship",1.570000,4.7860,1.310000,6431.00,"Transit"
"Kepler-129","Kepler-129 c",3,82.20000000000,0.3900000000,2.52000000,0.07000000,-0.07000000,43.00000000,13.00000000,-12.00000000,"Mass",14.800000,17.5540,1.178000,5770.00,"Transit"
"HD 80653","K2-312 c",2,921.20000000000,1.9610000000,12.80000000,,,1719.45168187,165.27077164,-139.84449908,"Msini",4.510000,0.4519,1.180000,5959.00,"Radial Velocity"
"Kepler-880","Kepler-880 b",2,7.71468975000,0.0915000000,2.66000000,1.05000000,-0.44000000,7.56000000,,,"M-R relationship",2.210000,586.1690,1.460000,6761.00,"Transit"
"Kepler-1189","Kepler-1189 b",1,3.78858982000,0.0467000000,1.77000000,0.52000000,-0.48000000,3.78000000,,,"M-R relationship",3.750000,449.9360,1.110000,6012.00,"Transit"
"TIC 62895484","TIC 62895484 b",1,2.83985434327,,3.49391667,0.34644116,-0.29602076,12.00000000,,,"M-R relationship",1.550000,,0.980000,5520.79,"Transit"
"Kepler-313","Kepler-313 c",2,32.27327300000,0.2080000000,2.57000000,0.42000000,-0.42000000,7.13000000,,,"M-R relationship",2.310000,51.1000,1.114000,5727.00,"Transit"
"TOI-4342","TOI-4342 c",2,10.68866200000,0.0804000000,2.34900000,0.09400000,-0.09200000,4.80000000,1.40000000,-1.40000000,"Mass",2.010000,11.6000,0.587000,3866.00,"Transit"
"HD 20003","HD 20003 b",2,11.84820000000,0.0974000000,3.43000000,,,11.66000000,1.04000000,-1.06000000,"Msini",1.590000,75.8952,0.875000,5494.00,"Radial Velocity"
"OGLE-TR-182","OGLE-TR-182 b",1,3.97910000000,0.0510000000,12.66600000,2.69000000,-0.89700000,320.99500000,47.67200000,-47.67200000,"Mass",0.410000,669.0373,1.140000,5924.00,"Transit"
"Kepler-1374","Kepler-1374 b",1,10.65276707000,0.0918000000,2.29000000,0.20000000,-0.18000000,5.86000000,,,"M-R relationship",2.680000,59.7890,0.850000,5323.00,"Transit"
"Kepler-215","Kepler-215 e",4,68.16101000000,0.3140000000,1.75000000,0.41000000,-0.41000000,3.71000000,,,"M-R relationship",3.800000,7.4440,0.788000,5739.00,"Transit"
"Kepler-1942","Kepler-1942 b",1,4.62604999500,0.0516000000,2.11702870,,,5.13000000,,,"M-R relationship",2.970000,247.3400,0.852000,5834.00,"Transit"
"Kepler-417","Kepler-417 b",2,12.33100000000,0.1006000000,2.31000000,0.86000000,-0.17000000,11.00000000,9.30000000,-7.90000000,"Mass",4.900000,43.6240,0.900000,5177.00,"Transit Timing Variations"
"Kepler-193","Kepler-193 b",2,11.38848000000,0.1060000000,2.39000000,1.08000000,-1.08000000,6.30000000,,,"M-R relationship",2.540000,117.3030,1.051000,6335.00,"Transit"
"GJ 9773","GJ 9773 b",1,2965.00000000000,2.9210000000,14.20000000,,,172.58082500,5.08525451,-5.08525451,"Msini",0.331000,0.0021,0.358000,3528.00,"Radial Velocity"
"Kepler-549","Kepler-549 c",3,117.04049800000,0.4533200000,2.93000000,0.25000000,-0.59000000,8.91000000,,,"M-R relationship",1.950000,2.5100,0.880000,5360.00,"Transit"
"Kepler-327","Kepler-327 c",3,5.21233300000,0.0470000000,1.03000000,0.05000000,-0.05000000,20.30000000,27.10000000,-17.70000000,"Mass",102.000000,28.2720,0.591913,3799.00,"Transit"
"NGTS-27","NGTS-27 b",1,3.37041810000,0.0446000000,15.64773706,0.42594127,-0.39231432,188.47224535,30.19369866,-22.88364530,"Mass",0.266000,1680.0000,1.070000,5700.00,"Transit"
"Kepler-1600","Kepler-1600 b",2,386.37054800000,0.9814100000,3.13000000,0.28000000,-0.17000000,9.96000000,,,"M-R relationship",1.780000,0.4000,0.860000,5214.00,"Transit"
"HD 24064","HD 24064 b",1,535.59998000000,1.2900000000,12.30000000,,,4096.82870000,918.52870000,-918.52870000,"Msini",12.100000,211.3995,1.610000,4052.00,"Radial Velocity"
"GJ 251","GJ 251 b",2,14.23700000000,0.0808000000,1.79000000,,,3.85000000,0.35000000,-0.33000000,"Msini",3.690000,2.3700,0.350000,3342.00,"Radial Velocity"
"Kepler-340","Kepler-340 b",2,14.84438700000,0.1340000000,2.53000000,0.60000000,-0.60000000,6.94000000,,,"M-R relationship",2.350000,274.3180,1.650000,6620.00,"Transit"
"Kepler-299","Kepler-299 b",4,2.92712800000,0.0400000000,1.32000000,0.27000000,-0.27000000,2.30000000,,,"M-R relationship",5.500000,622.0670,1.004000,5617.00,"Transit"
"Kepler-228","Kepler-228 d",3,11.09428600000,0.1010000000,4.04000000,1.85000000,-1.85000000,15.40000000,,,"M-R relationship",1.280000,122.7780,1.006000,6043.00,"Transit"
"HD 96992","HD 96992 b",1,514.00000000000,1.2400000000,13.70000000,,,362.32620000,98.52730000,-98.52730000,"Msini",0.774000,19.1936,0.960000,4725.00,"Radial Velocity"
"Kepler-1419","Kepler-1419 b",1,42.52158950000,0.2391000000,2.86000000,0.66000000,-0.29000000,8.55000000,,,"M-R relationship",2.010000,21.2430,1.010000,5796.00,"Transit"
"KOI-142","KOI-142 c",3,22.26492000000,0.1541210030,14.00000000,,,214.10000000,5.20000000,-5.20000000,"Mass",0.429000,28.7874,0.990000,5466.00,"Transit Timing Variations"
"HD 33844","HD 33844 c",2,916.00000000000,2.2400000000,13.50000000,,,556.20250000,57.20940000,-57.20940000,"Msini",1.240000,2.8101,1.780000,4861.00,"Radial Velocity"
"DP Leo","DP Leo b",1,10220.00000000000,8.1900000000,12.70000000,,,1995.88832000,184.33363000,-184.33363000,"Mass",5.350000,0.0001,0.690000,13500.00,"Eclipse Timing Variations"
"Kepler-235","Kepler-235 d",4,20.06054800000,0.1220000000,2.05000000,0.10000000,-0.10000000,4.86000000,,,"M-R relationship",3.100000,4.0300,0.581000,4255.00,"Transit"
"Kepler-202","Kepler-202 b",2,4.06942700000,0.0450000000,1.63000000,0.10000000,-0.10000000,3.29000000,,,"M-R relationship",4.170000,108.5040,0.683000,4668.00,"Transit"
"Kepler-1624","Kepler-1624 b",1,3.29031400000,0.0327000000,6.59000000,0.17000000,-0.17000000,35.30000000,,,"M-R relationship",0.678000,6.0100,0.541000,3768.00,"Transit"
"K2-271","K2-271 b",1,8.56242100000,0.0770000000,7.28000000,0.23000000,-0.23000000,41.80000000,,,"M-R relationship",0.595000,133.8067,0.830000,5644.00,"Transit"
"Kepler-1752","Kepler-1752 b",1,56.35850143000,0.2698000000,4.54060463,,,18.70000000,,,"M-R relationship",1.100000,7.2900,0.824000,5446.00,"Transit"
"Kepler-1289","Kepler-1289 b",1,7.99019627000,0.0785000000,1.52000000,0.49000000,-0.24000000,2.92000000,,,"M-R relationship",4.570000,223.4420,1.100000,6080.00,"Transit"
"Kepler-963","Kepler-963 c",2,0.91978300000,,0.60000000,0.20000000,-0.20000000,0.15600000,,,"M-R relationship",3.970000,,0.821000,5169.47,"Transit"
"K2-415","K2-415 b",1,4.01796940000,0.0270000000,1.01500000,0.05100000,-0.00510000,7.50000000,,,"Mass",,4.8200,0.163500,3173.00,"Transit"
"Kepler-1007","Kepler-1007 b",1,5.18500207300,0.0480000000,1.44000000,0.07000000,-0.07000000,2.67000000,,,"M-R relationship",4.910000,42.6200,0.730000,4587.00,"Transit"
"HD 12661","HD 12661 b",2,262.70862000000,0.8400000000,13.30000000,,,772.32690000,44.49620000,-44.49620000,"Msini",1.800000,1.9237,1.200000,5645.00,"Radial Velocity"
"K2-75","K2-75 b",2,7.81420000000,0.0810000000,2.67000000,0.32000000,-0.32000000,7.61000000,,,"M-R relationship",2.200000,430.0000,1.160000,5995.00,"Transit"
"HD 180314","HD 180314 b",1,394.73000000000,1.4480000000,12.00000000,,,7216.92963775,80.09275856,-81.04624379,"Msini",22.900000,20.9853,2.600000,4917.00,"Radial Velocity"
"Kepler-551","Kepler-551 b",1,12.37646610000,0.0893000000,2.73000000,0.25000000,-0.15000000,7.90000000,,,"M-R relationship",2.130000,14.3860,0.650000,4286.00,"Transit"
"Kepler-181","Kepler-181 c",2,4.30214900000,0.0490000000,1.99000000,0.98000000,-0.98000000,4.62000000,,,"M-R relationship",3.220000,168.1880,0.810000,5333.00,"Transit"
"TOI-3664","TOI-3664 b",1,3.29748390000,0.0431000000,13.69737442,0.33626942,-0.33626942,114.41822652,38.13940884,-38.13940884,"Mass",0.248000,349.5440,0.980000,5593.00,"Transit"
"Kepler-268","Kepler-268 c",2,83.44639300000,0.3910000000,3.38000000,0.69000000,-0.69000000,11.40000000,,,"M-R relationship",1.620000,13.6620,1.109000,6081.00,"Transit"
"K2-268","K2-268 b",5,2.15167600000,0.0308000000,1.50000000,0.12000000,-0.07000000,2.86000000,,,"M-R relationship",4.660000,392.1704,0.840000,5106.00,"Transit"
"Kepler-924","Kepler-924 b",1,61.03701170000,0.3131800000,3.07000000,1.11000000,-0.61000000,9.64000000,,,"M-R relationship",1.830000,19.9970,1.140000,6167.00,"Transit"
"Kepler-1186","Kepler-1186 b",1,16.07677615000,0.1281000000,2.23000000,0.36000000,-0.22000000,5.60000000,,,"M-R relationship",2.770000,85.3850,0.950000,5635.00,"Transit"
"Kepler-1492","Kepler-1492 b",1,16.75255007000,0.1262000000,1.49000000,0.28000000,-0.16000000,2.83000000,,,"M-R relationship",4.700000,11.5230,0.770000,4712.00,"Transit"
"EPIC 206317286","EPIC 206317286 c",2,17.51547200000,,2.09400000,0.17600000,-0.16000000,5.03000000,,,"M-R relationship",3.010000,,0.832000,4752.00,"Transit"
"Kepler-1986","Kepler-1986 b",1,19.54896660000,0.1307000000,1.89000000,0.35000000,-0.15000000,4.23000000,,,"M-R relationship",3.440000,26.6200,0.776000,5549.00,"Transit"
"Kepler-1448","Kepler-1448 b",1,12.27065865000,0.1058000000,1.61000000,0.21000000,-0.16000000,3.22000000,,,"M-R relationship",4.240000,86.6450,0.950000,5774.00,"Transit"
"Kepler-465","Kepler-465 b",1,9.94067246600,0.0919500000,2.95000000,0.25000000,-0.16000000,9.01000000,,,"M-R relationship",1.930000,227.8200,1.230000,6310.00,"Transit"
"Kepler-953","Kepler-953 c",2,9.10967112000,0.0862000000,1.19000000,0.11000000,-0.09000000,1.81000000,,,"M-R relationship",5.900000,121.0400,0.950000,5416.00,"Transit"
"HD 150010","HD 150010 b",1,562.00000000000,1.4000000000,13.30000000,,,762.78817680,127.13136280,-127.13136280,"Msini",1.780000,48.9796,1.300000,4153.00,"Radial Velocity"
"Kepler-92","Kepler-92 c",3,26.72300000000,0.1905400000,2.60000000,0.08000000,-0.08000000,6.10000000,1.80000000,-1.80000000,"Mass",4.747125,106.2070,1.210000,5883.00,"Transit"
"EPIC 248847494","EPIC 248847494 b",1,3650.00000000000,4.5000000000,12.44199000,0.78463000,-0.78463000,4131.79000000,,,"Mass",,0.1900,0.900000,4898.00,"Transit"
"Kepler-1636","Kepler-1636 b",1,425.47785000000,1.1219100000,3.23000000,0.76000000,-0.35000000,10.50000000,,,"M-R relationship",1.710000,1.2170,1.010000,5797.00,"Transit"
"Kepler-1822","Kepler-1822 b",1,22.13339996000,0.1416000000,2.64755943,,,7.50000000,,,"M-R relationship",2.220000,15.6500,0.782000,5165.00,"Transit"
"Kepler-164","Kepler-164 c",4,10.94572300000,0.0970000000,2.73000000,0.52000000,-0.52000000,7.90000000,,,"M-R relationship",2.130000,131.4870,1.036000,5888.00,"Transit"
"HD 95872","HD 95872 b",1,4375.00000000000,5.1500000000,13.00000000,,,1188.68420000,295.58190000,-295.58190000,"Msini",2.970000,0.0216,0.700000,5312.00,"Radial Velocity"
"K2-100","K2-100 b",1,1.67390350000,0.0301000000,3.88000000,0.16000000,-0.16000000,21.80000000,6.20000000,-6.20000000,"Mass",2.040000,1915.0000,1.150000,5945.00,"Transit"
"K2-80","K2-80 b",3,19.09180000000,0.1350000000,2.01000000,0.30000000,-0.30000000,4.70000000,,,"M-R relationship",3.180000,32.5000,0.900000,5441.00,"Transit"
"Kepler-649","Kepler-649 b",1,29.90722674000,0.1752200000,2.26000000,0.14000000,-0.12000000,5.73000000,,,"M-R relationship",2.730000,25.1470,0.970000,5871.00,"Transit"
"Kepler-1002","Kepler-1002 b",1,4.33642933100,0.0564000000,1.71000000,0.06000000,-0.05000000,3.57000000,,,"M-R relationship",3.920000,981.6800,1.220000,6144.00,"Transit"
"Kepler-246","Kepler-246 c",2,11.18716100000,0.0950000000,1.50000000,0.76000000,-0.76000000,2.86000000,,,"M-R relationship",4.660000,43.2080,0.853000,5206.00,"Transit"
"GJ 1132","GJ 1132 c",2,8.92900000000,0.0476000000,1.52000000,,,2.91000000,0.27000000,-0.27000000,"Msini",4.550000,2.1053,0.198000,3090.00,"Radial Velocity"
"WASP-164","WASP-164 b",1,1.77712550000,0.0281800000,12.64375200,0.45956900,-0.48198700,676.97790000,38.13960000,-41.31790000,"Mass",1.960000,1043.2122,0.946000,5806.00,"Transit"
"HD 195019","HD 195019 b",1,18.20132000000,0.1400000000,13.00000000,,,1264.96340000,54.03110000,-54.03110000,"Msini",3.160000,109.8620,1.210000,5751.00,"Radial Velocity"
"Kepler-424","Kepler-424 c",2,223.30000000000,0.7300000000,12.70000000,,,2215.18000000,197.05000000,-197.05000000,"Msini",5.940000,1.3285,1.010000,5460.00,"Radial Velocity"
"Kepler-1473","Kepler-1473 b",1,14.42735510000,0.1160600000,1.19000000,0.09000000,-0.08000000,1.81000000,,,"M-R relationship",5.900000,111.0110,1.090000,6046.00,"Transit"
"Kepler-384","Kepler-384 c",2,45.34826900000,0.2360000000,1.13000000,0.33000000,-0.33000000,1.51000000,,,"M-R relationship",5.750000,40.0990,0.882000,5577.00,"Transit"
"Kepler-191","Kepler-191 b",3,9.93963200000,0.0870000000,1.34000000,0.66000000,-0.66000000,2.36000000,,,"M-R relationship",5.390000,50.2000,0.857000,5282.00,"Transit"
"TOI-270","TOI-270 b",3,3.35992000000,0.0319700000,1.28000000,0.05000000,-0.04000000,1.48000000,0.18000000,-0.18000000,"Mass",3.890000,131.7935,0.386000,3506.00,"Transit"
"GJ 357","GJ 357 d",3,55.66100000000,0.2040000000,2.34000000,,,6.10000000,1.00000000,-1.00000000,"Msini",2.620000,0.3800,0.342000,3505.00,"Radial Velocity"
"V1298 Tau","V1298 Tau c",4,8.24916400000,0.0824000000,5.08000000,0.37000000,-0.37000000,4.70000000,0.60000000,-0.60000000,"Mass",0.200000,146.0000,1.100000,4970.00,"Transit"
"HATS-48 A","HATS-48 A b",1,3.13166660000,0.0376900000,8.96720000,0.16813500,-0.16813500,77.23269000,6.99226000,-9.53490000,"Mass",0.589000,137.6000,0.727900,4546.00,"Transit"
"TOI-1130","TOI-1130 b",2,4.07455400000,0.0453000000,3.66000000,0.03000000,-0.04000000,19.80000000,0.20000000,-0.30000000,"Mass",2.230000,78.1000,0.745000,4360.00,"Transit"
"NGTS-8","NGTS-8 b",1,2.49970000000,0.0350000000,12.21781000,0.33627000,-0.33627000,295.58190000,12.71320000,-9.53490000,"Mass",0.890000,503.0000,0.890000,5241.00,"Transit"
"HD 307842","TOI-784 b",1,2.79703650000,0.0380000000,1.93000000,0.11000000,-0.09000000,9.67000000,0.83000000,-0.82000000,"Mass",7.400000,413.8940,0.910000,5558.00,"Transit"
"EPIC 228836835","EPIC 228836835 b",1,0.72811300000,,1.10000000,0.30000000,-0.20000000,1.37000000,,,"M-R relationship",5.660000,,0.418179,3782.00,"Transit"
"Kepler-1685","Kepler-1685 b",1,20.49050000000,0.1485000000,2.57673985,,,7.16000000,,,"M-R relationship",2.300000,36.0100,0.960000,5484.00,"Transit"
"TOI-4377","TOI-4377 b",1,4.37808100000,0.0579000000,15.10970598,0.90792744,-0.90792744,304.16178550,28.28672822,-27.65107141,"Mass",0.881000,430.9826,1.360000,4974.00,"Transit"
"HR 8799","HR 8799 c",4,69000.00000000000,38.0000000000,13.00000000,1.00000000,0.00000000,3000.00000000,1000.00000000,-1000.00000000,"Mass",7.500000,0.0034,1.500000,7204.58,"Imaging"
"K2-269","K2-269 b",1,4.14496500000,0.0531000000,1.57000000,0.12000000,-0.12000000,3.09000000,,,"M-R relationship",4.390000,1041.5274,1.160000,6209.00,"Transit"
"Kepler-179","Kepler-179 c",2,6.40013000000,0.0640000000,2.00000000,0.81000000,-0.81000000,4.66000000,,,"M-R relationship",3.200000,115.9830,0.893000,5302.00,"Transit"
"Kepler-311","Kepler-311 c",3,19.73828600000,0.1450000000,1.43000000,0.28000000,-0.28000000,2.63000000,,,"M-R relationship",4.940000,72.4560,0.994000,5905.00,"Transit"
"TOI-122","TOI-122 b",1,5.07803000000,0.0392000000,2.72000000,0.18000000,-0.18000000,7.85000000,,,"M-R relationship",2.140000,8.8000,0.312000,3403.00,"Transit"
"HD 64121","HD 64121 b",1,623.00000000000,1.5100000000,13.20000000,,,813.64072192,60.38739733,-60.38739733,"Msini",1.940000,7.7628,1.640000,5078.00,"Radial Velocity"
"iot Dra","iot Dra b",2,510.85440000000,1.4530000000,12.40000000,,,3756.73177074,133.48793094,-130.30964687,"Msini",10.800000,24.9999,1.540000,4504.00,"Radial Velocity"
"Kepler-298","Kepler-298 d",3,77.47363300000,0.3050000000,2.50000000,0.20000000,-0.20000000,6.80000000,,,"M-R relationship",2.390000,1.7150,0.660000,4465.00,"Transit"
"HD 93083","GJ 1137 c",2,9.64120000000,0.0835000000,2.11000000,,,5.12000000,0.70000000,-0.69000000,"Msini",2.990000,58.4000,0.836000,5033.80,"Radial Velocity"
"Kepler-375","Kepler-375 b",2,12.12593400000,0.1010000000,1.45000000,0.51000000,-0.51000000,2.70000000,,,"M-R relationship",4.870000,64.4440,0.891000,5826.00,"Transit"
"Kepler-666","Kepler-666 b",1,4.49876092000,0.0542000000,2.40000000,0.58000000,-0.28000000,6.35000000,,,"M-R relationship",2.520000,575.6440,1.030000,5887.00,"Transit"
"Kepler-239","Kepler-239 b",2,11.76305100000,0.0950000000,2.33000000,0.15000000,-0.15000000,6.04000000,,,"M-R relationship",2.620000,34.7460,0.757000,4914.00,"Transit"
"Kepler-931","Kepler-931 b",1,8.03755877000,0.0719000000,1.33000000,0.14000000,-0.09000000,2.33000000,,,"M-R relationship",5.440000,72.4400,0.860000,5241.00,"Transit"
"Kepler-205","Kepler-205 b",2,2.75564000000,0.0320000000,1.51000000,0.14000000,-0.14000000,2.89000000,,,"M-R relationship",4.610000,102.5620,0.592000,4321.00,"Transit"
"K2-351","K2-351 b",1,7.80616400000,,2.54000000,0.25000000,-0.19000000,6.99000000,,,"M-R relationship",2.340000,,1.020000,5769.00,"Transit"
"Kepler-1697","Kepler-1697 b",1,33.49690000000,0.2008000000,1.25954761,,,2.12000000,,,"M-R relationship",5.830000,37.3000,0.747000,4681.53,"Transit"
"Kepler-1269","Kepler-1269 b",1,37.33315360000,0.2361100000,1.63000000,0.46000000,-0.18000000,3.29000000,,,"M-R relationship",4.170000,69.0040,1.100000,5998.00,"Transit"
"TOI-5076","TOI-5076 b",1,23.44316200000,0.1481000000,3.48935569,0.09975993,-0.09415544,16.14568308,2.47906157,-2.47906157,"Mass",2.080000,12.8373,0.789000,4780.00,"Transit"
"HD 240237","HD 240237 b",1,745.70001000000,1.9200000000,12.20000000,,,5050.31870000,1773.49140000,-1773.49140000,"Msini",15.300000,83.8296,8.760000,3926.00,"Radial Velocity"
"Kepler-1019","Kepler-1019 b",1,1.41122984700,0.0221000000,1.46000000,0.05000000,-0.16000000,2.73000000,,,"M-R relationship",4.820000,330.2490,0.700000,4433.00,"Transit"
"HD 192310","HD 192310 b",2,74.72000000000,0.3200000000,4.27000000,,,16.90000000,0.90000000,-0.90000000,"Msin(i)/sin(i)",1.190000,3.7598,0.800000,5166.00,"Radial Velocity"
"Kepler-1909","Kepler-1909 b",1,2.39160990700,0.0306000000,1.09217411,,,1.33000000,,,"M-R relationship",5.610000,266.0100,0.663000,4935.00,"Transit"
"Barnard's star","Barnard c",4,4.12440000000,0.0274000000,0.74300000,,,0.33500000,0.03000000,-0.03000000,"Msini",4.490000,4.7285,0.162000,3195.00,"Radial Velocity"
"GJ 229","GJ 229 A c",2,121.93268000000,0.3840000000,2.87000000,,,8.58136699,0.63565681,-0.63565681,"Msini",1.990000,0.1899,0.509000,3564.00,"Radial Velocity"
"Kepler-972","Kepler-972 b",1,7.03932553000,0.0734000000,4.65000000,1.52000000,-1.10000000,19.50000000,,,"M-R relationship",1.070000,266.5140,1.150000,6146.00,"Transit"
"WASP-72","WASP-72 b",1,2.21673000000,0.0371100000,14.45961000,2.01762000,-2.01762000,731.00900000,222.48100000,-222.48100000,"Mass",0.870000,6233.7915,2.780000,6250.00,"Transit"
"Kepler-783","Kepler-783 b",2,4.29264638000,0.0495800000,0.78000000,0.04000000,-0.08000000,0.39900000,,,"M-R relationship",4.620000,229.1040,0.930000,5521.00,"Transit"
"Kepler-407","Kepler-407 b",2,0.66931240000,0.0153100000,1.19000000,0.05000000,-0.05000000,1.93000000,0.50000000,-0.50000000,"Mass",5.876579,4102.0080,0.990000,5487.00,"Transit"
"Kepler-1219","Kepler-1219 b",1,16.10467749000,0.1414600000,2.12000000,0.56000000,-0.45000000,5.14000000,,,"M-R relationship",2.960000,430.6910,1.250000,5944.00,"Transit"
"TOI-3353","TOI-3353.01",1,4.66579650000,0.0601182180,2.66675550,0.23077600,-0.23077600,7.59000000,,,"M-R relationship",2.200000,313.0426,1.332089,6365.00,"Transit"
"GJ 3341","GJ 3341 b",1,14.20700000000,0.0890000000,2.46000000,,,6.60000000,0.10000000,-0.10000000,"Msini",2.440000,3.6578,0.470000,3526.00,"Radial Velocity"
"TOI-5174","TOI-5174 b",1,12.21428600000,,5.35100000,,,24.80000000,,,"M-R relationship",0.889000,100.9112,1.000000,5643.77,"Transit"
"Kepler-130","Kepler-130 b",3,8.45745800000,0.0790000000,1.02000000,0.04000000,-0.04000000,1.04000000,,,"M-R relationship",5.390000,221.7310,0.927000,5884.00,"Transit"
"TOI-7166","TOI-7166 b",1,12.92063621000,0.0619100000,2.01000000,0.06000000,-0.05000000,4.70000000,,,"M-R relationship",3.180000,1.0700,0.190000,3099.00,"Transit"
"KOI-7892","KIC 8540376 c",3,75.20000000000,,2.40000000,1.90000000,-1.40000000,6.35000000,,,"M-R relationship",2.520000,,1.040000,6474.00,"Transit"
"Kepler-122","Kepler-122 f",5,56.26800000000,0.2857500000,1.75000000,0.60000000,-0.16000000,36.00000000,19.40000000,-16.20000000,"Mass",36.900000,21.5240,1.030000,5917.00,"Transit Timing Variations"
"K2-278","K2-278 b",1,3.33496600000,0.0488000000,2.98000000,0.23000000,-0.23000000,9.17000000,,,"M-R relationship",1.900000,1051.5587,1.400000,6747.00,"Transit"
"Kepler-1932","Kepler-1932 b",1,0.52417701500,0.0123000000,1.51482218,,,2.91000000,,,"M-R relationship",4.600000,2799.9000,0.911000,5278.00,"Transit"
"Kepler-123","Kepler-123 b",2,17.23236600000,0.1350000000,2.94000000,0.57000000,-0.57000000,55.30000000,31.20000000,-27.80000000,"Mass",12.000000,138.8070,1.079000,6089.00,"Transit"
"K2-291","K2-291 b",1,2.22517700000,0.0326100000,1.58900000,0.09500000,-0.07200000,6.49000000,1.16000000,-1.16000000,"Mass",8.840000,633.0000,0.934000,5520.00,"Transit"
"Kepler-332","Kepler-332 d",3,34.21154000000,0.1890000000,1.18000000,0.08000000,-0.08000000,1.76000000,,,"M-R relationship",5.890000,7.2530,0.743000,4955.00,"Transit"
"Kepler-955","Kepler-955 b",1,14.53244172000,0.1083000000,3.13000000,0.27000000,-0.17000000,9.96000000,,,"M-R relationship",1.780000,33.0910,0.890000,5350.00,"Transit"
"Kepler-224","Kepler-224 d",4,11.34939300000,0.0890000000,2.30000000,0.14000000,-0.14000000,5.90000000,,,"M-R relationship",2.660000,36.2930,0.777000,5018.00,"Transit"
"Kepler-474","Kepler-474 b",1,5.66067293500,0.0609200000,3.06000000,0.48000000,-0.37000000,9.59000000,,,"M-R relationship",1.840000,671.0640,0.990000,5785.00,"Transit"
"CoRoT-1","CoRoT-1 b",1,1.50895570000,0.0275200000,16.70000000,0.90000000,-0.90000000,327.35000000,38.14000000,-38.14000000,"Mass",0.380000,2852.6300,0.950000,5950.00,"Transit"
"Kepler-1309","Kepler-1309 b",1,28.84326470000,0.1679000000,2.37000000,0.20000000,-0.20000000,6.21000000,,,"M-R relationship",2.560000,13.7700,0.850000,5235.00,"Transit"
"Kepler-57","Kepler-57 c",2,11.60000000000,0.0958800000,2.19600000,0.06700000,-0.06500000,6.86000000,1.52000000,-1.43000000,"Mass",3.528714,48.5740,0.859000,5187.90,"Transit"
"HD 150706","HD 150706 b",1,5894.00000000000,6.7000000000,13.30000000,,,772.32302901,152.55763536,-120.77479466,"Mass",1.800000,0.0240,1.170000,5961.00,"Radial Velocity"
"Kepler-1038","Kepler-1038 c",2,7.12765979800,0.0692000000,1.41623380,,,2.59000000,,,"M-R relationship",5.010000,89.2400,0.868000,5159.00,"Transit"
"HATS-41","HATS-41 b",1,4.19364900000,0.0583000000,14.90797000,3.25061000,-2.24180000,3082.95100000,508.52800000,-508.52800000,"Mass",5.100000,1300.3125,1.496000,6424.00,"Transit"
"WASP-142","WASP-142 b",1,2.05286800000,0.0347000000,17.14977000,0.89672000,-0.89672000,266.97720000,28.60470000,-28.60470000,"Mass",0.310000,3140.9238,1.330000,6010.00,"Transit"
"TOI-2071","TOI-2071 b",1,5.67395386982,,2.56484195,0.22555937,-0.19617115,7.10000000,,,"M-R relationship",2.310000,265.3025,1.063000,5755.41,"Transit"
"XO-2 N","XO-2 N b",4,2.61585906000,0.0366600000,11.13053700,0.13450800,-0.13450800,199.91507000,5.40311000,-5.40311000,"Mass",0.715000,428.0360,0.960000,5290.00,"Transit"
"K2-69","K2-69 b",1,7.06599000000,0.0591000000,2.32000000,0.36000000,-0.36000000,5.99000000,,,"M-R relationship",2.640000,17.9000,0.551000,4127.00,"Transit"
"Kepler-229","Kepler-229 b",3,6.25297200000,0.0620000000,2.20000000,0.78000000,-0.78000000,5.48000000,,,"M-R relationship",2.830000,76.2170,0.808000,5120.00,"Transit"
"Kepler-1802","Kepler-1802 c",2,33.13610077000,0.1748000000,2.32200000,,,6.00000000,,,"M-R relationship",2.630000,3.8600,0.649000,4245.00,"Transit"
"Kepler-97","Kepler-97 c",2,789.00000000000,,,,,344.00000000,,,"Mass",,,0.940000,5779.00,"Radial Velocity"
"Kepler-855","Kepler-855 b",1,7.88663110400,0.0762000000,8.35000000,1.70000000,-0.81000000,52.70000000,,,"M-R relationship",0.497000,405.1830,1.030000,5835.00,"Transit"
"Kepler-338","Kepler-338 b",4,13.72697600000,0.1170000000,2.44000000,0.13000000,-0.13000000,30.60000000,24.20000000,-21.10000000,"Mass",11.600000,256.6060,1.105000,5923.00,"Transit"
"Kepler-1872","Kepler-1872 b",1,3.82591009100,0.0465000000,2.38421141,,,6.28000000,,,"M-R relationship",2.550000,241.2500,0.913000,5223.00,"Transit"
"Kepler-434","Kepler-434 b",1,12.87470990000,0.1143000000,12.67000000,2.91000000,-2.02000000,908.96000000,111.24000000,-111.24000000,"Mass",2.400000,158.2850,1.198000,5977.00,"Transit"
"Kepler-1471","Kepler-1471 b",2,3.63899398000,0.0453000000,1.41000000,0.20000000,-0.14000000,2.57000000,,,"M-R relationship",5.040000,314.2330,0.950000,5660.00,"Transit"
"EPIC 206042996","EPIC 206042996 b",2,5.29860000000,,1.70000000,0.20000000,-0.20000000,3.53000000,,,"M-R relationship",3.950000,,0.565000,4114.00,"Transit"
"Kepler-301","Kepler-301 c",3,5.41902600000,0.0600000000,1.35000000,0.72000000,-0.72000000,2.39000000,,,"M-R relationship",5.340000,238.4810,1.022000,5815.00,"Transit"
"Kepler-971","Kepler-971 b",1,9.59070716000,0.0867900000,2.13000000,0.22000000,-0.24000000,5.18000000,,,"M-R relationship",2.950000,82.7660,0.880000,5431.00,"Transit"
"Kepler-619","Kepler-619 b",3,5.40427219700,0.0601400000,3.16000000,0.65000000,-0.31000000,10.10000000,,,"M-R relationship",1.760000,224.1460,1.090000,5980.00,"Transit"
"Kepler-81","Kepler-81 b",3,5.95500000000,0.0522000000,2.42000000,0.38000000,-0.38000000,17.20000000,6.30000000,-5.50000000,"Mass",6.670000,39.9500,0.640000,4385.00,"Transit"
"K2-9","K2-9 b",1,18.44980000000,0.0910000000,2.25000000,0.53000000,-0.96000000,5.69000000,,,"M-R relationship",2.740000,1.3600,0.300000,3390.00,"Transit"
"WASP-136","WASP-136 b",1,5.21536178778,0.0661000000,16.81347105,1.68134710,-1.68134710,479.92089457,25.42627256,-25.42627256,"Mass",0.583527,1843.4633,1.410000,6250.00,"Transit"
"Kepler-1496","Kepler-1496 b",1,64.65880170000,0.3211000000,2.22000000,0.91000000,-0.36000000,5.56000000,,,"M-R relationship",2.790000,18.3830,1.180000,6182.00,"Transit"
"Kepler-932","Kepler-932 b",1,1.92143739600,0.0287600000,1.37000000,0.13000000,-0.10000000,2.45000000,,,"M-R relationship",5.240000,562.2170,0.870000,5331.00,"Transit"
"HD 1605","HD 1605 b",2,577.20000000000,1.4920000000,13.80000000,,,296.85322000,25.10857000,-25.10857000,"Msini",0.621000,2.9004,1.330000,4915.00,"Radial Velocity"
"K2-308","K2-308 b",1,3.38628000000,,9.91600000,0.98500000,-0.98500000,70.60000000,,,"M-R relationship",0.398000,512.9234,1.090000,6100.00,"Transit"
"HD 158996","HD 158996 b",1,820.20000000000,2.1000000000,12.30000000,,,4449.62000000,731.00900000,-731.00900000,"Msini",13.100000,234.6259,1.800000,4069.00,"Radial Velocity"
"Kepler-1955","Kepler-1955 b",1,14.26519966000,0.1195900000,1.16654878,,,1.69000000,,,"M-R relationship",5.850000,114.3000,1.049000,5825.00,"Transit"
"Kepler-322","Kepler-322 c",2,4.33723400000,0.0510000000,1.67000000,0.18000000,-0.18000000,3.43000000,,,"M-R relationship",4.050000,203.4060,0.908000,5388.00,"Transit"
"WASP-41","WASP-41 c",2,421.00000000000,1.0700000000,13.10000000,,,1010.69940000,63.56600000,-63.56600000,"Msini",2.470000,0.5573,0.930000,5545.00,"Radial Velocity"
"Kepler-1029","Kepler-1029 b",1,4.41769647900,0.0470000000,1.26000000,0.08000000,-0.07000000,2.13000000,,,"M-R relationship",5.850000,92.1600,0.820000,5030.00,"Transit"
"Kepler-317","Kepler-317 b",2,5.52424200000,0.0610000000,2.09000000,0.96000000,-0.96000000,109.80000000,113.60000000,-95.90000000,"Mass",66.100000,151.6520,0.865000,5497.00,"Transit"
"Kepler-65","Kepler-65 c",4,5.85994400000,0.0680000000,2.58000000,0.06000000,-0.06000000,5.40000000,1.70000000,-1.70000000,"Mass",1.640000,609.9920,1.250000,6211.00,"Transit"
"Kepler-416","Kepler-416 d",3,3.07644709000,0.0407000000,1.61000000,0.23000000,-0.17000000,3.22000000,,,"M-R relationship",4.240000,583.2500,0.949000,5670.00,"Transit"
"K2-367","K2-367 b",1,20.64509900000,,2.41300000,0.22500000,-0.19600000,6.41000000,,,"M-R relationship",2.510000,,0.756000,4348.00,"Transit"
"EPIC 201595106","EPIC 201595106 b",2,0.87724000000,0.0177000000,1.56500000,0.07900000,-0.07900000,7.67000000,0.75000000,-0.75000000,"Mass",11.100000,2852.0000,0.958000,5679.00,"Transit"
"Kepler-1154","Kepler-1154 c",2,8.45808312000,0.0875000000,2.36000000,0.95000000,-0.49000000,6.17000000,,,"M-R relationship",2.580000,339.5730,1.260000,6327.00,"Transit"
"Kepler-863","Kepler-863 b",1,15.59461874000,0.1220000000,2.90000000,0.68000000,-0.32000000,8.75000000,,,"M-R relationship",1.970000,117.8280,0.960000,5678.00,"Transit"
"Kepler-1234","Kepler-1234 b",1,11.94014029000,0.0960000000,2.81000000,0.16000000,-0.81000000,8.30000000,,,"M-R relationship",2.060000,40.1200,0.800000,4967.00,"Transit"
"K2-228","K2-228 b",1,2.69828000000,0.0338000000,1.21000000,0.10000000,-0.06000000,1.92000000,,,"M-R relationship",5.960000,123.9803,0.710000,4715.00,"Transit"
"K2-224","K2-224 b",2,4.47904000000,0.0516000000,1.56000000,0.16000000,-0.14000000,3.05000000,,,"M-R relationship",4.410000,215.6156,0.910000,5620.00,"Transit"
"K2-229","K2-229 b",2,0.58421600000,0.0131000000,1.00000000,0.02000000,-0.02000000,2.55000000,0.38000000,-0.38000000,"Mass",7.600000,2290.0000,0.870000,5315.00,"Transit"
"Kepler-374","Kepler-374 d",3,5.02821900000,0.0560000000,1.31000000,0.70000000,-0.70000000,2.27000000,,,"M-R relationship",5.550000,548.0990,1.033000,5977.00,"Transit"
"Kepler-186","Kepler-186 b",5,3.88679070000,0.0343000000,1.07000000,0.12000000,-0.12000000,1.24000000,,,"M-R relationship",5.560000,37.3720,0.478000,3788.00,"Transit"
"Kepler-150","Kepler-150 e",5,30.82655700000,0.1890000000,3.12000000,0.55000000,-0.55000000,9.91000000,,,"M-R relationship",1.790000,19.6710,0.956000,5560.00,"Transit"
"K2-183","K2-183 d",3,22.62034400000,0.1527000000,2.30000000,0.20000000,-0.20000000,5.90000000,,,"M-R relationship",2.660000,31.6618,0.942219,5482.00,"Transit"
"Kepler-301","Kepler-301 b",3,2.50855300000,0.0360000000,1.35000000,0.72000000,-0.72000000,2.39000000,,,"M-R relationship",5.340000,665.4370,1.022000,5815.00,"Transit"
"HR 8799","HR 8799 d",4,37000.00000000000,24.0000000000,13.00000000,1.00000000,0.00000000,3000.00000000,1000.00000000,-1000.00000000,"Mass",7.500000,0.0085,1.500000,7204.58,"Imaging"
"Kepler-282","Kepler-282 e",4,44.34700000000,0.2333200000,3.10000000,1.26000000,-0.25000000,56.20000000,16.20000000,-16.70000000,"Mass",10.400000,24.1140,0.970000,5656.00,"Transit"
"Kepler-1581","Kepler-1581 b",1,6.28385491000,0.0686500000,0.80000000,0.14000000,-0.09000000,0.43700000,,,"M-R relationship",4.690000,470.8620,1.120000,6022.00,"Transit"
"Kepler-546","Kepler-546 b",1,4.14702025800,0.0502000000,7.00000000,1.93000000,-0.77000000,39.10000000,,,"M-R relationship",0.626000,690.1300,1.110000,5967.00,"Transit"
"TOI-283","TOI-283 b",1,17.61745000000,0.1230000000,2.34000000,0.09000000,-0.09000000,6.54000000,2.04000000,-2.04000000,"Mass",2.810000,30.4000,0.800000,5213.00,"Transit"
"Kepler-1058","Kepler-1058 b",1,110.96546000000,0.3679000000,2.72000000,0.11000000,-0.32000000,7.85000000,,,"M-R relationship",2.140000,0.7700,0.730000,4644.00,"Transit"
"Kepler-685","Kepler-685 b",1,1.62552220000,0.0265000000,10.58000000,3.06000000,-1.19000000,78.80000000,,,"M-R relationship",0.366000,1137.1240,1.110000,5963.00,"Transit"
"Kepler-589","Kepler-589 c",2,3.52466011000,0.0426000000,1.11727238,,,1.45000000,,,"M-R relationship",5.710000,344.6100,0.832000,5372.00,"Transit"
"TOI-849","TOI-849 b",1,0.76554800000,0.0155000000,3.64000000,0.38000000,-0.38000000,41.80000000,2.50000000,-2.40000000,"Mass",5.600000,2314.0600,0.970000,5257.00,"Transit"
"WD 1856+534","WD 1856+534 b",1,1.40794050000,0.0204000000,10.40000000,1.00000000,-1.00000000,4386.05400000,,,"Mass",21.400000,0.1810,0.518000,4710.00,"Transit"
"GJ 3473","GJ 3473 b",2,1.19800350000,0.0158900000,1.26400000,0.05000000,-0.04900000,1.86000000,0.30000000,-0.30000000,"Mass",5.030000,59.4000,0.360000,3347.00,"Transit"
"TOI-1442","TOI-1442 b",1,0.40906770000,0.0071000000,1.17000000,0.06000000,-0.06000000,1.71000000,,,"M-R relationship",5.870000,207.0242,0.290000,3330.00,"Transit"
"GJ 3929","GJ 3929 b",2,2.61623500000,0.0252000000,1.09000000,0.04000000,-0.04000000,1.75000000,0.44000000,-0.45000000,"Mass",7.300000,17.3000,0.313000,3384.00,"Transit"
"TOI-500","TOI-500 c",4,6.63560000000,,2.09000000,,,5.03000000,0.41000000,-0.41000000,"Msini",3.030000,,0.740000,4440.00,"Radial Velocity"
"EPIC 229004835","EPIC 229004835 b",1,16.14113200000,0.1237000000,2.33200000,0.08000000,-0.09400000,10.40000000,1.60000000,-1.50000000,"Mass",4.490000,69.7000,0.970000,5868.00,"Transit"
"GJ 1061","GJ 1061 c",3,6.68210000000,0.0342000000,1.19000000,,,1.81000000,0.13000000,-0.11000000,"Mass",5.900000,1.4000,0.120000,2953.00,"Radial Velocity"
"16 Cyg B","16 Cyg B b",1,798.50000000000,1.6600000000,13.50000000,,,565.73740000,25.42640000,-25.42640000,"Msini",1.260000,0.4540,1.080000,5750.00,"Radial Velocity"
"Kepler-1467","Kepler-1467 b",1,47.05690430000,0.2388000000,3.30000000,0.31000000,-0.25000000,10.90000000,,,"M-R relationship",1.670000,7.9170,0.860000,5332.00,"Transit"
"HD 174205","HD 174205 b",1,582.00000000000,1.7000000000,13.00000000,,,1334.87930940,158.91420350,-158.91420350,"Msini",3.340000,82.6990,1.800000,4308.00,"Radial Velocity"
"Kepler-1952","Kepler-1952 b",1,27.21080017000,0.1724000000,1.23923346,,,2.07000000,,,"M-R relationship",5.980000,65.2700,0.922000,5973.00,"Transit"
"TOI-561","TOI-561 e",4,77.14400000000,0.3300000000,2.51700000,0.04500000,-0.04500000,12.40000000,1.40000000,-1.40000000,"Mass",4.300000,4.8900,0.806000,5342.00,"Transit"
"TOI-178","TOI-178 b",6,1.91456010000,0.0260700000,1.20000000,0.04100000,-0.03700000,0.96000000,0.70000000,-0.65000000,"Mass",3.142761,200.1045,0.647000,4316.00,"Transit"
"TOI-178","TOI-178 g",6,20.71663000000,0.1275000000,2.93900000,0.05700000,-0.05500000,4.40000000,0.39000000,-0.37000000,"Mass",0.959369,19.4978,0.647000,4316.00,"Transit"
"TOI-1420","TOI-1420 b",1,6.95610630000,0.0710000000,11.89000000,0.33000000,-0.33000000,25.10000000,3.80000000,-3.80000000,"Mass",0.082000,139.0000,0.987000,5510.00,"Transit"
"TOI-2431","TOI-2431 b",1,0.22419578000,0.0063000000,1.53400000,0.03400000,-0.03300000,6.20000000,1.60000000,-1.60000000,"Mass",9.400000,2649.1500,0.661000,4109.00,"Transit"
"TOI-2076","TOI-2076 b",4,10.35504000000,0.0878100000,2.59000000,0.10000000,-0.10000000,6.70000000,1.80000000,-1.80000000,"Mass",2.080000,49.4000,0.849000,5187.00,"Transit"
"TOI-431","TOI-431 c",3,4.84940000000,0.0520000000,1.49000000,,,2.83000000,0.41000000,-0.34000000,"Msini",4.700000,100.6717,0.780000,4850.00,"Radial Velocity"
"GJ 3090","GJ 3090 b",2,2.85310198000,0.0316000000,2.18000000,0.06000000,-0.06000000,4.52000000,0.47000000,-0.47000000,"Mass",2.400000,45.4000,0.519000,3707.00,"Transit"
"TOI-700","TOI-700 e",4,27.80978000000,0.1340000000,0.95300000,0.08900000,-0.07500000,0.81800000,,,"M-R relationship",5.190000,1.2700,0.415000,3459.00,"Transit"
"TOI-1136","TOI-1136 e",6,18.80100000000,0.1400000000,2.63900000,0.07200000,-0.08800000,6.07000000,1.09000000,-1.01000000,"Mass",1.810000,48.4771,1.022000,5770.00,"Transit"
"Kepler-602","Kepler-602 b",1,15.28469497000,0.1224000000,2.09000000,0.65000000,-0.32000000,5.02000000,,,"M-R relationship",3.020000,128.7830,1.080000,6062.00,"Transit"
"Kepler-372","Kepler-372 b",3,6.84969200000,0.0750000000,1.36000000,0.59000000,-0.59000000,2.42000000,,,"M-R relationship",5.290000,384.6270,1.202000,6509.00,"Transit"
"EPIC 212624936","EPIC 212624936 c",2,11.81143700000,,2.30000000,0.50000000,-0.50000000,5.90000000,,,"M-R relationship",2.660000,,1.000000,5765.00,"Transit"
"WASP-44","WASP-44 b",1,2.42380400000,0.0345300000,12.32990000,0.90792900,-0.85188400,276.51210000,20.02329000,-19.70546000,"Mass",0.811000,533.0000,0.935000,5420.00,"Transit"
"Kepler-1512","Kepler-1512 b",1,20.35972599000,0.1369300000,1.18000000,0.07000000,-0.11000000,1.76000000,,,"M-R relationship",5.890000,1.6000,0.730000,4372.00,"Transit"
"Qatar-2","Qatar-2 b",1,1.33711647000,0.0215300000,14.05600000,0.14600000,-0.14600000,792.63500000,17.16200000,-17.16200000,"Mass",1.573000,447.4134,0.743000,4645.00,"Transit"
"TOI-286","TOI-286 b",2,4.51172440000,0.0503000000,1.42000000,0.10000000,-0.10000000,4.53000000,0.78000000,-0.78000000,"Mass",8.630000,889.5827,0.832000,5152.00,"Transit"
"GJ 180","GJ 180 d",3,106.30000000000,0.3090000000,2.66000000,,,7.56000000,1.07000000,-1.07000000,"Msini",2.210000,0.1362,0.430000,3371.00,"Radial Velocity"
"Kepler-244","Kepler-244 b",3,4.31179200000,0.0500000000,2.76000000,1.16000000,-1.16000000,8.05000000,,,"M-R relationship",2.100000,242.4710,0.933000,5554.00,"Transit"
"IRAS 04125+2902","IRAS 04125+2902 b",1,8.83497800000,0.0770000000,10.73820351,0.86309151,-0.84067355,80.80000000,,,"M-R relationship",0.359000,41.4199,0.700000,4080.00,"Transit"
"Kepler-51","Kepler-51 e",4,264.28400000000,,2.18000000,,,5.40000000,1.50000000,-1.50000000,"Mass",2.860000,,0.960000,5674.00,"Transit Timing Variations"
"TOI-2076","TOI-2076 e",4,3.02237530000,0.0386300000,1.30100000,0.05900000,-0.05900000,4.70000000,1.50000000,-1.50000000,"Mass",11.500000,253.1032,0.849000,5187.00,"Transit"
"KELT-3","KELT-3 b",1,2.70339000000,0.0412300000,17.48604000,1.23299000,-1.23299000,616.59020000,104.88390000,-104.88390000,"Mass",0.750000,1704.5700,1.960000,6304.00,"Transit"
"HAT-P-29","HAT-P-29 b",1,5.72319000000,0.0667000000,13.11453000,1.45717000,-1.45717000,279.69040000,79.45750000,-79.45750000,"Mass",0.710842,433.0000,1.450000,6087.00,"Transit"
"Wolf 1061","Wolf 1061 b",3,4.88690000000,0.0375000000,1.21000000,,,1.91000000,0.26000000,-0.25000000,"Msini",5.920000,7.3400,0.294000,3342.00,"Radial Velocity"
"Kepler-238","Kepler-238 f",5,50.44700000000,0.2863500000,2.00000000,0.85000000,-0.17000000,13.50000000,2.90000000,-2.50000000,"Mass",1.700000,35.8690,1.060000,5800.00,"Transit"
"TYC 3318-01333-1","TYC 3318-01333-1 b",1,562.00000000000,1.4140000000,13.10000000,,,1086.97860000,111.24050000,-111.24050000,"Msini",2.660000,8.1115,1.190000,4776.00,"Radial Velocity"
"Kepler-1010","Kepler-1010 b",1,34.26857050000,0.1930000000,2.32000000,0.44000000,-0.18000000,5.99000000,,,"M-R relationship",2.640000,10.1700,0.860000,5253.00,"Transit"
"Kepler-1230","Kepler-1230 b",1,9.95661537000,0.0921000000,2.71000000,0.49000000,-0.29000000,7.80000000,,,"M-R relationship",2.150000,153.9330,1.060000,5961.00,"Transit"
"V830 Tau","V830 Tau b",1,4.92700000000,0.0570000000,14.00000000,,,222.48100000,38.13960000,-38.13960000,"Mass",0.446000,370.0414,1.000000,4250.00,"Radial Velocity"
"K2-195","K2-195 c",2,28.48278600000,,2.57581891,0.27157754,-0.14909276,7.16000000,,,"M-R relationship",2.300000,,0.963364,5712.00,"Transit"
"Kepler-1434","Kepler-1434 b",1,8.05333618000,0.0917000000,1.11000000,0.21000000,-0.20000000,1.41000000,,,"M-R relationship",5.670000,925.2890,1.470000,6291.00,"Transit"
"K2-187","K2-187 b",4,0.77401000000,0.0164000000,1.20000000,0.20000000,-0.20000000,1.87000000,,,"M-R relationship",5.950000,2367.2520,0.966999,5438.00,"Transit"
"Kepler-1699","Kepler-1699 b",1,3.49082000000,0.0418000000,1.56671124,,,3.08000000,,,"M-R relationship",4.400000,245.6500,0.810000,5575.53,"Transit"
"Kepler-1152","Kepler-1152 b",1,1.64680190800,0.0223000000,0.87000000,0.05000000,-0.06000000,0.59000000,,,"M-R relationship",4.920000,139.6010,0.550000,3964.00,"Transit"
"Kepler-156","Kepler-156 b",2,4.97345600000,0.0540000000,2.30000000,0.17000000,-0.17000000,5.90000000,,,"M-R relationship",2.660000,135.0770,0.864000,5094.00,"Transit"
"Kepler-80","Kepler-80 f",6,0.98678730000,0.0175000000,1.21000000,0.06000000,-0.05000000,4459.73000000,,,"Mass",703.000000,750.9640,0.730000,4540.00,"Transit"
"K2-177","K2-177 b",1,14.15518500000,,2.11620480,0.28262597,-0.15917785,5.13000000,,,"M-R relationship",2.970000,,1.210525,6063.00,"Transit"
"Kepler-964","Kepler-964 b",1,13.52251060000,0.1073000000,2.12000000,0.09000000,-0.07000000,5.14000000,,,"M-R relationship",2.960000,43.9160,0.930000,5427.00,"Transit"
"Kepler-220","Kepler-220 e",4,45.90273300000,0.2260000000,1.33000000,0.12000000,-0.12000000,2.33000000,,,"M-R relationship",5.440000,4.2740,0.729000,4632.00,"Transit"
"Kepler-50","Kepler-50 c",2,9.37647000000,0.0870000000,2.17000000,0.07000000,-0.08000000,8.20000000,,,"Mass",9.249213,388.4440,1.240000,6225.00,"Transit"
"HD 160691","HD 160691 d",4,9.63920000000,0.0952000000,3.23000000,,,10.49000000,0.83000000,-0.81000000,"Msini",1.710000,209.5104,1.130000,5773.00,"Radial Velocity"
"Kepler-985","Kepler-985 b",1,116.33190100000,0.4466400000,2.98000000,0.14000000,-0.15000000,9.17000000,,,"M-R relationship",1.900000,2.4000,0.910000,5434.00,"Transit"
"Kepler-834","Kepler-834 b",1,13.32388301000,0.0862000000,2.02000000,0.10000000,-0.10000000,4.74000000,,,"M-R relationship",3.160000,11.8450,0.700000,4554.00,"Transit"
"TOI-1860","TOI-1860 b",1,1.06621070000,0.0204000000,1.31000000,0.04000000,-0.04000000,2.27000000,,,"M-R relationship",5.550000,876.7030,0.990000,5752.00,"Transit"
"K2-343","K2-343 c",2,7.67697200000,,2.02000000,0.10000000,-0.07000000,4.74000000,,,"M-R relationship",3.160000,,0.490000,3804.00,"Transit"
"Kepler-12","Kepler-12 b",1,4.43796290000,0.0553000000,19.66058600,0.34747900,-0.40352400,137.30256000,16.84499000,-16.20933000,"Mass",0.110000,877.5390,1.166000,5947.00,"Transit"
"Kepler-51","Kepler-51 b",4,45.15400000000,0.2514000000,7.10000000,0.30000000,-0.30000000,2.10000000,1.50000000,-0.80000000,"Mass",0.030000,10.1190,1.040000,6018.00,"Transit"
"K2-33","K2-33 b",1,5.42486500000,0.0409000000,5.04000000,0.34000000,-0.37000000,1175.97100000,,,"Mass",,89.6695,0.560000,3540.00,"Transit"
"HAT-P-1","HAT-P-1 b",1,4.46529976000,0.0556100000,14.78467100,0.21297100,-0.21297100,166.86075000,6.03877000,-6.03877000,"Mass",0.282000,259.6870,1.151000,5980.00,"Transit"
"WASP-63","WASP-63 b",1,4.37808000000,0.0574000000,15.80469000,1.56926000,-1.56926000,117.59710000,28.60470000,-28.60470000,"Mass",0.173000,1103.2708,1.280000,5550.00,"Transit"
"K2-22","K2-22 b",1,0.38107300000,0.0090000000,2.30000000,0.10000000,-0.10000000,444.96200000,,,"Mass",,114.0000,0.595292,3879.00,"Transit"
"KELT-11","KELT-11 b",1,4.73620865000,0.0623000000,15.13212395,1.12089807,-1.12089807,65.15482343,5.40308292,-5.40308292,"Mass",0.093000,1433.0000,1.440000,5375.00,"Transit"
"WASP-166","WASP-166 b",1,5.44354000000,0.0641000000,7.06167000,0.33627000,-0.33627000,32.10083000,1.58915000,-1.58915000,"Mass",0.540000,440.0000,1.190000,6050.00,"Transit"
"TOI-1346","TOI-1346 b",2,1.76225380000,,2.39000000,0.16000000,-0.16000000,6.30000000,,,"M-R relationship",2.540000,468.5415,0.820000,5099.00,"Transit"
"Kepler-363","Kepler-363 d",3,11.93212500000,0.1070000000,2.05000000,0.40000000,-0.40000000,4.86000000,,,"M-R relationship",3.100000,203.7610,1.226000,5593.00,"Transit"
"Kepler-1594","Kepler-1594 b",1,2.71603809000,0.0396000000,1.06000000,0.26000000,-0.12000000,1.20000000,,,"M-R relationship",5.540000,672.4140,1.060000,5946.00,"Transit"
"Gaia-1","Gaia-1 b",1,3.05252400000,0.0404700000,13.77583728,0.23538859,-0.23538859,533.95172376,34.96112477,-34.96112477,"Mass",1.120000,426.5351,0.949000,5470.00,"Transit"
"WASP-14","WASP-14 b",1,2.24375000000,0.0370000000,15.46842000,0.89672000,-0.89672000,2809.61720000,444.96200000,-444.96200000,"Mass",2.250000,1356.3300,1.620000,6475.00,"Transit"
"Kepler-1262","Kepler-1262 b",1,8.67900242000,0.0830000000,1.82000000,0.32000000,-0.17000000,3.97000000,,,"M-R relationship",3.620000,142.5450,0.990000,5771.00,"Transit"
"WASP-180 A","WASP-180 A b",1,3.40926400000,0.0480000000,13.89916000,0.44836000,-0.44836000,286.04700000,31.78300000,-31.78300000,"Mass",0.610000,918.3877,1.300000,6600.00,"Transit"
"HD 5891","HD 5891 b",1,177.11000000000,0.6400000000,12.60000000,,,2425.04290000,454.49690000,-454.49690000,"Msini",6.660000,96.1914,1.930000,4673.00,"Radial Velocity"
"Kepler-1632","Kepler-1632 b",1,448.30355800000,0.6762000000,2.47000000,0.84000000,-0.35000000,6.66000000,,,"M-R relationship",2.430000,6.0620,1.120000,6137.00,"Transit"
"GJ 3512","GJ 3512 c",2,2354.00000000000,1.7310000000,14.30000000,,,143.97626837,7.31005336,-7.31005336,"Msini",0.271000,0.0005,0.123000,3141.00,"Radial Velocity"
"HD 43691","HD 43691 b",1,36.99870000000,0.2380000000,13.20000000,,,810.46650000,108.06220000,-108.06220000,"Msini",1.940000,55.8272,1.320000,6093.00,"Radial Velocity"
"K2-401","K2-401 b",1,6.29309900000,,2.26200000,0.20900000,-0.19200000,5.74000000,,,"M-R relationship",2.730000,,0.870000,4213.00,"Transit"
"Kepler-780","Kepler-780 b",1,0.67737516400,0.0150000000,0.89000000,0.09000000,-0.06000000,0.64000000,,,"M-R relationship",4.990000,4572.5600,1.010000,5769.00,"Transit"
"TOI-544","TOI-544 c",2,50.08900000000,,4.92000000,,,21.50000000,2.00000000,-2.00000000,"Msini",0.992000,,0.631000,4169.00,"Radial Velocity"
"Kepler-986","Kepler-986 b",1,56.43499380000,0.2913100000,2.36000000,0.29000000,-0.19000000,6.17000000,,,"M-R relationship",2.580000,10.8570,0.960000,5642.00,"Transit"
"TOI-4602","TOI-4602.01",1,3.98129990000,0.0474700000,2.45000000,0.23000000,-0.23000000,5.53000000,0.93000000,-0.94000000,"Mass",2.180000,664.0000,0.900000,5966.00,"Transit"
"NGTS-10","NGTS-10 b",1,0.76689440000,0.0143000000,13.50684500,1.31145300,-0.93034700,687.14846000,29.24036000,-34.00781000,"Mass",1.430000,3716.1785,0.696000,4600.00,"Transit"
"TOI-421","TOI-421 c",2,16.06754100000,0.1170000000,5.09000000,0.07000000,-0.07000000,14.10000000,1.40000000,-1.40000000,"Mass",0.589957,34.3200,0.833000,5291.00,"Transit"
"L 98-59","L 98-59 e",5,12.82780000000,0.0712000000,1.49000000,,,2.82000000,0.19000000,-0.19000000,"Msini",5.200000,2.4000,0.292300,3415.00,"Radial Velocity"
"TOI-500","TOI-500 e",4,61.30000000000,,3.99000000,,,15.05000000,1.12000000,-1.11000000,"Msini",1.300000,,0.740000,4440.00,"Radial Velocity"
"TOI-1136","TOI-1136 f",6,26.32100000000,0.1740000000,3.73591482,0.08619766,-0.07925738,9.70000000,3.90000000,-3.70000000,"Mass",0.890000,26.4328,1.022000,5770.00,"Transit"
"Kepler-1980","Kepler-1980 b",1,33.02571790000,0.2049000000,2.21000000,0.36000000,-0.12000000,5.52000000,,,"M-R relationship",2.810000,23.9500,1.049000,5819.00,"Transit"
"LP 890-9","LP 890-9 c",2,8.45746300000,0.0398400000,1.36700000,0.05500000,-0.03900000,25.30000000,,,"Mass",,0.9060,0.118000,2850.00,"Transit"
"TOI-6109","TOI-6109 c",2,8.53887800000,0.0786000000,4.83260000,0.07360000,-0.06320000,20.80000000,,,"M-R relationship",1.010000,63.3913,1.030000,5660.00,"Transit"
"HD 110067","HD 110067 e",6,30.79309100000,0.1785000000,1.94000000,0.04000000,-0.04000000,3.90000000,,,"Mass",,13.6296,0.798000,5266.00,"Transit"
"TOI-500","TOI-500 d",4,26.23300000000,,6.35000000,,,33.12000000,0.88000000,-0.88000000,"Msini",0.711000,,0.740000,4440.00,"Radial Velocity"
"LP 791-18","LP 791-18 b",3,0.94799810000,0.0097800000,1.21200000,0.05900000,-0.05800000,1.94000000,,,"M-R relationship",5.990000,24.1400,0.139000,2960.00,"Transit"
"GJ 9827","GJ 9827 c",3,3.64810300000,0.0395000000,1.13000000,0.07000000,-0.05000000,1.86000000,0.37000000,-0.39000000,"Mass",7.142000,73.0000,0.620000,4236.00,"Transit"
"WASP-107","WASP-107 c",2,1066.00000000000,,13.00000000,,,111.23994245,12.71313628,-12.71313628,"Msini",0.278000,,0.683000,4425.00,"Radial Velocity"
"TOI-1806","TOI-1806.01",1,15.14546930000,0.0877350440,3.40953670,0.35126720,-0.35126720,11.50000000,,,"M-R relationship",1.590000,2.1473,0.392935,3272.00,"Transit"
"CoRoT-20","CoRoT-20 b",2,9.24285000000,0.0900000000,9.41556000,0.44836000,-0.44836000,1366.66900000,63.56600000,-63.56600000,"Mass",8.870000,180.8704,1.140000,5880.00,"Transit"
"HD 134987","HD 134987 b",2,258.17999000000,0.8100000000,13.50000000,,,511.70630000,22.24810000,-22.24810000,"Msini",1.140000,2.7435,1.100000,5736.00,"Radial Velocity"
"HD 60532","HD 60532 c",2,600.10000000000,1.6000000000,13.30000000,,,797.75330000,50.85280000,-50.85280000,"Msini",1.860000,3.9142,1.500000,6245.00,"Radial Velocity"
"WASP-7","WASP-7 b",1,4.95464160000,0.0617000000,14.90797000,1.04243700,-1.04243700,305.11680000,41.31790000,-41.31790000,"Mass",0.550000,612.6860,1.276000,6400.00,"Transit"
"TIC 77319217","TIC 77319217 b",1,7.54830765124,,3.10879526,0.34451974,-0.29615262,9.85000000,,,"M-R relationship",1.800000,,1.160000,5961.52,"Transit"
"Kepler-1214","Kepler-1214 b",1,18.82634264000,0.1280000000,2.36000000,0.19000000,-0.11000000,6.17000000,,,"M-R relationship",2.580000,23.1800,0.850000,5130.00,"Transit"
"Kepler-27","Kepler-27 b",3,15.33480000000,0.1180000000,4.00000000,,,2895.31000000,,,"Mass",,28.6810,0.650000,5400.00,"Transit"
"TOI-4336 A","TOI-4336 A b",2,16.33635100000,0.0849000000,2.13700000,0.08000000,-0.08000000,3.33000000,0.34000000,-0.37000000,"Mass",1.870000,1.5300,0.306000,3307.00,"Transit"
"Kepler-167","Kepler-167 c",4,7.40610600000,0.0684000000,1.67400000,0.06900000,-0.06900000,3.44000000,,,"M-R relationship",4.030000,61.1750,0.777000,4884.00,"Transit"
"TOI-1136","TOI-1136 b",6,4.17270000000,0.0510600000,1.90000000,0.21000000,-0.15000000,3.50000000,0.80000000,-0.70000000,"Mass",2.800000,360.5506,1.022000,5770.00,"Transit"
"Kepler-1256","Kepler-1256 b",1,12.41277540000,0.1073300000,1.49000000,0.44000000,-0.22000000,2.83000000,,,"M-R relationship",4.700000,211.5490,1.170000,6129.00,"Transit"
"Kepler-564","Kepler-564 b",1,3.75083228500,0.0484000000,4.63000000,0.66000000,-0.36000000,19.40000000,,,"M-R relationship",1.070000,389.4040,0.950000,5626.00,"Transit"
"Kepler-228","Kepler-228 b",3,2.56654600000,0.0380000000,1.53000000,0.71000000,-0.71000000,2.96000000,,,"M-R relationship",4.540000,863.7760,1.006000,6043.00,"Transit"
"GJ 367","GJ 367 c",3,11.53010000000,,1.86000000,,,4.13000000,0.36000000,-0.36000000,"Msini",3.530000,,0.455000,3522.00,"Radial Velocity"
"TOI-199","TOI-199 c",2,273.69000000000,0.8070000000,11.40000000,,,88.99195396,6.35656814,-3.17828407,"Mass",0.330000,0.7048,0.936000,5255.00,"Transit Timing Variations"
"HD 110067","HD 110067 g",6,54.76992000000,0.2621000000,2.60700000,0.05200000,-0.05200000,8.40000000,,,"Mass",,6.3216,0.798000,5266.00,"Transit"
"HD 190007","HD 190007 b",1,11.72412800000,0.0920000000,4.06000000,,,15.50000000,1.20000000,-1.30000000,"Msini",1.270000,24.6845,0.770000,4610.00,"Radial Velocity"
"HD 155358","HD 155358 c",2,391.90000000000,1.0200000000,13.90000000,,,261.00000000,22.00000000,-22.00000000,"Msini",0.534000,1.9155,0.920000,5900.00,"Radial Velocity"
"Kepler-891","Kepler-891 b",1,53.44945593000,0.2881000000,6.41000000,1.46000000,-0.60000000,33.60000000,,,"M-R relationship",0.701000,44.3260,1.060000,5887.00,"Transit"
"TOI-1873","TOI-1873 b",1,7.00572708834,,2.86356397,0.30160474,-0.23997153,8.57000000,,,"M-R relationship",2.010000,171.8936,1.015000,5597.99,"Transit"
"Kepler-480","Kepler-480 b",1,4.91958379500,0.0602400000,2.78000000,0.29000000,-0.21000000,8.15000000,,,"M-R relationship",2.080000,764.0780,1.250000,6322.00,"Transit"
"Kepler-384","Kepler-384 b",2,22.59705300000,0.1480000000,1.12000000,0.32000000,-0.32000000,1.46000000,,,"M-R relationship",5.710000,101.5490,0.882000,5577.00,"Transit"
"HATS-65","HATS-65 b",1,3.10516100000,0.0449700000,16.82470900,0.56045000,-0.56045000,260.93843000,26.37989000,-26.37989000,"Mass",0.300000,1178.0000,1.257000,6277.00,"Transit"
"Kepler-221","Kepler-221 d",4,10.04156000000,0.0870000000,2.73000000,0.25000000,-0.25000000,3.61000000,0.91000000,-0.81000000,"Mass",0.900000,56.2930,0.854000,5243.00,"Transit"
"Kepler-296","Kepler-296 f",5,63.33627000000,0.2550000000,1.80000000,0.31000000,-0.30000000,3.89000000,,,"M-R relationship",3.200000,0.6200,0.498000,3740.00,"Transit"
"TOI-512","TOI-512 b",1,7.18886000000,,1.54000000,0.10000000,-0.10000000,3.57000000,0.53000000,-0.55000000,"Mass",5.623888,127.0000,0.740000,5277.00,"Transit"
"Kepler-1905","Kepler-1905 b",1,3.42392993000,0.0451000000,1.44607340,,,2.69000000,,,"M-R relationship",4.890000,508.7500,1.038000,5788.00,"Transit"
"Kepler-230","Kepler-230 c",2,91.77324200000,0.3800000000,2.04000000,1.04000000,-1.04000000,4.82000000,,,"M-R relationship",3.120000,2.9760,0.784000,5588.00,"Transit"
"Kepler-1713","Kepler-1713 b",1,18.01160049000,0.1418500000,1.71673535,,,3.59000000,,,"M-R relationship",3.900000,144.3000,1.300000,6477.00,"Transit"
"Kepler-1036","Kepler-1036 b",1,122.88080580000,0.4772600000,3.01000000,0.14000000,-0.53000000,9.32000000,,,"M-R relationship",1.880000,2.8210,0.950000,5533.00,"Transit"
"Kepler-1863","Kepler-1863 b",1,44.99760056000,0.2367800000,2.26309256,,,5.74000000,,,"M-R relationship",2.720000,41.5000,1.097000,5871.00,"Transit"
"HD 51608","HD 51608 c",2,95.94460000000,0.3809000000,3.87000000,,,14.31000000,1.63000000,-1.53000000,"Msini",1.360000,3.9287,0.800000,5358.00,"Radial Velocity"
"K2-121","K2-121 b",1,5.18573800000,0.0525000000,7.16000000,0.12000000,-0.06000000,51.00000000,11.00000000,-11.00000000,"Mass",0.700000,62.5000,0.710000,4526.00,"Transit"
"Kepler-1962","Kepler-1962 b",1,7.99145984600,0.0783000000,1.21463929,,,1.95000000,,,"M-R relationship",5.980000,155.9500,1.003000,5700.00,"Transit"
"Kepler-886","Kepler-886 b",1,6.24146367000,0.0642800000,1.52000000,0.42000000,-0.19000000,2.92000000,,,"M-R relationship",4.570000,231.4320,1.100000,6098.00,"Transit"
"Kepler-220","Kepler-220 b",4,4.15980700000,0.0460000000,0.81000000,0.05000000,-0.05000000,0.45700000,,,"M-R relationship",4.730000,105.0010,0.729000,4632.00,"Transit"
"Kepler-444","Kepler-444 b",5,3.60010530000,0.0417800000,0.40300000,0.01600000,-0.01400000,0.03740000,,,"M-R relationship",3.140000,225.7350,0.758000,5046.00,"Transit"
"Kepler-402","Kepler-402 d",4,8.92109900000,0.0870000000,1.38000000,0.27000000,-0.27000000,2.48000000,,,"M-R relationship",5.190000,214.2770,1.072000,6090.00,"Transit"
"GJ 832","GJ 832 b",1,3853.00000000000,3.7000000000,13.80000000,,,314.65012293,28.60455663,-25.42627256,"Mass",0.658000,0.0019,0.450000,3472.00,"Radial Velocity"
"Kepler-414","Kepler-414 b",2,4.70000000000,0.0543000000,1.71000000,0.31000000,-0.14000000,3.50000000,3.40000000,-2.90000000,"Mass",3.850000,241.1710,0.890000,5536.00,"Transit Timing Variations"
"Kepler-1480","Kepler-1480 b",1,22.12679948000,0.1525000000,1.67000000,0.11000000,-0.08000000,3.43000000,,,"M-R relationship",4.050000,16.3170,0.850000,5156.00,"Transit"
"TOI-2141","TOI-2141 c",3,5.46240000000,0.0585000000,2.35000000,,,6.14000000,0.86000000,-0.86000000,"Msini",2.600000,241.0000,0.896000,5635.00,"Radial Velocity"
"Kepler-24","Kepler-24 d",4,4.24438400000,0.0510000000,1.67000000,0.39000000,-0.39000000,293.95900000,,,"Mass",152.000000,601.8950,1.046000,5897.00,"Transit"
"HAT-P-2","HAT-P-2 b",2,5.63351580000,0.0681400000,10.65975900,0.43715100,-0.59407700,2866.81223114,31.78284070,-31.78284070,"Mass",7.290000,588.5180,1.330000,6380.00,"Transit"
"Kepler-1083","Kepler-1083 b",1,33.41779930000,0.1899000000,3.36000000,0.16000000,-0.63000000,11.20000000,,,"M-R relationship",1.620000,10.1480,0.810000,5049.00,"Transit"
"Kepler-576","Kepler-576 b",1,29.91136794000,0.1790000000,3.27000000,0.84000000,-0.39000000,10.70000000,,,"M-R relationship",1.680000,16.8170,0.990000,5672.00,"Transit"
"Gl 410","Gl 410 b",1,6.02000000000,0.0531000000,2.83000000,,,8.40000000,1.30000000,-1.30000000,"Msini",2.040000,20.4555,0.550000,3842.00,"Radial Velocity"
"K2-378","K2-378 b",1,2.06043800000,,2.88000000,0.27000000,-0.23000000,8.65000000,,,"M-R relationship",1.990000,,0.923000,4823.00,"Transit"
"Kepler-1321","Kepler-1321 b",3,11.12830484000,0.0781000000,4.92000000,0.60000000,-0.61000000,21.50000000,,,"M-R relationship",0.992000,13.5470,0.540000,4094.00,"Transit"
"Kepler-1599","Kepler-1599 b",1,122.36355300000,0.4823000000,1.62000000,0.33000000,-0.23000000,3.26000000,,,"M-R relationship",4.210000,8.1960,0.990000,5767.00,"Transit"
"Kepler-219","Kepler-219 c",3,22.71461300000,0.1650000000,3.58000000,0.60000000,-0.60000000,12.50000000,,,"M-R relationship",1.500000,54.1050,1.164000,5786.00,"Transit"
"Kepler-1790","Kepler-1790 b",1,31.58889961000,0.2098900000,3.14461450,,,10.00000000,,,"M-R relationship",1.770000,49.2000,1.020000,5866.00,"Transit"
"HATS-35","HATS-35 b",1,1.82099930000,0.0319900000,16.40997600,0.77342100,-0.49319600,388.38826000,24.79074000,-24.79074000,"Mass",0.484000,2440.7000,1.317000,6300.00,"Transit"
"Kepler-112","Kepler-112 c",2,28.57426300000,0.1720000000,2.40000000,0.58000000,-0.58000000,6.35000000,,,"M-R relationship",2.520000,24.2550,0.782000,5544.00,"Transit"
"HD 103891","HD 103891 b",1,1919.00000000000,3.2700000000,13.20000000,,,918.52409623,298.75870258,-266.97586188,"Mass",2.190000,0.5714,1.280000,6072.00,"Radial Velocity"
"WASP-8","WASP-8 c",2,4323.00000000000,5.2800000000,12.50000000,,,3003.37000000,718.27000000,-330.53000000,"Msini",8.450000,0.0314,1.040000,5690.00,"Radial Velocity"
"Kepler-165","Kepler-165 b",2,8.18084800000,0.0720000000,2.32000000,1.41000000,-1.41000000,5.99000000,,,"M-R relationship",2.640000,59.7990,0.746000,5211.00,"Transit"
"WASP-92","WASP-92 b",1,2.17467420000,0.0348000000,16.37634900,0.86309300,-0.86309300,255.85315000,21.61244000,-21.61244000,"Mass",0.346000,1622.2528,1.190000,6280.00,"Transit"
"Kepler-1290","Kepler-1290 b",1,4.69500134000,0.0557000000,1.42000000,0.21000000,-0.13000000,2.60000000,,,"M-R relationship",4.990000,443.2210,0.950000,5660.00,"Transit"
"Kepler-1025","Kepler-1025 b",1,37.32294930000,0.2160700000,1.98000000,0.41000000,-0.22000000,4.58000000,,,"M-R relationship",3.240000,17.9520,1.090000,6089.00,"Transit"
"Kepler-1679","Kepler-1679 b",1,9.75376000000,0.0892000000,2.06920360,,,4.93000000,,,"M-R relationship",3.060000,103.3000,0.960000,5501.00,"Transit"
"Kepler-350","Kepler-350 c",3,17.84900000000,0.1385000000,3.10000000,1.42000000,-0.60000000,6.10000000,3.30000000,-3.20000000,"Mass",0.350000,138.4150,1.000000,6492.30,"Transit"
"Kepler-773","Kepler-773 b",1,3.74910006100,0.0468200000,1.43000000,0.09000000,-0.07000000,2.63000000,,,"M-R relationship",4.940000,490.7070,1.040000,5850.00,"Transit"
"HD 51608","HD 51608 b",2,14.07260000000,0.1059000000,3.62000000,,,12.77000000,1.20000000,-1.19000000,"Msini",1.480000,50.8256,0.800000,5358.00,"Radial Velocity"
"TOI-912","TOI-912 b",1,4.67806910000,0.0410000000,1.93000000,0.13000000,-0.13000000,5.10000000,0.50000000,-0.50000000,"Mass",4.000000,15.0000,0.418000,3572.00,"Transit"
"Kepler-630","Kepler-630 b",1,161.47439370000,0.5620100000,3.18000000,0.34000000,-0.34000000,10.20000000,,,"M-R relationship",1.740000,5.5680,1.020000,5829.00,"Transit"
"Kepler-874","Kepler-874 b",1,40.06867270000,0.2234000000,3.94000000,1.07000000,-0.59000000,14.70000000,,,"M-R relationship",1.320000,31.6240,1.090000,6020.00,"Transit"
"EPIC 220492298","EPIC 220492298 b",1,0.76240600000,,0.99000000,0.10000000,-0.10000000,0.93700000,,,"M-R relationship",5.310000,,0.950000,5620.00,"Transit"
"Kepler-1948","Kepler-1948 b",1,15.57129955000,0.1022000000,1.03283226,,,1.09000000,,,"M-R relationship",5.440000,5.9800,0.585000,3872.00,"Transit"
"Kepler-196","Kepler-196 c",3,47.42773700000,0.2400000000,2.24000000,0.17000000,-0.17000000,5.65000000,,,"M-R relationship",2.760000,6.8800,0.839000,5128.00,"Transit"
"WASP-33","WASP-33 b",1,1.21987000000,0.0239000000,17.85593700,0.82946600,-0.82946600,665.21819000,44.17837000,-44.17837000,"Mass",0.689000,9392.0471,1.495000,7430.00,"Transit"
"Kepler-454","Kepler-454 c",3,524.19000000000,1.2870000000,12.90000000,,,1433.40611557,38.13940884,-38.13940884,"Msini",3.670000,0.6814,1.030000,5687.00,"Radial Velocity"
"HD 42012","HD 42012 b",1,857.50000000000,1.6700000000,13.50000000,,,508.52800000,31.78300000,-31.78300000,"Msini",1.140000,0.1927,0.830000,5405.00,"Radial Velocity"
"Kepler-1810","Kepler-1810 b",1,101.13300320000,0.4137000000,3.91815325,,,14.60000000,,,"M-R relationship",1.330000,4.9100,0.921000,5492.00,"Transit"
"Kepler-247","Kepler-247 b",3,3.33616000000,0.0420000000,1.64000000,0.46000000,-0.46000000,3.33000000,,,"M-R relationship",4.150000,216.1110,0.887000,5100.00,"Transit"
"Kepler-182","Kepler-182 c",2,20.68434200000,0.1570000000,3.43000000,1.53000000,-1.53000000,11.60000000,,,"M-R relationship",1.580000,88.8520,1.114000,6250.00,"Transit"
"Kepler-1303","Kepler-1303 b",1,7.56127224000,0.0751000000,1.42000000,0.35000000,-0.14000000,2.60000000,,,"M-R relationship",4.990000,182.3750,1.010000,5771.00,"Transit"
"Kepler-110","Kepler-110 c",2,31.71977500000,0.1980000000,2.21000000,0.44000000,-0.44000000,5.52000000,,,"M-R relationship",2.810000,45.3360,0.989000,5960.00,"Transit"
"TOI-375","TOI-375 b",3,9.45469000000,0.0990000000,10.77183045,0.49319515,-0.48198617,236.78216321,16.52707716,-16.84490557,"Mass",1.037000,593.3000,1.441000,5259.90,"Transit"
"GJ 667 C","GJ 667 C c",5,28.14000000000,0.1250000000,1.77000000,,,3.80000000,1.50000000,-1.20000000,"Msini",3.770000,0.8774,0.330000,3350.00,"Radial Velocity"
"Kepler-866","Kepler-866 b",1,2.61703253600,0.0331000000,1.63000000,0.08000000,-0.12000000,3.29000000,,,"M-R relationship",4.170000,196.1270,0.750000,4751.00,"Transit"
"Kepler-549","Kepler-549 b",3,42.94956490000,0.2323600000,2.57000000,0.23000000,-0.17000000,11.00000000,4.20000000,-3.20000000,"Mass",1.900000,9.5490,0.880000,5360.00,"Transit"
"Kepler-347","Kepler-347 d",3,85.51734400000,0.3802000000,3.04000000,0.45000000,-0.71000000,9.48000000,,,"M-R relationship",1.850000,12.7500,1.000000,5592.00,"Transit"
"Kepler-965","Kepler-965 b",1,134.25272980000,0.5099800000,3.38000000,0.55000000,-0.39000000,11.40000000,,,"M-R relationship",1.620000,4.9800,1.050000,5886.00,"Transit"
"HD 164922","HD 164922 c",4,75.74000000000,0.3410000000,3.66000000,,,13.00000000,3.00000000,-2.00000000,"Msini",1.460000,6.2900,0.926000,5390.00,"Radial Velocity"
"Kepler-280","Kepler-280 c",2,4.80709100000,0.0560000000,2.01000000,0.97000000,-0.97000000,4.70000000,,,"M-R relationship",3.180000,279.0850,0.962000,5744.00,"Transit"
"Kepler-645","Kepler-645 b",1,3.27582262100,0.0454100000,2.10000000,0.63000000,-0.28000000,5.06000000,,,"M-R relationship",3.000000,1364.7620,1.130000,6170.00,"Transit"
"HIP 55507","HIP 55507 b",1,5138.43727000000,5.0620000000,12.60000000,,,2585.53409095,792.02839024,-546.34703163,"Mass",7.100000,0.0056,0.650000,4171.00,"Radial Velocity"
"Kepler-399","Kepler-399 d",3,58.03461600000,0.2610000000,1.89000000,1.01000000,-1.01000000,4.23000000,,,"M-R relationship",3.440000,5.5700,0.902000,5502.00,"Transit"
"K2-58","K2-58 d",3,22.88270000000,0.1517000000,1.71000000,0.25000000,-0.25000000,3.57000000,,,"M-R relationship",3.920000,24.6000,0.890000,5413.00,"Transit"
"NGC 2682 Sand 1429","NGC 2682 Sand 1429 b",1,77.48000000000,0.3840000000,13.40000000,,,572.09113260,63.56568140,-63.56568140,"Msini",1.310000,37.2589,1.260000,6000.00,"Radial Velocity"
"Kepler-1630","Kepler-1630 b",1,509.99740200000,1.1218000000,2.19000000,0.20000000,-0.10000000,5.43000000,,,"M-R relationship",2.840000,0.2600,0.660000,4736.00,"Transit"
"KELT-12","KELT-12 b",1,5.03162300000,0.0670800000,19.95202000,1.90553000,-1.79344000,301.93850000,44.49620000,-44.49620000,"Mass",0.209000,1749.0000,1.591000,6279.00,"Transit"
"HIP 9618","HIP 9618 c",2,52.56363000000,0.2690000000,3.42855926,0.09718640,-0.08596176,7.00000000,,,"Mass",1.000000,11.7000,0.942000,5649.00,"Transit"
"HD 110067","HD 110067 c",6,13.67369400000,0.1039000000,2.38800000,0.03600000,-0.03600000,6.30000000,,,"Mass",,40.2280,0.798000,5266.00,"Transit"
"Kepler-1441","Kepler-1441 b",1,39.44198390000,0.2346000000,1.31000000,0.22000000,-0.13000000,2.27000000,,,"M-R relationship",5.550000,33.0460,1.000000,5802.00,"Transit"
"Kepler-192","Kepler-192 b",3,9.92674600000,0.0900000000,2.74000000,0.45000000,-0.45000000,7.95000000,,,"M-R relationship",2.120000,105.2970,1.028000,5479.00,"Transit"
"Kepler-115","Kepler-115 b",2,2.40367900000,0.0360000000,1.09000000,0.21000000,-0.21000000,1.32000000,,,"M-R relationship",5.600000,1215.7570,1.042000,5979.00,"Transit"
"WASP-77 A","WASP-77 A b",1,1.36002939500,0.0232336330,13.56000000,0.22000000,-0.22000000,529.31142902,0.14302278,-0.14302278,"Mass",1.330000,1440.0000,0.903000,5617.00,"Transit"
"55 Cnc","55 Cnc d",7,4799.00000000000,5.6000000000,13.00000000,,,1232.49300000,21.61200000,-21.61200000,"Mass",3.080000,0.0203,1.015000,5198.00,"Radial Velocity"
"Kepler-1455","Kepler-1455 b",1,49.27676400000,0.2149000000,2.16000000,0.15000000,-0.16000000,5.31000000,,,"M-R relationship",2.900000,1.5330,0.620000,4075.00,"Transit"
"Kepler-283","Kepler-283 b",2,11.00815100000,0.0820000000,2.13000000,0.26000000,-0.26000000,5.18000000,,,"M-R relationship",2.950000,16.2600,0.596000,4351.00,"Transit"
"HAT-P-52","HAT-P-52 b",1,2.75359530000,0.0369400000,11.30988100,0.80704800,-0.80704800,259.98494000,9.21707000,-9.21707000,"Mass",0.980000,227.7590,0.887000,5131.00,"Transit"
"Kepler-341","Kepler-341 d",4,27.66631300000,0.1820000000,1.85000000,0.94000000,-0.94000000,4.08000000,,,"M-R relationship",3.540000,45.4230,0.976000,6012.00,"Transit"
"Kepler-1489","Kepler-1489 b",2,82.29475100000,0.3679000000,1.77000000,0.23000000,-0.18000000,3.78000000,,,"M-R relationship",3.750000,11.8930,0.930000,5655.00,"Transit"
"HD 156411","HD 156411 b",1,842.20000000000,1.8800000000,14.00000000,,,235.18000000,15.89000000,-12.71000000,"Msini",0.471000,1.5229,1.250000,5900.00,"Radial Velocity"
"Kepler-926","Kepler-926 b",1,52.06886010000,0.2739000000,2.31000000,0.57000000,-0.23000000,5.95000000,,,"M-R relationship",2.650000,17.8830,1.010000,5806.00,"Transit"
"K2-325","K2-325 b",1,6.93000000000,0.0419000000,2.20000000,0.14000000,-0.15000000,5.48000000,,,"M-R relationship",2.830000,5.0999,0.274000,3287.00,"Transit"
"Kepler-879","Kepler-879 b",2,33.38559380000,0.2012000000,2.57000000,0.66000000,-0.28000000,7.13000000,,,"M-R relationship",2.310000,29.1280,1.020000,5792.00,"Transit"
"Kepler-1641","Kepler-1641 b",2,19.67226600000,0.1473000000,3.11000000,1.13000000,-0.58000000,9.85000000,,,"M-R relationship",1.800000,82.8280,1.120000,6152.00,"Transit"
"Kepler-1924","Kepler-1924 b",1,15.33170033000,0.1216000000,2.65446572,,,7.53000000,,,"M-R relationship",2.210000,107.4400,1.018000,5726.00,"Transit"
"GJ 740","GJ 740 b",1,2.37756000000,0.0290000000,1.53000000,,,2.96000000,0.50000000,-0.48000000,"Msini",4.540000,79.0000,0.580000,3913.00,"Radial Velocity"
"Kepler-68","Kepler-68 d",4,632.62000000000,1.4690000000,13.90000000,,,267.00000000,16.00000000,-16.00000000,"Mass",0.546000,0.7889,1.057000,5847.00,"Radial Velocity"
"WASP-108","WASP-108 b",1,2.67555212374,,15.13212395,0.44835923,-0.44835923,283.50293904,,,"Mass",0.477431,1360.1641,1.167000,6783.00,"Transit"
"Kepler-184","Kepler-184 c",3,20.30300500000,0.1410000000,1.97000000,1.11000000,-1.11000000,8.80000000,7.40000000,-5.70000000,"Mass",6.320000,29.8750,0.872000,5788.00,"Transit"
"Lupus-TR-3","Lupus-TR-3 b",1,3.91405000000,0.0464000000,9.97600000,0.78500000,-0.78500000,257.43100000,57.20700000,-57.20700000,"Mass",1.400000,15.9599,0.870000,5000.00,"Transit"
"Kepler-1087","Kepler-1087 b",1,0.69384285500,0.0155400000,0.61000000,0.17000000,-0.05000000,0.16500000,,,"M-R relationship",3.990000,3496.4930,0.960000,5589.00,"Transit"
"HIP 8923","HIP 8923 b",1,5160.00000000000,5.9000000000,12.50000000,,,3171.92750186,247.90615746,-50.85254512,"Mass",8.920000,0.0539,1.010000,5980.00,"Radial Velocity"
"HAT-P-11","HAT-P-11 b",2,4.88800000000,0.0525800000,4.36000000,0.06000000,-0.06000000,25.00000000,1.50000000,-1.50000000,"Mass",1.172000,100.7700,0.811000,4653.00,"Transit"
"Kepler-1356","Kepler-1356 b",1,0.63400293700,0.0136000000,1.53000000,0.11000000,-0.10000000,2.96000000,,,"M-R relationship",4.540000,1966.0570,0.820000,5106.00,"Transit"
"Kepler-969","Kepler-969 c",2,1.68293460400,0.0265000000,0.99000000,0.02000000,-0.05000000,0.93700000,,,"M-R relationship",5.310000,564.5810,0.920000,5214.00,"Transit"
"TOI-6223","TOI-6223 b",1,3.85521900000,0.0401800000,5.07000000,0.22000000,-0.22000000,22.60000000,,,"M-R relationship",0.953000,41.8646,0.582000,3895.00,"Transit"
"TOI-7384","TOI-7384 b",1,6.23402580000,0.0439000000,3.56000000,0.21000000,-0.21000000,12.40000000,,,"M-R relationship",1.510000,4.9000,0.318000,3185.00,"Transit"
"Kepler-832","Kepler-832 b",1,7.13969410000,0.0750000000,2.06000000,0.32000000,-0.17000000,4.90000000,,,"M-R relationship",3.080000,256.8280,0.920000,5596.00,"Transit"
"Kepler-988","Kepler-988 b",1,17.76080053000,0.1085000000,2.07000000,0.47000000,-0.16000000,4.94000000,,,"M-R relationship",3.060000,6.5600,0.550000,4005.00,"Transit"
"TOI-1278","TOI-1278 b",1,14.47567000000,0.0950000000,12.21778896,2.69015537,-2.24179614,5879.82552950,158.91420350,-158.91420350,"Mass",18.000000,6.5402,0.540000,3799.00,"Transit"
"Kepler-732","Kepler-732 c",2,0.89304123600,0.0143000000,1.27000000,0.07000000,-0.10000000,2.15000000,,,"M-R relationship",5.770000,199.8460,0.490000,3631.00,"Transit"
"Kepler-533","Kepler-533 b",1,28.51120525000,0.1670400000,3.38000000,0.08000000,-0.32000000,11.40000000,,,"M-R relationship",1.620000,8.7690,0.780000,4758.00,"Transit"
"Kepler-392","Kepler-392 c",2,10.42311800000,0.0930000000,1.10000000,0.23000000,-0.23000000,1.37000000,,,"M-R relationship",5.660000,185.0980,0.874000,5938.00,"Transit"
"HIP 10090","HIP 10090 c",2,321.82000000000,0.9000000000,13.90000000,,,270.15414595,9.53485221,-38.13940884,"Mass",0.553000,1.9857,0.940000,5661.00,"Radial Velocity"
"WASP-62","WASP-62 b",1,4.41195000000,0.0571000000,14.79588000,0.89672000,-0.89672000,165.27160000,25.42640000,-25.42640000,"Mass",0.262000,1817.8874,1.110000,6230.00,"Transit"
"K2-25","K2-25 b",1,3.48456408000,0.0287000000,3.44000000,0.12000000,-0.12000000,24.50000000,5.70000000,-5.20000000,"Mass",3.310000,9.9100,0.263400,3207.00,"Transit"
"TOI-7510","TOI-7510 c",3,22.56874230000,0.1595000000,10.81000000,0.32000000,-0.32000000,131.00000000,11.00000000,-11.00000000,"Mass",0.573000,92.4087,1.063000,5720.00,"Transit"
"Kepler-354","Kepler-354 d",3,24.20984200000,0.1460000000,1.24000000,0.40000000,-0.40000000,2.07000000,,,"M-R relationship",5.970000,8.9490,0.652000,4648.00,"Transit"
"Kepler-1342","Kepler-1342 b",1,2.21571035800,0.0313000000,1.66000000,0.22000000,-0.13000000,3.39000000,,,"M-R relationship",4.070000,559.2750,0.930000,5527.00,"Transit"
"Kepler-1059","Kepler-1059 b",1,3.76419104800,0.0440000000,1.73000000,0.12000000,-0.15000000,3.64000000,,,"M-R relationship",3.860000,174.0740,0.750000,4906.00,"Transit"
"Kepler-518","Kepler-518 b",1,8.51203587700,0.0799600000,2.11000000,0.05000000,-0.05000000,5.10000000,,,"M-R relationship",2.980000,133.3170,0.960000,5842.00,"Transit"
"TOI-128","TOI-128.01",1,4.94046810000,0.0538101900,2.21898000,0.10878000,-0.10878000,5.56000000,,,"M-R relationship",2.800000,182.4060,0.851969,6086.00,"Transit"
"HIP 9618","HIP 9618 b",2,20.77285800000,0.1450000000,3.82838127,0.10440228,-0.08816578,8.30000000,1.70000000,-1.70000000,"Mass",0.810000,40.3000,0.942000,5649.00,"Transit"
"Kepler-154","Kepler-154 c",5,62.30327600000,0.3030000000,2.95000000,0.62000000,-0.62000000,9.01000000,,,"M-R relationship",1.930000,12.0710,0.933000,5690.00,"Transit"
"TOI-6564","TOI-6564 b",1,3.98541300000,0.0542000000,16.39873876,0.21297063,-0.21297063,222.16205649,20.97667486,-20.97667486,"Mass",0.277000,1257.4271,1.180000,5943.00,"Transit"
"HD 260655","HD 260655 b",2,2.76953000000,0.0293300000,1.24000000,0.02300000,-0.02300000,2.14000000,0.34000000,-0.34000000,"Mass",6.200000,42.2000,0.439000,3803.00,"Transit"
"TOI-1136","TOI-1136 d",6,12.51990000000,0.1062000000,4.62700000,0.07700000,-0.07200000,8.35000000,1.80000000,-1.60000000,"Mass",1.810000,626.3620,1.022000,5770.00,"Transit"
"TOI-4010","TOI-4010 d",4,14.70886000000,0.1130000000,6.18000000,0.14000000,-0.15000000,38.15000000,3.27000000,-3.22000000,"Mass",0.900000,30.0000,0.880000,4960.00,"Transit"
"LTT 1445 A","LTT 1445 A b",2,5.35876350000,0.0381000000,1.34000000,0.11000000,-0.06000000,2.73000000,0.25000000,-0.23000000,"Mass",6.200000,5.7000,0.257000,3562.00,"Transit"
"TOI-1801","TOI-1801 b",1,10.64387000000,0.0750000000,2.07900000,0.12400000,-0.11000000,5.73800000,1.45500000,-1.42800000,"Mass",3.701000,10.7276,0.556000,3863.00,"Transit"
"GJ 1252","GJ 1252 b",1,0.51823310000,0.0091500000,1.19300000,0.07400000,-0.07400000,1.32000000,0.28000000,-0.28000000,"Mass",4.200000,233.0000,0.381000,3458.00,"Transit"
"TOI-558","TOI-558 b",1,14.57407100000,0.1291000000,12.17295304,0.45956821,-0.42594127,1147.36054927,47.67426105,-47.67426105,"Mass",3.500000,248.8554,1.349000,6466.00,"Transit"
"TOI-969","TOI-969 b",2,1.82373050000,0.0263600000,2.76500000,0.08800000,-0.09700000,9.10000000,1.00000000,-1.00000000,"Mass",2.340000,188.0000,0.734000,4435.00,"Transit"
"Kepler-472","Kepler-472 b",1,4.17625551400,0.0482300000,3.22000000,0.13000000,-0.28000000,10.50000000,,,"M-R relationship",1.730000,139.2360,0.850000,4996.00,"Transit"
"Kepler-1129","Kepler-1129 b",2,24.33978040000,0.1648100000,2.96000000,0.51000000,-0.33000000,9.06000000,,,"M-R relationship",1.920000,32.2650,1.000000,5831.00,"Transit"
"Kepler-1836","Kepler-1836 b",1,5.25416994100,0.0602000000,2.55303229,,,7.05000000,,,"M-R relationship",2.330000,338.1500,1.053000,6123.00,"Transit"
"Kepler-52","Kepler-52 c",3,16.38500210000,0.1037900000,1.84000000,,,45.40000000,,,"Mass",20.000000,8.5500,0.540000,4075.00,"Transit"
"WASP-67","WASP-67 b",1,4.61442000000,0.0517900000,12.89035000,1.23299000,-1.23299000,136.66690000,28.60470000,-28.60470000,"Mass",0.388000,188.1062,0.910000,5200.00,"Transit"
"HD 39091","pi Men d",3,124.64000000000,0.5060000000,3.72000000,,,13.38000000,1.35000000,-1.35000000,"Msini",1.430000,5.6398,1.070000,5998.00,"Radial Velocity"
"LHS 1903","LHS 1903 c",4,6.22618500000,0.0538700000,2.04600000,0.07800000,-0.07400000,4.55000000,0.73000000,-0.69000000,"Mass",2.910000,16.2000,0.538000,3664.00,"Transit"
"HD 207496","HD 207496 b",1,6.44100800000,0.0629000000,2.25000000,0.12000000,-0.10000000,6.10000000,1.60000000,-1.60000000,"Mass",3.170000,72.9000,0.800000,4819.00,"Transit"
"TOI-3714","TOI-3714 b",1,2.15484900000,0.0270000000,11.32107051,0.33626942,-0.33626942,222.47988490,9.53485221,-9.53485221,"Mass",0.850000,54.0000,0.530000,3660.00,"Transit"
"WASP-121","WASP-121 b",1,1.27492504000,0.0257100000,19.52604438,0.06725388,-0.06725388,371.85923619,13.66662150,-13.66662150,"Mass",0.275000,6216.4100,1.330000,6628.00,"Transit"
"TOI-1533","TOI-1533 b",2,3.64579740000,0.0445000000,2.89000000,0.06000000,-0.06000000,28.10000000,3.30000000,-3.40000000,"Mass",6.500000,173.9080,0.880000,5146.00,"Transit"
"TOI-1533","TOI-1533 c",2,8.06379260000,0.0760000000,7.50000000,,,36.60000000,4.00000000,-3.90000000,"Mass",0.480000,25.9007,0.880000,5146.00,"Transit"
"TOI-815","TOI-815 c",2,34.97614500000,0.1930000000,2.62000000,0.10000000,-0.09000000,23.50000000,2.40000000,-2.40000000,"Mass",7.200000,8.0300,0.776000,4869.00,"Transit"
"Kepler-9","Kepler-9 c",3,38.98530000000,0.2270000000,8.08000000,0.54000000,-0.41000000,29.90000000,1.10000000,-1.30000000,"Mass",0.310000,18.9030,1.022000,5774.00,"Transit"
"Kepler-238","Kepler-238 c",5,6.15555700000,0.0690000000,2.39000000,0.45000000,-0.45000000,152.52200000,,,"Mass",3.200000,592.2980,1.229000,5751.00,"Transit"
"Kepler-55","Kepler-55 c",5,42.15164180000,0.2095000000,2.21000000,,,69.80000000,32.60000000,-18.30000000,"Mass",35.500000,3.8400,0.620000,4362.00,"Transit"
"Kepler-218","Kepler-218 b",3,3.61933700000,0.0460000000,1.48000000,0.12000000,-0.12000000,2.79000000,,,"M-R relationship",4.730000,460.6560,1.019000,5502.00,"Transit"
"Kepler-424","Kepler-424 b",2,3.31186440000,0.0440000000,9.98000000,0.90000000,-0.67000000,327.35000000,41.32000000,-41.32000000,"Mass",1.940000,470.7540,1.010000,5460.00,"Transit"
"Kepler-720","Kepler-720 b",1,4.70832654200,0.0539000000,8.41000000,1.61000000,-0.80000000,53.40000000,,,"M-R relationship",0.493000,384.5610,0.950000,5618.00,"Transit"
"HD 16175","HD 16175 b",1,990.00000000000,2.1200000000,12.80000000,,,1875.18760130,572.09113260,-317.82840700,"Mass",4.910000,0.7164,1.630000,5981.00,"Radial Velocity"
"Kepler-1195","Kepler-1195 b",1,8.49642241000,0.0726000000,2.08000000,0.19000000,-0.17000000,4.98000000,,,"M-R relationship",3.040000,79.0300,0.740000,4965.00,"Transit"
"EPIC 212737443","EPIC 212737443 c",2,65.55000000000,0.2800000000,2.69000000,0.14600000,-0.14600000,7.70000000,,,"M-R relationship",2.170000,2.2653,0.690000,4684.00,"Transit"
"Kepler-882","Kepler-882 b",1,3.98953966600,0.0474100000,1.23000000,0.15000000,-0.09000000,2.04000000,,,"M-R relationship",6.020000,259.0290,0.900000,5476.00,"Transit"
"Kepler-1312","Kepler-1312 b",2,5.44832528600,0.0605300000,2.10000000,0.08000000,-0.07000000,5.06000000,,,"M-R relationship",3.000000,219.1170,0.990000,5719.00,"Transit"
"Kepler-272","Kepler-272 b",3,2.97135300000,0.0380000000,1.43000000,0.77000000,-0.77000000,78.00000000,93.80000000,-66.90000000,"Mass",147.000000,801.7410,0.910000,5297.00,"Transit"
"TOI-5293 A","TOI-5293 A b",1,2.93028900000,0.0340000000,11.90000000,0.40000000,-0.40000000,170.40000000,21.80000000,-21.90000000,"Mass",0.560000,34.6000,0.540000,3586.00,"Transit"
"TOI-1710","TOI-1710 b",1,24.28336000000,0.1630000000,5.25800000,0.08500000,-0.08500000,13.20000000,2.80000000,-2.90000000,"Mass",0.500000,33.0000,1.025800,5730.00,"Transit"
"HAT-P-6","HAT-P-6 b",1,3.85298000000,0.0523900000,16.58932000,1.68135000,-1.68135000,419.53560000,95.34900000,-95.34900000,"Mass",0.558000,1099.4400,1.790000,6570.00,"Transit"
"DMPP-2","DMPP-2 d",3,16.49100000000,0.1432000000,11.60000000,,,91.79000000,6.11000000,-7.32000000,"Msini",0.323000,61.9324,1.410000,6500.00,"Radial Velocity"
"DMPP-7","DMPP-7 b",1,4.98400000000,0.0587300000,9.13000000,,,61.39000000,4.33000000,-4.06000000,"Msini",0.443000,800.5908,1.090000,5996.82,"Radial Velocity"
"Kepler-212","Kepler-212 b",2,16.25758200000,0.1330000000,1.09000000,0.21000000,-0.21000000,1.32000000,,,"M-R relationship",5.600000,133.8660,1.166000,5852.00,"Transit"
"Kepler-55","Kepler-55 d",5,2.21109900000,0.0290000000,1.59000000,0.09000000,-0.09000000,3.15000000,,,"M-R relationship",4.310000,195.0050,0.631000,4503.00,"Transit"
"Kepler-999","Kepler-999 b",1,5.99185701700,0.0691800000,2.34000000,0.65000000,-0.49000000,6.08000000,,,"M-R relationship",2.610000,740.1730,1.290000,6237.00,"Transit"
"Kepler-167","Kepler-167 e",4,1071.23205000000,1.8830000000,10.16000000,0.42000000,-0.42000000,321.00669107,50.85254512,-47.67426105,"Mass",1.680000,0.1000,0.777000,4884.00,"Transit"
"TOI-1136","TOI-1136 g",6,39.54500000000,0.2290000000,2.53000000,0.11000000,-0.12000000,5.60000000,4.10000000,-3.20000000,"Mass",1.900000,17.9249,1.022000,5770.00,"Transit"
"WASP-84","WASP-84 c",2,1.44688490000,0.0235900000,1.95000000,0.12000000,-0.12000000,15.20000000,4.50000000,-4.20000000,"Mass",11.200000,1452.1800,0.853000,5280.00,"Transit"
"TOI-1338 A","TOI-1338 c",2,215.79000000000,0.7940000000,10.30000000,,,75.40000000,4.00000000,-3.60000000,"Mass",0.379000,3.3833,1.093600,5723.20,"Radial Velocity"
"TOI-2194","TOI-2194 b",1,15.33759700000,,1.98920000,0.13130000,-0.06680000,4.61000000,,,"M-R relationship",3.220000,14.2526,0.740000,4756.00,"Transit"
"Kepler-1143","Kepler-1143 c",2,210.63059100000,0.6477000000,3.60000000,0.51000000,-0.35000000,12.60000000,,,"M-R relationship",1.480000,0.5680,0.810000,5053.00,"Transit"
"HD 177830","HD 177830 c",2,110.90000000000,0.5137000000,7.87000000,,,47.67250000,6.35633000,-6.35633000,"Msini",0.537000,18.3487,1.470000,4949.00,"Radial Velocity"
"GJ 367","GJ 367 d",3,34.36900000000,,2.33000000,,,6.03000000,0.49000000,-0.49000000,"Msini",2.620000,,0.455000,3522.00,"Radial Velocity"
"TOI-6109","TOI-6109 b",2,5.69047600000,0.0599000000,4.87040000,0.16220000,-0.12310000,21.10000000,,,"M-R relationship",1.000000,39.9451,1.030000,5660.00,"Transit"
"TOI-125","TOI-125 d",3,19.98000000000,0.1370000000,2.93000000,0.17000000,-0.17000000,13.60000000,1.20000000,-1.20000000,"Mass",2.980000,26.7000,0.859000,5320.00,"Transit"
"TOI-2031 A","TOI-2031 A b",1,5.71548654000,0.0660000000,14.20177855,0.26901554,-0.26901554,254.26272560,73.10053361,-73.10053361,"Mass",0.490000,567.0000,1.174000,6490.00,"Transit"
"Kepler-431","Kepler-431 c",3,8.70300000000,0.0847000000,0.66800000,,,0.22900000,,,"M-R relationship",4.220000,415.5450,1.071000,6004.00,"Transit"
"TIC 279401253","TIC 279401253 b",2,76.80000000000,0.3690000000,11.20898070,0.44835923,-0.44835923,1951.46641898,123.95307873,-133.48793094,"Mass",7.610000,9.1803,1.130000,5951.00,"Transit"
"Kepler-253","Kepler-253 c",3,10.28195100000,0.0890000000,2.65000000,1.11000000,-1.11000000,7.51000000,,,"M-R relationship",2.220000,51.2730,0.860000,5208.00,"Transit"
"Kepler-899","Kepler-899 b",1,19.17891293000,0.1392000000,2.68000000,0.46000000,-0.26000000,7.65000000,,,"M-R relationship",2.180000,62.1980,0.930000,5595.00,"Transit"
"TOI-3474","TOI-3474 b",1,3.87951050000,0.0502000000,14.67255574,0.36989636,-0.35868738,193.87532827,44.49597698,-47.67426105,"Mass",0.337000,740.0000,1.121000,6020.00,"Transit"
"K2-108","K2-108 b",1,4.73399900000,0.0581000000,5.33000000,0.21000000,-0.21000000,59.40000000,4.40000000,-4.40000000,"Mass",2.220000,762.0000,1.170000,5599.00,"Transit"
"Kepler-914","Kepler-914 b",1,4.40966548000,0.0545400000,1.38000000,0.17000000,-0.12000000,2.48000000,,,"M-R relationship",5.190000,568.3780,1.100000,5877.00,"Transit"
"Kepler-440","Kepler-440 b",1,101.11141000000,0.2420000000,1.86000000,0.24000000,-0.19000000,4.12000000,,,"M-R relationship",3.520000,1.2000,0.575000,4134.00,"Transit"
"Kepler-60","Kepler-60 b",3,7.13340000000,0.0725500000,1.71000000,0.13000000,-0.13000000,4.19000000,0.56000000,-0.52000000,"Mass",4.620000,318.0000,1.041000,5905.00,"Transit"
"Kepler-48","Kepler-48 e",5,982.00000000000,1.8982747480,13.40000000,,,657.00000000,25.00000000,-25.00000000,"Mass",1.500000,0.1426,0.880000,5194.00,"Radial Velocity"
"2MASS J19383260+4603591","2MASS J19383260+4603591 b",3,406.00000000000,0.9200000000,13.40000000,,,603.87700000,31.78300000,-31.78300000,"Mass",1.380000,33.2985,0.480000,29564.00,"Eclipse Timing Variations"
"HD 126105","HD 126105 b",1,524.00000000000,1.3600000000,13.50000000,,,530.77343969,60.38739733,-54.03082919,"Msini",1.190000,4.8659,1.200000,4875.00,"Radial Velocity"
"TOI-5205","TOI-5205 b",1,1.63075700000,0.0199000000,11.60000000,0.30000000,-0.30000000,343.00000000,18.00000000,-17.00000000,"Mass",1.210000,49.0000,0.392000,3430.00,"Transit"
"HD 20329","HD 20329 b",1,0.92611800000,0.0180000000,1.72000000,0.07000000,-0.07000000,7.42000000,1.09000000,-1.09000000,"Mass",8.060000,3474.0000,0.900000,5596.00,"Transit"
"WASP-124","WASP-124 b",1,3.37265000000,0.0449000000,13.89916000,0.33627000,-0.33627000,190.69800000,22.24810000,-22.24810000,"Mass",0.430000,748.0000,1.070000,6050.00,"Transit"
"Kepler-1518","Kepler-1518 c",2,9.63102580000,0.0905000000,2.90000000,0.82000000,-0.68000000,8.75000000,,,"M-R relationship",1.970000,338.3300,1.060000,6432.00,"Transit"
"Kepler-382","Kepler-382 b",2,5.26215500000,0.0550000000,1.32000000,0.63000000,-0.63000000,2.30000000,,,"M-R relationship",5.500000,381.4650,1.002000,5600.00,"Transit"
"Kepler-1106","Kepler-1106 b",1,1.25275217400,0.0239000000,1.65000000,0.49000000,-0.23000000,3.36000000,,,"M-R relationship",4.110000,2399.9740,1.110000,6104.00,"Transit"
"WASP-131","WASP-131 b",1,5.32201250000,0.0608000000,13.74221034,0.41473229,-0.41473229,86.76715511,6.03873973,-6.03873973,"Mass",0.196277,995.3724,1.060000,5990.00,"Transit"
"TRAPPIST-1","TRAPPIST-1 e",7,6.10101300000,0.0292500000,0.92000000,0.01300000,-0.01200000,0.69200000,0.02200000,-0.02200000,"Mass",4.901605,0.6460,0.089800,2566.00,"Transit"
"TRAPPIST-1","TRAPPIST-1 f",7,9.20754000000,0.0384900000,1.04500000,0.01300000,-0.01200000,1.03900000,0.03100000,-0.03100000,"Mass",5.022904,0.3730,0.089800,2566.00,"Transit"
"TRAPPIST-1","TRAPPIST-1 h",7,18.77286600000,0.0618900000,0.75500000,0.01400000,-0.01400000,0.32600000,0.02000000,-0.02000000,"Mass",4.162780,0.1440,0.089800,2566.00,"Transit"
"LHS 1140","LHS 1140 b",2,24.73723000000,0.0946000000,1.73000000,0.02500000,-0.02500000,5.60000000,0.19000000,-0.19000000,"Mass",5.900000,0.4300,0.184400,3096.00,"Transit"
"HAT-P-23","HAT-P-23 b",1,1.21288400000,0.0232000000,15.33400000,1.00900000,-1.00900000,664.23700000,35.27800000,-35.27800000,"Mass",1.010000,2796.2342,1.130000,5905.00,"Transit"
"Kepler-190","Kepler-190 c",2,3.76302400000,0.0450000000,1.46000000,0.10000000,-0.10000000,2.73000000,,,"M-R relationship",4.820000,181.6990,0.834000,5106.00,"Transit"
"Kepler-216","Kepler-216 c",2,17.40666900000,0.1360000000,3.04000000,0.59000000,-0.59000000,9.48000000,,,"M-R relationship",1.850000,182.0570,1.126000,6091.00,"Transit"
"GJ 86","GJ 86 b",1,15.76491000000,0.1100000000,12.90000000,,,1404.80860000,63.56600000,-63.56600000,"Msini",3.600000,33.7048,0.930000,5182.00,"Radial Velocity"
"Kepler-267","Kepler-267 d",3,28.46451500000,0.1540000000,2.27000000,0.12000000,-0.12000000,5.77000000,,,"M-R relationship",2.710000,2.6470,0.541571,4258.00,"Transit"
"Kepler-858","Kepler-858 b",1,76.13602028000,0.3393900000,4.87000000,0.23000000,-0.20000000,21.10000000,,,"M-R relationship",1.000000,6.3380,0.960000,5653.00,"Transit"
"K2-396","K2-396 c",2,25.76051000000,,3.12400000,0.17800000,-0.11200000,9.93000000,,,"M-R relationship",1.790000,,0.954000,5236.00,"Transit"
"TOI-4638","TOI-4638.01",1,10.28391878700,0.0930130000,2.93300000,0.37600000,-0.24500000,8.92000000,,,"M-R relationship",1.940000,87.8100,1.020000,5700.00,"Transit"
"K2-198","K2-198 b",3,17.04286830000,,4.18900000,0.22800000,-0.09800000,16.30000000,,,"M-R relationship",1.220000,,0.799000,5212.90,"Transit"
"Kepler-296","Kepler-296 c",5,5.84163660000,0.0521000000,2.00000000,0.33000000,-0.32000000,4.66000000,,,"M-R relationship",1.200000,14.8000,0.498000,3740.00,"Transit"
"Kepler-1801","Kepler-1801 b",2,10.44089985000,0.0915000000,2.70926154,,,7.80000000,,,"M-R relationship",2.160000,111.5200,0.936000,5738.00,"Transit"
"HD 118203","HD 118203 b",2,6.13497790000,0.0713000000,12.77823800,0.32506044,-0.32506044,680.15279098,38.13940884,-38.13940884,"Mass",1.790000,593.4000,1.270000,5742.00,"Radial Velocity"
"NY Vir","NY Vir c",2,8799.00000000000,,12.80000000,,,1760.77820000,63.56600000,-63.56600000,"Msini",4.610000,,0.459000,32780.00,"Eclipse Timing Variations"
"Kepler-204","Kepler-204 b",2,14.40097400000,0.1170000000,2.53000000,0.54000000,-0.54000000,6.94000000,,,"M-R relationship",2.350000,79.7030,1.038000,5812.00,"Transit"
"TOI-201","TOI-201 c",3,2890.00000000000,4.3700000000,10.40000000,0.30000000,-0.30000000,4990.00000000,100.00000000,-100.00000000,"Mass",24.000000,0.1367,1.320000,6423.00,"Transit Timing Variations"
"Kepler-122","Kepler-122 d",5,21.58747500000,0.1550000000,2.20000000,0.44000000,-0.44000000,5.48000000,,,"M-R relationship",2.830000,77.1400,0.982000,6050.00,"Transit"
"Kepler-139","Kepler-139 b",5,15.77104400000,0.1270000000,2.94000000,0.57000000,-0.57000000,7.00000000,3.00000000,-3.00000000,"Mass",2.169438,64.7800,1.078000,5594.00,"Transit"
"TOI-2364","TOI-2364 b",1,4.01975170000,0.0487100000,8.60849718,0.25780656,-0.20176165,71.51139158,13.66662150,-15.57359194,"Mass",0.610000,237.0000,0.954000,5306.00,"Transit"
"Kepler-1302","Kepler-1302 b",1,8.83922659000,0.0795000000,1.43000000,0.15000000,-0.09000000,2.63000000,,,"M-R relationship",4.940000,58.3440,0.860000,5236.00,"Transit"
"Kepler-977","Kepler-977 b",1,26.85328322000,0.1620000000,2.62000000,0.17000000,-0.17000000,7.37000000,,,"M-R relationship",2.250000,13.9550,0.870000,5315.00,"Transit"
"K2-340","K2-340 b",1,29.74045100000,,3.36000000,0.44000000,-0.32000000,11.20000000,,,"M-R relationship",1.620000,,0.930000,5532.00,"Transit"
"TOI-238","TOI-238 c",2,8.46565100000,0.0749000000,2.18000000,0.18000000,-0.18000000,6.70000000,1.10000000,-1.10000000,"Mass",1.830000,58.3000,0.790000,5059.00,"Radial Velocity"
"Kepler-1858","Kepler-1858 b",1,88.07160187000,0.3575000000,2.42168247,,,6.44000000,,,"M-R relationship",2.490000,2.7900,0.785000,4939.00,"Transit"
"K2-365","K2-365 b",1,23.44817200000,,2.90600000,0.19500000,-0.17600000,8.78000000,,,"M-R relationship",1.970000,,0.823000,5561.00,"Transit"
"Kepler-55","Kepler-55 e",5,4.61753400000,0.0480000000,1.55000000,0.23000000,-0.23000000,3.02000000,,,"M-R relationship",4.460000,73.1570,0.631000,4503.00,"Transit"
"Kepler-1074","Kepler-1074 b",1,5.94566534000,0.0536000000,1.25000000,0.24000000,-0.09000000,2.10000000,,,"M-R relationship",5.910000,27.5690,0.600000,4002.00,"Transit"
"Kepler-1278","Kepler-1278 b",1,3.23941344000,0.0441700000,1.01000000,0.31000000,-0.12000000,1.01000000,,,"M-R relationship",5.390000,1314.6700,1.110000,6074.00,"Transit"
"Kepler-1582","Kepler-1582 b",1,4.83817712000,0.0316000000,1.49000000,0.17000000,-0.14000000,2.83000000,,,"M-R relationship",4.700000,2.5000,0.280000,3208.00,"Transit"
"WASP-90","WASP-90 b",1,3.91624300000,0.0562000000,18.27067000,1.00881000,-1.00881000,200.23290000,22.24810000,-22.24810000,"Mass",0.193000,1704.4939,1.550000,6430.00,"Transit"
"K2-165","K2-165 b",3,2.35499200000,,1.27443657,0.14459836,-0.09720175,2.17000000,,,"M-R relationship",5.760000,,0.834847,5185.00,"Transit"
"TrES-5","TrES-5 b",1,1.48224686000,0.0245900000,13.38354600,0.16813500,-0.16813500,568.91570000,21.61244000,-21.61244000,"Mass",1.310000,442.9930,0.901000,5171.00,"Transit"
"K2-205","K2-205 b",1,26.67226300000,,1.99552771,0.26954694,-0.23149515,4.64000000,,,"M-R relationship",3.210000,,0.951027,5890.00,"Transit"
"Kepler-1987","Kepler-1987 e",4,8.74292005000,0.0765000000,1.92000000,0.18000000,-0.13000000,4.35000000,,,"M-R relationship",3.380000,40.3300,0.799000,4769.00,"Transit"
"Kepler-2000","Kepler-2000 c",2,20.61803480000,0.1228000000,1.57000000,0.06000000,-0.10000000,3.09000000,,,"M-R relationship",4.390000,3.9200,0.581000,3757.00,"Transit"
"TrES-1","TrES-1 b",1,3.03007000000,0.0392500000,12.66617000,0.67254000,-0.67254000,266.97720000,34.96130000,-34.96130000,"Mass",0.712000,318.4582,1.040000,5230.00,"Transit"
"Kepler-111","Kepler-111 b",2,3.34181500000,0.0460000000,1.58000000,0.20000000,-0.20000000,3.12000000,,,"M-R relationship",4.350000,677.5030,1.171000,5952.00,"Transit"
"TOI-813","TOI-813 b",1,83.89110000000,0.4230000000,6.71000000,0.38000000,-0.38000000,36.40000000,,,"M-R relationship",0.662000,23.1000,1.320000,5907.00,"Transit"
"HIP 54373","HIP 54373 b",2,7.76000000000,0.0630000000,2.87000000,,,8.62000000,1.84000000,-1.84000000,"Msini",2.000000,15.0984,0.570000,4021.00,"Radial Velocity"
"Kepler-1028","Kepler-1028 b",1,2.51462432000,0.0354000000,1.33000000,0.15000000,-0.11000000,2.33000000,,,"M-R relationship",5.440000,519.6360,0.900000,5522.00,"Transit"
"HD 72490","HD 72490 b",1,858.00000000000,1.8800000000,13.50000000,,,561.92344000,25.42640000,-25.42640000,"Msini",1.260000,3.4894,1.210000,4934.00,"Radial Velocity"
"GJ 433","GJ 433 c",3,5094.10500000000,4.8190000000,6.27000000,,,32.42200000,6.32900000,-6.32900000,"Msini",0.723000,0.0009,0.480000,3461.00,"Radial Velocity"
"HD 80653","HD 80653 b",2,0.71957300000,0.0166100000,1.61300000,0.07100000,-0.07100000,5.72000000,0.36000000,-0.35000000,"Mass",7.470000,6130.0000,1.180000,5959.00,"Transit"
"Kepler-1049","Kepler-1049 b",1,3.27346073600,0.0349000000,0.95000000,0.10000000,-0.16000000,0.80900000,,,"M-R relationship",5.180000,50.4270,0.510000,3864.00,"Transit"
"K2-127","K2-127 b",1,3.58816300000,0.0411000000,8.37000000,0.33000000,-0.33000000,52.90000000,,,"M-R relationship",0.496000,105.6000,0.720000,4575.00,"Transit"
"WTS-1","WTS-1 b",1,3.35205700000,0.0470000000,16.70000000,1.79000000,-2.02000000,1274.44000000,111.24000000,-111.24000000,"Mass",1.610000,554.9183,1.200000,6250.00,"Transit"
"Kepler-1351","Kepler-1351 b",1,0.91614076800,0.0156000000,0.65000000,0.05000000,-0.04000000,0.20800000,,,"M-R relationship",4.160000,421.9650,0.700000,4439.00,"Transit"
"Kepler-593","Kepler-593 b",1,21.21708973000,0.1508000000,2.87000000,0.69000000,-0.29000000,8.60000000,,,"M-R relationship",2.000000,61.0200,1.080000,5967.00,"Transit"
"KOI-351","Kepler-90 i",8,14.44912000000,0.1201380843,1.32000000,0.21000000,-0.21000000,2.30000000,,,"M-R relationship",5.500000,128.5790,1.120000,6015.00,"Transit"
"Kepler-307","Kepler-307 c",2,13.07290000000,0.1089600000,2.20000000,0.07000000,-0.07000000,3.64000000,0.65000000,-0.58000000,"Mass",1.740000,44.0000,0.907000,5367.00,"Transit"
"Kepler-1155","Kepler-1155 b",1,33.46974300000,0.2006000000,2.03000000,0.45000000,-0.20000000,4.78000000,,,"M-R relationship",3.140000,32.5200,1.030000,5842.00,"Transit"
"Kepler-436","Kepler-436 c",2,16.79713874000,0.1145200000,2.33000000,0.19000000,-0.14000000,6.04000000,,,"M-R relationship",2.620000,14.5200,0.750000,4685.00,"Transit"
"Kepler-721","Kepler-721 b",1,5.39202538800,0.0583000000,2.64000000,0.14000000,-0.14000000,7.46000000,,,"M-R relationship",2.230000,138.7510,0.820000,5075.00,"Transit"
"K2-173","K2-173 b",1,5.86869900000,,1.60826194,0.15968465,-0.10547102,3.22000000,,,"M-R relationship",4.250000,,0.881538,5580.00,"Transit"
"Kepler-762","Kepler-762 b",1,3.77055209800,0.0493000000,12.68000000,2.64000000,-1.26000000,,,,"Msini",,1065.7340,1.060000,5944.00,"Transit"
"Kepler-135","Kepler-135 c",2,11.44870800000,0.1030000000,1.16000000,0.23000000,-0.23000000,1.65000000,,,"M-R relationship",5.810000,209.9670,1.047000,6090.00,"Transit"
"HAT-P-15","HAT-P-15 b",1,10.86350000000,0.0965000000,11.88154000,0.78463000,-0.78463000,616.59020000,95.34900000,-95.34900000,"Mass",1.960000,79.7578,1.000000,5568.00,"Transit"
"HD 96700","HD 96700 c",3,19.88000000000,0.1410000000,1.69000000,,,3.50000000,0.40000000,-0.40000000,"Msini",3.980000,69.4130,0.890000,5845.00,"Radial Velocity"
"Kepler-250","Kepler-250 b",3,4.14814100000,0.0480000000,1.13000000,0.68000000,-0.68000000,1.51000000,,,"M-R relationship",5.750000,148.1030,0.806000,5160.00,"Transit"
"K2-138","K2-138 g",6,41.96797000000,0.2310900000,3.01300000,0.30300000,-0.25100000,4.32000000,5.26000000,-3.03000000,"Mass",0.900000,9.2900,0.935000,5356.30,"Transit"
"CoRoT-4","CoRoT-4 b",1,9.20205000000,0.0900000000,13.34000000,0.67000000,-0.56000000,228.83000000,25.43000000,-25.43000000,"Mass",0.525000,203.9517,1.160000,6190.00,"Transit"
"Kepler-2001","Kepler-2001 b",2,1.09001100300,0.0197000000,1.04000000,0.13000000,-0.08000000,1.12000000,,,"M-R relationship",5.470000,911.2800,0.864000,5081.00,"Transit"
"Kepler-1817","Kepler-1817 b",1,44.29919815000,0.2348000000,2.27349126,,,5.79000000,,,"M-R relationship",2.710000,10.8500,0.878000,5316.00,"Transit"
"K2-19","K2-19 b",3,7.91930000000,0.0748700000,7.00000000,0.20000000,-0.20000000,30.80000000,2.50000000,-0.90000000,"Mass",0.494000,87.0000,0.880000,5322.00,"Transit"
"HD 102329","HD 102329 b",2,778.09998000000,1.8100000000,12.60000000,,,2593.49280000,696.04770000,-696.04770000,"Msini",7.120000,5.9827,3.210000,4745.00,"Radial Velocity"
"HD 20794","HD 20794 d",4,89.68000000000,0.3625000000,2.04000000,,,4.80000000,0.60000000,-0.60000000,"Msin(i)/sin(i)",3.110000,5.2273,0.790000,5368.00,"Radial Velocity"
"Kepler-395","Kepler-395 c",2,34.98926200000,0.1770000000,1.32000000,0.09000000,-0.09000000,2.30000000,,,"M-R relationship",5.500000,2.1100,0.622827,4262.00,"Transit"
"Kepler-1609","Kepler-1609 b",1,114.34219000000,0.4679000000,2.22000000,0.90000000,-0.32000000,5.56000000,,,"M-R relationship",2.790000,12.9750,1.180000,6132.00,"Transit"
"Kepler-281","Kepler-281 b",3,14.64600800000,0.1170000000,2.82000000,1.12000000,-1.12000000,324.00000000,82.00000000,-65.00000000,"Mass",52.000000,118.2460,0.950000,5723.00,"Transit"
"Kepler-1634","Kepler-1634 b",1,374.87623900000,1.0525000000,3.19000000,0.52000000,-0.60000000,10.30000000,,,"M-R relationship",1.740000,0.5440,0.920000,5474.00,"Transit"
"TOI-2427","TOI-2427 b",1,1.30600110000,0.0202000000,1.80000000,0.12000000,-0.12000000,3.89000000,,,"M-R relationship",3.670000,62.7136,0.640000,4072.00,"Transit"
"Kepler-1701","Kepler-1701 b",1,169.13400000000,0.5738000000,2.22186207,,,5.57000000,,,"M-R relationship",2.790000,1.3000,0.870000,5146.00,"Transit"
"HAT-P-67","HAT-P-67 b",1,4.81010690000,0.0650500000,23.98721870,0.28022452,-0.28022452,143.02278315,47.67426105,-47.67426105,"Mass",0.061000,2029.1700,1.730000,6640.00,"Transit"
"TOI-1288","TOI-1288 b",2,2.69982790000,0.0374000000,4.96846551,0.10805813,-0.10007430,44.10000000,2.70000000,-2.60000000,"Mass",1.970000,1198.4100,0.955200,5388.00,"Transit"
"Kepler-1335","Kepler-1335 b",1,6.26406846000,0.0615000000,1.45000000,0.10000000,-0.09000000,2.70000000,,,"M-R relationship",4.870000,80.7410,0.770000,4903.00,"Transit"
"Kepler-266","Kepler-266 c",2,107.72360100000,0.4570000000,3.89000000,1.89000000,-1.89000000,14.40000000,,,"M-R relationship",1.340000,5.5920,0.947000,5885.00,"Transit"
"rho CrB","rho CrB b",3,39.84900000000,0.2245000000,13.70000000,,,347.99500000,0.05400000,-0.05400000,"Msini",0.744000,34.7000,1.000000,5817.00,"Radial Velocity"
"K2-413","K2-413 c",2,5.33010000000,0.0426000000,1.23270000,0.05650000,-0.05930000,2.05000000,,,"M-R relationship",6.010000,69.5290,0.808000,4116.00,"Transit"
"HD 38801","HD 38801 b",1,685.25000000000,1.6230000000,12.50000000,,,3082.31534000,182.11659000,-186.56621000,"Msini",8.670000,1.7311,1.207000,5338.00,"Radial Velocity"
"Kepler-129","Kepler-129 d",3,2646.00000000000,4.0000000000,12.60000000,,,2637.97577810,349.61124770,-222.47988490,"Msini",7.250000,0.1818,1.178000,5770.00,"Radial Velocity"
"TOI-1630","TOI-1630.01",1,12.05573473300,0.1011510000,2.41700000,0.22800000,-0.16200000,6.42000000,,,"M-R relationship",2.500000,55.5800,0.950000,5504.00,"Transit"
"TOI-7009","TOI-7009 b",1,2.32066120000,0.0287000000,3.71000000,0.15000000,-0.15000000,13.30000000,,,"M-R relationship",1.430000,42.4124,0.583000,4080.00,"Transit"
"Kepler-32","Kepler-32 e",5,2.89600000000,0.0330000000,1.50000000,0.10000000,-0.10000000,4.08181000,,,"Mass",0.091000,56.6490,0.580000,3900.00,"Transit"
"TOI-6716","TOI-6716 b",1,4.71858980000,0.0319000000,0.98200000,0.06700000,-0.06700000,0.91100000,,,"M-R relationship",5.290000,4.4000,0.223000,3110.00,"Transit"
"Kepler-1882","Kepler-1882 b",1,13.78730011000,0.1163600000,1.48674404,,,2.81000000,,,"M-R relationship",4.700000,122.1000,1.068000,5691.00,"Transit"
"Kepler-387","Kepler-387 c",2,11.83754900000,0.0980000000,0.89000000,0.22000000,-0.22000000,0.64000000,,,"M-R relationship",4.990000,144.9630,0.850000,5774.00,"Transit"
"Kepler-680","Kepler-680 b",1,3.68992629100,0.0469000000,2.42000000,0.82000000,-0.25000000,6.44000000,,,"M-R relationship",2.500000,706.6200,1.080000,5890.00,"Transit"
"Kepler-175","Kepler-175 b",2,11.90351500000,0.1050000000,2.56000000,1.28000000,-1.28000000,7.08000000,,,"M-R relationship",2.320000,129.6390,0.969000,6064.00,"Transit"
"Kepler-375","Kepler-375 c",2,19.98632600000,0.1410000000,2.65000000,0.96000000,-0.96000000,7.51000000,,,"M-R relationship",2.220000,33.1520,0.891000,5826.00,"Transit"
"Kepler-1044","Kepler-1044 b",1,6.77408868000,0.0741000000,2.67000000,0.62000000,-0.29000000,7.61000000,,,"M-R relationship",2.200000,218.4970,1.080000,5985.00,"Transit"
"Kepler-1312","Kepler-1312 c",2,1.11611998100,0.0210300000,1.02732734,,,1.07000000,,,"M-R relationship",5.420000,1770.2000,0.983000,5721.00,"Transit"
"K2-264","K2-264 c",2,19.66030200000,0.1128300000,2.66800000,0.20100000,-0.19400000,7.60000000,,,"M-R relationship",2.200000,2.5922,0.496000,3660.00,"Transit"
"Kepler-53","Kepler-53 b",3,18.64895250000,0.1361000000,2.89000000,,,111.00000000,,,"Mass",1.180000,60.9970,0.980000,5858.00,"Transit"
"HD 134606","HD 134606 c",5,58.88300000000,0.3007000000,3.37000000,,,11.31000000,1.00000000,-0.99000000,"Msini",1.620000,12.8400,1.046000,5576.00,"Radial Velocity"
"HD 10180","HD 10180 e",6,49.74800000000,0.2699000000,5.39000000,,,25.10000000,1.20000000,-1.20000000,"Msin(i)/sin(i)",0.881000,20.4541,1.060000,5911.00,"Radial Velocity"
"Kepler-1027","Kepler-1027 b",1,1.90780519900,0.0291100000,0.89000000,0.04000000,-0.02000000,0.64000000,,,"M-R relationship",4.990000,1162.5100,0.910000,5436.00,"Transit"
"Kepler-338","Kepler-338 e",4,9.34100000000,0.0897900000,1.56000000,0.07000000,-0.07000000,8.50000000,7.20000000,-6.30000000,"Mass",12.300000,428.5240,1.140000,5999.00,"Transit Timing Variations"
"tau Cet","tau Cet h",3,49.41000000000,0.2430000000,1.19000000,,,1.83000000,0.68000000,-0.26000000,"Msini",5.970000,8.3829,0.783000,5310.00,"Radial Velocity"
"Kepler-1714","Kepler-1714 b",1,10.27530003000,0.1054900000,3.26437302,,,10.70000000,,,"M-R relationship",1.690000,504.3000,1.448000,6150.00,"Transit"
"Kepler-1241","Kepler-1241 b",1,18.55257010000,0.1336000000,2.63000000,0.21000000,-0.23000000,7.41000000,,,"M-R relationship",2.240000,31.4560,0.840000,5261.00,"Transit"
"TOI-1898","TOI-1898 b",1,45.52234000000,0.2690000000,9.39553231,0.23429150,-0.30913881,129.00000000,7.00000000,-8.00000000,"Mass",0.850000,51.0074,1.248400,6241.00,"Transit"
"BD+15 2940","BD+15 2940 b",1,137.48000000000,0.5390000000,13.70000000,,,352.78000000,,,"Msini",0.754000,352.2269,1.100000,4796.00,"Radial Velocity"
"Kepler-11","Kepler-11 d",6,22.68450000000,0.1550000000,3.12000000,0.06000000,-0.07000000,7.30000000,0.80000000,-1.50000000,"Mass",1.280000,51.1150,0.961000,5663.00,"Transit"
"Kepler-10","Kepler-10 b",3,0.83749070000,0.0168500000,1.47000000,0.03000000,-0.02000000,3.24000000,0.32000000,-0.32000000,"Mass",5.540000,3741.7800,0.910000,5708.00,"Transit"
"Kepler-177","Kepler-177 c",2,49.40926000000,0.2565500000,8.73000000,0.36000000,-0.34000000,14.70000000,2.70000000,-2.50000000,"Mass",0.121000,25.4000,0.921000,5732.00,"Transit"
"EPIC 206024342","EPIC 206024342 c",3,0.91172400000,,1.40000000,0.50000000,-0.50000000,2.54000000,,,"M-R relationship",5.090000,,0.928000,5724.00,"Transit"
"51 Peg","51 Peg b",1,4.23079660000,0.0520000000,14.10000000,,,193.87532827,19.06970442,-15.89142035,"Mass",0.380000,506.1775,1.070000,5761.00,"Radial Velocity"
"TIC 52059926","TIC 52059926 b",1,175.53200000000,0.5530000000,10.71000000,0.52000000,-0.57000000,5380.00000000,390.00000000,-370.00000000,"Mass",24.100000,4.4802,0.730000,4505.00,"Transit"
"TRAPPIST-1","TRAPPIST-1 b",7,1.51082600000,0.0115400000,1.11600000,0.01400000,-0.01200000,1.37400000,0.06900000,-0.06900000,"Mass",5.441939,4.1530,0.089800,2566.00,"Transit"
"55 Cnc","55 Cnc f",7,260.58000000000,0.8020000000,7.59000000,,,44.81200000,3.81400000,-3.81400000,"Mass",0.563000,0.9879,1.015000,5198.00,"Radial Velocity"
"55 Cnc","55 Cnc c",7,44.39360000000,0.2470000000,8.51000000,,,54.47380000,1.74800000,-1.74800000,"Mass",0.486000,10.4149,1.015000,5198.00,"Radial Velocity"
"GJ 3470","GJ 3470 b",1,3.33664960000,0.0355000000,4.57000000,0.18000000,-0.18000000,13.90000000,1.50000000,-1.50000000,"Mass",0.800000,29.6584,0.539000,3600.00,"Radial Velocity"
"HD 3167","HD 3167 d",4,8.41120000000,0.0763000000,1.92000000,,,4.33000000,0.45000000,-0.45000000,"Msini",3.360000,88.9000,0.837000,5261.00,"Radial Velocity"
"HIP 107772","HIP 107772 b",1,55.19900000000,0.2430000000,3.64000000,,,12.90000000,3.00000000,-3.00000000,"Msini",1.470000,1.1630,0.630000,4006.00,"Radial Velocity"
"Kepler-48","Kepler-48 d",5,42.89610000000,0.2330200000,2.04000000,0.11000000,-0.11000000,7.93000000,4.60000000,-4.60000000,"Mass",5.080000,9.2920,0.880000,5194.00,"Transit"
"TOI-907","TOI-907.01",1,4.58491290000,0.0552254810,9.61588510,0.61162790,-0.61162790,67.00000000,,,"M-R relationship",0.414000,1729.6714,1.069357,6272.00,"Transit"
"Kepler-1921","Kepler-1921 b",2,20.03479958000,0.1586500000,2.89459458,,,8.72000000,,,"M-R relationship",1.980000,216.2000,1.251000,6120.00,"Transit"
"Kepler-1210","Kepler-1210 b",1,8.07124073000,0.0753000000,1.70000000,0.30000000,-0.13000000,3.53000000,,,"M-R relationship",3.950000,152.0470,0.940000,5568.00,"Transit"
"Kepler-410 A","Kepler-410 A b",1,17.83364800000,0.1226000000,2.83800000,0.05400000,-0.05400000,8.44000000,,,"M-R relationship",2.030000,159.5000,1.214000,6273.00,"Transit"
"Kepler-841","Kepler-841 b",1,124.41983980000,0.4790000000,5.23000000,0.41000000,-0.36000000,23.80000000,,,"M-R relationship",0.914000,1.6480,0.850000,5324.00,"Transit"
"K2-16","EPIC 201754305 d",3,2.71578000000,,1.03000000,0.08500000,-0.08600000,1.08000000,,,"M-R relationship",5.430000,,0.670000,4761.00,"Transit"
"K2-137","K2-137 b",1,0.17971900000,0.0058000000,0.64000000,0.10000000,-0.10000000,158.91500000,,,"Mass",,975.5731,0.463000,3697.00,"Transit"
"Kepler-1416","Kepler-1416 b",1,1.49514952000,0.0257000000,0.88000000,0.33000000,-0.14000000,0.61500000,,,"M-R relationship",4.960000,2658.5500,1.090000,6019.00,"Transit"
"Kepler-100","Kepler-100 d",4,35.33310000000,0.2174700000,1.61000000,0.05000000,-0.05000000,3.00000000,,,"Mass",2.695922,53.9810,1.080000,5825.00,"Transit"
"WASP-162","WASP-162 b",1,9.62468000000,0.0871000000,11.20900000,0.56045000,-0.56045000,1652.71600000,63.56600000,-63.56600000,"Mass",6.900000,121.9180,0.950000,5300.00,"Transit"
"KOBE-1","KOBE-1 b",2,8.53990000000,0.0700600000,2.91000000,,,8.80000000,0.76000000,-0.76000000,"Msini",1.960000,20.5600,0.629000,4135.00,"Radial Velocity"
"Kepler-1766","Kepler-1766 b",1,105.01499940000,0.4161000000,2.27904508,,,5.81000000,,,"M-R relationship",2.700000,7.8000,0.915000,5868.00,"Transit"
"HD 127195","HD 127195 c",2,836.99000000000,,14.10000000,,,206.58846455,6.35656814,-6.35656814,"Msini",0.405000,,1.340000,4981.00,"Radial Velocity"
"K2-287","K2-287 b",1,14.89329100000,0.1206000000,9.49402300,0.14571700,-0.14571700,100.11645000,8.58141000,-8.58141000,"Mass",0.630000,53.5814,1.056000,5695.00,"Transit"
"K2-162","K2-162 b",1,9.45889000000,0.0795000000,1.44000000,0.11000000,-0.07000000,2.67000000,,,"M-R relationship",4.910000,34.8621,0.750000,4842.00,"Transit"
"HD 103197","HD 103197 b",1,47.84000000000,0.2500000000,5.83000000,,,28.60470000,6.35660000,-6.35660000,"Msini",0.793000,7.5200,0.800000,5250.00,"Radial Velocity"
"HD 63765","HD 63765 b",1,358.00000000000,0.9400000000,14.20000000,,,168.44990000,9.53490000,-9.53490000,"Msini",0.323000,0.6270,0.650000,5449.00,"Radial Velocity"
"TOI-500","TOI-500 b",4,0.54817700000,0.0118900000,1.16600000,0.06100000,-0.05800000,1.42000000,0.18000000,-0.18000000,"Mass",4.890000,1138.0000,0.740000,4440.00,"Transit"
"HD 206893","HD 206893 b",2,11100.00000000000,10.7500000000,14.01122587,0.22417961,-0.22417961,6197.65393650,444.95976980,-413.17692910,"Mass",12.400000,0.0247,1.310000,6500.00,"Imaging"
"HD 207897","HD 207897 b",1,16.20166000000,0.1170000000,2.34302132,0.12364600,-0.09173373,14.80000000,1.50000000,-1.40000000,"Mass",6.290000,26.5000,0.820800,5106.00,"Transit"
"TOI-4153","TOI-4153 b",1,4.61741410000,0.0631100000,16.11851425,0.50440413,-0.47077719,365.50266805,57.20911326,-57.20911326,"Mass",0.477000,1212.0072,1.572000,6860.00,"Transit"
"TOI-6707","TOI-6707 b",1,3.83479363758,,5.72673066,0.41846318,-0.39880235,27.80000000,,,"M-R relationship",0.813000,1226.7862,1.140000,6289.49,"Transit"
"TOI-262","TOI-262 b",1,11.14529000000,0.1630000000,2.07000000,0.15000000,-0.15000000,4.94000000,,,"M-R relationship",3.060000,56.9133,0.913000,5310.00,"Transit"
"Kepler-1072","Kepler-1072 b",1,1.56906650200,0.0274200000,1.58000000,0.72000000,-0.24000000,3.12000000,,,"M-R relationship",4.350000,2944.0000,1.200000,6199.00,"Transit"
"HIP 107773","HIP 107773 b",1,144.30000000000,0.7200000000,13.40000000,,,629.30340000,66.74430000,-66.74430000,"Msini",1.440000,142.9997,2.420000,4945.00,"Radial Velocity"
"Kepler-1925","Kepler-1925 b",1,46.71640015000,0.2588000000,3.00177922,,,9.28000000,,,"M-R relationship",1.890000,18.7400,1.057000,5856.00,"Transit"
"ups And","ups And d",3,1276.46000000000,2.5132900000,12.50000000,,,3257.74117175,222.47988490,-1048.83374310,"Mass",9.170000,0.5308,1.300000,6156.77,"Radial Velocity"
"TOI-4791","TOI-4791 b",1,4.28088000000,0.0555000000,12.44196858,0.56044903,-0.56044903,734.18362017,101.70509024,-104.88337431,"Mass",2.090000,783.2000,1.242000,6058.00,"Transit"
"Kepler-1751","Kepler-1751 b",1,7.01731014300,0.0712000000,1.82417378,,,3.98000000,,,"M-R relationship",3.600000,221.4600,0.974000,6052.00,"Transit"
"HATS-56","HATS-56 b",1,4.32479900000,0.0604300000,18.92079200,0.43715100,-0.61649500,191.33366000,11.12405000,-11.12405000,"Mass",0.155000,1080.8700,1.573000,6536.00,"Transit"
"Kepler-1769","Kepler-1769 b",1,89.19349670000,0.4059800000,4.46500000,,,18.20000000,,,"M-R relationship",1.120000,8.9000,1.061000,6071.00,"Transit"
"GJ 338 B","GJ 338 B b",1,24.42200000000,0.1420000000,3.25000000,,,10.60000000,1.20000000,-1.20000000,"Msini",1.700000,3.9278,0.640000,4014.00,"Radial Velocity"
"TOI-4582","TOI-4582 b",1,31.03400000000,,10.53644186,1.00880826,-1.34507768,168.44905571,15.89142035,-15.89142035,"Mass",0.791000,33.7343,1.340000,5190.00,"Transit"
"HATS-25","HATS-25 b",1,4.29864320000,0.0516300000,14.12334000,1.12090000,-1.12090000,194.82979000,13.34886000,-13.34886000,"Mass",0.380000,454.8721,0.994000,5715.00,"Transit"
"Kepler-351","Kepler-351 d",3,142.54424700000,0.5177000000,2.72000000,0.19000000,-0.30000000,7.85000000,,,"M-R relationship",2.140000,1.9890,0.810000,5225.00,"Transit"
"Kepler-311","Kepler-311 d",3,232.04032600000,0.7326000000,2.05000000,0.33000000,-0.29000000,4.86000000,,,"M-R relationship",3.100000,2.7100,0.974000,5903.00,"Transit"
"Kepler-309","Kepler-309 b",2,5.92365300000,0.0590000000,1.56000000,0.14000000,-0.14000000,3.05000000,,,"M-R relationship",4.410000,99.4930,0.816000,4713.00,"Transit"
"Kepler-176","Kepler-176 d",4,25.75197400000,0.1630000000,2.51000000,1.32000000,-1.32000000,1.72000000,0.46000000,-0.31000000,"Mass",0.600000,15.5360,0.860000,5232.00,"Transit"
"HD 20868","HD 20868 b",1,380.85001000000,0.9500000000,13.70000000,,,397.28750000,187.51970000,-187.51970000,"Msini",0.849000,0.3278,0.390000,4802.00,"Radial Velocity"
"Kepler-277","Kepler-277 c",2,33.00600000000,0.2178100000,3.36000000,0.83000000,-0.72000000,64.20000000,18.10000000,-15.70000000,"Mass",7.800000,83.8980,1.120000,5946.00,"Transit"
"Kepler-150","Kepler-150 f",5,637.20930000000,1.2400000000,3.64000000,0.52000000,-0.39000000,12.90000000,,,"M-R relationship",1.470000,0.4485,0.970000,5528.00,"Transit"
"Kepler-279","Kepler-279 d",4,54.41400000000,0.2901000000,3.10000000,1.24000000,-0.30000000,37.50000000,5.50000000,-4.50000000,"Mass",0.300000,35.7390,1.100000,6689.45,"Transit"
"HAT-P-42","HAT-P-42 b",1,4.64187800000,0.0575000000,14.34800000,1.71500000,-1.71500000,331.80100000,26.37900000,-26.37900000,"Mass",0.610000,684.0973,1.178000,5743.00,"Transit"
"Kepler-262","Kepler-262 b",2,13.06085500000,0.1080000000,1.36000000,0.59000000,-0.59000000,2.42000000,,,"M-R relationship",5.290000,50.1690,0.816000,5841.00,"Transit"
"TOI-2211","TOI-2211.01",1,3.09268675700,0.0401100000,1.56100000,0.19800000,-0.14400000,3.06000000,,,"M-R relationship",4.420000,296.1300,0.900000,5253.00,"Transit"
"TOI-5777","TOI-5777 b",1,6.91716177373,,3.09551273,3.33613185,-0.62792622,9.78000000,,,"M-R relationship",1.810000,21.9209,0.658000,4408.03,"Transit"
"Kepler-173","Kepler-173 b",2,4.26374200000,0.0480000000,1.29000000,0.64000000,-0.64000000,2.21000000,,,"M-R relationship",5.660000,599.4950,1.067000,6031.00,"Transit"
"Kepler-335","Kepler-335 b",2,6.56233100000,0.0750000000,3.39000000,0.67000000,-0.67000000,11.40000000,,,"M-R relationship",1.610000,721.1240,1.367000,5877.00,"Transit"
"TOI-5605","TOI-5605 b",1,5.91340454843,,2.52611303,0.34360463,-0.27750529,6.92000000,,,"M-R relationship",2.360000,33.3499,0.680000,4583.79,"Transit"
"TOI-1221","TOI-1221 b",1,91.68278000000,0.3870000000,2.91000000,0.13000000,-0.12000000,1112.39942450,,,"Mass",,6.0600,0.930000,5592.00,"Transit"
"Kepler-881","Kepler-881 b",1,4.44448017000,0.0552000000,1.78000000,0.43000000,-0.32000000,3.82000000,,,"M-R relationship",3.720000,538.5690,1.060000,5961.00,"Transit"
"Kepler-324","Kepler-324 c",4,51.80561200000,0.2600000000,3.15000000,0.33000000,-0.33000000,6.20000000,1.70000000,-1.20000000,"Mass",1.730000,7.2330,0.901000,5194.00,"Transit"
"Kepler-1226","Kepler-1226 b",1,17.29234530000,0.1394500000,1.45000000,0.26000000,-0.15000000,2.70000000,,,"M-R relationship",4.870000,140.3760,1.020000,5923.00,"Transit"
"Kepler-1048","Kepler-1048 b",1,6.92101021000,0.0590000000,1.61000000,0.09000000,-0.08000000,3.22000000,,,"M-R relationship",4.240000,96.9760,0.750000,4651.00,"Transit"
"HD 69830","HD 69830 c",3,31.56000000000,0.1860000000,3.46000000,,,11.80000000,,,"Msini",1.570000,17.4170,0.860000,5385.00,"Radial Velocity"
"HATS-38","HATS-38 b",1,4.37502100000,0.0503600000,6.88232600,0.19055300,-0.19055300,23.51942000,3.49613000,-3.49613000,"Mass",0.403000,464.7000,0.890000,5732.00,"Transit"
"HD 154857","HD 154857 b",2,408.60001000000,1.2900000000,13.30000000,,,778.68350000,34.96130000,-34.96130000,"Msini",1.820000,2.7638,1.960000,5589.00,"Radial Velocity"
"Kepler-1530","Kepler-1530 c",3,5.32274060000,0.0574400000,1.65000000,0.24000000,-0.11000000,3.36000000,,,"M-R relationship",4.110000,135.1790,0.920000,5477.00,"Transit"
"Kepler-1047","Kepler-1047 c",2,3.18897601000,0.0441300000,0.99000000,0.13000000,-0.09000000,0.93700000,,,"M-R relationship",5.310000,1323.0650,1.080000,5754.00,"Transit"
"Kepler-1274","Kepler-1274 b",1,6.98152703000,0.0816100000,1.42000000,0.10000000,-0.10000000,2.60000000,,,"M-R relationship",4.990000,975.8100,1.450000,6179.00,"Transit"
"K2-31","K2-31 b",1,1.25785000000,0.0220000000,11.88154000,3.92315000,-3.92315000,563.83042000,25.10857000,-25.10857000,"Mass",0.032000,1272.0000,0.910000,5280.00,"Transit"
"GJ 1265","GJ 1265 b",1,3.65110000000,0.0260000000,2.63000000,,,7.40000000,0.50000000,-0.50000000,"Msini",2.240000,5.3846,0.178000,3236.00,"Radial Velocity"
"G 9-40","G 9-40 b",1,5.74599820000,0.0418000000,1.90000000,0.06500000,-0.06500000,4.00000000,0.63000000,-0.63000000,"Mass",3.200000,6.2700,0.295200,3395.00,"Transit"
"K2-379","K2-379 b",1,8.77724700000,,2.18100000,0.36300000,-0.19800000,5.40000000,,,"M-R relationship",2.860000,,0.856000,4603.00,"Transit"
"KIC 10001893","KIC 10001893 c",3,0.32528000000,,,,,,,,"Msini",,,0.470000,27500.00,"Orbital Brightness Modulation"
"K2-168","EPIC 205950854 c",2,8.05072200000,,1.31000000,0.14400000,-0.06300000,2.27000000,,,"M-R relationship",5.550000,,0.877000,5502.70,"Transit"
"HD 147873","HD 147873 c",2,491.54000000000,1.3600000000,13.30000000,,,731.00900000,57.20940000,-57.20940000,"Msini",1.710000,3.2385,1.380000,5972.00,"Radial Velocity"
"Kepler-290","Kepler-290 b",3,14.58934700000,0.1100000000,2.25000000,1.22000000,-1.22000000,5.69000000,,,"M-R relationship",2.740000,22.6370,0.756000,5147.00,"Transit"
"Kepler-857","Kepler-857 b",1,85.35129427000,0.3751000000,6.80000000,1.70000000,-0.68000000,37.20000000,,,"M-R relationship",0.650000,5.7470,0.990000,5773.00,"Transit"
"Kepler-872","Kepler-872 b",1,2.57885506800,0.0362000000,1.99000000,0.50000000,-0.23000000,4.62000000,,,"M-R relationship",3.220000,553.0560,1.050000,5902.00,"Transit"
"Kepler-1430","Kepler-1430 b",1,2.46050993000,0.0304000000,1.18000000,0.09000000,-0.08000000,1.76000000,,,"M-R relationship",5.890000,208.5400,0.770000,4796.00,"Transit"
"Kepler-1311","Kepler-1311 b",3,11.17269940000,0.1008200000,1.24000000,0.25000000,-0.26000000,2.07000000,,,"M-R relationship",5.970000,296.9200,1.050000,5748.00,"Transit"
"Kepler-126","Kepler-126 d",3,100.28313400000,0.4480000000,2.50000000,0.05000000,-0.05000000,54.59018723,23.11478081,-23.11478081,"Msini",18.398878,14.7140,1.108000,6239.00,"Transit"
"Kepler-445","Kepler-445 c",3,4.87122900000,0.0301000000,2.51000000,0.36000000,-0.36000000,6.85000000,,,"M-R relationship",2.380000,9.1770,0.180000,3157.00,"Transit"
"GJ 3293","GJ 3293 e",4,13.25430000000,0.0820800000,1.63000000,,,3.28000000,0.64000000,-0.64000000,"Msini",4.160000,3.3400,0.420000,3466.00,"Radial Velocity"
"HD 147018","HD 147018 c",2,1008.00000000000,1.9220000000,12.70000000,,,2080.00000000,100.00000000,-100.00000000,"Msini",5.580000,0.1927,0.927000,5441.00,"Radial Velocity"
"Kepler-1350","Kepler-1350 b",2,4.49686040000,0.0413000000,2.52000000,0.16000000,-0.25000000,6.90000000,,,"M-R relationship",2.370000,27.1760,0.550000,3827.00,"Transit"
"Kepler-1174","Kepler-1174 b",1,6.89225223000,0.0732000000,1.59000000,0.31000000,-0.16000000,3.15000000,,,"M-R relationship",4.310000,641.8140,1.040000,5936.00,"Transit"
"TOI-1774","HD 85426 c",2,35.73000000000,,3.19000000,,,10.30000000,1.60000000,-1.50000000,"Msini",1.740000,,0.991000,5746.00,"Radial Velocity"
"Kepler-675","Kepler-675 b",1,2.33743801000,0.0325000000,2.44000000,0.24000000,-0.16000000,6.53000000,,,"M-R relationship",2.470000,308.5470,0.790000,4945.00,"Transit"
"Kepler-1061","Kepler-1061 b",1,2.75798266600,0.0388000000,1.98000000,0.11000000,-0.37000000,4.58000000,,,"M-R relationship",3.240000,788.5010,1.090000,6067.00,"Transit"
"Kepler-865","Kepler-865 c",2,6.20920207000,0.0610000000,0.89000000,0.19000000,-0.13000000,0.64000000,,,"M-R relationship",4.990000,164.9800,0.782000,5440.00,"Transit"
"nu Oph","nu Oph c",2,3180.60000000000,5.8290000000,12.00000000,,,7838.32346000,,,"Mass",24.900000,2.3098,2.610000,4887.00,"Radial Velocity"
"TOI-1751","TOI-1751 b",1,37.46852000000,0.2150000000,2.95078450,0.11061818,-0.08190008,19.50000000,3.50000000,-3.40000000,"Mass",4.130000,192.5210,0.938200,5970.00,"Transit"
"Kepler-851","Kepler-851 b",1,8.50699658000,0.0802000000,1.68000000,0.27000000,-0.21000000,3.46000000,,,"M-R relationship",4.010000,103.8280,0.890000,5455.00,"Transit"
"Kepler-605","Kepler-605 b",2,3.38353806600,0.0424400000,1.44000000,0.17000000,-0.09000000,2.67000000,,,"M-R relationship",4.910000,316.7180,0.910000,5462.00,"Transit"
"Kepler-234","Kepler-234 b",2,2.71150600000,0.0400000000,3.70000000,1.66000000,-1.66000000,13.20000000,,,"M-R relationship",1.430000,1007.7160,1.129000,6224.00,"Transit"
"Kepler-360","Kepler-360 b",2,3.28967200000,0.0440000000,1.65000000,0.78000000,-0.78000000,3.36000000,,,"M-R relationship",4.110000,415.4340,0.994000,6053.00,"Transit"
"K2-419 A","K2-419 A b",1,20.35847252000,0.1208000000,10.55000000,0.39000000,-0.39000000,196.00000000,15.00000000,-15.00000000,"Mass",0.916000,3.3000,0.562000,3711.00,"Transit"
"Kepler-172","Kepler-172 e",4,35.11873600000,0.2110000000,2.76000000,0.56000000,-0.56000000,8.05000000,,,"M-R relationship",2.100000,23.4310,1.081000,5526.00,"Transit"
"Kepler-275","Kepler-275 d",3,35.67606200000,0.2240000000,3.33000000,0.74000000,-0.74000000,11.10000000,,,"M-R relationship",1.650000,50.7000,1.189000,6165.00,"Transit"
"K2-146","K2-146 c",2,4.00498000000,0.0327000000,2.19000000,0.07000000,-0.07000000,7.49000000,0.24000000,-0.24000000,"Mass",3.920000,14.0280,0.331000,3385.00,"Transit"
"Kepler-1144","Kepler-1144 b",1,17.14647302000,0.1291000000,1.99000000,0.30000000,-0.16000000,4.62000000,,,"M-R relationship",3.220000,62.0610,0.980000,5753.00,"Transit"
"Kepler-1088","Kepler-1088 b",1,23.12748644000,0.1616300000,1.42000000,0.11000000,-0.10000000,2.60000000,,,"M-R relationship",4.990000,44.8870,1.080000,5975.00,"Transit"
"GJ 163","GJ 163 d",3,603.95116000000,1.0304000000,5.92000000,,,29.40000000,2.90000000,-2.90000000,"Msini",0.779000,0.0184,0.400000,3500.00,"Radial Velocity"
"WASP-168","WASP-168 b",1,4.15365800000,0.0519000000,16.81350000,5.60450000,-3.36270000,133.48860000,12.71320000,-12.71320000,"Mass",0.160000,278.8860,1.080000,6000.00,"Transit"
"HD 4313","HD 4313 b",1,356.21000000000,1.1570000000,13.40000000,,,612.45841000,28.60470000,-28.60470000,"Msini",1.400000,10.5330,1.630000,4943.00,"Radial Velocity"
"HD 93083","HD 93083 b",2,144.72000000000,0.5080000000,14.30000000,,,143.34061156,3.81394088,-3.81394088,"Msini",0.269000,1.5900,0.836000,5033.80,"Radial Velocity"
"K2-181","K2-181 b",1,6.89410000000,0.0706000000,2.69000000,0.21000000,-0.09000000,7.70000000,,,"M-R relationship",2.170000,192.0000,0.960000,5528.00,"Transit"
"Kepler-1787","Kepler-1787 b",1,39.31370163000,0.2270000000,2.31898181,,,5.99000000,,,"M-R relationship",2.640000,20.0400,1.008000,6060.00,"Transit"
"Kepler-1939","Kepler-1939 b",1,2.79065990400,0.0334000000,1.16480773,,,1.68000000,,,"M-R relationship",5.840000,104.7400,0.648000,4353.00,"Transit"
"K2-384","K2-384 d",5,6.67958200000,,1.39200000,0.11800000,-0.07500000,2.52000000,,,"M-R relationship",5.130000,,0.330000,3623.00,"Transit"
"Kepler-157","Kepler-157 b",3,1.73234200000,0.0280000000,1.32000000,0.26000000,-0.26000000,2.30000000,,,"M-R relationship",5.500000,1572.3090,0.950000,5774.00,"Transit"
"WASP-130","WASP-130 b",1,11.55098000000,0.1012000000,9.97601000,0.33627000,-0.33627000,390.93090000,12.71320000,-12.71320000,"Mass",2.340000,56.3550,1.040000,5625.00,"Transit"
"Kepler-1469","Kepler-1469 b",1,21.86353010000,0.1466000000,2.80000000,0.37000000,-0.26000000,8.25000000,,,"M-R relationship",2.070000,24.9010,0.920000,5507.00,"Transit"
"Kepler-1183","Kepler-1183 b",1,28.50571890000,0.1793000000,2.82000000,0.52000000,-0.30000000,8.35000000,,,"M-R relationship",2.050000,61.6630,1.000000,5765.00,"Transit"
"Kepler-1900","Kepler-1900 b",1,2.98622989700,0.0420000000,1.62314676,,,3.27000000,,,"M-R relationship",4.200000,798.3500,1.104000,6173.00,"Transit"
"WASP-114","WASP-114 b",1,1.54877430000,0.0285100000,15.00885100,0.71737600,-0.71737600,562.24127000,20.34112000,-20.34112000,"Mass",0.970000,2978.2048,1.289000,5940.00,"Transit"
"Kepler-1777","Kepler-1777 b",1,12.18420029000,0.1030100000,2.13189678,,,5.19000000,,,"M-R relationship",2.940000,71.3000,0.984000,5771.00,"Transit"
"Kepler-976","Kepler-976 b",1,105.95641480000,0.4217000000,3.96000000,0.29000000,-0.20000000,14.90000000,,,"M-R relationship",1.320000,2.6610,0.870000,5232.00,"Transit"
"Kepler-1776","Kepler-1776 b",1,35.01190186000,0.2093000000,2.61157023,,,7.33000000,,,"M-R relationship",2.260000,29.9000,1.041000,5872.00,"Transit"
"WASP-123","WASP-123 b",1,2.97764359000,0.0426300000,15.13212395,0.56044903,-0.56044903,285.72917000,11.44188000,-11.44188000,"Mass",0.490693,758.3240,1.166000,5740.00,"Transit"
"G 192-15","G 192-15 b",2,2.27476000000,0.0172300000,1.02000000,,,1.03000000,0.18000000,-0.18000000,"Msini",5.330000,7.0600,0.132000,2999.00,"Radial Velocity"
"Kepler-848","Kepler-848 b",1,6.91134416000,0.0758600000,1.70000000,0.31000000,-0.25000000,3.53000000,,,"M-R relationship",3.950000,794.7780,1.010000,5695.00,"Transit"
"Kepler-388","Kepler-388 c",2,13.29700400000,0.0930000000,0.86000000,0.11000000,-0.11000000,0.56600000,,,"M-R relationship",4.890000,16.6400,0.635000,4498.00,"Transit"
"WASP-141","WASP-141 b",1,3.31065100000,0.0469000000,13.56289000,0.89672000,-0.89672000,854.96270000,47.67450000,-47.67450000,"Mass",1.980000,1061.5542,1.250000,5900.00,"Transit"
"Kepler-33","Kepler-33 b",5,5.66793000000,0.0677000000,1.74000000,0.18000000,-0.18000000,3.68000000,,,"M-R relationship",3.840000,744.0110,1.291000,5904.00,"Transit"
"Kepler-1602","Kepler-1602 b",1,11.17931605000,0.0974400000,1.34000000,0.58000000,-0.23000000,2.36000000,,,"M-R relationship",5.390000,124.5070,1.220000,6296.00,"Transit"
"Kepler-644","Kepler-644 b",1,3.17391710300,0.0464100000,3.15000000,1.16000000,-0.61000000,10.10000000,,,"M-R relationship",1.780000,2381.7700,1.490000,6747.00,"Transit"
"WASP-101","WASP-101 b",1,3.58572000000,0.0505700000,16.02887000,1.00881000,-1.00881000,162.09330000,25.42640000,-25.42640000,"Mass",0.240000,1089.1710,1.410000,6380.00,"Transit"
"K2-24","K2-24 c",2,42.33910000000,0.2470000000,7.50000000,0.30000000,-0.30000000,15.40000000,1.90000000,-1.80000000,"Mass",0.200000,20.0000,1.070000,5625.00,"Transit"
"Kepler-1260","Kepler-1260 b",1,19.11877530000,0.1444000000,1.77000000,0.51000000,-0.28000000,3.78000000,,,"M-R relationship",3.750000,171.9260,1.060000,5961.00,"Transit"
"Kepler-598","Kepler-598 c",2,86.49450000000,0.3667200000,3.02420941,,,9.40000000,,,"M-R relationship",1.870000,3.7000,0.900000,5245.00,"Transit"
"Kepler-169","Kepler-169 c",5,6.19546900000,0.0620000000,1.21000000,0.08000000,-0.08000000,1.92000000,,,"M-R relationship",5.960000,82.8530,0.825000,4997.00,"Transit"
"Kepler-403","Kepler-403 d",3,13.61159129000,0.1217800000,1.42000000,0.30000000,-0.19000000,2.60000000,,,"M-R relationship",4.990000,285.2950,1.250000,6209.00,"Transit"
"Kepler-725","Kepler-725 c",2,207.54100000000,0.6744000000,3.08000000,,,9.70000000,3.30000000,-2.30000000,"Mass",1.820000,1.4000,0.950000,5395.00,"Transit Timing Variations"
"Kepler-82","Kepler-82 d",5,2.38296100000,0.0340000000,1.77000000,0.27000000,-0.27000000,885.09800000,,,"Mass",220.000000,484.3510,0.946000,5428.00,"Transit"
"Kepler-883","Kepler-883 b",1,12.98495573000,0.1028800000,1.78000000,0.17000000,-0.13000000,3.82000000,,,"M-R relationship",3.720000,163.0520,1.060000,6116.00,"Transit"
"HD 108863","HD 108863 b",1,437.70000000000,1.3200000000,13.30000000,,,767.24162000,24.79074000,-24.79074000,"Msini",1.790000,9.6419,1.590000,4878.00,"Radial Velocity"
"Kepler-1747","Kepler-1747 b",1,6.23031997700,0.0660000000,4.26508000,,,16.80000000,,,"M-R relationship",1.190000,138.3300,0.983000,5477.00,"Transit"
"Kepler-411","Kepler-411 d",4,58.02035000000,0.2790000000,3.31900000,0.10400000,-0.10400000,15.20000000,5.10000000,-5.10000000,"Mass",2.300000,3.9000,0.870000,4974.00,"Transit"
"HD 87816","HD 87816 c",2,7596.00000000000,10.1400000000,12.40000000,,,3877.50656540,683.33107505,-505.34716713,"Msini",11.200000,0.4396,2.410000,4989.00,"Radial Velocity"
"Kepler-226","Kepler-226 d",3,8.10904400000,0.0760000000,1.22000000,0.49000000,-0.49000000,1.98000000,,,"M-R relationship",5.990000,103.6450,0.904000,5571.00,"Transit"
"HD 80606","HD 80606 b",1,111.43676500000,0.4603000000,11.56766808,0.16813471,-0.16813471,1323.46926959,1.49379351,-1.49379351,"Mass",5.080000,4.6941,1.050000,5565.00,"Radial Velocity"
"WASP-126","WASP-126 c",2,7.63000000000,,9.38000000,,,64.20000000,24.60000000,-24.60000000,"Mass",0.427000,,1.120000,5800.00,"Transit Timing Variations"
"TOI-1752","TOI-1752 b",2,0.93518610000,0.0162400000,1.69300000,0.06800000,-0.06800000,3.51000000,,,"M-R relationship",3.970000,194.1729,0.524000,3762.00,"Transit"
"TOI-5624","TOI-5624 f",5,45.37000000000,0.2366000000,3.66000000,,,13.00000000,3.70000000,-3.70000000,"Msini",1.460000,8.6817,0.858000,5327.00,"Transit Timing Variations"
"WASP-15","WASP-15 b",1,3.75210000000,0.0516500000,15.80469000,4.03524000,-4.03524000,171.62820000,92.17070000,-92.17070000,"Mass",0.263000,1237.7366,1.180000,6300.00,"Transit"
"WASP-18","WASP-18 b",1,0.94145223000,0.0202400000,13.89913607,0.88550948,-0.88550948,3241.84975140,111.23994245,-111.23994245,"Mass",6.600000,5805.0000,1.294000,6432.00,"Transit"
"WASP-19","WASP-19 b",1,0.78883852000,0.0165200000,15.86070769,0.49319515,-0.53803107,366.77398168,24.79061575,-25.42627256,"Mass",0.506000,3320.0000,0.965000,5616.00,"Transit"
"HD 86226","HD 86226 b",2,1628.00000000000,2.7300000000,14.30000000,,,143.02350000,12.71320000,-15.89150000,"Mass",0.269000,0.1583,1.019000,5863.00,"Radial Velocity"
"Qatar-6","Qatar-6 b",1,3.50619500000,0.0423000000,11.90395800,0.79583900,-0.79583900,212.31044000,20.97678000,-20.97678000,"Mass",0.692000,174.9015,0.822000,5052.00,"Transit"
"Kepler-1392","Kepler-1392 b",1,15.14103970000,0.1189000000,1.96000000,0.22000000,-0.16000000,4.50000000,,,"M-R relationship",3.280000,61.4200,0.880000,5479.00,"Transit"
"WASP-47","WASP-47 b",4,4.15915100000,0.0520000000,12.86000000,0.10000000,-0.10000000,374.00000000,17.00000000,-16.00000000,"Mass",0.993000,409.0000,1.058000,5565.00,"Transit"
"TOI-2134","TOI-2134 b",2,9.22920050000,0.0780000000,2.69000000,0.16000000,-0.16000000,9.13000000,0.78000000,-0.76000000,"Mass",2.607000,32.0000,0.744000,4580.00,"Transit"
"TOI-4010","TOI-4010 e",4,762.00000000000,1.5700000000,13.30000000,,,692.00000000,66.00000000,-63.00000000,"Msini",1.620000,0.1500,0.880000,4960.00,"Radial Velocity"
"KELT-20","KELT-20 b",1,3.47410850000,0.0542000000,19.51486900,0.77342100,-0.82946600,1074.90106000,,,"Mass",0.806000,4362.5000,1.760000,8720.00,"Transit"
"K2-18","K2-18 c",2,8.96200000000,0.0600000000,2.65000000,,,7.51000000,1.33000000,-1.33000000,"Msini",2.220000,7.0278,0.359000,3457.00,"Radial Velocity"
"TOI-3362","TOI-3362 b",1,18.09547000000,0.1530000000,12.80065596,0.48198617,-0.45956821,1598.35905880,212.30937588,-205.31715092,"Mass",4.190000,37.2117,1.445000,6532.00,"Transit"
"WASP-32","WASP-32 b",1,2.71866000000,0.0394000000,10.76064000,1.68135000,-1.68135000,835.89290000,260.62060000,-260.62060000,"Mass",3.240000,616.3300,0.720000,6140.00,"Transit"
"K2-370","K2-370 b",1,2.14080930000,0.0321000000,2.67000000,0.05000000,-0.05000000,11.10000000,1.50000000,-1.40000000,"Mass",3.200000,428.2050,0.962000,5662.00,"Transit"
"Kepler-1001","Kepler-1001 c",2,9.18186000000,0.0829600000,1.57799279,,,3.11000000,,,"M-R relationship",4.350000,72.4000,0.930000,5376.00,"Transit"
"EPIC 211945201","EPIC 211945201 b",1,19.49221000000,0.1493000000,5.76000000,0.30000000,-0.30000000,11.00000000,7.00000000,-7.00000000,"Mass",0.330000,101.0000,1.170000,6069.00,"Transit"
"HD 86081","HD 86081 b",1,2.13784310000,0.0346000000,13.60000000,,,470.38840000,73.10090000,-73.10090000,"Msini",1.030000,2003.7697,1.210000,5939.00,"Radial Velocity"
"Kepler-1498","Kepler-1498 b",1,48.05140500000,0.2528000000,1.33000000,0.11000000,-0.09000000,2.33000000,,,"M-R relationship",5.440000,9.8600,0.860000,5256.00,"Transit"
"Kepler-945","Kepler-945 b",1,31.00338140000,0.2037000000,2.63000000,0.47000000,-0.25000000,7.41000000,,,"M-R relationship",2.240000,31.7020,0.970000,5718.00,"Transit"
"K2-90","K2-90 b",2,13.73331400000,0.0960000000,2.60000000,0.10000000,-0.10000000,7.27000000,,,"M-R relationship",2.270000,10.2000,0.629000,4484.00,"Transit"
"Kepler-1764","Kepler-1764 b",1,70.46829987000,0.3512000000,4.55527871,,,18.80000000,,,"M-R relationship",1.090000,16.1700,1.162000,6461.00,"Transit"
"K2-366","K2-366 b",1,15.93703900000,,2.35900000,0.18700000,-0.16700000,6.16000000,,,"M-R relationship",2.580000,,0.825000,5601.00,"Transit"
"Kepler-958","Kepler-958 b",1,9.76788050000,0.0863100000,2.06000000,0.10000000,-0.08000000,4.90000000,,,"M-R relationship",3.080000,73.5900,0.910000,5421.00,"Transit"
"LTT 3780","LTT 3780 b",2,0.76837931000,0.0119500000,1.32500000,0.05700000,-0.05800000,2.46000000,0.19000000,-0.19000000,"Mass",5.800000,111.0000,0.381000,3358.00,"Transit"
"WASP-139","WASP-139 b",1,5.92426200000,0.0620000000,8.96720000,0.56045000,-0.56045000,37.18611000,5.40311000,-5.40311000,"Mass",0.310000,120.7076,0.920000,5310.00,"Transit"
"TOI-1338 A","TOI-1338 b",2,95.40010000000,0.4607000000,7.66100000,0.05300000,-0.05300000,11.30000000,2.10000000,-2.10000000,"Mass",0.560000,0.9938,1.093600,5723.20,"Transit"
"TOI-1823","TOI-1823 b",1,38.80000000000,0.2120000000,7.54062410,0.33185186,-0.25202617,67.40000000,8.10000000,-8.30000000,"Mass",0.860000,9.2972,0.841400,4927.00,"Transit"
"K2-141","K2-141 c",2,7.74850000000,0.0683000000,7.00000000,4.60000000,-2.80000000,8.00000000,,,"Mass",0.081000,39.1000,0.708000,4570.00,"Transit"
"K2-232","K2-232 b",1,11.16845400000,0.1035600000,11.20900000,0.24659800,-0.22418000,126.49634000,11.75971000,-11.75971000,"Mass",0.405000,312.1550,1.188000,6154.00,"Transit"
"TOI-3984 A","TOI-3984 A b",1,4.35332600000,0.0410000000,7.90000000,0.24000000,-0.24000000,44.00000000,8.70000000,-8.00000000,"Mass",0.490000,16.7000,0.490000,3476.00,"Transit"
"Kepler-79","Kepler-79 d",4,52.08970000000,0.2937000000,7.15000000,0.20000000,-0.20000000,5.30000000,0.90000000,-0.90000000,"Mass",0.080000,33.8740,1.244000,6389.00,"Transit"
"TOI-5789","TOI-5789 b",4,2.76369000000,0.0360800000,1.26000000,,,2.12000000,0.28000000,-0.28000000,"Msini",5.820000,360.2797,0.821000,5185.00,"Radial Velocity"
"HAT-P-11","HAT-P-11 c",2,3361.00000000000,4.1000000000,13.20000000,,,851.78013076,130.30964687,-130.30964687,"Mass",2.040000,0.0161,0.811000,4653.00,"Radial Velocity"
"Kepler-215","Kepler-215 c",4,14.66710800000,0.1130000000,1.77000000,0.42000000,-0.42000000,3.78000000,,,"M-R relationship",3.750000,57.6940,0.788000,5739.00,"Transit"
"Kepler-326","Kepler-326 d",3,6.76688800000,0.0660000000,1.21000000,0.09000000,-0.09000000,6.90000000,8.50000000,-5.90000000,"Mass",21.400000,180.6440,0.910000,5105.00,"Transit"
"TOI-791","TOI-791 b",2,139.29931000000,0.6020000000,11.13051784,0.36989636,-0.36989636,9.50000000,1.64000000,-1.81000000,"Mass",0.037000,8.4700,1.280000,6294.00,"Transit"
"TOI-2147","TOI-2147 b",1,26.20518000000,0.1720000000,10.50000000,0.30000000,-0.30000000,116.00000000,22.00000000,-22.00000000,"Mass",0.550000,68.2928,0.990000,5983.00,"Transit"
"TOI-3523 A","TOI-3523 A b",1,2.30458952000,0.0355900000,15.97279750,0.41473229,-0.39231432,435.42491759,38.13940884,-34.96112477,"Mass",0.587000,2590.0000,1.131000,6450.00,"Transit"
"WASP-188","WASP-188 b",1,5.74891600000,0.0720000000,14.81827249,0.57165802,-0.57165802,458.62639130,94.07720847,-94.71286529,"Mass",0.780000,1278.0000,1.500000,6850.00,"Transit"
"TOI-6019","TOI-6019 b",1,14.54795200000,0.1212000000,12.30000000,0.30000000,-0.30000000,149.00000000,15.00000000,-15.00000000,"Mass",0.440000,249.6501,1.130000,5561.00,"Transit"
"TOI-6884","TOI-6884 b",1,4.80826400000,0.0629000000,10.39072511,0.57165802,-0.58286700,8365.24367224,311.47183886,-295.58041851,"Mass",41.000000,1230.0000,1.410000,6330.00,"Transit"
"TOI-791","TOI-791 c",2,232.01570000000,0.8630000000,12.94637271,0.44835923,-0.44835923,18.60000000,2.24000000,-2.09000000,"Mass",0.047000,4.1200,1.280000,6294.00,"Transit"
"ZTF J1230-2655","ZTF J1230-2655 b",1,0.23597766000,,13.78704626,0.00560449,-0.00560449,7024.00779470,,,"Mass",,17889.7450,0.646000,10000.00,"Transit"
"bet Pic","bet Pic c",3,1202.00000000000,2.7000000000,12.50000000,,,2765.10714090,254.26272560,-222.47988490,"Mass",7.780000,1.2305,1.789000,8038.68,"Radial Velocity"
"V1298 Tau","V1298 Tau d",4,12.40139400000,0.1081000000,6.53000000,0.42000000,-0.42000000,6.00000000,0.70000000,-0.70000000,"Mass",0.120000,85.0000,1.100000,4970.00,"Transit"
"TOI-700","TOI-700 b",4,9.97721900000,0.0677000000,0.91400000,0.05300000,-0.04900000,0.70400000,,,"M-R relationship",5.070000,4.9800,0.415000,3459.00,"Transit"
"LP 791-18","LP 791-18 d",3,2.75485000000,0.0199200000,1.03200000,0.04400000,-0.04300000,0.91000000,0.19000000,-0.19000000,"Mass",4.560000,5.8300,0.139000,2960.00,"Transit"
"V1298 Tau","V1298 Tau b",4,24.14000600000,0.1685000000,9.41000000,0.57000000,-0.57000000,13.10000000,5.30000000,-5.30000000,"Mass",0.090000,33.2000,1.100000,4970.00,"Transit"
"L 98-59","L 98-59 d",5,7.45072900000,0.0494000000,1.62700000,0.04100000,-0.04100000,1.64000000,0.07000000,-0.07000000,"Mass",2.200000,4.9700,0.292300,3415.00,"Transit"
"BD-08 2823","BD-08 2823 c",2,237.60000000000,0.6800000000,12.50000000,,,104.00000000,10.00000000,-10.00000000,"Msini",0.293000,0.5117,0.740000,4746.00,"Radial Velocity"
"Kepler-1745","Kepler-1745 b",1,3.01619005200,0.0408000000,1.92872921,,,4.38000000,,,"M-R relationship",3.350000,1044.4900,0.995000,5611.00,"Transit"
"Kepler-806","Kepler-806 b",1,8.09219642000,0.0768400000,1.14000000,0.33000000,-0.24000000,1.55000000,,,"M-R relationship",5.750000,413.6030,0.990000,5770.00,"Transit"
"TOI-125","TOI-125 b",3,4.65382000000,0.0518600000,2.72600000,0.07500000,-0.07500000,9.50000000,0.88000000,-0.88000000,"Mass",2.570000,185.0000,0.859000,5320.00,"Transit"
"Kepler-79","Kepler-79 c",4,27.40260000000,0.1914400000,3.76000000,0.11000000,-0.11000000,4.60000000,1.30000000,-1.10000000,"Mass",0.480000,79.7650,1.244000,6389.00,"Transit"
"WASP-148","WASP-148 c",2,34.52400000000,0.2044000000,13.90000000,,,124.58873554,7.31005336,-8.58136699,"Mass",0.255000,17.3770,0.954000,5555.00,"Radial Velocity"
"TOI-270","TOI-270 d",3,11.38194000000,0.0721000000,2.00000000,0.05000000,-0.05000000,4.20000000,0.16000000,-0.16000000,"Mass",2.900000,9.2135,0.386000,3506.00,"Transit"
"HATS-72","HATS-72 b",1,7.32794740000,0.0665170000,8.09738160,0.03586880,-0.03586880,39.85588200,1.23953700,-1.23953700,"Mass",0.411000,49.5800,0.731100,4656.10,"Transit"
"L 168-9","L 168-9 b",1,1.40152604000,0.0208000000,1.63000000,0.14000000,-0.14000000,4.07000000,0.45000000,-0.45000000,"Mass",5.180000,149.3748,0.614000,3842.00,"Transit"
"HD 23079","HD 23079 b",2,735.74000000000,1.6000000000,13.20000000,,,845.42356262,15.89142035,-15.89142035,"Msini",2.020000,0.5273,1.160000,5994.00,"Radial Velocity"
"Kepler-219","Kepler-219 d",3,47.90364500000,0.2720000000,2.81000000,0.48000000,-0.48000000,19.10000000,29.90000000,-17.70000000,"Mass",4.730000,20.0100,1.164000,5786.00,"Transit"
"Kepler-1137","Kepler-1137 b",1,23.92107910000,0.1871000000,2.20000000,0.83000000,-0.40000000,5.48000000,,,"M-R relationship",2.830000,197.8460,1.500000,6807.00,"Transit"
"Kepler-53","Kepler-53 c",3,38.55830380000,0.2209100000,3.17000000,,,36.00000000,,,"Mass",0.920000,23.1760,0.980000,5858.00,"Transit"
"KOI-7368","KOI-7368 b",1,6.84303440000,0.0678000000,2.22000000,0.12000000,-0.12000000,5.56000000,,,"M-R relationship",2.790000,99.2400,0.879000,5241.00,"Transit"
"TOI-1842","TOI-1842 b",1,9.57391810000,0.1000000000,12.34850230,0.27917829,-0.29433660,89.40000000,7.80000000,-7.80000000,"Mass",0.260000,354.6390,1.464300,6039.00,"Transit"
"TOI-7510","TOI-7510 b",3,11.53086900000,0.1019000000,7.31000000,0.23000000,-0.23000000,18.10000000,1.70000000,-1.70000000,"Mass",0.255000,1678.5119,1.063000,5720.00,"Transit"
"Kepler-967","Kepler-967 c",2,198.71125020000,0.6253000000,3.65000000,0.15000000,-0.13000000,12.90000000,,,"M-R relationship",1.460000,1.0500,0.840000,5178.00,"Transit"
"TOI-1199","TOI-1199 b",1,3.67146300000,0.0498800000,10.51402390,0.28022452,-0.28022452,75.96098927,6.35656814,-6.35656814,"Mass",0.358000,324.1140,1.230000,5710.00,"Transit"
"Kepler-271","Kepler-271 c",3,7.41086267000,0.0699300000,0.95000000,0.06000000,-0.06000000,0.80900000,,,"M-R relationship",5.180000,119.6310,0.900000,5555.00,"Transit"
"HD 175541","HD 175541 b",1,298.43000000000,0.9750000000,14.10000000,,,190.06234000,9.21707000,-9.21707000,"Msini",0.373000,9.0363,1.390000,5013.00,"Radial Velocity"
"Kepler-1831","Kepler-1831 b",1,5.78387022000,0.0655000000,1.97019818,,,4.54000000,,,"M-R relationship",3.260000,288.6900,1.117000,6063.00,"Transit"
"HIP 35173","HIP 35173 b",1,41.51600000000,0.2170000000,3.61000000,,,12.70000000,2.70000000,-2.70000000,"Msini",1.480000,6.4967,0.790000,4881.00,"Radial Velocity"
"K2-63","K2-63 c",2,25.45560000000,0.1890000000,3.90000000,1.20000000,-1.20000000,14.50000000,,,"M-R relationship",1.340000,139.0000,1.400000,6771.00,"Transit"
"Kepler-289","Kepler-289 c",4,125.87230000000,0.5015500000,11.23000000,0.21000000,-0.21000000,157.18000000,7.04000000,-7.31000000,"Mass",0.660000,4.8820,1.080000,5990.00,"Transit"
"WASP-82","WASP-82 b",1,2.70579000000,0.0447000000,18.15858000,1.45717000,-1.45717000,371.86110000,63.56600000,-63.56600000,"Mass",0.354000,3557.2900,1.480000,6480.00,"Transit"
"Kepler-1869","Kepler-1869 c",2,1.71682830400,0.0280000000,0.74000000,0.12000000,-0.03000000,0.33000000,,,"M-R relationship",4.470000,1056.8400,0.987000,5808.00,"Transit"
"gam Lib","gam Lib b",2,414.88000000000,1.3190000000,13.70000000,,,357.87478628,32.10066911,-34.32546796,"Msini",0.765000,45.3740,1.780000,4879.00,"Radial Velocity"
"Kepler-743","Kepler-743 b",1,3.17926292100,0.0416600000,1.21000000,0.03000000,-0.05000000,1.92000000,,,"M-R relationship",5.960000,397.2520,0.940000,5486.00,"Transit"
"Kepler-732","Kepler-732 b",2,9.46781404800,0.0691000000,2.18000000,0.12000000,-0.16000000,5.39000000,,,"M-R relationship",2.860000,8.5590,0.490000,3631.00,"Transit"
"Kepler-149","Kepler-149 b",3,29.19894300000,0.1840000000,4.21000000,0.60000000,-0.60000000,16.50000000,,,"M-R relationship",1.220000,23.6400,1.013000,5381.00,"Transit"
"Kepler-1203","Kepler-1203 b",1,0.58800076500,0.0114000000,1.06000000,0.06000000,-0.04000000,1.20000000,,,"M-R relationship",5.540000,723.8060,0.640000,4105.00,"Transit"
"K2-258","K2-258 b",1,19.09210000000,0.1490000000,3.00000000,0.21000000,-0.20000000,9.27000000,,,"M-R relationship",1.890000,84.2989,1.210000,6351.00,"Transit"
"HD 63433","HD 63433 b",3,7.10794750000,0.0720000000,2.14000000,0.08700000,-0.06900000,21.75500000,,,"Mass",12.998000,145.5707,0.956000,5553.00,"Transit"
"Kepler-1775","Kepler-1775 b",1,85.65399933000,0.3956500000,3.64762153,,,12.90000000,,,"M-R relationship",1.460000,9.9000,1.149000,5818.00,"Transit"
"Kepler-907","Kepler-907 b",1,15.86621821000,0.1225000000,1.20000000,0.06000000,-0.05000000,1.87000000,,,"M-R relationship",5.950000,137.6600,1.080000,6106.00,"Transit"
"TOI-540","TOI-540 b",1,1.23914910000,0.0122300000,0.90300000,0.05200000,-0.05200000,0.67400000,,,"M-R relationship",5.030000,23.4000,0.159000,3216.00,"Transit"
"Kepler-647","Kepler-647 c",2,29.66630000000,0.1829100000,4.00135002,,,15.10000000,,,"M-R relationship",1.300000,69.0000,1.070000,5906.74,"Transit"
"Kepler-54","Kepler-54 c",3,12.07172490000,0.0809000000,1.23000000,,,0.70000000,0.25000000,-0.16000000,"Mass",2.376368,3.0700,0.510000,3705.00,"Transit"
"Kepler-138","Kepler-138 b",4,10.31340000000,0.0753000000,0.64000000,0.02000000,-0.02000000,0.07000000,0.02000000,-0.02000000,"Mass",1.700000,9.9000,0.535000,3841.00,"Transit"
"Kepler-1536","Kepler-1536 b",1,364.75803100000,0.8507000000,3.14000000,0.36000000,-0.53000000,10.00000000,,,"M-R relationship",1.770000,0.1930,0.710000,4434.00,"Transit"
"Kepler-509","Kepler-509 b",1,41.74600392000,0.2370200000,2.49000000,0.06000000,-0.06000000,6.76000000,,,"M-R relationship",2.410000,28.4810,1.100000,6060.00,"Transit"
"Kepler-545","Kepler-545 b",1,13.24934059000,0.1124800000,2.69000000,0.30000000,-0.21000000,7.70000000,,,"M-R relationship",2.170000,101.1430,1.040000,5882.00,"Transit"
"Kepler-1919","Kepler-1919 b",1,37.88660049000,0.2107000000,2.62390658,,,7.38000000,,,"M-R relationship",2.240000,12.4600,0.868000,5513.00,"Transit"
"GJ 317","GJ 317 b",2,695.69000000000,1.1380000000,13.30000000,,,794.50000000,222.50000000,-127.10000000,"Mass",1.860000,0.0159,0.402000,3496.00,"Radial Velocity"
"Kepler-81","Kepler-81 d",3,20.83784600000,0.1280000000,1.21000000,0.27000000,-0.27000000,1.92000000,,,"M-R relationship",5.960000,7.5070,0.648000,4500.00,"Transit"
"61 Vir","61 Vir b",3,4.21500000000,0.0502010000,2.11000000,,,5.10000000,0.50000000,-0.50000000,"Msini",2.980000,318.8418,0.942000,5577.00,"Radial Velocity"
"GJ 876","GJ 876 e",4,124.26000000000,0.3343000000,3.92000000,,,14.60000000,1.70000000,-1.70000000,"Mass",1.330000,0.1110,0.320000,3293.74,"Radial Velocity"
"Kepler-1987","Kepler-1987 c",4,3.64830183000,0.0427000000,1.33000000,0.12000000,-0.09000000,2.33000000,,,"M-R relationship",5.440000,129.4400,0.799000,4769.00,"Transit"
"EPIC 201595106","K2-360 c",2,9.79692000000,0.0883000000,4.02000000,,,15.23000000,1.82000000,-1.82000000,"Msini",1.290000,115.0000,0.958000,5679.00,"Radial Velocity"
"Kepler-314","Kepler-314 b",2,2.46106900000,0.0350000000,0.83000000,0.12000000,-0.12000000,0.49800000,,,"M-R relationship",4.790000,488.6740,0.990000,5378.00,"Transit"
"HAT-P-12","HAT-P-12 b",1,3.21305980000,0.0384000000,10.74900000,0.32500000,-0.23500000,67.05900000,3.81400000,-3.81400000,"Mass",0.319200,118.0750,0.733000,4650.00,"Transit"
"HAT-P-17","HAT-P-17 b",2,10.33852000000,0.0892000000,11.76945000,0.44836000,-0.44836000,184.34140000,19.06980000,-19.06980000,"Mass",0.440000,110.5120,0.990000,5246.00,"Transit"
"WASP-103","WASP-103 b",1,0.92554200000,0.0198500000,17.12700000,0.81800000,-0.52700000,473.54700000,27.96800000,-27.96800000,"Mass",0.550000,6568.6932,1.220000,6110.00,"Transit"
"HATS-6","HATS-6 b",1,3.32527250000,0.0362300000,11.18658200,0.21297100,-0.21297100,101.38777000,22.24810000,-22.24810000,"Mass",0.399000,47.3315,0.574000,3724.00,"Transit"
"HAT-P-32","HAT-P-32 b",1,2.15000820000,0.0339700000,22.19382000,0.50440500,-0.50440500,216.12440000,34.96130000,-31.78300000,"Mass",0.108000,1841.0000,1.132000,6001.00,"Transit"
"KELT-8","KELT-8 b",1,3.24406000000,0.0455000000,18.15858000,1.12090000,-1.12090000,209.76780000,38.13960000,-38.13960000,"Mass",0.167000,983.3098,0.810000,5754.00,"Transit"
"Kepler-502","Kepler-502 b",1,4.28686431000,0.0535000000,4.77000000,1.46000000,-0.66000000,20.40000000,,,"M-R relationship",1.030000,859.5090,1.150000,6125.00,"Transit"
"DMPP-4","DMPP-4 b",1,3.49820000000,0.0485300000,3.53000000,,,12.20000000,1.80000000,-1.90000000,"Msini",1.520000,1222.8464,1.250000,6400.00,"Radial Velocity"
"Kepler-1140","Kepler-1140 b",1,24.08627070000,0.1478000000,2.77000000,0.45000000,-0.37000000,8.10000000,,,"M-R relationship",2.090000,13.0510,0.760000,4850.00,"Transit"
"HD 74698","HD 74698 c",2,3449.00000000000,4.5000000000,14.00000000,,,126.00000000,19.00000000,-19.00000000,"Msini",0.252000,0.0880,1.039000,5783.00,"Radial Velocity"
"HATS-58 A","HATS-58 A b",1,4.21808960000,0.0579800000,12.27385500,0.69495800,-0.69495800,327.36490000,73.10090000,-73.10090000,"Mass",0.960000,382.7103,1.461000,7175.00,"Transit"
"Kepler-910","Kepler-910 b",1,2.36436901500,0.0375200000,0.82000000,0.04000000,-0.03000000,0.47700000,,,"M-R relationship",4.750000,2108.0730,1.260000,6230.00,"Transit"
"Kepler-691","Kepler-691 b",1,8.11437900000,0.0649000000,2.09000000,0.09000000,-0.09000000,5.02000000,,,"M-R relationship",3.020000,12.9950,0.530000,3715.00,"Transit"
"Kepler-23","Kepler-23 b",3,7.10000000000,0.0721200000,1.63800000,0.04700000,-0.04700000,2.56000000,0.43000000,-0.40000000,"Mass",3.186870,446.1070,1.078000,5828.00,"Transit"
"Kepler-1823","Kepler-1823 b",1,21.10339928000,0.1533200000,2.08612680,,,5.00000000,,,"M-R relationship",3.030000,78.0000,1.068000,6000.00,"Transit"
"Kepler-1861","Kepler-1861 b",1,40.03060150000,0.2408200000,2.20677414,,,5.50000000,,,"M-R relationship",2.810000,31.5000,1.161000,5855.00,"Transit"
"Kepler-370","Kepler-370 c",2,19.02293000000,0.1400000000,1.91000000,0.89000000,-0.89000000,4.31000000,,,"M-R relationship",3.400000,54.1970,0.982000,5852.00,"Transit"
"Kepler-302","Kepler-302 c",2,127.28218400000,0.5030000000,12.45000000,2.54000000,-2.54000000,,,,"Msini",,4.5850,1.021000,5740.00,"Transit"
"Kepler-120","Kepler-120 b",2,6.31250100000,0.0550000000,2.15000000,0.17000000,-0.17000000,8.50000000,9.70000000,-7.50000000,"Mass",4.700000,42.6920,0.654000,4096.00,"Transit"
"TOI-778","TOI-778 b",1,4.63361100000,0.0600000000,15.40000000,0.50000000,-0.50000000,878.00000000,77.00000000,-72.00000000,"Mass",1.300000,734.6720,1.400000,6643.00,"Transit"
"Kepler-1499","Kepler-1499 b",1,44.20080000000,0.2322500000,1.19000000,0.25000000,-0.14000000,1.81000000,,,"M-R relationship",5.900000,7.3710,0.820000,5097.00,"Transit"
"Kepler-1073","Kepler-1073 b",3,8.67888593000,0.0805000000,2.30000000,0.49000000,-0.25000000,5.90000000,,,"M-R relationship",2.660000,128.5500,1.000000,5792.00,"Transit"
"8 UMi","8 UMi b",1,93.31000000000,0.4620000000,13.50000000,,,524.41687155,19.06970442,-19.06970442,"Msini",1.170000,247.8402,1.510000,4847.00,"Radial Velocity"
"HD 159868","HD 159868 b",2,1184.10000000000,2.3200000000,13.30000000,,,704.94694000,18.75197000,-18.75197000,"Msini",1.650000,0.6680,1.190000,5534.00,"Radial Velocity"
"Kepler-92","Kepler-92 b",3,13.74900000000,0.1223200000,3.51000000,0.10000000,-0.10000000,64.30000000,13.90000000,-13.90000000,"Mass",2.098071,257.7760,1.210000,5883.00,"Transit"
"Kepler-405","Kepler-405 c",2,29.72668200000,0.1880000000,4.66000000,26.65000000,-26.65000000,19.60000000,,,"M-R relationship",1.060000,14.0860,0.873000,5818.00,"Transit"
"GJ 682","GJ 682 c",2,57.32000000000,0.1760000000,2.89000000,,,8.70000000,5.80000000,-4.60000000,"Msini",1.980000,0.0646,0.270000,3028.00,"Radial Velocity"
"Kepler-282","Kepler-282 c",4,13.63872300000,0.1060000000,1.20000000,0.29000000,-0.29000000,1.87000000,,,"M-R relationship",5.950000,116.1170,0.860000,5602.00,"Transit"
"Kepler-1574","Kepler-1574 b",1,6.94243340000,0.0743000000,1.29000000,0.28000000,-0.15000000,2.21000000,,,"M-R relationship",5.660000,289.7780,1.060000,5892.00,"Transit"
"HD 152843","HD 152843 b",2,11.62071000000,0.1049000000,3.05000000,0.11000000,-0.11000000,9.82000000,1.71000000,-1.61000000,"Mass",1.900000,265.4000,1.150000,6310.00,"Transit"
"HD 205739","HD 205739 b",1,279.80000000000,0.8960000000,13.60000000,,,435.41000000,22.25000000,-28.60000000,"Msini",0.951000,2.8535,1.220000,6176.00,"Radial Velocity"
"HD 184010","HD 184010 d",3,836.40000000000,1.9200000000,14.30000000,,,143.02278315,12.71313628,-19.06970442,"Msini",0.269000,3.5509,1.350000,4971.00,"Radial Velocity"
"Gl 49","Gl 49 b",1,13.85080000000,0.0905000000,2.24000000,,,5.63000000,0.67000000,-0.68000000,"Msini",2.750000,6.0291,0.515000,3805.00,"Radial Velocity"
"GJ 2056","GJ 2056 b",1,69.97100000000,0.2830000000,4.17000000,,,16.20000000,3.60000000,-3.60000000,"Msini",1.230000,1.5537,0.620000,4069.95,"Radial Velocity"
"Kepler-154","Kepler-154 f",5,9.91935684000,0.0883200000,1.50000000,0.34000000,-0.21000000,2.86000000,,,"M-R relationship",4.660000,139.8840,0.980000,5769.00,"Transit"
"Kepler-658","Kepler-658 b",1,1.28707676200,0.0188000000,1.63000000,0.06000000,-0.06000000,3.29000000,,,"M-R relationship",4.170000,223.7450,0.630000,4103.00,"Transit"
"NGTS-34","NGTS-34 b",1,43.12655000000,0.2570000000,3.65000000,0.22000000,-0.22000000,19.10000000,4.90000000,-4.50000000,"Mass",2.160000,36.0339,1.266000,6134.00,"Transit"
"HIP 65 A","HIP 65 A b",1,0.98097340000,0.0178200000,22.75427000,6.83749000,-5.49241000,1021.18779000,24.79074000,-24.79074000,"Mass",0.480000,661.0000,0.781000,4590.00,"Transit"
"Kepler-1013","Kepler-1013 b",1,18.93054959000,0.1370000000,2.15000000,0.36000000,-0.20000000,5.27000000,,,"M-R relationship",2.910000,16.1010,0.810000,4954.00,"Transit"
"Kepler-313","Kepler-313 b",2,14.97041800000,0.1250000000,2.53000000,0.31000000,-0.31000000,6.94000000,,,"M-R relationship",2.350000,142.4000,1.114000,5727.00,"Transit"
"Kepler-1914","Kepler-1914 b",1,30.82789993000,0.1954000000,2.94298030,,,8.97000000,,,"M-R relationship",1.930000,27.6600,1.047000,5982.00,"Transit"
"Barnard's star","Barnard b",4,3.15420000000,0.0229000000,0.72000000,,,0.29900000,0.02600000,-0.02600000,"Msini",4.400000,6.7600,0.162000,3195.00,"Radial Velocity"
"WASP-94 B","WASP-94 B b",2,2.00839000000,0.0335000000,14.10000000,,,196.41100000,8.89900000,-9.21700000,"Msini",0.385000,2000.0146,1.240000,6040.00,"Radial Velocity"
"K2-336","K2-336 b",1,21.19473300000,,1.22000000,0.09000000,-0.05000000,1.98000000,,,"M-R relationship",5.990000,,0.860000,5424.00,"Transit"
"K2-55","K2-55 b",1,2.84927100000,0.0348600000,4.43000000,0.29000000,-0.32000000,44.00000000,5.30000000,-5.30000000,"Mass",2.800000,141.3000,0.688000,4300.00,"Transit"
"WASP-80","WASP-80 b",1,3.06785234000,0.0344000000,11.19779100,0.33627000,-0.34747900,170.99254000,11.12405000,-11.44188000,"Mass",0.717000,72.4420,0.577000,4143.00,"Transit"
"HAT-P-18","HAT-P-18 b",1,5.50802300000,0.0559000000,11.15300000,0.58300000,-0.58300000,62.61000000,4.13200000,-4.13200000,"Mass",0.250000,82.2407,0.770000,4803.00,"Transit"
"WASP-52","WASP-52 b",1,1.74977980000,0.0272000000,14.24000000,0.34000000,-0.34000000,146.20000000,6.36000000,-6.36000000,"Mass",0.290000,605.7625,0.870000,5000.00,"Transit"
"HIP 39330","HIP 39330 b",1,4650.00000000000,5.0500000000,13.50000000,,,530.77343969,60.38739733,-25.42627256,"Mass",1.190000,0.0440,0.960000,5748.00,"Radial Velocity"
"TOI-1516","TOI-1516 b",1,2.05601400000,,15.24421375,0.33626942,-0.33626942,1004.33776612,38.13940884,-38.13940884,"Mass",1.560000,1899.8300,1.140000,6520.00,"Transit"
"GJ 1214","GJ 1214 b",1,1.58040453100,0.0150500000,2.73300000,0.03300000,-0.03100000,8.41000000,0.36000000,-0.35000000,"Mass",2.260000,17.2000,0.182000,3101.00,"Transit"
"bet Pic","bet Pic b",3,8682.00000000000,10.0700000000,18.49485000,0.67254000,-0.67254000,2765.10714090,826.35385820,-794.57101750,"Mass",2.400000,0.0885,1.789000,8038.68,"Imaging"
"Kepler-412","Kepler-412 b",1,1.72086040000,0.0289700000,15.03126900,0.49319600,-0.51561400,299.07803000,39.72875000,-6.03877000,"Mass",0.520000,2144.3070,1.167000,5750.00,"Transit"
"CoRoT-8","CoRoT-8 b",1,6.21229000000,0.0630000000,6.39000000,0.22000000,-0.22000000,69.92000000,9.53000000,-9.53000000,"Mass",1.600000,100.3041,0.880000,5080.00,"Transit"
"Kepler-1381","Kepler-1381 b",1,25.38426860000,0.1728000000,2.25000000,0.29000000,-0.19000000,5.69000000,,,"M-R relationship",2.740000,29.7010,0.960000,5747.00,"Transit"
"Kepler-1372","Kepler-1372 b",1,1.31155556800,0.0240000000,1.27000000,0.44000000,-0.13000000,2.15000000,,,"M-R relationship",5.770000,2176.3580,0.980000,5677.00,"Transit"
"Kepler-84","Kepler-84 f",5,44.55216900000,0.2500000000,2.20000000,0.43000000,-0.43000000,5.48000000,,,"M-R relationship",2.830000,25.3000,1.060000,6031.00,"Transit"
"HD 104067","HD 104067 b",2,55.85100000000,0.2674000000,9.20000000,,,62.10000000,3.30000000,-3.20000000,"Msini",0.438000,4.2965,0.820000,4952.00,"Radial Velocity"
"BD+49 828","BD+49 828 b",1,2590.00000000000,4.2000000000,13.50000000,,,508.50000000,127.10000000,-63.60000000,"Msini",1.140000,1.6730,1.520000,4943.00,"Radial Velocity"
"eps Ind A","eps Ind A b",1,25450.00000000000,15.7600000000,12.70000000,,,2065.88464550,228.83645304,-187.51876013,"Mass",5.540000,0.0010,0.800000,4700.00,"Radial Velocity"
"TOI-261","TOI-261.01",2,3.36392540000,0.0347921890,3.04498630,0.21149070,-0.21149070,9.51000000,,,"M-R relationship",1.850000,874.7956,0.496728,5890.30,"Transit"
"Kepler-176","Kepler-176 c",4,12.75971200000,0.1020000000,2.60000000,1.33000000,-1.33000000,1.33000000,0.40000000,-0.27000000,"Mass",0.487000,39.6310,0.860000,5232.00,"Transit"
"K2-344","K2-344 b",1,3.35585000000,,1.59000000,0.10000000,-0.05000000,3.15000000,,,"M-R relationship",4.310000,37.2966,0.510000,4374.00,"Transit"
"Kepler-369","Kepler-369 c",2,14.87157200000,0.0940000000,1.41000000,0.06000000,-0.06000000,2.57000000,,,"M-R relationship",5.040000,4.2100,0.500000,3591.00,"Transit"
"7 CMa","7 CMa b",2,735.10000000000,1.7580000000,13.40000000,,,587.98550000,19.06980000,-19.06980000,"Msin(i)/sin(i)",1.340000,3.7372,1.340000,4826.00,"Radial Velocity"
"Kepler-1012","Kepler-1012 b",1,5.50860439000,0.0606600000,1.29000000,0.08000000,-0.06000000,2.21000000,,,"M-R relationship",5.660000,191.8110,0.950000,5556.00,"Transit"
"Kepler-1613","Kepler-1613 b",1,1.51842990000,0.0275500000,2.08000000,0.44000000,-0.51000000,4.98000000,,,"M-R relationship",3.040000,6797.6230,1.080000,6005.00,"Transit"
"TOI-5726","TOI-5726.01",1,5.49112521500,0.0621860000,2.55400000,0.28000000,-0.17700000,7.05000000,,,"M-R relationship",2.330000,338.9500,1.060000,5874.00,"Transit"
"Kepler-36","Kepler-36 b",2,13.86825000000,0.1141900000,1.49800000,0.06100000,-0.04900000,3.83000000,0.11000000,-0.10000000,"Mass",6.260000,247.0000,1.034000,5979.00,"Transit"
"Kepler-616","Kepler-616 c",3,90.41135560000,0.4024000000,3.41000000,0.57000000,-0.30000000,11.50000000,,,"M-R relationship",1.590000,6.8600,0.980000,5753.00,"Transit"
"HIP 91258","HIP 91258 b",1,5.05050000000,0.0600000000,13.70000000,,,346.43470000,66.74430000,-66.74430000,"Msini",0.740000,166.6086,0.970000,5519.00,"Radial Velocity"
"WASP-47","WASP-47 c",4,589.57000000000,1.3930000000,,,,447.00000000,18.00000000,-22.00000000,"Mass",,0.5490,1.058000,5565.00,"Radial Velocity"
"WASP-76","WASP-76 b",1,1.80988198000,0.0330000000,20.78145022,0.86309151,-0.85188253,284.13859586,4.44959770,-4.13176929,"Mass",0.170000,4104.0000,1.458000,6329.00,"Transit"
"TOI-2374","TOI-2374 b",1,4.31361930000,0.0481800000,7.48759911,0.20176165,-0.20176165,61.65871096,4.44959770,-4.76742611,"Mass",0.803000,122.9000,0.802000,5002.00,"Transit"
"HAT-P-26","HAT-P-26 b",1,4.23452000000,0.0474800000,7.06167000,0.44836000,-0.44836000,22.24810000,6.35660000,-6.35660000,"Mass",0.258608,185.0743,1.120000,5079.00,"Transit"
"Kepler-79","Kepler-79 b",4,13.48451000000,0.1192900000,3.51000000,0.10000000,-0.10000000,7.60000000,3.80000000,-2.60000000,"Mass",0.970000,205.4040,1.244000,6389.00,"Transit"
"K2-389","K2-389 c",2,20.85133700000,,2.04000000,0.15100000,-0.13800000,4.82000000,,,"M-R relationship",3.120000,,0.802000,5782.00,"Transit"
"Kepler-1405","Kepler-1405 b",1,28.22741840000,0.1778000000,3.96000000,0.88000000,-0.45000000,14.90000000,,,"M-R relationship",1.320000,33.8020,1.050000,5925.00,"Transit"
"K2-414","K2-414 b",2,4.36960000000,0.0487000000,1.21900000,0.10040000,-0.07310000,1.98000000,,,"M-R relationship",6.010000,72.1130,0.814000,4343.00,"Transit"
"Kepler-362","Kepler-362 c",2,37.86628100000,0.2070000000,1.45000000,0.61000000,-0.61000000,2.70000000,,,"M-R relationship",4.870000,36.6670,0.904000,5788.00,"Transit"
"TOI-1466","TOI-1466 b",1,1.87190602231,,2.46741991,0.33214130,-0.25190743,6.65000000,,,"M-R relationship",2.430000,167.0990,0.660000,4435.39,"Transit"
"Kepler-1947","Kepler-1947 b",1,6.96363019900,0.0737500000,1.01016660,,,1.01000000,,,"M-R relationship",5.380000,229.4000,0.984000,6040.00,"Transit"
"Kepler-260","Kepler-260 c",2,76.05017800000,0.3320000000,1.74000000,0.54000000,-0.54000000,3.68000000,,,"M-R relationship",3.840000,6.7750,1.013000,5250.00,"Transit"
"Kepler-484","Kepler-484 b",1,10.04556931300,0.0903600000,2.28000000,0.07000000,-0.05000000,5.82000000,,,"M-R relationship",2.700000,90.6290,0.960000,5668.00,"Transit"
"Kepler-1407","Kepler-1407 b",1,20.07115040000,0.1502000000,2.25000000,0.53000000,-0.32000000,5.69000000,,,"M-R relationship",2.740000,78.6670,1.100000,6010.00,"Transit"
"GJ 1132","GJ 1132 b",2,1.62892911000,0.0157000000,1.19151465,0.03811053,-0.04483592,1.83704819,0.19069704,-0.18751876,"Mass",5.970000,19.3000,0.194500,3229.00,"Transit"
"TRAPPIST-1","TRAPPIST-1 c",7,2.42193700000,0.0158000000,1.09700000,0.01400000,-0.01200000,1.30800000,0.05600000,-0.05600000,"Mass",5.463993,2.2140,0.089800,2566.00,"Transit"
"TOI-5728","TOI-5728 b",1,11.49761000000,,1.31000000,0.05000000,-0.05000000,2.27000000,,,"M-R relationship",5.550000,3.5120,0.360000,3419.00,"Transit"
"Kepler-211","Kepler-211 b",2,4.13857500000,0.0480000000,1.26000000,0.09000000,-0.09000000,2.13000000,,,"M-R relationship",5.850000,158.1880,0.867000,5123.00,"Transit"
"TOI-5515","TOI-5515 b",1,8.59225810839,,2.65362762,0.25797628,-0.22080259,7.53000000,,,"M-R relationship",2.210000,86.6267,0.963000,5483.65,"Transit"
"Kepler-197","Kepler-197 b",4,5.59930800000,0.0600000000,1.02000000,0.04000000,-0.04000000,1.04000000,,,"M-R relationship",5.390000,431.2560,0.857000,6004.00,"Transit"
"Kepler-790","Kepler-790 b",1,13.73469807000,0.1010000000,2.18000000,0.17000000,-0.14000000,5.39000000,,,"M-R relationship",2.860000,38.2740,0.840000,5208.00,"Transit"
"Kepler-113","Kepler-113 c",2,8.92507000000,0.0779600000,2.18000000,0.06000000,-0.06000000,8.70000000,,,"Mass",0.308247,45.5960,0.750000,4725.00,"Transit"
"Kepler-1891","Kepler-1891 b",1,4.02229023000,0.0473000000,1.52139156,,,2.93000000,,,"M-R relationship",4.570000,253.2800,0.873000,5516.00,"Transit"
"Kepler-876","Kepler-876 b",1,5.14438011000,0.0549000000,1.43000000,0.10000000,-0.09000000,2.63000000,,,"M-R relationship",4.940000,152.7460,0.810000,5060.00,"Transit"
"Kepler-1456","Kepler-1456 b",1,18.13738290000,0.1132000000,1.14000000,0.09000000,-0.15000000,1.55000000,,,"M-R relationship",5.750000,8.2340,0.640000,4231.00,"Transit"
"Kepler-571","Kepler-571 b",1,4.79859938800,0.0546000000,2.64000000,0.32000000,-0.17000000,7.46000000,,,"M-R relationship",2.230000,219.0360,0.930000,5527.00,"Transit"
"TOI-5678","TOI-5678 b",1,47.73022000000,0.2490000000,4.91000000,0.08000000,-0.08000000,20.00000000,4.00000000,-4.00000000,"Mass",0.928000,3.8369,0.905000,5485.00,"Transit"
"Kepler-1280","Kepler-1280 b",1,66.55790570000,0.3398200000,1.87000000,0.83000000,-0.29000000,4.16000000,,,"M-R relationship",3.500000,35.2930,1.200000,6227.00,"Transit"
"K2-75","K2-75 c",2,18.31100000000,0.1429000000,2.77000000,0.38000000,-0.38000000,8.10000000,,,"M-R relationship",2.090000,138.0000,1.160000,5995.00,"Transit"
"Kepler-1414","Kepler-1414 b",1,3.51576315000,0.0426000000,1.23000000,0.09000000,-0.08000000,2.04000000,,,"M-R relationship",6.020000,209.4640,0.800000,4951.00,"Transit"
"Kepler-710","Kepler-710 b",1,4.34728552700,0.0524000000,1.88000000,0.24000000,-0.15000000,4.19000000,,,"M-R relationship",3.470000,710.8720,0.940000,5611.00,"Transit"
"TOI-640","TOI-640 b",1,5.00377700000,0.0660800000,19.27944680,0.56044903,-0.56044903,181.16219199,6.35656814,-6.35656814,"Mass",0.138000,1150.1200,1.536000,6460.00,"Transit"
"HD 160691","HD 160691 c",4,3947.00000000000,4.1700000000,,,,1398.44499080,,,"Mass",,0.1092,1.130000,5773.00,"Radial Velocity"
"Kepler-573","Kepler-573 b",1,22.18329658000,0.1452700000,2.79000000,0.36000000,-0.23000000,8.20000000,,,"M-R relationship",2.070000,46.4400,0.990000,5746.00,"Transit"
"Kepler-297","Kepler-297 c",3,74.92013700000,0.3360000000,6.54000000,1.18000000,-1.18000000,42.10000000,14.10000000,-9.30000000,"Mass",0.827000,6.8600,0.927000,5619.00,"Transit"
"HD 10180","HD 10180 h",6,2205.00000000000,3.3810000000,9.40000000,,,64.40000000,4.60000000,-4.60000000,"Msin(i)/sin(i)",0.426000,0.1303,1.060000,5911.00,"Radial Velocity"
"Kepler-1791","Kepler-1791 b",1,7.72086000400,0.0761000000,3.12103321,,,9.91000000,,,"M-R relationship",1.790000,257.1400,0.985000,5887.00,"Transit"
"Kepler-1197","Kepler-1197 b",1,2.03231845000,0.0286900000,1.25000000,0.03000000,-0.09000000,2.10000000,,,"M-R relationship",5.910000,267.1420,0.780000,4708.00,"Transit"
"Kepler-198","Kepler-198 b",3,17.79003700000,0.1310000000,2.82000000,0.42000000,-0.42000000,8.35000000,,,"M-R relationship",2.050000,44.5490,0.995000,5574.00,"Transit"
"K2-148","K2-148 d",3,9.75790000000,0.0774000000,1.64000000,0.24000000,-0.21000000,3.33000000,,,"M-R relationship",4.150000,16.8000,0.650000,4079.00,"Transit"
"Kepler-142","Kepler-142 b",3,2.02415200000,0.0320000000,1.99000000,0.39000000,-0.39000000,4.62000000,,,"M-R relationship",3.220000,1247.9080,0.978000,5790.00,"Transit"
"Kepler-9","Kepler-9 d",3,1.59285100000,0.0273000000,1.64000000,0.19000000,-0.14000000,8.41466053,4.18940522,-4.18940522,"Msini",13.547166,1339.6580,1.070000,5777.00,"Transit"
"WASP-54","WASP-54 b",1,3.69364000000,0.0498800000,17.71022000,1.90553000,-1.90553000,187.51970000,44.49620000,-44.49620000,"Mass",0.167000,1639.1072,1.080000,6100.00,"Transit"
"K2-250","K2-250 b",1,4.01392000000,0.0460600000,2.71257333,0.17934369,-0.13450777,7.81000000,,,"M-R relationship",2.150000,169.2180,0.809000,5003.00,"Transit"
"Kepler-31","Kepler-31 b",3,20.86130000000,0.1600000000,5.50000000,1.10000000,-1.10000000,36.74180000,,,"Mass",0.780000,91.4740,1.210000,6340.00,"Transit"
"CoRoT-7","CoRoT-7 c",3,3.69800000000,0.0460000000,2.83000000,,,8.40000000,0.90000000,-0.90000000,"Mass",2.040000,242.7184,0.899000,5256.00,"Radial Velocity"
"GJ 849","GJ 849 b",2,1925.31000000000,2.3200000000,13.90000000,,,283.82076745,29.87587026,-30.82935548,"Msini",0.581000,0.0048,0.450000,3467.00,"Radial Velocity"
"K2-167","K2-167 b",1,9.97854100000,0.0932000000,2.36509493,0.21297063,-0.14571675,6.50000000,1.60000000,-1.50000000,"Mass",2.870000,317.0000,1.084000,6310.00,"Transit"
"Kepler-1151","Kepler-1151 b",1,65.64784240000,0.3197000000,2.22000000,0.24000000,-0.17000000,5.56000000,,,"M-R relationship",2.790000,4.8600,0.880000,5470.00,"Transit"
"Kepler-1261","Kepler-1261 b",1,48.43089910000,0.2390000000,2.26000000,0.14000000,-0.14000000,5.73000000,,,"M-R relationship",2.730000,4.7440,0.820000,5006.00,"Transit"
"Kepler-1339","Kepler-1339 b",1,1.34155512700,0.0235600000,0.71000000,0.06000000,-0.04000000,0.28500000,,,"M-R relationship",4.380000,3094.8170,0.940000,5586.00,"Transit"
"Kepler-1086","Kepler-1086 c",2,161.51633450000,0.5030000000,2.94000000,0.11000000,-0.13000000,8.96000000,,,"M-R relationship",1.940000,0.5190,0.700000,4350.00,"Transit"
"TOI-2096","TOI-2096 c",2,6.38784000000,0.0400000000,1.91400000,0.09500000,-0.09500000,4.32000000,,,"M-R relationship",3.390000,3.7000,0.231000,3300.00,"Transit"
"Kepler-1758","Kepler-1758 b",1,9.97721004500,0.0919000000,2.57059831,,,7.13000000,,,"M-R relationship",2.310000,93.6400,1.035000,5557.00,"Transit"
"Kepler-352","Kepler-352 c",3,16.33299500000,0.1180000000,1.24000000,0.10000000,-0.10000000,2.07000000,,,"M-R relationship",5.970000,26.3730,0.798000,5212.00,"Transit"
"Kepler-30","Kepler-30 c",3,60.32310500000,0.3000000000,12.30000000,0.40000000,-0.40000000,640.00000000,50.00000000,-50.00000000,"Mass",1.880000,6.2170,0.990000,5498.00,"Transit"
"Kepler-62","Kepler-62 c",5,12.44170000000,0.0929000000,0.54000000,0.03000000,-0.03000000,4.00000000,,,"Mass",,28.4890,0.690000,4925.00,"Transit"
"Kepler-270","Kepler-270 c",2,25.26288700000,0.1800000000,1.77000000,0.37000000,-0.37000000,3.78000000,,,"M-R relationship",3.750000,62.2410,1.170000,6067.00,"Transit"
"HD 19994","HD 19994 b",1,466.20000000000,1.3050000000,13.60000000,,,435.41000000,38.14000000,-38.14000000,"Msini",0.951000,2.2324,1.365000,6188.00,"Radial Velocity"
"Kepler-446","Kepler-446 c",3,3.03617900000,0.0283000000,1.11000000,0.18000000,-0.18000000,1.41000000,,,"M-R relationship",5.670000,6.7050,0.220000,3359.00,"Transit"
"Kepler-1551","Kepler-1551 b",1,24.49736980000,0.1772000000,2.66000000,0.91000000,-0.42000000,7.56000000,,,"M-R relationship",2.210000,60.4210,1.140000,6136.00,"Transit"
"NGTS-15","NGTS-15 b",1,3.27623000000,0.0441000000,12.32987877,1.12089807,-1.12089807,238.68913366,32.41849751,-27.96889982,"Mass",0.740000,425.0000,0.995000,5600.00,"Transit"
"K2-16","K2-16 c",3,19.07863000000,0.1229000000,2.54000000,1.12000000,-0.47000000,6.99000000,,,"M-R relationship",2.340000,13.1000,0.680000,4742.00,"Transit"
"K2-270","K2-270 b",2,1.54306900000,0.0247000000,1.38000000,0.11000000,-0.11000000,2.48000000,,,"M-R relationship",5.190000,497.0717,0.850000,4877.00,"Transit"
"K2-374","K2-374 c",2,16.43445000000,,2.21300000,0.09100000,-0.08600000,5.53000000,,,"M-R relationship",2.800000,,0.731000,5789.00,"Transit"
"Kepler-646","Kepler-646 b",1,15.87364565000,0.1125100000,1.99000000,0.37000000,-0.19000000,4.62000000,,,"M-R relationship",3.220000,38.2290,0.930000,5634.00,"Transit"
"Kepler-1611","Kepler-1611 b",1,5.17624290000,0.0586000000,0.81000000,0.16000000,-0.07000000,0.45700000,,,"M-R relationship",4.730000,146.2200,0.940000,5605.00,"Transit"
"TOI-921","TOI-921 b",1,5.12871907628,,3.53409617,0.45814199,-0.34294656,12.20000000,,,"M-R relationship",1.520000,426.7683,1.130000,6011.66,"Transit"
"Kepler-406","Kepler-406 c",2,4.62332000000,0.0553100000,0.85000000,0.03000000,-0.03000000,2.71000000,1.80000000,-1.80000000,"Mass",24.390000,349.7690,1.070000,5538.00,"Transit"
"Kepler-431","Kepler-431 d",3,11.92200000000,0.1045000000,1.11000000,,,1.41000000,,,"M-R relationship",5.670000,272.8380,1.071000,6004.00,"Transit"
"HD 190360","HD 190360 d",3,88.69000000000,0.3886000000,3.48000000,,,11.90000000,6.20000000,-1.70000000,"Mass",1.550000,7.7173,0.996000,5560.00,"Radial Velocity"
"Kepler-1326","Kepler-1326 b",1,42.35142670000,0.2743000000,4.18000000,1.51000000,-0.76000000,16.30000000,,,"M-R relationship",1.230000,47.8400,1.450000,6725.00,"Transit"
"HD 132563","HD 132563 b",1,1544.00000000000,2.6200000000,13.60000000,,,473.54700000,28.60350000,-28.60350000,"Msini",1.030000,0.3447,1.231000,6289.00,"Radial Velocity"
"HAT-P-44","HAT-P-44 c",2,872.20000000000,1.7520000000,13.00000000,,,1271.30000000,444.90000000,-254.30000000,"Msini",3.180000,0.2084,0.942000,5295.00,"Radial Velocity"
"K2-149","K2-149 b",1,11.33200000000,0.0830000000,1.64000000,0.20000000,-0.18000000,3.33000000,,,"M-R relationship",4.150000,7.0000,0.595000,3745.00,"Transit"
"Kepler-1000","Kepler-1000 b",1,120.01812720000,0.5326000000,4.76000000,0.34000000,-0.31000000,20.30000000,,,"M-R relationship",1.030000,18.0000,1.400000,6453.00,"Transit"
"HD 204313","HD 204313 c",3,34.95875000000,0.2110000000,4.31000000,,,17.16273398,1.58914204,-1.58914204,"Msini",1.180000,28.2644,1.030000,5767.00,"Radial Velocity"
"Kepler-342","Kepler-342 b",4,15.17031800000,0.1280000000,2.25000000,0.40000000,-0.40000000,5.69000000,,,"M-R relationship",2.740000,160.2610,1.213000,6175.00,"Transit"
"HD 4203","HD 4203 c",2,6700.00000000000,6.9500000000,13.30000000,,,689.66000000,165.26000000,-165.26000000,"Msini",1.610000,0.0406,0.990000,5582.00,"Radial Velocity"
"TIC 270471727","TIC 270471727 b",1,10.45623256647,,2.75029559,0.36285616,-0.24677497,8.00000000,,,"M-R relationship",2.110000,283.9789,0.900000,5271.39,"Transit"
"Kepler-1185","Kepler-1185 b",1,104.35189760000,0.4297000000,1.33000000,0.08000000,-0.05000000,2.33000000,,,"M-R relationship",5.440000,9.3100,0.960000,5622.00,"Transit"
"Kepler-596","Kepler-596 b",1,21.30022655000,0.1516100000,3.46000000,1.63000000,-0.47000000,11.80000000,,,"M-R relationship",1.570000,82.3020,1.210000,6267.00,"Transit"
"Kepler-1686","Kepler-1686 b",1,9.30987000000,0.0882700000,1.42553017,,,2.62000000,,,"M-R relationship",4.970000,167.2000,1.020000,5714.96,"Transit"
"Kepler-263","Kepler-263 c",2,47.33277300000,0.2420000000,2.47000000,1.35000000,-1.35000000,6.66000000,,,"M-R relationship",2.430000,5.9940,0.793000,5265.00,"Transit"
"HD 4308","HD 4308 b",1,15.56000000000,0.1200000000,4.12000000,,,15.89150000,0.00000000,0.00000000,"Msini",1.250000,68.8078,0.930000,5686.00,"Radial Velocity"
"TOI-1437","TOI-1437 b",1,18.84094200000,0.1400000000,2.24000000,0.23000000,-0.22000000,9.60000000,3.90000000,-3.30000000,"Mass",3.910000,82.0000,1.100000,6008.00,"Transit"
"Kepler-522","Kepler-522 b",1,38.58422849000,0.2502900000,6.91000000,1.50000000,-1.21000000,38.20000000,,,"M-R relationship",0.636000,63.8550,1.540000,6392.00,"Transit"
"KELT-15","KELT-15 b",1,3.32944000000,0.0461300000,19.50366000,2.24180000,-2.24180000,416.35730000,136.66690000,-136.66690000,"Mass",0.360000,1612.7618,2.060000,6003.00,"Transit"
"TOI-892","TOI-892 b",1,10.62656000000,0.0920000000,11.99363000,0.22418000,-0.22418000,301.93850000,22.24810000,-22.24810000,"Mass",0.962000,571.0070,1.280000,6261.00,"Transit"
"Kepler-1545","Kepler-1545 b",1,163.69234900000,0.5442000000,2.70000000,0.22000000,-0.18000000,7.75000000,,,"M-R relationship",2.160000,1.4080,0.840000,5201.00,"Transit"
"Kepler-1667","Kepler-1667 b",1,83.57810000000,0.3590500000,2.98385261,,,9.19000000,,,"M-R relationship",1.900000,9.3000,1.090000,5941.54,"Transit"
"TOI-2803 A","TOI-2803 A b",1,1.96229325000,0.0318500000,18.11371281,0.38110534,-0.35868738,309.88269682,26.37975778,-22.24798849,"Mass",0.287000,2150.0000,1.118000,6280.00,"Transit"
"K2-34","K2-34 b",1,2.99563480000,0.0442000000,13.75000000,0.58000000,-0.59000000,539.67534000,19.38763000,-15.89150000,"Mass",0.940000,963.5660,1.160000,6168.00,"Transit"
"Kepler-632","Kepler-632 b",1,30.99660733000,0.1885000000,2.21000000,0.33000000,-0.08000000,5.52000000,,,"M-R relationship",2.810000,14.7200,0.910000,5322.00,"Transit"
"K2-133","K2-133 b",4,3.07133000000,0.0319400000,1.34000000,0.07700000,-0.07600000,2.36000000,,,"M-R relationship",5.390000,32.5438,0.461000,3655.00,"Transit"
"Kepler-124","Kepler-124 c",3,13.82137500000,0.1000000000,1.75000000,0.09000000,-0.09000000,3.71000000,,,"M-R relationship",3.800000,30.7160,0.706000,4984.00,"Transit"
"Kepler-1720","Kepler-1720 b",1,12.70639992000,0.1043000000,3.21585295,,,10.40000000,,,"M-R relationship",1.720000,55.8600,0.939000,5573.00,"Transit"
"TOI-1347","TOI-1347 c",2,4.84196200000,0.0546000000,1.60000000,0.10000000,-0.10000000,6.40000000,,,"Mass",4.100000,183.6642,0.913000,5464.00,"Transit"
"Kepler-117","Kepler-117 b",2,18.79592280000,0.1445000000,8.05900000,0.26900000,-0.26900000,29.87500000,10.48800000,-10.48800000,"Mass",0.300000,157.5410,1.129000,6150.00,"Transit"
"Kepler-267","Kepler-267 c",3,6.87745000000,0.0600000000,2.13000000,0.11000000,-0.11000000,5.18000000,,,"M-R relationship",2.950000,17.5830,0.541571,4258.00,"Transit"
"Kepler-1292","Kepler-1292 b",1,3.27646405000,0.0443000000,1.82000000,0.29000000,-0.14000000,3.97000000,,,"M-R relationship",3.620000,521.1010,0.950000,5556.00,"Transit"
"Kepler-1736","Kepler-1736 b",1,37.81029892000,0.2188000000,3.87658560,,,14.30000000,,,"M-R relationship",1.350000,24.2700,0.976000,6085.00,"Transit"
"Kepler-1538","Kepler-1538 b",1,175.13881900000,0.6095000000,2.82000000,0.70000000,-0.31000000,8.35000000,,,"M-R relationship",2.050000,1.9890,1.030000,5837.00,"Transit"
"WASP-66","WASP-66 b",1,4.08605000000,0.0546000000,15.69260000,3.13852000,-3.13852000,746.90050000,311.47340000,-311.47340000,"Mass",1.144000,1434.7739,1.330000,6600.00,"Transit"
"K2-156","K2-156 b",1,0.81314300000,0.0149000000,1.10000000,0.09000000,-0.06000000,1.37000000,,,"M-R relationship",5.660000,654.0363,0.660000,4460.00,"Transit"
"Kepler-1165","Kepler-1165 c",2,29.96870041000,0.1969000000,3.36093385,,,11.20000000,,,"M-R relationship",1.620000,40.7600,1.130000,6249.00,"Transit"
"Kepler-1819","Kepler-1819 b",1,16.48690033000,0.1337000000,3.90351256,,,14.50000000,,,"M-R relationship",1.340000,78.9900,1.173000,6090.00,"Transit"
"Kepler-1821","Kepler-1821 b",1,16.45809937000,0.1244000000,2.59248115,,,7.24000000,,,"M-R relationship",2.280000,40.6100,0.946000,5475.00,"Transit"
"Kepler-1393","Kepler-1393 b",1,2.44357812000,0.0337000000,0.80000000,0.04000000,-0.08000000,0.43700000,,,"M-R relationship",4.690000,574.3700,0.950000,5697.00,"Transit"
"Kepler-1664","Kepler-1664 b",1,14.38680000000,0.1137000000,3.03320653,,,9.45000000,,,"M-R relationship",1.860000,85.4600,0.944000,5735.81,"Transit"
"K2-332","K2-332 b",1,17.70632000000,,2.20000000,0.19000000,-0.15000000,5.48000000,,,"M-R relationship",2.830000,,0.270000,3315.00,"Transit"
"Kepler-102","Kepler-102 b",5,5.28696500000,0.0552100000,0.46000000,0.02600000,-0.02600000,1.10000000,,,"Mass",62.000000,90.0000,0.803000,4909.00,"Transit"
"HATS-31","HATS-31 b",1,3.37796000000,0.0478000000,18.38276000,2.46598000,-2.46598000,279.69040000,38.13960000,-38.13960000,"Mass",0.243000,1619.4060,1.275000,6050.00,"Transit"
"K2-282","K2-282 b",2,4.16978300000,0.0499000000,2.50000000,0.20000000,-0.10000000,6.80000000,,,"M-R relationship",2.390000,245.0004,0.940000,5499.00,"Transit"
"Kepler-255","Kepler-255 d",3,1.04562265800,0.0192000000,1.32000000,0.14000000,-0.10000000,2.30000000,,,"M-R relationship",5.500000,1686.0900,0.900000,5431.00,"Transit"
"HD 196885 A","HD 196885 A b",1,1333.00000000000,2.3700000000,13.20000000,,,819.97000000,50.85000000,-50.85000000,"Msini",1.960000,0.4271,1.280000,6254.00,"Radial Velocity"
"HATS-46","HATS-46 b",1,4.74237290000,0.0536700000,10.12172700,0.65012200,-0.50440500,54.98459000,19.70546000,-19.70546000,"Mass",0.280000,209.7699,0.917000,5495.00,"Transit"
"HD 4917","HD 4917 b",1,400.50000000000,1.1670000000,13.50000000,,,513.29545000,29.24036000,-29.24036000,"Msini",1.150000,20.9781,1.320000,4802.00,"Radial Velocity"
"Kepler-85","Kepler-85 e",4,25.21675100000,0.1630000000,1.27000000,0.20000000,-0.20000000,0.60000000,0.50000000,-0.40000000,"Mass",1.600000,24.3180,0.947000,5436.00,"Transit"
"HATS-8","HATS-8 b",1,3.58389300000,0.0466700000,9.78545700,1.37870700,-0.84067500,43.86054000,6.03877000,-6.03877000,"Mass",0.259000,510.8195,1.056000,5679.00,"Transit"
"Kepler-761","Kepler-761 b",1,10.12804789000,0.0874000000,2.03000000,0.25000000,-0.17000000,4.78000000,,,"M-R relationship",3.140000,95.4470,0.950000,5706.00,"Transit"
"TOI-1117","TOI-1117 b",3,2.22816000000,0.0330000000,2.46000000,0.13000000,-0.12000000,8.90000000,0.95000000,-0.96000000,"Mass",3.300000,928.0000,0.970000,5635.00,"Transit"
"HD 1502","HD 1502 b",1,428.50000000000,1.2620000000,13.20000000,,,874.03250000,50.85280000,-50.85280000,"Msini",2.090000,7.2835,1.460000,4947.00,"Radial Velocity"
"Kepler-826","Kepler-826 b",1,4.48758907000,0.0520200000,1.25000000,0.20000000,-0.14000000,2.10000000,,,"M-R relationship",5.910000,827.2210,1.050000,6079.00,"Transit"
"HD 145377","HD 145377 b",1,103.95000000000,0.4500000000,12.80000000,,,1913.33660000,152.55840000,-152.55840000,"Msini",5.010000,7.7037,1.200000,6014.00,"Radial Velocity"
"TOI-201","TOI-201 d",3,5.84889000000,0.0698000000,1.39000000,0.07000000,-0.07000000,5.80000000,2.00000000,-2.00000000,"Mass",11.000000,389.6690,1.320000,6423.00,"Transit"
"Kepler-1669","Kepler-1669 d",3,4.72941177000,0.0468000000,1.22000000,0.05000000,-0.06000000,1.98000000,,,"M-R relationship",5.990000,47.3000,0.609000,4224.00,"Transit"
"NGC 2682 YBP 1514","NGC 2682 YBP 1514 b",1,5.11800000000,,14.00000000,,,127.13200000,120.77540000,-120.77540000,"Msini",0.255000,,0.960000,5725.00,"Radial Velocity"
"Kepler-1958","Kepler-1958 b",1,9.32861995700,0.0856000000,2.05124311,,,4.86000000,,,"M-R relationship",3.090000,99.6000,0.961000,5749.00,"Transit"
"Kepler-1395","Kepler-1395 b",1,3.78470649000,0.0497400000,0.80000000,0.09000000,-0.06000000,0.43700000,,,"M-R relationship",4.690000,730.5310,1.170000,6138.00,"Transit"
"TOI-2169 A","TOI-2169 A b",1,8.21482820000,0.0896000000,12.50922246,0.41473229,-0.40352331,329.58805806,24.47278734,-24.15495893,"Mass",0.920000,577.0000,1.420000,6270.00,"Transit"
"Kepler-733","Kepler-733 b",1,20.83424726000,0.1483000000,2.82000000,0.46000000,-0.19000000,8.35000000,,,"M-R relationship",2.050000,24.5070,0.900000,5418.00,"Transit"
"TOI-469","HIP 29442 c",3,3.53795590000,0.0451800000,1.55100000,0.04500000,-0.04500000,4.50000000,0.32000000,-0.32000000,"Mass",6.300000,451.0000,0.901000,5289.00,"Radial Velocity"
"HD 114783","HD 114783 c",2,4352.00000000000,5.0000000000,13.40000000,,,603.87397330,158.91420350,-127.13136280,"Mass",1.380000,0.0170,0.900000,5135.00,"Radial Velocity"
"Kepler-1603","Kepler-1603 b",1,2.27163926000,0.0351000000,1.29000000,0.47000000,-0.19000000,2.21000000,,,"M-R relationship",5.660000,1269.4600,1.210000,6241.00,"Transit"
"Kepler-113","Kepler-113 b",2,4.75400000000,0.0512300000,1.82000000,0.05000000,-0.05000000,11.70000000,4.20000000,-4.20000000,"Mass",10.730000,105.3330,0.750000,4725.00,"Transit"
"Kepler-996","Kepler-996 b",1,3.77059058400,0.0474000000,1.98000000,0.63000000,-0.25000000,4.58000000,,,"M-R relationship",3.240000,723.0810,1.090000,6014.00,"Transit"
"Kepler-122","Kepler-122 b",5,5.76619300000,0.0640000000,2.34000000,0.46000000,-0.46000000,6.08000000,,,"M-R relationship",2.610000,448.1020,0.982000,6050.00,"Transit"
"TOI-7510","TOI-7510 d",3,48.86446800000,0.2672000000,10.52000000,0.32000000,-0.32000000,190.00000000,20.00000000,-20.00000000,"Mass",0.890000,20.6036,1.063000,5720.00,"Transit"
"HD 114386","HD 114386 b",2,937.70001000000,1.7300000000,13.60000000,,,464.02947422,117.59651059,-69.92224954,"Mass",1.010000,0.0964,0.600000,4836.00,"Radial Velocity"
"Kepler-305","Kepler-305 e",4,3.20538000000,0.0401700000,1.79381530,,,3.87000000,,,"M-R relationship",3.680000,220.4000,0.820000,4974.00,"Transit"
"TOI-257","TOI-257 b",1,18.38818000000,0.1528000000,7.16253867,0.14571675,-0.14571675,43.86032017,7.31005336,-7.31005336,"Mass",0.650000,186.0000,1.407000,6095.00,"Transit"
"Kepler-24","Kepler-24 b",4,8.14000000000,0.0804500000,2.34800000,0.09200000,-0.09100000,11.14000000,2.25000000,-1.93000000,"Mass",4.686574,252.2460,1.060000,6028.00,"Transit"
"K2-345","K2-345 b",1,10.36743700000,,2.11000000,0.20000000,-0.09000000,5.10000000,,,"M-R relationship",2.980000,,0.560000,3779.00,"Transit"
"Kepler-221","Kepler-221 b",4,2.79590600000,0.0370000000,1.71000000,0.17000000,-0.17000000,5.95575000,,,"Mass",0.190000,308.8850,0.854000,5243.00,"Transit"
"Kepler-295","Kepler-295 b",3,12.64516400000,0.0990000000,1.22000000,0.64000000,-0.64000000,1.98000000,,,"M-R relationship",5.990000,287.5000,0.890000,5603.00,"Transit"
"Kepler-233","Kepler-233 b",2,8.47238200000,0.0770000000,2.43000000,0.66000000,-0.66000000,6.48000000,,,"M-R relationship",2.480000,85.1310,0.855000,5360.00,"Transit"
"K2-119","K2-119 b",1,7.72728300000,0.0698000000,2.53000000,0.20000000,-0.20000000,6.94000000,,,"M-R relationship",2.350000,54.9000,0.760000,4740.00,"Transit"
"HD 117618","HD 117618 b",1,25.80000000000,0.1800000000,8.59000000,,,55.30242000,4.44962000,-4.44962000,"Msini",0.479000,50.4075,1.077000,5990.00,"Radial Velocity"
"Kepler-131","Kepler-131 c",2,25.51690000000,0.1739100000,0.84000000,0.07000000,-0.07000000,8.25000000,5.90000000,-5.90000000,"Mass",77.700000,35.7360,1.020000,5685.00,"Transit"
"K2-341","K2-341 b",1,36.55255100000,,3.21000000,0.25000000,-0.19000000,10.40000000,,,"M-R relationship",1.730000,,0.980000,5817.00,"Transit"
"HD 214823","HD 214823 b",1,1854.84424000000,3.0800000000,12.10000000,,,5914.78665427,1316.76309020,-339.75856708,"Mass",18.300000,0.4586,1.115000,6215.00,"Radial Velocity"
"Kepler-95","Kepler-95 b",1,11.52310000000,0.1023200000,3.42000000,0.09000000,-0.09000000,13.00000000,2.90000000,-2.90000000,"Mass",1.710000,178.8320,1.080000,5699.00,"Transit"
"Kepler-221","Kepler-221 e",4,18.36991700000,0.1300000000,2.63000000,0.25000000,-0.25000000,7.86706000,,,"Mass",0.570000,25.1560,0.854000,5243.00,"Transit"
"Kepler-1227","Kepler-1227 b",1,94.28875770000,0.3855500000,2.29000000,0.52000000,-0.23000000,5.86000000,,,"M-R relationship",2.680000,4.1790,0.970000,5747.00,"Transit"
"Kepler-1557","Kepler-1557 b",1,3.74032496000,0.0490000000,1.53000000,0.50000000,-0.21000000,2.96000000,,,"M-R relationship",4.540000,645.5430,1.110000,6099.00,"Transit"
"AT2021ueyL","AT2021ueyL b",1,4168.69000000000,4.0100000000,13.60000000,,,425.89006538,143.02278315,-158.91420350,"Mass",0.930000,,0.490000,3680.00,"Microlensing"
"Kepler-52","Kepler-52 d",3,36.44517100000,0.1820000000,1.95000000,0.21000000,-0.21000000,88.87750000,,,"Mass",18.000000,2.9450,0.577000,4263.00,"Transit"
"Kepler-1304","Kepler-1304 b",1,16.12888530000,0.1202000000,2.29000000,0.19000000,-0.53000000,5.86000000,,,"M-R relationship",2.680000,61.8700,0.850000,5259.00,"Transit"
"Kepler-367","Kepler-367 c",2,53.57863700000,0.2530000000,1.20000000,0.16000000,-0.16000000,1.87000000,,,"M-R relationship",5.950000,3.7610,0.768000,4710.00,"Transit"
"Kepler-50","Kepler-50 b",2,7.81254000000,0.0770000000,1.71000000,0.05000000,-0.10000000,8.90000000,,,"Mass",6.049820,494.7050,1.240000,6225.00,"Transit"
"Kepler-583","Kepler-583 b",1,6.51002530000,0.0689000000,2.28000000,0.29000000,-0.15000000,5.82000000,,,"M-R relationship",2.700000,178.6990,0.940000,5523.00,"Transit"
"HD 30856","HD 30856 b",1,847.00000000000,1.8500000000,13.50000000,,,491.68301000,28.92253000,-28.92253000,"Msini",1.100000,2.8926,1.170000,4895.00,"Radial Velocity"
"Kepler-237","Kepler-237 b",2,4.71510600000,0.0500000000,1.41000000,0.75000000,-0.75000000,2.57000000,,,"M-R relationship",5.040000,124.9610,0.696000,4861.00,"Transit"
"Kepler-1279","Kepler-1279 b",1,23.47741010000,0.1785000000,1.75000000,0.88000000,-0.27000000,3.71000000,,,"M-R relationship",3.800000,190.8510,1.210000,6221.00,"Transit"
"HD 39091","HD 39091 b",3,2088.80000000000,3.2800000000,12.30000000,,,4481.38053870,158.91420350,-127.13136280,"Mass",13.200000,0.1342,1.070000,5998.00,"Radial Velocity"
"NGTS-5","NGTS-5 b",1,3.35698660000,0.0382000000,12.73342400,0.25780700,-0.25780700,72.78307000,11.75971000,-11.75971000,"Mass",0.194000,101.2530,0.661000,4987.00,"Transit"
"TOI-201","TOI-201 b",3,52.97860000000,0.3030000000,11.40000000,0.10000000,-0.10000000,164.00000000,5.00000000,-5.00000000,"Mass",0.610000,68.4513,1.320000,6423.00,"Transit"
"Kepler-185","Kepler-185 c",2,20.72904200000,0.1390000000,2.02000000,1.17000000,-1.17000000,4.74000000,,,"M-R relationship",3.160000,16.0290,0.763000,5208.00,"Transit"
"Kepler-1375","Kepler-1375 b",1,3.30041920000,0.0471000000,1.74000000,0.68000000,-0.34000000,3.68000000,,,"M-R relationship",3.840000,2948.3620,1.470000,6704.00,"Transit"
"TOI-4156","TOI-4156 c",2,12.82282706375,,2.92303762,0.33738824,-0.27076650,8.87000000,,,"M-R relationship",1.950000,101.3929,1.100000,5971.64,"Transit"
"TOI-700","TOI-700 c",4,16.05113700000,0.0929000000,2.60000000,0.14000000,-0.13000000,7.27000000,,,"M-R relationship",2.270000,2.6400,0.415000,3459.00,"Transit"
"HD 38529","HD 38529 b",2,14.30990000000,0.1150000000,14.10000000,,,206.58846455,17.16273398,-18.11621920,"Msini",0.405000,516.1847,0.980000,5697.00,"Radial Velocity"
"Kepler-1076","Kepler-1076 b",1,6.14727918000,0.0611000000,0.80000000,0.04000000,-0.03000000,0.43700000,,,"M-R relationship",4.690000,83.1800,0.790000,4868.00,"Transit"
"Kepler-1410","Kepler-1410 b",1,60.86616800000,0.2543000000,1.78000000,0.12000000,-0.14000000,3.82000000,,,"M-R relationship",3.720000,1.0600,0.630000,4092.00,"Transit"
"Kepler-1795","Kepler-1795 b",1,13.36019993000,0.1002000000,1.66301611,,,3.40000000,,,"M-R relationship",4.060000,17.3000,0.768000,4500.00,"Transit"
"Kepler-1692","Kepler-1692 b",1,5.95966000000,0.0646000000,1.11177184,,,1.42000000,,,"M-R relationship",5.680000,153.4800,0.870000,5146.00,"Transit"
"EPIC 212624936","EPIC 212624936 b",2,0.57865700000,,1.20000000,0.30000000,-0.30000000,1.87000000,,,"M-R relationship",5.950000,,1.000000,5765.00,"Transit"
"Kepler-148","Kepler-148 b",3,1.72936600000,0.0280000000,1.80000000,0.87000000,-0.87000000,3.89000000,,,"M-R relationship",3.670000,609.0170,0.860000,5272.00,"Transit"
"Kepler-1616","Kepler-1616 b",1,6.76284377000,0.0731800000,1.02000000,0.47000000,-0.15000000,1.04000000,,,"M-R relationship",5.390000,724.8610,1.210000,6266.00,"Transit"
"HD 2039","HD 2039 b",1,1120.00000000000,2.2000000000,12.70000000,,,1999.15070000,368.68280000,-368.68280000,"Msini",5.360000,0.3229,1.230000,5945.00,"Radial Velocity"
"HD 105618","HD 105618 c",2,77114.07158000000,35.7310000000,11.90000000,,,8419.59232984,1379.37528638,-898.50090659,"Mass",27.500000,0.0012,1.010000,5671.00,"Radial Velocity"
"Gaia-2","Gaia-2 b",1,3.69152240000,0.0467000000,14.81827249,0.14571675,-0.14571675,259.66580852,14.93793513,-14.93793513,"Mass",0.439000,512.0235,1.000000,5720.00,"Transit"
"WASP-167","WASP-167 b",1,2.02195960000,0.0365000000,17.71022000,0.56045000,-0.56045000,2542.64000000,,,"Mass",,3208.4100,1.590000,7000.00,"Transit"
"GJ 480","GJ 480 b",1,9.55360000000,0.0680000000,2.91000000,,,8.80000000,0.70000000,-0.70000000,"Msini",1.960000,5.9290,0.450000,3509.00,"Radial Velocity"
"Kepler-1192","Kepler-1192 b",1,25.20347870000,0.1693000000,2.36000000,0.24000000,-0.22000000,6.17000000,,,"M-R relationship",2.580000,34.7420,0.860000,5438.00,"Transit"
"Kepler-921","Kepler-921 b",1,51.30063400000,0.2716000000,2.87000000,0.33000000,-0.73000000,8.60000000,,,"M-R relationship",2.000000,15.0070,0.930000,5663.00,"Transit"
"Kepler-1797","Kepler-1797 b",1,23.35939980000,0.1637000000,3.05774442,,,9.58000000,,,"M-R relationship",1.840000,51.6800,1.069000,6244.00,"Transit"
"NGTS-32","NGTS-32 b",1,3.31211000000,0.0440000000,15.91675259,0.33626942,-0.33626942,181.16219199,15.89142035,-15.89142035,"Mass",0.240000,1554.0000,1.070000,5680.00,"Transit"
"Kepler-431","Kepler-431 b",3,6.80300000000,0.0719000000,0.76400000,,,0.37000000,,,"M-R relationship",4.560000,577.5450,1.071000,6004.00,"Transit"
"GJ 3222","GJ 3222 b",1,10.66669000000,0.0910000000,3.40000000,,,11.44182265,3.49611248,-1.90697044,"Msini",1.600000,67.5954,0.890000,5257.46,"Radial Velocity"
"WASP-56","WASP-56 b",1,4.61710000000,0.0561400000,10.53646000,1.00881000,-1.00881000,143.02350000,28.60470000,-28.60470000,"Mass",0.583000,447.8200,0.710000,5600.00,"Transit"
"Kepler-154","Kepler-154 b",5,33.04053200000,0.1980000000,2.26000000,0.44000000,-0.44000000,5.73000000,,,"M-R relationship",2.730000,28.1100,0.933000,5690.00,"Transit"
"Kepler-82","Kepler-82 f",5,75.73200000000,0.3395000000,4.84000000,,,20.90000000,1.00000000,-1.00000000,"Mass",1.010000,5.6657,0.910000,5401.00,"Transit Timing Variations"
"TOI-269","TOI-269 b",1,3.69771040000,0.0345000000,2.77000000,0.12000000,-0.12000000,8.80000000,1.40000000,-1.40000000,"Mass",2.280000,19.0000,0.391700,3514.00,"Transit"
"TOI-1718","TOI-1718 b",1,5.58703768615,,4.10824994,0.27405530,-0.26669680,15.80000000,,,"M-R relationship",1.250000,134.1550,0.930000,5304.91,"Transit"
"WASP-79","WASP-79 b",1,3.66239200000,0.0519000000,17.14974047,0.44835923,-0.44835923,270.15414595,25.42627256,-25.42627256,"Mass",0.130000,1645.9887,1.390000,6600.00,"Transit"
"KIC 10068024","KIC 10068024 b",1,2.07354900000,,13.40000000,,,635.65681400,127.13136280,-127.13136280,"Msini",1.450000,,1.220000,6118.40,"Orbital Brightness Modulation"
"Kepler-354","Kepler-354 c",3,16.93440200000,0.1150000000,1.31000000,0.42000000,-0.42000000,2.27000000,,,"M-R relationship",5.550000,14.4040,0.652000,4648.00,"Transit"
"TOI-697","TOI-697 b",1,8.60788713593,,2.35859364,0.20903984,-0.18176315,6.16000000,,,"M-R relationship",2.580000,117.5495,0.970000,5681.95,"Transit"
"TOI-2537","TOI-2537 b",2,94.10220000000,0.3715000000,11.25381662,0.66132986,-0.68374782,415.40172795,28.92238504,-27.96889982,"Mass",1.600000,7.4445,0.771000,4870.00,"Transit"
"HD 148164","HD 148164 b",2,328.55000000000,0.9930000000,13.70000000,,,390.93090000,79.45750000,-79.45750000,"Msini",0.835000,2.1682,1.210000,6032.00,"Radial Velocity"
"HD 107148","HD 107148 c",2,18.32670000000,0.1407000000,4.70000000,,,19.89605828,3.08293555,-3.11471839,"Msini",1.050000,66.7145,1.105215,5752.92,"Radial Velocity"
"K2-194","K2-194 b",1,39.72138600000,,3.64229858,0.61766974,-0.50000005,12.90000000,,,"M-R relationship",1.470000,,1.110086,5979.00,"Transit"
"Kepler-84","Kepler-84 b",5,8.72600000000,0.0827000000,2.23000000,0.10000000,-0.10000000,40.00000000,13.70000000,-10.30000000,"Mass",19.800000,222.1900,1.000000,6039.00,"Transit"
"Kepler-1245","Kepler-1245 b",2,4.35409304000,0.0484000000,1.44000000,0.12000000,-0.10000000,2.67000000,,,"M-R relationship",4.910000,194.3440,0.860000,5306.00,"Transit"
"OGLE-2016-BLG-0007L","OGLE-2016-BLG-0007L b",1,14200.00000000000,10.1000000000,1.09000000,,,1.32000000,0.91000000,-0.67000000,"Mass",5.600000,,0.590000,,"Microlensing"
"Kepler-528","Kepler-528 b",1,19.78297415000,0.1421900000,2.08000000,0.29000000,-0.19000000,4.98000000,,,"M-R relationship",3.040000,68.9710,1.010000,5807.00,"Transit"
"Kepler-1090","Kepler-1090 b",2,198.68017900000,0.6332300000,2.25000000,0.21000000,-0.17000000,5.69000000,,,"M-R relationship",2.740000,1.8250,0.860000,5321.00,"Transit"
"K2-285","K2-285 b",4,3.47174500000,0.0381700000,2.59000000,0.06000000,-0.06000000,9.68000000,1.21000000,-1.37000000,"Mass",3.070000,234.3100,0.830000,4975.00,"Transit"
"HD 96700","HD 96700 d",3,103.50000000000,0.4240000000,3.61000000,,,12.70000000,1.00000000,-1.00000000,"Msini",1.480000,7.6762,0.890000,5845.00,"Radial Velocity"
"Kepler-769","Kepler-769 c",2,15.98701740000,0.1297000000,1.79000000,0.76000000,-0.27000000,3.86000000,,,"M-R relationship",3.700000,86.7610,1.190000,6186.00,"Transit"
"LTT 9779","LTT 9779 b",1,0.79205200000,0.0167900000,4.72000000,0.23000000,-0.23000000,29.32000000,0.78000000,-0.81000000,"Mass",1.536000,1781.1556,1.020000,5443.00,"Transit"
"TOI-421","TOI-421 b",2,5.19757600000,0.0554000000,2.64000000,0.08000000,-0.08000000,6.70000000,0.60000000,-0.60000000,"Mass",2.040038,154.5700,0.833000,5291.00,"Transit"
"Kepler-244","Kepler-244 c",3,9.76729200000,0.0870000000,2.05000000,0.87000000,-0.87000000,4.86000000,,,"M-R relationship",3.100000,81.5740,0.933000,5554.00,"Transit"
"HD 12235","HD 12235 b",2,4.36305000000,0.0540000000,3.23000000,,,10.48833743,1.27131363,-1.58914204,"Msini",1.710000,1287.9273,1.100000,5986.00,"Radial Velocity"
"Kepler-1470","Kepler-1470 b",1,16.29509030000,0.1160000000,1.07000000,0.09000000,-0.08000000,1.24000000,,,"M-R relationship",5.560000,23.9180,0.800000,4961.00,"Transit"
"Kepler-1544","Kepler-1544 b",1,168.81117400000,0.5446500000,1.78000000,0.09000000,-0.07000000,3.82000000,,,"M-R relationship",3.720000,0.8330,0.810000,4886.00,"Transit"
"Kepler-831","Kepler-831 b",1,5.62153941000,0.0598400000,1.27000000,0.10000000,-0.07000000,2.15000000,,,"M-R relationship",5.770000,266.2490,0.990000,5732.00,"Transit"
"Kepler-144","Kepler-144 b",2,5.88527300000,0.0660000000,1.33000000,0.26000000,-0.26000000,2.33000000,,,"M-R relationship",5.440000,426.7190,1.154000,6075.00,"Transit"
"Kepler-1910","Kepler-1910 b",1,5.68876981700,0.0536000000,1.18400000,,,1.78000000,,,"M-R relationship",5.890000,40.8800,0.636000,4234.00,"Transit"
"COCONUTS-2 A","COCONUTS-2 b",1,402000000.00000000000,7506.0000000000,12.57647635,0.05604490,-0.04483592,2383.71305250,127.13136280,-127.13136280,"Mass",6.580000,0.0000,0.400000,3552.00,"Imaging"
"Kepler-294","Kepler-294 c",2,6.62640000000,0.0710000000,2.71000000,1.27000000,-1.27000000,7.80000000,,,"M-R relationship",2.150000,151.4910,0.947000,5913.00,"Transit"
"Kepler-623","Kepler-623 b",1,9.07097734000,0.0854000000,3.01000000,0.34000000,-0.21000000,9.32000000,,,"M-R relationship",1.880000,77.0980,0.900000,5443.00,"Transit"
"K2-104","K2-104 b",1,1.97419540000,0.0242000000,1.79000000,0.10000000,-0.06000000,3.86000000,,,"M-R relationship",3.700000,62.1000,0.510000,3712.00,"Transit"
"HD 31527","HD 31527 c",3,51.20530000000,0.2663000000,3.85000000,,,14.16000000,1.28000000,-1.23000000,"Msini",1.360000,16.9215,0.960000,5898.00,"Radial Velocity"
"Kepler-1371","Kepler-1371 c",2,2.00541269000,0.0293700000,0.64000000,0.07000000,-0.05000000,0.19600000,,,"M-R relationship",4.110000,853.2690,0.870000,5361.00,"Transit"
"K2-14","K2-14 b",1,8.36802000000,0.0627000000,4.81000000,0.42000000,-0.42000000,20.70000000,,,"M-R relationship",1.020000,8.0000,0.470000,3789.00,"Transit"
"Pr0211","Pr0211 b",2,2.14610000000,0.0317600000,13.40000000,,,597.52040000,9.53490000,-9.53490000,"Msini",1.360000,457.3078,0.935000,5300.00,"Radial Velocity"
"75 Cet","75 Cet b",2,696.62000000000,1.9120000000,13.30000000,,,787.89662095,23.51930212,-28.60455663,"Msini",1.840000,14.1750,1.920000,4809.00,"Radial Velocity"
"Kepler-963","Kepler-963 b",2,9.97683705000,0.0849000000,2.66000000,0.30000000,-0.19000000,7.56000000,,,"M-R relationship",2.210000,83.4940,0.910000,5461.00,"Transit"
"K2-168","K2-168 b",2,15.85230000000,,1.86000000,0.24000000,-0.11000000,4.12000000,,,"M-R relationship",3.520000,,0.877000,5502.70,"Transit"
"TOI-5736","TOI-5736 b",1,0.64899000000,,1.56000000,0.07000000,-0.07000000,3.05000000,,,"M-R relationship",4.410000,493.4827,0.570000,3949.00,"Transit"
"Kepler-1041","Kepler-1041 b",1,24.75764210000,0.1688000000,2.94000000,0.62000000,-0.53000000,8.96000000,,,"M-R relationship",1.940000,117.9560,1.060000,5957.00,"Transit"
"Kepler-1816","Kepler-1816 b",1,91.50099945000,0.3564700000,1.96793970,,,4.53000000,,,"M-R relationship",3.270000,2.0000,0.786000,5051.00,"Transit"
"Kepler-1338","Kepler-1338 b",1,0.93511805700,0.0193700000,0.92000000,0.19000000,-0.10000000,0.72100000,,,"M-R relationship",5.090000,4712.1110,1.040000,5909.00,"Transit"
"TOI-2109","TOI-2109 b",1,0.67247414000,0.0179100000,15.09849700,0.52682209,-0.52682209,1595.49860314,238.37130525,-238.37130525,"Mass",2.550000,14429.0000,1.453000,6540.00,"Transit"
"bet Pic","bet Pic d",3,33200.00000000000,26.0000000000,14.12331568,0.33626942,-0.33626942,762.78817680,190.69704420,-190.69704420,"Mass",1.490000,0.0133,1.789000,8038.68,"Imaging"
"TOI-1075","TOI-1075 b",1,0.60473280000,0.0115900000,1.79100000,0.11600000,-0.08100000,9.95000000,1.36000000,-1.30000000,"Mass",9.320000,509.2000,0.604000,3875.00,"Transit"
"Kepler-59","Kepler-59 c",2,17.98012350000,0.1311400000,1.98000000,,,3.81000000,2.64000000,-0.98000000,"Mass",1.620000,107.7410,1.040000,6074.00,"Transit"
"BD+42 2315","BD+42 2315 b",1,123.05000000000,0.5400000000,14.20000000,,,174.80562385,,,"Msini",0.335000,335.1294,1.380000,4500.00,"Radial Velocity"
"HD 219134","HD 219134 g",6,94.20000000000,0.3753000000,3.28000000,,,10.80622000,1.27132000,-1.27132000,"Msini",1.680000,2.2009,0.794000,4913.00,"Radial Velocity"
"OGLE-2018-BLG-0740L","OGLE-2018-BLG-0740L b",1,5480.00000000000,5.0000000000,12.90000000,,,1500.00000000,200.00000000,-200.00000000,"Mass",3.840000,,1.000000,5912.00,"Microlensing"
"Kepler-1247","Kepler-1247 b",1,13.71220213000,0.1091000000,2.33000000,0.21000000,-0.16000000,6.04000000,,,"M-R relationship",2.620000,41.4720,0.860000,5303.00,"Transit"
"Kepler-1833","Kepler-1833 b",1,6.89212989800,0.0754500000,1.30027362,,,2.24000000,,,"M-R relationship",5.600000,439.2000,1.286000,6164.00,"Transit"
"Kepler-1035","Kepler-1035 b",1,2.71407755500,0.0388300000,1.17000000,0.28000000,-0.11000000,1.71000000,,,"M-R relationship",5.870000,1180.0640,0.980000,5763.00,"Transit"
"TOI-1803","TOI-1803 b",2,6.29328700000,0.0600000000,2.99000000,0.08000000,-0.08000000,10.32000000,1.66000000,-0.48000000,"Mass",2.150310,58.0000,0.756000,4687.00,"Transit"
"Kepler-1368","Kepler-1368 b",1,0.67564948600,0.0153000000,1.65000000,0.35000000,-0.17000000,3.36000000,,,"M-R relationship",4.110000,4849.2570,1.070000,5906.00,"Transit"
"TOI-1135","TOI-1135 b",1,8.02773270000,0.0815000000,9.91994792,0.31385146,-0.31385146,58.79825529,,,"Mass",0.150000,310.0000,1.119000,6320.00,"Transit"
"K2-227","K2-227 b",1,13.62183200000,,1.66551298,1.22117412,-0.17927703,3.41000000,,,"M-R relationship",4.060000,,0.950811,5673.00,"Transit"
"MASCARA-4","MASCARA-4 b",1,2.82409320000,0.0474000000,16.98160576,0.49319515,-0.49319515,532.36258173,76.59664609,-76.59664609,"Mass",0.481000,4913.6900,1.750000,7800.00,"Transit"
"Kepler-152","Kepler-152 b",2,18.20797300000,0.1240000000,2.79000000,0.17000000,-0.17000000,8.20000000,,,"M-R relationship",2.070000,21.0840,0.779000,5088.00,"Transit"
"Kepler-1700","Kepler-1700 b",1,234.23900000000,0.7609400000,2.90129941,,,8.76000000,,,"M-R relationship",1.970000,2.2000,1.120000,6031.00,"Transit"
"TOI-261","TOI-261.02",2,13.03935862135,,3.34822227,1.26961870,-1.26961870,11.20000000,,,"M-R relationship",1.640000,243.5261,1.069000,5890.30,"Transit"
"Kepler-140","Kepler-140 c",2,91.35328200000,0.4140000000,1.80000000,0.35000000,-0.35000000,3.89000000,,,"M-R relationship",3.670000,9.9570,1.044000,6077.00,"Transit"
"HD 5278","HD 5278 b",2,14.33915600000,0.1202000000,2.45000000,0.05000000,-0.05000000,7.80000000,1.50000000,-1.40000000,"Mass",2.900000,132.0000,1.126000,6203.00,"Transit"
"Kepler-1062","Kepler-1062 b",1,9.30412078000,0.0748000000,1.76000000,0.09000000,-0.10000000,3.75000000,,,"M-R relationship",3.780000,33.7600,0.750000,4597.00,"Transit"
"Kepler-495","Kepler-495 b",2,3.41303622100,0.0427000000,5.23000000,0.42000000,-0.34000000,23.80000000,,,"M-R relationship",0.914000,310.0210,0.860000,5346.00,"Transit"
"HD 106515 A","HD 106515 A b",1,3626.00000000000,4.4800000000,12.10000000,,,6006.95689230,476.74261050,-444.95976980,"Mass",18.600000,0.0342,0.890000,5362.00,"Radial Velocity"
"TOI-4201","TOI-4201 b",1,3.58191940000,0.0400000000,13.67495645,0.44835923,-0.44835923,788.21444936,28.60455663,-28.60455663,"Mass",1.820000,45.2000,0.610000,3794.00,"Transit"
"Kepler-476","Kepler-476 b",1,14.00640607000,0.1126000000,3.08000000,0.51000000,-0.30000000,9.69000000,,,"M-R relationship",1.820000,100.0900,1.030000,5837.00,"Transit"
"Kepler-336","Kepler-336 c",3,9.60000100000,0.0920000000,2.10000000,0.37000000,-0.37000000,5.06000000,,,"M-R relationship",3.000000,206.9100,1.090000,5867.00,"Transit"
"Kepler-1111","Kepler-1111 b",1,8.79617863000,0.0872000000,2.00000000,0.54000000,-0.26000000,4.66000000,,,"M-R relationship",3.200000,118.5200,1.100000,6077.00,"Transit"
"Kepler-463","Kepler-463 b",1,8.98101683300,0.0792500000,3.05000000,0.43000000,-0.30000000,9.53000000,,,"M-R relationship",1.850000,166.0390,0.870000,5661.00,"Transit"
"Kepler-1689","Kepler-1689 b",1,8.48300000000,0.0784000000,0.94678642,,,0.79900000,,,"M-R relationship",5.170000,149.3000,1.023000,5731.43,"Transit"
"Kepler-285","Kepler-285 c",2,6.18667600000,0.0640000000,1.12000000,0.49000000,-0.49000000,1.46000000,,,"M-R relationship",5.710000,137.0680,0.915000,5411.00,"Transit"
"TOI-5716","TOI-5716 b",1,6.76630000000,,0.96000000,0.05000000,-0.05000000,0.84000000,,,"M-R relationship",5.220000,3.4093,0.190000,3436.00,"Transit"
"Kepler-396","Kepler-396 b",2,42.99400000000,0.2406700000,3.50000000,1.28000000,-0.65000000,75.50000000,11.80000000,-5.80000000,"Mass",9.680000,13.7310,0.850000,5656.00,"Transit"
"HD 260655","HD 260655 c",2,5.70588000000,0.0474900000,1.53300000,0.05100000,-0.04600000,3.09000000,0.48000000,-0.48000000,"Mass",4.700000,16.1000,0.439000,3803.00,"Transit"
"TOI-2260","TOI-2260 b",1,0.35247280000,0.0097000000,1.62000000,0.13000000,-0.13000000,3.26000000,,,"M-R relationship",4.210000,1844.9800,0.990000,5534.00,"Transit"
"TOI-2445","TOI-2445 b",1,0.37112810000,0.0064000000,1.25000000,0.08000000,-0.08000000,2.10000000,,,"M-R relationship",5.910000,204.4874,0.250000,3333.00,"Transit"
"HD 159868","HD 159868 c",2,351.00000000000,1.0320000000,14.00000000,,,244.09344000,13.98452000,-13.98452000,"Msini",0.489000,3.3758,1.190000,5534.00,"Radial Velocity"
"XO-5","XO-5 b",1,4.18775580000,0.0515000000,12.78000000,0.34000000,-0.34000000,378.20000000,9.53000000,-9.53000000,"Mass",1.060000,397.4799,1.040000,5430.00,"Transit"
"Kepler-1443","Kepler-1443 b",1,2.41811321000,0.0378300000,0.97000000,0.22000000,-0.09000000,0.87100000,,,"M-R relationship",5.240000,2809.1650,1.190000,6289.00,"Transit"
"KOI-1257","KOI-1257 b",1,86.64766100000,0.3820000000,10.54000000,1.35000000,-1.35000000,460.83000000,111.24000000,-111.24000000,"Mass",2.100000,7.2800,0.990000,5520.00,"Transit"
"Kepler-155","Kepler-155 b",2,5.93119400000,0.0560000000,2.09000000,0.21000000,-0.21000000,5.02000000,,,"M-R relationship",3.020000,23.5000,0.635000,4508.00,"Transit"
"K2-74","K2-74 b",1,19.56660000000,0.1402000000,2.31000000,0.19000000,-0.19000000,5.95000000,,,"M-R relationship",2.650000,59.1000,0.960000,6060.00,"Transit"
"TOI-2580","TOI-2580 b",1,3.39775000000,0.0480000000,17.37392009,0.56044903,-0.56044903,200.23189641,25.42627256,-25.42627256,"Mass",0.220000,1730.0000,1.330000,6120.00,"Transit"
"TOI-1670","TOI-1670 b",2,10.98462000000,0.1030000000,2.06000000,0.19000000,-0.15000000,41.31769291,,,"Mass",8.600000,196.6940,1.210000,6170.00,"Transit"
"LTT 1445 A","LTT 1445 A c",2,3.12390350000,0.0266100000,1.14700000,0.05500000,-0.05400000,1.54000000,0.20000000,-0.19000000,"Mass",5.570000,10.9000,0.257000,3340.00,"Transit"
"HD 127195","HD 127195 b",2,534.50000000000,,14.00000000,,,212.94503269,6.35656814,-6.35656814,"Msini",0.426000,,1.340000,4981.00,"Radial Velocity"
"HD 34445","HD 34445 f",6,676.80000000000,1.5430000000,6.88000000,,,37.90000000,6.50000000,-6.50000000,"Msini",0.640000,0.8442,1.070000,5836.00,"Radial Velocity"
"Kepler-265","Kepler-265 d",4,43.13061700000,0.2360000000,2.49000000,0.54000000,-0.54000000,6.76000000,,,"M-R relationship",2.410000,18.9410,0.970000,5835.00,"Transit"
"K2-323","K2-323 b",1,24.93000000000,0.1275000000,2.10000000,0.09000000,-0.11000000,5.06000000,,,"M-R relationship",3.000000,2.8163,0.478000,3710.00,"Transit"
"Kepler-1669","Kepler-1669 c",3,1.60932004500,0.0228000000,1.90120972,,,4.27000000,,,"M-R relationship",3.410000,199.2800,0.609000,4224.00,"Transit"
"Kepler-943","Kepler-943 b",1,49.77014380000,0.2559000000,5.93000000,0.79000000,-0.53000000,29.50000000,,,"M-R relationship",0.777000,10.1600,0.930000,5612.00,"Transit"
"Kepler-578","Kepler-578 b",1,1.61688369600,0.0266000000,2.00000000,0.18000000,-0.22000000,4.66000000,,,"M-R relationship",3.200000,496.8980,0.870000,5334.00,"Transit"
"TOI-237","TOI-237 b",2,5.43609800000,0.0341000000,1.44000000,0.12000000,-0.12000000,2.67000000,,,"M-R relationship",4.910000,3.7000,0.179000,3212.00,"Transit"
"Kepler-169","Kepler-169 f",5,87.09019500000,0.3590000000,2.58000000,0.24000000,-0.24000000,7.18000000,,,"M-R relationship",2.300000,2.4390,0.825000,4997.00,"Transit"
"Kepler-1321","Kepler-1321 c",3,2.22649108600,0.0267000000,2.40000000,0.30000000,-0.18000000,6.35000000,,,"M-R relationship",2.520000,115.9090,0.540000,4094.00,"Transit"
"Kepler-432","Kepler-432 c",2,406.20000000000,,13.30000000,,,772.32690000,69.92260000,-76.27920000,"Msini",1.800000,,1.320000,4995.00,"Radial Velocity"
"K2-138","K2-138 b",6,2.35309000000,0.0338500000,1.51000000,0.11000000,-0.08400000,3.10000000,1.05000000,-1.05000000,"Mass",4.900000,486.0000,0.935000,5356.30,"Transit"
"HD 68402","HD 68402 b",1,1103.00000000000,2.1800000000,12.60000000,,,2510.84441530,540.30829190,-476.74261050,"Mass",6.900000,0.2462,1.120000,5950.00,"Radial Velocity"
"Kepler-1893","Kepler-1893 b",1,4.17936992600,0.0504000000,1.70557445,,,3.55000000,,,"M-R relationship",3.930000,478.9800,0.973000,5633.00,"Transit"
"Kepler-912","Kepler-912 b",1,2.53475627300,0.0339000000,2.80000000,0.84000000,-0.51000000,8.25000000,,,"M-R relationship",2.070000,519.9500,1.070000,5998.00,"Transit"
"Kepler-273","Kepler-273 b",2,2.93653200000,0.0370000000,1.50000000,0.86000000,-0.86000000,2.86000000,,,"M-R relationship",4.660000,285.6360,0.756000,5626.00,"Transit"
"Kepler-1647","Kepler-1647 b",1,1107.59230000000,2.7205000000,11.87390000,0.13770000,-0.13770000,483.00000000,206.00000000,-206.00000000,"Mass",1.590000,0.5956,1.220700,6210.00,"Transit"
"Kepler-929","Kepler-929 b",1,0.92103213500,0.0198200000,1.11000000,0.27000000,-0.15000000,1.41000000,,,"M-R relationship",5.670000,8159.9330,1.010000,5869.00,"Transit"
"Kepler-341","Kepler-341 c",4,8.01041000000,0.0800000000,1.70000000,0.86000000,-0.86000000,3.53000000,,,"M-R relationship",3.950000,237.4300,0.976000,6012.00,"Transit"
"K2-210","K2-210 b",1,0.57023000000,,0.86000000,0.20000000,-0.20000000,0.56600000,,,"M-R relationship",4.890000,,0.911717,5500.00,"Transit"
"WASP-172","WASP-172 b",1,5.47743300000,0.0694000000,17.59813000,1.12090000,-1.12090000,149.38010000,31.78300000,-31.78300000,"Mass",0.160000,1506.5000,1.490000,6900.00,"Transit"
"Kepler-1382","Kepler-1382 b",1,16.35830550000,0.1402300000,1.88000000,0.39000000,-0.34000000,4.19000000,,,"M-R relationship",3.470000,198.4710,1.360000,6161.00,"Transit"
"Kepler-26","Kepler-26 c",4,17.25590000000,0.1072500000,2.72000000,0.12000000,-0.12000000,6.20000000,0.65000000,-0.65000000,"Mass",1.610000,4.8200,0.544000,3914.00,"Transit"
"K2-406","K2-406 b",1,22.54940600000,,4.60200000,0.31100000,-0.29200000,19.20000000,,,"M-R relationship",1.080000,,0.798000,5784.00,"Transit"
"Kepler-393","Kepler-393 b",2,9.18241700000,0.0910000000,1.29000000,0.25000000,-0.25000000,2.21000000,,,"M-R relationship",5.660000,429.8130,1.256000,6189.00,"Transit"
"Kepler-1743","Kepler-1743 b",1,7.64971017800,0.0840000000,1.59887007,,,3.18000000,,,"M-R relationship",4.280000,515.0000,1.266000,5855.00,"Transit"
"Kepler-959","Kepler-959 b",1,14.80074836000,0.1633000000,4.38000000,1.21000000,-0.87000000,17.60000000,,,"M-R relationship",1.150000,165.8680,1.600000,7005.00,"Transit"
"Kepler-802","Kepler-802 b",1,40.05874730000,0.2265000000,3.54000000,0.47000000,-0.40000000,12.30000000,,,"M-R relationship",1.520000,13.5080,0.930000,5507.00,"Transit"
"Kepler-209","Kepler-209 c",2,41.74988200000,0.2310000000,3.10000000,0.51000000,-0.51000000,9.80000000,,,"M-R relationship",1.810000,13.6370,0.971000,5513.00,"Transit"
"Kepler-421","Kepler-421 b",1,704.19840000000,1.2190000000,4.16000000,0.19000000,-0.16000000,16.10000000,,,"M-R relationship",1.230000,0.2000,0.794000,5308.00,"Transit"
"Kepler-142","Kepler-142 c",3,4.76170200000,0.0570000000,2.86000000,0.55000000,-0.55000000,8.55000000,,,"M-R relationship",2.010000,399.4440,0.978000,5790.00,"Transit"
"Kepler-1421","Kepler-1421 b",1,6.91311120000,0.0757600000,0.93000000,0.20000000,-0.11000000,0.74900000,,,"M-R relationship",5.120000,649.1510,1.250000,6335.00,"Transit"
"Kepler-1649","Kepler-1649 c",2,19.53527000000,0.0649000000,1.06000000,0.15000000,-0.10000000,1.20000000,,,"M-R relationship",5.540000,0.7500,0.197700,3240.00,"Transit"
"EPIC 201238110","EPIC 201238110 b",1,28.16560000000,,1.87000000,0.20000000,-0.45000000,4.16000000,,,"M-R relationship",3.500000,,0.410000,3587.00,"Transit"
"TYC 3667-1280-1","TYC 3667-1280-1 b",1,26.46800000000,0.2100000000,12.80000000,,,1716.28200000,127.13200000,-127.13200000,"Msini",4.500000,543.9530,1.870000,5130.00,"Radial Velocity"
"Kepler-906","Kepler-906 b",1,41.69799760000,0.2236300000,2.11000000,0.10000000,-0.10000000,5.10000000,,,"M-R relationship",2.980000,21.9870,1.060000,6035.00,"Transit"
"HIP 67851","HIP 67851 b",2,89.23000000000,0.4200000000,13.70000000,,,365.50266805,12.71313628,-12.71313628,"Msini",0.781000,83.2200,1.280000,4840.00,"Radial Velocity"
"TOI-776","TOI-776 c",2,15.66532300000,0.1001000000,2.04700000,0.08100000,-0.07800000,6.90000000,2.60000000,-2.50000000,"Mass",4.400000,4.9000,0.542000,3725.00,"Transit"
"TOI-451","TOI-451 b",3,1.85870330000,0.0274000000,1.84000000,0.11000000,-0.11000000,4.70000000,2.10000000,-2.20000000,"Mass",4.100000,786.0000,0.930000,5490.00,"Transit"
"HAT-P-13","HAT-P-13 c",2,446.27000000000,1.2580000000,12.30000000,,,4538.42100000,88.98900000,-88.98900000,"Msini",13.400000,1.4016,1.320000,5653.00,"Radial Velocity"
"TOI-451","TOI-451 c",3,9.19246300000,0.0795000000,2.93000000,0.16000000,-0.16000000,3.70000000,3.20000000,-2.40000000,"Mass",0.810000,93.0000,0.930000,5490.00,"Transit"
"TOI-561","TOI-561 c",4,10.77883800000,0.0889000000,2.86500000,0.04100000,-0.04100000,5.93000000,0.67000000,-0.67000000,"Mass",1.300000,67.5000,0.806000,5342.00,"Transit"
"HATS-77","HATS-77 b",1,3.08762620000,0.0360700000,13.05846252,0.23538859,-0.23538859,436.69623122,31.78284070,-23.51930212,"Mass",1.077000,78.3700,0.655000,4071.00,"Transit"
"K2-202","K2-202 b",1,3.40516400000,,2.30165603,0.18443149,-0.12920215,5.91000000,,,"M-R relationship",2.660000,,0.971461,5491.00,"Transit"
"Kepler-1046","Kepler-1046 b",1,14.37508035000,0.1185800000,1.71000000,0.12000000,-0.11000000,3.57000000,,,"M-R relationship",3.920000,101.4000,1.040000,5913.00,"Transit"
"Kepler-106","Kepler-106 e",4,43.84450000000,0.2400600000,2.56000000,0.33000000,-0.33000000,11.17000000,5.80000000,-5.80000000,"Mass",3.100000,20.2940,1.000000,5858.00,"Transit"
"Kepler-838","Kepler-838 b",1,15.74957994000,0.1266000000,2.73000000,0.51000000,-0.25000000,7.90000000,,,"M-R relationship",2.130000,61.0890,0.980000,5770.00,"Transit"
"Kepler-389","Kepler-389 b",2,3.24410700000,0.0410000000,1.51000000,0.77000000,-0.77000000,2.89000000,,,"M-R relationship",4.610000,167.0580,0.765000,5376.00,"Transit"
"Kepler-53","Kepler-53 d",3,9.75196200000,0.0910000000,2.12000000,1.05000000,-1.05000000,37.19070000,,,"Mass",1.400000,144.8520,0.966000,6085.00,"Transit"
"Kepler-254","Kepler-254 d",3,18.74647700000,0.1390000000,2.50000000,1.19000000,-1.19000000,6.80000000,,,"M-R relationship",2.390000,38.8440,0.849000,5957.00,"Transit"
"Kepler-1531","Kepler-1531 b",1,1.13854337600,0.0220400000,1.11000000,0.48000000,-0.18000000,1.41000000,,,"M-R relationship",5.670000,4457.2000,1.160000,6260.00,"Transit"
"TOI-5532","TOI-5532 b",1,5.65396594310,,2.52763693,0.64556628,-0.37858431,6.93000000,,,"M-R relationship",2.360000,34.3229,0.636083,4208.45,"Transit"
"HR 8799","HR 8799 b",4,170000.00000000000,68.0000000000,13.00000000,1.00000000,-1.00000000,2000.00000000,1000.00000000,-600.00000000,"Mass",5.000000,0.0011,1.500000,7204.58,"Imaging"
"HD 216536","HD 216536 b",1,148.60001000000,0.6100000000,13.80000000,,,333.72150000,127.13200000,-127.13200000,"Msini",0.698000,169.5666,0.810000,4639.00,"Radial Velocity"
"Kepler-1711","Kepler-1711 b",1,21.06080055000,0.1463000000,1.92300000,,,4.36000000,,,"M-R relationship",3.370000,47.3900,0.940000,5706.00,"Transit"
"Kepler-625","Kepler-625 c",2,4.16536510000,0.0537900000,1.05000000,0.05000000,-0.03000000,1.16000000,,,"M-R relationship",5.510000,932.1320,1.040000,5789.00,"Transit"
"Kepler-54","Kepler-54 b",3,8.01094340000,0.0619000000,2.10000000,,,0.98000000,0.34000000,-0.22000000,"Mass",0.760000,12.3570,0.510000,3705.00,"Transit"
"TOI-561","TOI-561 d",4,25.71268000000,0.1587000000,2.61500000,0.05900000,-0.05900000,13.33000000,0.98000000,-0.98000000,"Mass",4.100000,21.2000,0.806000,5342.00,"Transit"
"Kepler-1583","Kepler-1583 b",1,9.32807355000,0.0830700000,0.60000000,0.09000000,-0.05000000,0.15600000,,,"M-R relationship",3.970000,124.3070,0.940000,5645.00,"Transit"
"Kepler-1319","Kepler-1319 b",1,2.88676264500,0.0296000000,1.34000000,0.72000000,-0.08000000,2.36000000,,,"M-R relationship",5.390000,38.4520,0.560000,3655.00,"Transit"
"HD 11977","HD 11977 b",1,711.00000000000,1.9300000000,12.70000000,,,2080.00000000,,,"Msini",5.580000,18.5126,1.910000,4970.00,"Radial Velocity"
"Kepler-1851","Kepler-1851 b",1,12.02289963000,0.1016000000,3.90012032,,,14.50000000,,,"M-R relationship",1.340000,85.7800,0.967000,5982.00,"Transit"
"CoRoT-35","CoRoT-35 b",1,3.22748000000,0.0429000000,18.83108758,1.23298788,-1.23298788,349.61124770,117.59651059,-117.59651059,"Mass",0.290000,1251.8629,1.010000,6390.00,"Transit"
"Kepler-1124","Kepler-1124 b",1,2.85234897500,0.0305000000,1.28000000,0.12000000,-0.07000000,2.18000000,,,"M-R relationship",5.710000,50.7770,0.350000,3658.00,"Transit"
"TIC 77552382","TIC 77552382 b",1,3.51025904942,,5.69176189,0.68938597,-0.51868695,27.50000000,,,"M-R relationship",0.820000,701.7449,0.830000,4981.07,"Transit"
"Kepler-202","Kepler-202 c",2,16.28249300000,0.1130000000,1.85000000,0.10000000,-0.10000000,4.08000000,,,"M-R relationship",3.540000,17.0700,0.683000,4668.00,"Transit"
"Kepler-276","Kepler-276 c",3,31.88400000000,0.1861900000,2.90000000,1.27000000,-0.28000000,16.60000000,4.40000000,-3.60000000,"Mass",0.890000,19.7930,1.100000,5693.00,"Transit"
"Kepler-1793","Kepler-1793 b",1,8.77999973300,0.0787000000,3.79037518,,,13.80000000,,,"M-R relationship",1.390000,61.2400,0.850000,5191.00,"Transit"
"Kepler-218","Kepler-218 d",3,124.52446470000,0.4988400000,2.66000000,0.28000000,-0.18000000,7.56000000,,,"M-R relationship",2.210000,4.1180,1.010000,5542.00,"Transit"
"Kepler-153","Kepler-153 c",2,46.90232000000,0.2370000000,2.53000000,1.52000000,-1.52000000,6.94000000,,,"M-R relationship",2.350000,6.4220,0.756000,5404.00,"Transit"
"gam1 Leo","gam1 Leo b",1,428.50000000000,1.1900000000,12.50000000,,,2790.43000000,317.81700000,-317.81700000,"Msini",7.850000,228.5105,1.230000,4330.00,"Radial Velocity"
"K2-42","K2-42 b",1,6.68796000000,0.0617000000,2.15000000,0.24000000,-0.24000000,5.27000000,,,"M-R relationship",2.910000,44.1000,0.702000,4613.00,"Transit"
"Kepler-1894","Kepler-1894 b",2,2.76266002700,0.0385000000,1.20117759,,,1.87000000,,,"M-R relationship",5.930000,544.0500,0.999000,5772.00,"Transit"
"K2-349","K2-349 b",1,9.03217800000,,1.38000000,0.10000000,-0.07000000,2.48000000,,,"M-R relationship",5.190000,,0.540000,4385.00,"Transit"
"Kepler-193","Kepler-193 c",2,50.69749400000,0.2860000000,2.75000000,1.24000000,-1.24000000,8.00000000,,,"M-R relationship",2.110000,16.0260,1.051000,6335.00,"Transit"
"HD 217786","HD 217786 c",2,2.52221000000,0.0380000000,2.61000000,,,7.31005336,0.63565681,-0.63565681,"Msini",2.260000,1308.8643,1.140000,5966.00,"Radial Velocity"
"HD 29985","HD 29985 b",1,20608.14049000000,13.3900000000,12.80000000,,,1739.47487151,617.85842321,-367.72746690,"Mass",4.560000,0.0008,0.750000,4678.00,"Radial Velocity"
"bet UMi","bet UMi b",1,522.30000000000,1.4000000000,12.70000000,,,1938.70000000,317.80000000,-317.80000000,"Msini",5.200000,273.9958,1.400000,4126.00,"Radial Velocity"
"GJ 273","GJ 273 c",2,4.72340000000,0.0364670000,1.06000000,,,1.18000000,0.16000000,-0.16000000,"Msini",5.440000,6.6600,0.290000,3382.00,"Radial Velocity"
"Kepler-62","Kepler-62 f",5,267.29100000000,0.7180000000,1.41000000,0.07000000,-0.07000000,35.00000000,,,"Mass",,0.5000,0.690000,4925.00,"Transit"
"TOI-4342","TOI-4342 b",2,5.53825920000,0.0519000000,2.32900000,0.08600000,-0.08500000,7.30000000,1.30000000,-1.30000000,"Mass",3.180000,27.8000,0.587000,3866.00,"Transit"
"Kepler-1156","Kepler-1156 b",1,11.89520511000,0.0970400000,1.32000000,0.14000000,-0.09000000,2.30000000,,,"M-R relationship",5.500000,83.0140,1.000000,5778.00,"Transit"
"Kepler-989","Kepler-989 b",1,7.96431535200,0.0734000000,2.21000000,0.14000000,-0.13000000,5.52000000,,,"M-R relationship",2.810000,74.3500,0.820000,5074.00,"Transit"
"Kepler-132","Kepler-132 d",4,18.01019900000,0.1360000000,1.55000000,0.30000000,-0.30000000,3.02000000,,,"M-R relationship",4.460000,68.6000,0.929000,6003.00,"Transit"
"MOA-2009-BLG-266L","MOA-2009-BLG-266L b",1,2800.00000000000,3.2000000000,3.21000000,,,10.40000000,1.70000000,-1.70000000,"Mass",1.730000,,0.560000,,"Microlensing"
"Kepler-1773","Kepler-1773 b",1,40.80970001000,0.2483100000,3.50469499,,,12.10000000,,,"M-R relationship",1.540000,39.2000,1.241000,6183.00,"Transit"
"HD 22946","HD 22946 d",3,47.42489000000,0.2958000000,2.60700000,0.06000000,-0.06000000,26.57000000,,,"Mass",10.800000,18.5610,1.098000,6169.00,"Transit"
"Kepler-400","Kepler-400 b",2,9.02438900000,0.0870000000,1.65000000,0.30000000,-0.30000000,3.36000000,,,"M-R relationship",4.110000,183.3900,1.080000,5886.00,"Transit"
"HD 87646","HD 87646 b",1,13.48100000000,0.1170000000,12.40000000,,,3941.09200000,222.48100000,-222.48100000,"Msini",11.400000,665.8120,1.120000,5770.00,"Radial Velocity"
"HD 113337","HD 113337 c",2,5429.93477000000,6.8050000000,12.10000000,,,6299.67685515,772.32302901,-818.40814802,"Mass",19.500000,0.0926,1.410000,6774.00,"Radial Velocity"
"Kepler-674","Kepler-674 b",1,2.24338184700,0.0280000000,1.69000000,0.10000000,-0.07000000,3.50000000,,,"M-R relationship",3.980000,146.5110,0.600000,4192.00,"Transit"
"TOI-3884","TOI-3884 b",1,4.54458280000,0.0361000000,6.43000000,0.20000000,-0.20000000,32.59000000,7.31000000,-7.38000000,"Mass",0.670000,6.2900,0.298000,3180.00,"Transit"
"TOI-4010","TOI-4010 c",4,5.41465400000,0.0580000000,5.93000000,0.11000000,-0.12000000,20.31000000,2.13000000,-2.11000000,"Mass",0.500000,112.0000,0.880000,4960.00,"Transit"
"HD 30177","HD 30177 b",2,2539.00000000000,3.4900000000,12.60000000,,,2622.08435775,333.71982735,-270.15414595,"Mass",7.200000,0.0995,0.980000,5680.00,"Radial Velocity"
"KOBE-1","KOBE-1 c",2,29.67100000000,0.1607100000,3.56000000,,,12.40000000,1.10000000,-1.10000000,"Msini",1.510000,3.9100,0.629000,4135.00,"Radial Velocity"
"HD 134606","HD 134606 d",5,966.50000000000,1.9410000000,7.59000000,,,44.80000000,2.90000000,-2.90000000,"Msini",0.563000,0.3082,1.046000,5576.00,"Radial Velocity"
"HD 45364","HD 45364 c",2,345.43000000000,0.9020000000,14.20000000,,,174.48779544,2.38371305,-2.35193021,"Msini",0.335000,0.7829,0.820000,5466.00,"Radial Velocity"
"Kepler-137","Kepler-137 b",2,8.43638700000,0.0770000000,1.47000000,0.11000000,-0.11000000,2.76000000,,,"M-R relationship",4.770000,86.3300,0.850000,5187.00,"Transit"
"HD 218566","HD 218566 b",1,225.70000000000,0.6900000000,9.32000000,,,63.56600000,19.06980000,-19.06980000,"Msini",0.431000,0.7414,0.760000,4730.00,"Radial Velocity"
"TOI-815","TOI-815 b",2,11.19725900000,0.0903000000,2.94000000,0.05000000,-0.05000000,7.60000000,1.50000000,-1.40000000,"Mass",1.640000,36.9000,0.776000,4869.00,"Transit"
"Qatar-7","Qatar-7 b",1,2.03204600000,0.0352000000,19.05530000,0.33627000,-0.33627000,597.52040000,79.45750000,-79.45750000,"Mass",0.502000,2886.2922,1.409000,6387.00,"Transit"
"Kepler-177","Kepler-177 b",2,36.86010000000,0.2110100000,3.50000000,0.19000000,-0.15000000,5.84000000,0.86000000,-0.82000000,"Mass",0.750000,30.4000,0.921000,5732.00,"Transit"
"Kepler-884","Kepler-884 b",1,5.69919514000,0.0611600000,1.23000000,0.05000000,-0.05000000,2.04000000,,,"M-R relationship",6.020000,139.5000,1.000000,5715.00,"Transit"
"K2-140","K2-140 b",1,6.56918800000,0.0680000000,13.56286665,1.00880826,-1.00880826,295.58041851,12.71313628,-12.71313628,"Mass",0.660000,204.0000,0.960000,5585.00,"Transit"
"TOI-1759","TOI-1759 b",1,18.85019000000,0.1177000000,3.14000000,0.10000000,-0.10000000,10.80000000,1.50000000,-1.50000000,"Mass",1.910000,6.3900,0.606000,4065.00,"Transit"
"TOI-1468","TOI-1468 c",2,15.53247700000,0.0860800000,2.12600000,0.09200000,-0.09300000,4.10000000,1.10000000,-1.10000000,"Mass",2.310000,2.1300,0.352700,3376.00,"Transit"
"Kepler-1433","Kepler-1433 b",1,4.13592271000,0.0516000000,1.56000000,0.45000000,-0.18000000,3.05000000,,,"M-R relationship",4.410000,535.4200,1.140000,6097.00,"Transit"
"Kepler-894","Kepler-894 b",1,9.80322400000,0.0916000000,2.78000000,0.30000000,-0.34000000,8.15000000,,,"M-R relationship",2.080000,119.8810,0.870000,5603.00,"Transit"
"Kepler-817","Kepler-817 b",1,3.99010622900,0.0493000000,9.03000000,2.06000000,-1.13000000,60.20000000,,,"M-R relationship",0.449000,550.2030,1.030000,5861.00,"Transit"
"HD 196067","HD 196067 c",2,4.60108800000,,3.21000000,,,10.40000000,1.39000000,-1.39000000,"Msini",1.730000,,1.160000,6072.00,"Radial Velocity"
"HD 27894","HD 27894 c",3,36.07000000000,0.1980000000,8.24000000,,,51.48846000,3.49613000,-12.71320000,"Msini",0.506000,9.0713,0.800000,4875.00,"Radial Velocity"
"HD 41004 A","HD 41004 A b",2,963.00000000000,,13.20000000,,,807.25000000,235.18000000,-235.18000000,"Msini",1.930000,,0.950000,5310.00,"Radial Velocity"
"WASP-149","WASP-149 b",1,1.33281300000,0.0240000000,15.24421375,0.67253884,-0.67253884,314.96795134,62.29436777,-62.29436777,"Mass",0.490000,1966.0000,1.050000,5750.00,"Transit"
"MOA-2011-BLG-293L","MOA-2011-BLG-293L b",1,550.00000000000,1.1000000000,12.90000000,,,1500.00000000,100.00000000,-100.00000000,"Mass",3.840000,,0.860000,,"Microlensing"
"TOI-178","TOI-178 e",6,9.96318000000,0.0783000000,2.30100000,0.03800000,-0.03900000,3.48000000,0.29000000,-0.29000000,"Mass",1.582408,21.8202,0.647000,4316.00,"Transit"
"TOI-1468","TOI-1468 b",2,1.88052010000,0.0210700000,1.40100000,0.05900000,-0.06000000,3.04000000,0.46000000,-0.46000000,"Mass",6.100000,36.4000,0.352700,3376.00,"Transit"
"Kepler-1794","Kepler-1794 b",1,9.76298046100,0.0821000000,1.79426276,,,3.87000000,,,"M-R relationship",3.680000,57.5900,0.773000,5052.00,"Transit"
"HD 224018","HD 224018 c",3,36.57669000000,0.2170000000,2.42000000,0.07000000,-0.08000000,10.40000000,1.30000000,-1.10000000,"Mass",4.000000,28.2444,1.013000,5784.00,"Transit"
"Kepler-904","Kepler-904 b",1,3.02166863200,0.0417000000,1.77000000,0.59000000,-0.24000000,3.78000000,,,"M-R relationship",3.750000,875.4190,1.160000,6160.00,"Transit"
"Kepler-383","Kepler-383 c",2,31.20075100000,0.1720000000,1.24000000,0.49000000,-0.49000000,2.07000000,,,"M-R relationship",5.970000,6.4400,0.669000,4710.00,"Transit"
"HIP 65891","HIP 65891 b",1,1089.60000000000,2.8200000000,12.70000000,,,1938.75328270,413.17692910,-413.17692910,"Mass",5.200000,5.6170,2.500000,5000.00,"Radial Velocity"
"Kepler-1894","Kepler-1894 c",2,5.05368985000,0.0576000000,1.21000000,0.37000000,-0.11000000,1.92000000,,,"M-R relationship",5.960000,243.0600,0.999000,5772.00,"Transit"
"K2-391","K2-391 b",1,4.62265400000,,1.37100000,0.28400000,-0.18800000,2.45000000,,,"M-R relationship",5.220000,,0.757000,5543.00,"Transit"
"TIC 38825265","TIC 38825265 b",1,3.31336980985,,2.18869476,0.35685651,-0.24522877,5.43000000,,,"M-R relationship",2.850000,,0.640000,4375.52,"Transit"
"Kepler-58","Kepler-58 b",4,10.21849540000,0.0929100000,2.78000000,,,35.50000000,,,"Mass",10.100000,112.9920,0.950000,5843.00,"Transit"
"PSR B1257+12","PSR B1257+12 d",3,98.21140000000,0.4600000000,1.80000000,,,3.90000000,0.20000000,-0.20000000,"Mass",3.670000,,1.400000,,"Pulsar Timing"
"WASP-5","WASP-5 b",1,1.62842790000,0.0267000000,12.18400000,0.76200000,-0.79600000,502.15000000,41.32000000,-31.78000000,"Mass",1.640000,1559.4762,0.960000,5700.00,"Transit"
"TOI-1064","TOI-1064 b",2,6.44386800000,0.0615200000,2.58700000,0.04300000,-0.04200000,13.50000000,1.70000000,-1.80000000,"Mass",4.300620,62.9000,0.748000,4734.00,"Transit"
"Kepler-1298","Kepler-1298 b",1,7.12811928000,0.0814000000,1.31000000,0.23000000,-0.23000000,2.27000000,,,"M-R relationship",5.550000,1003.0270,1.450000,6339.00,"Transit"
"Kepler-250","Kepler-250 d",3,17.64831200000,0.1270000000,2.18000000,1.25000000,-1.25000000,5.39000000,,,"M-R relationship",2.860000,21.4630,0.806000,5160.00,"Transit"
"HD 6860","HD 6860 b",1,663.87000000000,2.0300000000,11.90000000,,,8981.83078182,651.54823435,-689.68764319,"Msini",29.300000,406.4355,2.490000,3802.00,"Radial Velocity"
"GJ 486","GJ 486 b",1,1.46712127000,0.0171400000,1.28900000,0.01900000,-0.01400000,2.77000000,0.07600000,-0.07300000,"Mass",6.660000,39.2000,0.312000,3317.00,"Radial Velocity"
"KELT-1","KELT-1 b",1,1.21751400000,0.0246600000,12.44200000,0.35868700,-0.24659800,8654.15000000,158.90800000,-152.55200000,"Mass",24.700000,5165.9200,1.335000,6516.00,"Transit"
"Kepler-638","Kepler-638 b",1,6.07972888000,0.0669500000,1.83000000,0.56000000,-0.31000000,4.01000000,,,"M-R relationship",3.600000,872.5670,0.880000,5382.00,"Transit"
"Kepler-1590","Kepler-1590 b",1,7.61760804000,0.0711600000,1.14000000,0.34000000,-0.15000000,1.55000000,,,"M-R relationship",5.750000,171.4780,1.110000,6053.00,"Transit"
"Gaia-4","Gaia-4 b",1,571.30000000000,,12.40000000,,,3750.37520260,232.01473711,-209.76674862,"Mass",10.800000,,0.644000,4034.00,"Astrometry"
"K2-2016-BLG-0005L","K2-2016-BLG-0005L b",1,4700.00000000000,4.1600000000,13.70000000,,,349.61124770,28.60455663,-28.60455663,"Mass",0.747000,,0.584000,,"Microlensing"
"Kepler-1628","Kepler-1628 b",1,76.37803300000,0.2952000000,6.43000000,0.94000000,-0.51000000,33.80000000,,,"M-R relationship",0.699000,0.7900,0.550000,3724.00,"Transit"
"TOI-1744","TOI-1744.01",1,22.34170292700,0.1640860000,2.68000000,0.26300000,-0.17200000,7.65000000,,,"M-R relationship",2.180000,63.3100,1.180000,6179.00,"Transit"
"TOI-3807","TOI-3807 b",1,2.89897270000,0.0421000000,18.49481816,,,330.54154328,47.67426105,-44.49597698,"Mass",0.289000,1230.0000,1.181000,5772.00,"Transit"
"TOI-1410","TOI-1410 c",2,47.56000000000,0.2390000000,5.63000000,,,27.00000000,3.30000000,-3.20000000,"Msini",0.831000,4.1841,0.794100,4635.00,"Radial Velocity"
"Kepler-397","Kepler-397 c",2,135.49852700000,0.4800000000,6.18000000,0.56000000,-0.56000000,31.60000000,,,"M-R relationship",0.736000,1.8000,0.844000,5307.00,"Transit"
"SWEEPS-4","SWEEPS-4 b",1,4.20000000000,0.0550000000,9.07900000,1.12100000,-1.12100000,1207.70000000,,,"Mass",8.870000,,1.240000,,"Transit"
"TOI-858 B","TOI-858 B b",1,3.27971780000,0.0443500000,14.06727078,0.43715025,-0.43715025,349.61124770,25.42627256,-22.24798849,"Mass",0.690000,908.9000,1.081000,5842.00,"Transit"
"HR 858","HR 858 c",3,5.97386500000,0.0687000000,1.97900000,0.05400000,-0.05100000,3.80000000,,,"Mass",2.900000,512.0000,1.204000,6354.00,"Transit"
"Kepler-397","Kepler-397 b",2,22.25094900000,0.1440000000,2.46000000,21.32000000,-21.32000000,6.62000000,,,"M-R relationship",2.440000,20.0100,0.844000,5307.00,"Transit"
"Kepler-1240","Kepler-1240 b",1,4.86638150000,0.0579100000,1.15000000,0.20000000,-0.10000000,1.60000000,,,"M-R relationship",5.780000,539.1290,0.980000,5682.00,"Transit"
"TOI-5005","TOI-5005 b",1,6.30850440000,0.0661400000,6.25000000,0.24000000,-0.24000000,32.70000000,5.90000000,-5.90000000,"Mass",0.740000,226.0000,0.970000,5749.00,"Transit"
"HD 34445","HD 34445 c",6,214.67000000000,0.7181000000,8.42000000,,,53.50000000,5.00000000,-5.00000000,"Msini",0.492000,3.8979,1.070000,5836.00,"Radial Velocity"
"TOI-4588","TOI-4588 b",1,13.11881173651,0.1376000000,2.92922558,0.32112619,-0.28427818,8.90000000,,,"M-R relationship",1.950000,2310.4300,2.018000,7746.12,"Transit"
"Kepler-47","Kepler-47 d",3,187.36600000000,0.6992000000,7.04000000,0.66000000,-0.49000000,19.02000000,23.84000000,-11.67000000,"Mass",0.300000,1.7171,0.957000,5636.00,"Transit"
"Kepler-1520","Kepler-1520 b",1,0.65355357200,0.0129000000,5.77000000,0.22000000,-0.30000000,28.10000000,,,"M-R relationship",0.804000,1134.3860,0.760000,4677.00,"Transit"
"WASP-71","WASP-71 b",1,2.90367000000,0.0460000000,13.22662000,1.34508000,-1.34508000,441.78370000,104.88390000,-104.88390000,"Mass",1.100000,3384.6097,0.760000,6050.00,"Transit"
"Kepler-93","Kepler-93 c",2,1460.00000000000,,,,,954.00000000,,,"Mass",,,0.910000,5669.00,"Radial Velocity"
"HD 151450","HD 151450 c",2,18144.76236000000,14.1310000000,12.80000000,,,1636.18063924,375.03752026,-336.26245461,"Mass",4.290000,0.0085,1.140000,6091.98,"Radial Velocity"
"Kepler-811","Kepler-811 b",1,23.58447697000,0.1591100000,2.70000000,0.68000000,-0.48000000,7.75000000,,,"M-R relationship",2.160000,78.5900,1.010000,5747.00,"Transit"
"Kepler-31","Kepler-31 c",3,42.63180000000,0.2600000000,5.30000000,1.10000000,-1.10000000,1493.70000000,,,"Mass",0.730000,35.2540,1.210000,6340.00,"Transit"
"Kepler-63","Kepler-63 b",1,9.43415050000,0.0800000000,6.11000000,0.20000000,-0.20000000,120.00000000,,,"Mass",3.000000,100.3710,0.984000,5576.00,"Transit"
"TOI-4994","TOI-4994 b",1,21.49198400000,0.1515000000,8.54124329,0.33626942,-0.30264248,88.99195396,11.75965106,-10.80616584,"Mass",0.780000,40.0000,1.005000,5640.00,"Transit"
"Kepler-411","Kepler-411 e",4,31.50972800000,0.1860000000,3.28000000,,,10.80000000,1.10000000,-1.10000000,"Mass",1.680000,7.6205,0.870000,4974.00,"Transit Timing Variations"
"Kepler-777","Kepler-777 b",1,5.72812599000,0.0519000000,1.47000000,0.08000000,-0.08000000,2.76000000,,,"M-R relationship",4.770000,33.9530,0.580000,4043.00,"Transit"
"HD 94890","HD 94890 c",2,2492.19000000000,4.3300000000,12.50000000,,,2831.85110637,76.27881768,-79.45710175,"Msini",7.970000,3.0940,1.740000,4867.00,"Radial Velocity"
"Kepler-83","Kepler-83 d",3,5.16979600000,0.0510000000,1.94000000,0.13000000,-0.13000000,4.10000000,2.80000000,-1.30000000,"Mass",0.560000,28.8100,0.580000,4648.00,"Transit"
"LHS 1478","LHS 1478 b",1,1.94953780000,0.0184800000,1.24200000,0.05100000,-0.04900000,2.33000000,0.20000000,-0.20000000,"Mass",6.670000,23.3722,0.236000,3381.00,"Transit"
"Kepler-1770","Kepler-1770 b",1,16.84189987000,0.1261000000,2.84141754,,,8.45000000,,,"M-R relationship",2.020000,56.4300,0.941000,5602.00,"Transit"
"WASP-57","WASP-57 b",1,2.83891856000,0.0376900000,11.76945000,0.59407700,-0.59407700,204.68252000,19.70546000,-19.70546000,"Mass",0.693000,702.3850,0.886000,5600.00,"Transit"
"TYC 1422-614-1","TYC 1422-614-1 b",2,198.40000000000,0.6900000000,13.30000000,,,794.50000000,127.10000000,-127.10000000,"Msini",1.860000,47.0221,1.150000,4806.00,"Radial Velocity"
"Kepler-1116","Kepler-1116 b",1,41.69778270000,0.2330000000,2.54000000,0.54000000,-0.22000000,6.99000000,,,"M-R relationship",2.340000,15.7930,0.950000,5641.00,"Transit"
"HD 238914","HD 238914 b",1,4100.00000000000,5.7000000000,12.80000000,,,1906.98000000,858.14100000,-858.14100000,"Msini",5.000000,2.1790,1.470000,4769.00,"Radial Velocity"
"WASP-171","WASP-171 b",1,3.81862440000,0.0504000000,10.98482000,0.78463000,-0.44836000,344.52772000,29.87602000,-29.87602000,"Mass",1.500000,1200.2400,1.171000,5965.00,"Transit"
"Kepler-1643","Kepler-1643 b",1,5.34265700000,0.0531000000,2.32000000,0.13000000,-0.13000000,5.99000000,,,"M-R relationship",2.640000,137.7530,0.845000,4916.00,"Transit"
"Kepler-265","Kepler-265 b",4,6.84626200000,0.0690000000,1.86000000,0.45000000,-0.45000000,4.12000000,,,"M-R relationship",3.520000,220.3280,0.970000,5835.00,"Transit"
"HAT-P-5","HAT-P-5 b",1,2.78849000000,0.0407300000,13.56289000,1.12090000,-1.12090000,311.47340000,63.56600000,-63.56600000,"Mass",0.668403,850.6754,1.040000,5960.00,"Transit"
"HAT-P-9","HAT-P-9 b",1,3.92281072000,0.0528700000,15.61413700,0.75100300,-0.72858500,238.05467000,20.34112000,-20.02329000,"Mass",0.342000,931.0000,1.281000,6350.00,"Transit"
"Kepler-449","Kepler-449 b",2,12.58242000000,0.1027000000,2.05600000,0.06900000,-0.06900000,4.88000000,,,"M-R relationship",3.090000,167.4100,1.020000,5649.18,"Transit"
"TOI-2346","TOI-2346 b",1,3.33120290000,0.0473000000,16.11851425,0.48198617,-0.45956821,394.10722468,69.92224954,-69.92224954,"Mass",0.520000,1360.0000,1.271000,6480.00,"Transit"
"TOI-2669","TOI-2669 b",1,6.20340000000,,19.72780603,1.79343691,-1.79343691,193.87532827,60.38739733,-60.38739733,"Mass",0.139000,375.5540,1.190000,4800.00,"Transit"
"K2-404","K2-404 b",1,13.11536500000,,2.53000000,0.08400000,-0.08300000,6.94000000,,,"M-R relationship",2.350000,,0.552000,3748.00,"Transit"
"TOI-1685","TOI-1685 b",1,0.66913923000,0.0116400000,1.42100000,0.06000000,-0.06000000,3.07000000,0.34000000,-0.33000000,"Mass",5.300000,213.0000,0.466000,3470.00,"Transit"
"Kepler-408","Kepler-408 b",1,2.46502000000,0.0359200000,0.82000000,0.03000000,-0.03000000,5.00000000,,,"Mass",,1503.5810,1.080000,6104.00,"Transit"
"Kepler-1542","Kepler-1542 b",4,3.95116882000,0.0476500000,0.76000000,0.11000000,-0.08000000,0.36300000,,,"M-R relationship",4.540000,518.4370,0.940000,5564.00,"Transit"
"Kepler-288","Kepler-288 b",3,6.09732600000,0.0650000000,1.67000000,0.80000000,-0.80000000,3.43000000,,,"M-R relationship",4.050000,247.3010,0.842000,5918.00,"Transit"
"K2-377","K2-377 b",1,12.83223500000,,1.69300000,0.14600000,-0.13200000,3.51000000,,,"M-R relationship",3.970000,,0.821000,4200.00,"Transit"
"HATS-74 A","HATS-74 A b",1,1.73185606000,0.0238400000,11.56766808,0.23538859,-0.23538859,464.02947422,44.49597698,-44.49597698,"Mass",1.640000,106.9000,0.601000,3776.90,"Transit"
"XO-3","XO-3 b",1,3.19152309000,0.0481500000,14.79585452,0.28022452,-0.28022452,4217.58296089,111.23994245,-114.41822652,"Mass",7.160000,1161.7200,1.449000,6970.00,"Transit"
"Kepler-1866","Kepler-1866 b",1,11.66009998000,0.1016000000,2.08215108,,,4.99000000,,,"M-R relationship",3.040000,114.3600,1.030000,5791.00,"Transit"
"K2-165","K2-165 d",3,14.10136100000,,2.64809498,0.25333143,-0.14795979,7.50000000,,,"M-R relationship",2.220000,37.0819,0.834847,5185.00,"Transit"
"Kepler-796","Kepler-796 b",1,6.40087618000,0.0731700000,1.30000000,0.36000000,-0.22000000,2.24000000,,,"M-R relationship",5.600000,962.2640,0.930000,5475.00,"Transit"
"Kepler-336","Kepler-336 d",3,20.67877200000,0.1540000000,2.37000000,0.48000000,-0.48000000,6.21000000,,,"M-R relationship",2.560000,74.3600,1.090000,5867.00,"Transit"
"TOI-4479","TOI-4479 b",1,1.15890000000,0.0164000000,2.82000000,0.65000000,-0.63000000,8.35000000,,,"M-R relationship",2.050000,92.5000,0.452000,3400.00,"Transit"
"Kepler-1928","Kepler-1928 b",1,19.57783000000,0.1940000000,1.99200000,0.13300000,-0.07800000,4.63000000,,,"M-R relationship",3.220000,37.8000,1.010000,5720.00,"Transit"
"EPIC 206024342","EPIC 206024342 b",3,4.50756000000,,1.70000000,0.59000000,-0.31000000,3.53000000,,,"M-R relationship",3.950000,,0.928000,5724.00,"Transit"
"HATS-26","HATS-26 b",1,3.30238810000,0.0473500000,19.61575000,2.35389000,-2.35389000,206.58950000,24.15508000,-24.15508000,"Mass",0.153000,2236.5716,1.299000,6071.00,"Transit"
"K2-221","K2-221 b",1,2.39909400000,,1.67890272,0.16686160,-0.09566216,3.46000000,,,"M-R relationship",4.020000,,1.010842,5716.00,"Transit"
"HATS-55","HATS-55 b",1,4.20420010000,0.0541200000,14.02245900,0.29143400,-0.29143400,292.72143000,24.15508000,-24.15508000,"Mass",0.587000,355.9090,1.195500,6214.00,"Transit"
"Kepler-1131","Kepler-1131 b",1,3.53232449000,0.0459000000,1.59000000,0.36000000,-0.15000000,3.15000000,,,"M-R relationship",4.310000,453.1420,1.030000,5851.00,"Transit"
"TOI-669","TOI-669 b",1,3.94515200000,0.0480000000,2.58606487,0.13042739,-0.11014467,10.00000000,1.40000000,-1.40000000,"Mass",3.170000,388.2000,0.924500,5597.00,"Transit"
"WASP-184","WASP-184 b",1,5.18170000000,0.0627000000,14.90797000,1.00881000,-1.00881000,181.16310000,31.78300000,-31.78300000,"Mass",0.320000,669.0180,1.230000,6000.00,"Transit"
"K2-138","K2-138 d",6,5.40479000000,0.0589300000,2.39000000,0.10400000,-0.08400000,7.92000000,1.39000000,-1.35000000,"Mass",3.100000,160.0000,0.935000,5356.30,"Transit"
"HIP 48714","HIP 48714 b",1,17.81800000000,0.1120000000,5.11000000,,,22.90000000,2.80000000,-2.80000000,"Msini",0.943000,5.5708,0.580000,4015.50,"Radial Velocity"
"HAT-P-62","HAT-P-62 b",1,2.64532350000,0.0377200000,12.02723629,0.32506044,-0.32506044,241.86741773,27.96889982,-27.96889982,"Mass",0.770000,867.2000,1.023000,5629.00,"Transit"
"KIC 7917485","KIC 7917485 b",1,840.00000000000,,12.40000000,,,3750.39400000,254.26400000,-190.69800000,"Msini",10.800000,,1.630000,7067.00,"Pulsation Timing Variations"
"Kepler-105","Kepler-105 c",2,7.12592000000,0.0722900000,1.44000000,0.04000000,-0.04000000,5.60000000,1.20000000,-1.20000000,"Mass",10.400000,236.1670,0.991000,5933.00,"Transit"
"GJ 367","GJ 367 b",3,0.32192260000,0.0071000000,0.73600000,0.03500000,-0.03500000,0.50300000,0.07800000,-0.07800000,"Mass",6.900000,579.0000,0.451000,3535.00,"Transit"
"HD 34445","HD 34445 d",6,117.87000000000,0.4817000000,6.07000000,,,30.70000000,3.90000000,-3.90000000,"Msini",0.754000,8.6625,1.070000,5836.00,"Radial Velocity"
"Kepler-1322","Kepler-1322 c",2,6.45998001100,0.0652000000,2.15492527,,,5.29000000,,,"M-R relationship",2.900000,144.0600,0.897000,5704.00,"Transit"
"HIP 65407","HIP 65407 b",2,28.12500000000,0.1770000000,14.30000000,,,136.03124000,10.17056000,-10.17056000,"Msini",0.256000,20.7979,0.930000,5460.00,"Radial Velocity"
"K2-179","K2-179 b",1,5.17219100000,,2.51267885,0.16431084,-0.12074766,6.86000000,,,"M-R relationship",2.380000,,0.824345,5015.00,"Transit"
"Kepler-68","Kepler-68 c",4,9.60502700000,0.0900800000,0.97900000,0.01900000,-0.01900000,1.30000000,,,"Mass",7.500000,204.0000,1.057000,5847.00,"Transit"
"Kepler-25","Kepler-25 b",3,6.23829700000,0.0695000000,2.74800000,0.03800000,-0.03500000,8.70000000,2.50000000,-2.30000000,"Mass",2.320000,542.9600,1.165000,6354.00,"Transit"
"Kepler-504","Kepler-504 b",1,9.54927542200,0.0646000000,1.59000000,0.18000000,-0.22000000,3.15000000,,,"M-R relationship",4.310000,5.9910,0.330000,3519.00,"Transit"
"TOI-5301","TOI-5301 b",1,5.85885800000,0.0730000000,13.09208946,0.85188253,-0.78462865,1182.32167404,117.59651059,-117.59651059,"Mass",2.880000,429.7940,1.483000,6240.00,"Transit"
"WASP-91","WASP-91 b",1,2.79858100000,0.0370000000,11.54527000,0.44836000,-0.44836000,425.89220000,25.42640000,-25.42640000,"Mass",1.590000,332.5562,0.840000,4920.00,"Transit"
"Kepler-895","Kepler-895 b",1,2.80624232800,0.0328000000,1.54000000,0.09000000,-0.07000000,2.99000000,,,"M-R relationship",4.500000,106.5850,0.650000,4315.00,"Transit"
"Kepler-288","Kepler-288 d",3,56.63374200000,0.2870000000,2.67000000,1.27000000,-1.27000000,7.61000000,,,"M-R relationship",2.200000,12.6590,0.842000,5918.00,"Transit"
"PSR B0329+54","PSR B0329+54 b",1,10140.00000000000,10.2600000000,1.22000000,,,1.97000000,0.19000000,-0.19000000,"Msini",5.960000,,1.440000,,"Pulsar Timing"
"NGTS-18","NGTS-18 b",1,3.05125000000,0.0448000000,13.56286665,2.01761653,-2.01761653,129.99181846,25.74410097,-20.02318964,"Mass",0.280000,845.0000,1.003000,5610.00,"Transit"
"K2-166","K2-166 b",2,8.52695000000,0.0858000000,2.19000000,0.20000000,-0.19000000,5.43000000,,,"M-R relationship",2.840000,390.3952,1.160000,5960.00,"Transit"
"Kepler-295","Kepler-295 c",3,21.52625800000,0.1420000000,1.17000000,0.62000000,-0.62000000,1.71000000,,,"M-R relationship",5.870000,141.4000,0.890000,5603.00,"Transit"
"HD 8673","HD 8673 b",1,1644.69097000000,2.9700000000,12.30000000,,,4210.59073594,536.49435102,-450.04502431,"Mass",12.400000,0.3841,1.280000,6389.05,"Radial Velocity"
"HATS-17","HATS-17 b",1,16.25461100000,0.1308000000,8.70939300,0.62770400,-0.62770400,425.25654000,20.65895000,-20.65895000,"Mass",3.500000,72.7000,1.131000,5846.00,"Transit"
"Kepler-323","Kepler-323 c",2,3.55382290000,0.0458000000,1.57000000,0.04000000,-0.04000000,6.80000000,3.40000000,-3.20000000,"Mass",9.600000,700.0000,1.015000,6004.00,"Transit"
"Kepler-626","Kepler-626 b",1,14.48585199000,0.1091300000,2.29000000,0.28000000,-0.20000000,5.86000000,,,"M-R relationship",2.680000,69.7950,1.010000,5813.00,"Transit"
"TOI-431","TOI-431 d",3,12.46103000000,0.0980000000,3.29000000,0.09000000,-0.09000000,9.90000000,1.53000000,-1.49000000,"Mass",1.360000,28.3588,0.780000,4850.00,"Transit"
"GJ 3929","GJ 3929 c",2,15.04000000000,0.0810000000,2.26000000,,,5.71000000,0.94000000,-0.94000000,"Msini",2.720000,1.6800,0.313000,3384.00,"Radial Velocity"
"TOI-199","TOI-199 b",2,104.85400000000,0.4254000000,9.07927437,0.05604490,-0.05604490,54.03082919,6.35656814,-6.35656814,"Mass",0.397000,8.5419,0.936000,5255.00,"Transit"
"Kepler-230","Kepler-230 b",2,32.62555500000,0.1910000000,4.26000000,2.17000000,-2.17000000,16.80000000,,,"M-R relationship",1.190000,11.8160,0.784000,5588.00,"Transit"
"Kepler-933","Kepler-933 b",1,14.20443009000,0.1041000000,2.46000000,0.23000000,-0.16000000,6.62000000,,,"M-R relationship",2.440000,61.3230,0.870000,5346.00,"Transit"
"HD 11506","HD 11506 b",3,1617.70000000000,2.8850000000,12.90000000,,,1551.00262616,631.20721630,-105.83685953,"Mass",3.970000,0.2609,1.220000,6123.00,"Radial Velocity"
"K2-251","K2-251 b",1,9.30075000000,0.0694000000,2.35000000,0.26000000,-0.21000000,6.12000000,,,"M-R relationship",2.590000,9.4444,0.520000,3717.00,"Transit"
"Kepler-867","Kepler-867 b",1,150.24212700000,0.5375000000,4.64000000,0.41000000,-0.30000000,19.40000000,,,"M-R relationship",1.070000,2.7200,0.920000,5541.00,"Transit"
"K2-219","K2-219 c",3,6.66767000000,,1.43839723,0.21399624,-0.19150365,2.66000000,,,"M-R relationship",4.910000,,1.021545,5753.00,"Transit"
"K2-200","K2-200 b",1,2.84988300000,,1.36439870,0.14347100,-0.10540256,2.43000000,,,"M-R relationship",5.260000,,0.860208,5233.00,"Transit"
"TOI-1772","TOI-1772.01",1,8.05424687400,0.0783750000,2.90500000,0.32800000,-0.21400000,8.78000000,,,"M-R relationship",1.970000,140.9300,0.990000,5583.00,"Transit"
"TOI-836","TOI-836.01",2,8.59545000000,0.0750000000,2.58700000,0.08800000,-0.08800000,9.60000000,2.70000000,-2.50000000,"Mass",3.060000,26.7070,0.678000,4552.00,"Transit"
"HD 32518","HD 32518 b",1,157.35000000000,0.5940000000,13.20000000,,,905.49313154,50.85254512,-54.34865760,"Msini",2.160000,131.2791,1.130000,4580.00,"Radial Velocity"
"Kepler-523","Kepler-523 b",1,5.83598311100,0.0615900000,1.96000000,0.08000000,-0.06000000,4.50000000,,,"M-R relationship",3.280000,149.1350,0.930000,5515.00,"Transit"
"Kepler-149","Kepler-149 d",3,160.01803200000,0.5710000000,3.96000000,0.68000000,-0.68000000,14.90000000,,,"M-R relationship",1.320000,2.4460,1.013000,5381.00,"Transit"
"TOI-5803","TOI-5803 b",1,5.38305000000,,3.27320000,0.12510000,-0.11940000,10.70000000,,,"M-R relationship",1.680000,73.7220,0.870000,5134.00,"Transit"
"Kepler-94","Kepler-94 b",2,2.50806000000,0.0337700000,3.51000000,0.15000000,-0.15000000,10.84000000,1.40000000,-1.40000000,"Mass",1.450000,216.0940,0.810000,4781.00,"Transit"
"Kepler-730","Kepler-730 c",2,2.85188338000,0.0399700000,1.56926000,0.13450800,-0.13450800,3.09000000,,,"M-R relationship",4.390000,903.7700,1.047000,5620.00,"Transit"
"Kepler-1316","Kepler-1316 b",1,87.97321360000,0.3976500000,3.54000000,0.55000000,-0.38000000,12.30000000,,,"M-R relationship",1.520000,10.7140,1.040000,5884.00,"Transit"
"Kepler-539","Kepler-539 b",2,125.63243000000,0.4988000000,8.37312300,0.19055300,-0.19055300,308.29510000,92.17070000,-92.17070000,"Mass",2.900000,3.6810,1.048000,5820.00,"Transit"
"TOI-1798","TOI-1798.01",2,8.02152233100,0.0749840000,2.44800000,0.31900000,-0.19400000,6.50000000,2.00000000,-2.00000000,"Mass",2.610000,69.2600,0.870000,5165.00,"Transit"
"Kepler-991","Kepler-991 b",1,82.53425190000,0.3104000000,2.54000000,0.13000000,-0.12000000,6.99000000,,,"M-R relationship",2.340000,1.3710,0.640000,4392.00,"Transit"
"TOI-1117","TOI-1117 c",3,4.57900000000,0.0534000000,2.91000000,,,8.78000000,1.19000000,-1.21000000,"Msini",1.960000,355.0000,0.970000,5635.00,"Radial Velocity"
"Kepler-1369","Kepler-1369 b",1,25.87314800000,0.1741000000,2.69000000,0.42000000,-0.25000000,7.70000000,,,"M-R relationship",2.170000,37.1580,0.990000,5761.00,"Transit"
"Kepler-289","Kepler-289 e",4,330.07160000000,0.9342000000,2.94000000,0.46000000,-0.38000000,17.40000000,1.30000000,-1.20000000,"Mass",2.920000,1.5800,1.061000,5990.00,"Transit"
"Kepler-1136","Kepler-1136 b",1,2.36172432900,0.0299000000,1.64000000,0.10000000,-0.09000000,3.33000000,,,"M-R relationship",4.150000,150.0550,0.720000,4512.00,"Transit"
"Kepler-1364","Kepler-1364 b",1,13.32196237000,0.1284000000,2.15000000,0.80000000,-0.39000000,5.27000000,,,"M-R relationship",2.910000,672.0600,1.490000,6805.00,"Transit"
"KOI-1783","KOI-1783.02",2,284.21500000000,0.8669500000,5.44000000,0.52000000,-0.30000000,15.00000000,4.30000000,-3.60000000,"Mass",0.510000,2.4900,1.076000,5922.00,"Transit"
"Gl 686","Gl 686 b",1,15.53000000000,0.0910000000,2.46000000,,,6.62400000,0.43200000,-0.43200000,"Msini",2.450000,3.5638,0.426000,3656.00,"Radial Velocity"
"K2-354","K2-354 b",1,3.79330600000,,1.56000000,0.08000000,-0.08000000,3.05000000,,,"M-R relationship",4.410000,,0.430000,3669.00,"Transit"
"Kepler-243","Kepler-243 c",2,20.02621800000,0.1420000000,1.99000000,0.97000000,-0.97000000,4.62000000,,,"M-R relationship",3.220000,21.7200,0.904000,5228.00,"Transit"
"Kepler-80","Kepler-80 d",6,3.07222000000,0.0372000000,1.53000000,0.09000000,-0.07000000,6.75000000,0.69000000,-0.51000000,"Mass",7.040000,164.6250,0.730000,4540.00,"Transit"
"GJ 4274","GJ 4274 c",2,69.57000000000,0.1860000000,2.83000000,,,8.39000000,1.68000000,-1.57000000,"Msini",2.030000,0.1000,0.180000,3228.00,"Radial Velocity"
"K2-268","K2-268 f",5,26.27057000000,,2.23000000,0.15000000,-0.09000000,5.60000000,,,"M-R relationship",2.770000,,0.840000,5106.00,"Transit"
"HD 44219","HD 44219 b",1,472.00000000000,1.2600000000,14.10000000,,,184.34047606,28.60455663,-25.42627256,"Mass",0.361000,1.1462,1.200000,5752.00,"Radial Velocity"
"TOI-6029","TOI-6029 b",1,5.79870000000,,14.39233122,1.09848011,-1.09848011,519.64944544,10.17050902,-10.17050902,"Mass",0.958000,806.7940,1.548000,6223.00,"Transit"
"Kepler-330","Kepler-330 c",2,15.95538700000,0.1160000000,1.95000000,0.72000000,-0.72000000,4.46000000,,,"M-R relationship",3.310000,27.6760,0.848000,5117.00,"Transit"
"Kepler-60","Kepler-60 c",3,8.91870000000,0.0842200000,1.90000000,0.15000000,-0.15000000,3.85000000,0.81000000,-0.81000000,"Mass",3.060000,236.0000,1.041000,5905.00,"Transit"
"Kepler-1504","Kepler-1504 b",1,82.30400300000,0.3704000000,2.13000000,0.23000000,-0.19000000,5.18000000,,,"M-R relationship",2.950000,25.1700,0.850000,5393.00,"Transit"
"K2-374","K2-374 b",2,4.52195300000,,1.59300000,0.06100000,-0.05800000,3.16000000,,,"M-R relationship",4.300000,,0.731000,5789.00,"Transit"
"Kepler-56","Kepler-56 c",3,21.40239000000,0.1652000000,9.80000000,0.46000000,-0.46000000,181.00000000,21.00000000,-19.00000000,"Mass",1.060000,317.2060,1.320000,4840.00,"Transit"
"TOI-2570","TOI-2570 b",1,2.98876150000,0.0414500000,13.64132951,0.39231432,-0.38110534,260.61929374,20.02318964,-20.65884645,"Mass",0.563000,699.0000,1.063000,5771.00,"Transit"
"Kepler-301","Kepler-301 d",3,13.75124300000,0.1120000000,1.75000000,0.94000000,-0.94000000,3.71000000,,,"M-R relationship",3.800000,68.9310,1.022000,5815.00,"Transit"
"HD 136925","HD 136925 b",1,4540.00000000000,5.1300000000,13.90000000,,,266.97586188,24.79061575,-23.51930212,"Msini",0.546000,0.0518,0.875104,5773.19,"Radial Velocity"
"K2-199","K2-199 b",2,3.22539930000,0.0382000000,1.73000000,0.05000000,-0.04000000,6.90000000,1.80000000,-1.80000000,"Mass",7.200000,116.2000,0.711000,4491.00,"Transit"
"WASP-83","WASP-83 b",1,4.97125200000,0.0590000000,11.65736000,0.89672000,-0.56045000,95.34900000,9.53490000,-9.53490000,"Mass",0.350000,238.8750,1.110000,5510.00,"Transit"
"Kepler-290","Kepler-290 d",3,0.76401755300,0.0154000000,0.86000000,0.12000000,-0.07000000,0.56600000,,,"M-R relationship",4.890000,1503.7900,0.840000,5142.00,"Transit"
"HD 15906","HD 15906 b",2,10.92470900000,0.0900000000,2.24000000,0.08000000,-0.08000000,5.65000000,,,"M-R relationship",2.760000,33.1400,0.790000,4757.00,"Transit"
"K2-240","K2-240 b",2,6.03400000000,0.0513000000,2.00000000,0.20000000,-0.10000000,4.66000000,,,"M-R relationship",3.200000,20.1392,0.580000,3810.00,"Transit"
"Kepler-306","Kepler-306 c",4,7.24019300000,0.0670000000,2.35000000,0.19000000,-0.19000000,6.12000000,,,"M-R relationship",2.590000,70.4490,0.750000,4954.00,"Transit"
"WASP-95","WASP-95 b",1,2.18467000000,0.0341600000,13.78707000,1.00881000,-1.00881000,457.67520000,88.99240000,-88.99240000,"Mass",0.840000,2841.0562,1.460000,5830.00,"Transit"
"HD 8535","HD 8535 b",1,1313.00000000000,2.4500000000,14.00000000,,,216.12440000,22.24810000,-12.71320000,"Msini",0.433000,0.3584,1.130000,6136.00,"Radial Velocity"
"HD 134060","HD 134060 c",2,1291.56460000000,2.3928000000,5.91000000,,,29.29000000,4.43000000,-4.24000000,"Msini",0.780000,0.2515,1.095000,5966.00,"Radial Velocity"
"HD 196050","HD 196050 b",1,1392.00000000000,2.6500000000,12.90000000,,,1493.79351290,254.26272560,-254.26272560,"Mass",3.820000,0.2591,1.270000,5879.00,"Radial Velocity"
"Kepler-83","Kepler-83 b",3,9.77000000000,0.0729500000,2.83000000,0.41000000,-0.41000000,2.94000000,0.88000000,-0.62000000,"Mass",0.520000,15.4120,0.660000,4082.00,"Transit"
"HD 141399","HD 141399 b",4,94.44000000000,0.4150000000,14.30000000,,,143.34133000,9.53490000,-9.53490000,"Msini",0.269000,9.2321,1.070000,5600.00,"Radial Velocity"
"TOI-1243","TOI-1243 b",1,4.65947790000,,2.33000000,0.12000000,-0.12000000,7.70000000,1.50000000,-1.50000000,"Mass",3.300000,17.2664,0.515000,3515.00,"Transit"
"K2-187","K2-187 d",4,7.14958400000,0.0720000000,2.40000000,0.30000000,-0.30000000,6.35000000,,,"M-R relationship",2.520000,122.8195,0.966999,5438.00,"Transit"
"Kepler-938","Kepler-938 b",1,52.62984170000,0.2689000000,2.22000000,0.25000000,-0.16000000,5.56000000,,,"M-R relationship",2.790000,8.5700,0.920000,5533.00,"Transit"
"Kepler-799","Kepler-799 b",2,133.46052350000,0.5167000000,6.88000000,0.85000000,-0.57000000,37.90000000,,,"M-R relationship",0.640000,6.3560,0.950000,5681.00,"Transit"
"EPIC 212587672","EPIC 212587672 b",2,15.28078000000,,1.26000000,0.11000000,-0.09000000,2.13000000,,,"M-R relationship",5.850000,,0.990000,6004.00,"Transit"
"HD 98736","HD 98736 b",1,968.80000000000,1.8640000000,13.30000000,,,740.54390000,247.90740000,-247.90740000,"Msini",1.730000,0.1734,0.920000,5271.00,"Radial Velocity"
"HD 148164","HD 148164 c",2,5062.00000000000,6.1500000000,12.80000000,,,1640.00280000,260.62060000,-260.62060000,"Msini",4.300000,0.0565,1.210000,6032.00,"Radial Velocity"
"TOI-1732","TOI-1732 b",1,4.11923678339,,2.49549787,0.26967151,-0.22533450,6.78000000,,,"M-R relationship",2.400000,44.2458,0.613891,4201.93,"Transit"
"HAT-P-68","HAT-P-68 b",1,2.29840551000,0.0299600000,12.01604800,0.13450800,-0.13450800,230.10892000,13.66669000,-13.66669000,"Mass",0.727000,184.8000,0.678500,4508.00,"Transit"
"TOI-1416","TOI-1416 b",1,1.06975680000,0.0190000000,1.62000000,0.08000000,-0.08000000,3.48000000,0.47000000,-0.47000000,"Mass",4.500000,883.0000,0.798000,4884.00,"Transit"
"TOI-1136","TOI-1136 c",6,6.25740000000,0.0669000000,2.87900000,0.06000000,-0.06200000,6.32000000,1.10000000,-1.30000000,"Mass",1.450000,232.3920,1.022000,5770.00,"Transit"
"TOI-6894","TOI-6894 b",1,3.37077196000,0.0260400000,9.58367850,0.24659758,-0.24659758,53.39517238,6.99222495,-6.99222495,"Mass",0.334000,5.5400,0.207000,3007.00,"Transit"
"WASP-185","WASP-185 b",1,9.38755000000,0.0904000000,14.01125000,0.89672000,-0.89672000,311.47340000,19.06980000,-19.06980000,"Mass",0.660000,662.3252,1.120000,5900.00,"Transit"
"Kepler-873","Kepler-873 b",1,20.55338440000,0.1542000000,3.75000000,1.64000000,-0.55000000,13.50000000,,,"M-R relationship",1.410000,68.0150,1.180000,6163.00,"Transit"
"HD 164509","HD 164509 b",1,280.17000000000,0.8700000000,14.30000000,,,140.79869000,26.37989000,-26.37989000,"Msini",0.265000,1.7417,1.120000,5859.00,"Radial Velocity"
"Kepler-1093","Kepler-1093 c",2,89.72229200000,0.4103700000,1.96000000,0.72000000,-0.27000000,4.50000000,,,"M-R relationship",3.280000,18.1000,1.130000,6166.00,"Transit"
"Kepler-1315","Kepler-1315 c",2,6.56606006600,0.0635000000,1.84398883,,,4.06000000,,,"M-R relationship",3.560000,57.6000,0.809000,4818.00,"Transit"
"Kepler-982","Kepler-982 b",1,15.77382210000,0.1277000000,2.25000000,0.47000000,-0.27000000,5.69000000,,,"M-R relationship",2.740000,185.2030,1.160000,6139.00,"Transit"
"Ross 508","Ross 508 b",1,10.77000000000,0.0536600000,1.83000000,,,4.00000000,0.53000000,-0.55000000,"Msini",3.590000,1.2464,0.177400,3071.00,"Radial Velocity"
"Kepler-132","Kepler-132 b",4,6.17819600000,0.0670000000,1.21000000,0.24000000,-0.24000000,1.92000000,,,"M-R relationship",5.960000,284.8000,0.929000,6003.00,"Transit"
"K2-81","K2-81 b",1,6.10232500000,0.0590000000,1.97000000,0.13000000,-0.11000000,4.54000000,,,"M-R relationship",3.260000,62.9000,0.745273,4674.13,"Transit"
"Kepler-609","Kepler-609 b",1,6.52121066600,0.0682000000,3.35000000,1.07000000,-0.44000000,11.20000000,,,"M-R relationship",1.640000,258.0590,1.090000,5971.00,"Transit"
"Kepler-1841","Kepler-1841 b",1,25.88599968000,0.1606000000,1.48912557,,,2.82000000,,,"M-R relationship",4.690000,20.3500,0.823000,5190.00,"Transit"
"Kepler-132","Kepler-132 c",4,6.41491400000,0.0680000000,1.28000000,0.25000000,-0.25000000,2.18000000,,,"M-R relationship",5.710000,271.0000,0.929000,6003.00,"Transit"
"Kepler-1681","Kepler-1681 b",1,69.89560000000,0.3200000000,2.55321772,,,7.05000000,,,"M-R relationship",2.330000,5.3300,0.893000,5756.40,"Transit"
"Kepler-383","Kepler-383 b",2,12.90453200000,0.0950000000,1.32000000,0.52000000,-0.52000000,2.30000000,,,"M-R relationship",5.500000,20.9100,0.669000,4710.00,"Transit"
"Kepler-696","Kepler-696 b",1,4.19042557500,0.0535000000,6.14000000,1.63000000,-0.70000000,31.30000000,,,"M-R relationship",0.743000,607.5250,1.060000,5903.00,"Transit"
"HIP 67522","HIP 67522 c",2,14.33489200000,0.1228000000,7.93595834,0.34747840,-0.35868738,48.30000000,,,"M-R relationship",0.531000,116.0490,1.220000,5675.00,"Transit"
"TOI-4336 A","TOI-4336 A c",2,7.58726600000,0.0509200000,1.25100000,0.06600000,-0.06600000,1.55000000,0.13000000,-0.13000000,"Mass",4.350000,4.2400,0.306000,3307.00,"Transit"
"K2-293","K2-293 b",1,13.12250000000,,2.45000000,0.35000000,-0.25000000,6.57000000,,,"M-R relationship",2.450000,,0.958000,5532.00,"Transit"
"L 98-59","L 98-59 f",5,23.06400000000,0.1052000000,1.48000000,,,2.80000000,0.30000000,-0.30000000,"Msini",5.000000,1.1000,0.292300,3415.00,"Radial Velocity"
"KELT-18","KELT-18 b",1,2.87175180000,0.0455000000,17.59813000,0.47077800,-0.40352400,375.03940000,34.96130000,-34.96130000,"Mass",0.377000,3152.0000,1.524000,6670.00,"Transit"
"Kepler-1353","Kepler-1353 b",1,24.75439660000,0.1530000000,1.80000000,0.37000000,-0.13000000,3.89000000,,,"M-R relationship",3.670000,10.7670,0.760000,4776.00,"Transit"
"Kepler-1732","Kepler-1732 b",1,32.31240082000,0.2015000000,4.09903273,,,15.70000000,,,"M-R relationship",1.250000,27.0500,1.043000,5821.00,"Transit"
"Kepler-168","Kepler-168 c",2,13.19324200000,0.1160000000,2.69000000,1.21000000,-1.21000000,7.70000000,,,"M-R relationship",2.170000,169.0020,1.113000,6282.00,"Transit"
"Kepler-1535","Kepler-1535 b",1,138.94420000000,0.5329000000,2.55000000,0.25000000,-0.19000000,7.04000000,,,"M-R relationship",2.330000,5.3840,1.080000,6021.00,"Transit"
"Kepler-51","Kepler-51 c",4,85.31200000000,0.3840000000,9.00000000,2.80000000,-1.70000000,4.00000000,0.40000000,-0.40000000,"Mass",0.030000,4.3310,1.040000,6018.00,"Transit"
"WASP-104","WASP-104 b",1,1.75541370000,0.0291800000,12.74500000,0.41500000,-0.41500000,404.26300000,14.93700000,-14.93700000,"Mass",1.074000,867.7365,1.076000,5475.00,"Transit"
"Kepler-167","Kepler-167 d",4,21.80379000000,0.1404000000,1.23800000,0.06400000,-0.06400000,2.06000000,,,"M-R relationship",5.970000,14.4890,0.777000,4884.00,"Transit"
"KOI-94","KOI-94 b",4,3.74320800000,0.0511900000,1.71000000,0.16000000,-0.16000000,10.50000000,4.60000000,-4.60000000,"Mass",10.100000,1053.1810,1.277000,6182.00,"Transit"
"BD+05 4868 A","BD+05 4868 A b",1,1.27186900000,0.0208000000,,,,6.20000000,,,"Mass",,443.7870,0.700000,4596.00,"Transit"
"TOI-771","TOI-771 c",2,7.61000000000,0.0460000000,1.50000000,,,2.87000000,0.41000000,-0.38000000,"Msini",4.670000,3.0000,0.220000,3370.00,"Radial Velocity"
"Kepler-167","Kepler-167 b",4,4.39315390000,0.0482500000,1.71800000,0.07000000,-0.07000000,3.60000000,,,"M-R relationship",3.900000,122.5020,0.777000,4884.00,"Transit"
"GJ 341","GJ 341 b",1,7.57686000000,,0.88000000,0.05000000,-0.05000000,4.00000000,,,"Mass",,13.8000,0.480000,3770.00,"Transit"
"KOI-94","KOI-94 e",4,54.32031000000,0.3046000000,6.56000000,0.62000000,-0.62000000,35.00000000,18.00000000,-28.00000000,"Mass",0.600000,29.7000,1.277000,6182.00,"Transit"
"TOI-2537","TOI-2537 c",2,1920.00000000000,2.7800000000,12.70000000,,,2297.89938261,165.27077164,-143.02278315,"Msini",6.160000,0.0389,0.771000,4870.00,"Radial Velocity"
"TOI-762 A","TOI-762 A b",1,3.47168260000,0.0341800000,8.33948164,0.19055267,-0.19055267,79.77493016,13.34879309,-13.34879309,"Mass",0.760000,17.0012,0.442000,3266.00,"Transit"
"HD 99283","HD 99283 b",1,310.40000000000,1.0800000000,13.80000000,,,308.29355479,19.06970442,-79.45710175,"Msini",0.645000,55.3069,1.760000,4886.00,"Radial Velocity"
"TIC 24750448","TIC 24750448 b",2,3.59159193029,,2.43722231,0.31643391,-0.26812680,6.51000000,,,"M-R relationship",2.470000,,0.690000,4545.43,"Transit"
"Kepler-1642","Kepler-1642 c",2,6.65138020000,0.0678000000,2.66000000,0.29000000,-0.21000000,7.56000000,,,"M-R relationship",2.210000,89.6320,0.880000,5355.00,"Transit"
"Kepler-1011","Kepler-1011 b",1,5.75322197400,0.0633000000,2.87000000,0.29000000,-0.44000000,8.60000000,,,"M-R relationship",2.000000,108.7880,0.910000,5416.00,"Transit"
"Kepler-227","Kepler-227 c",2,54.41869400000,0.2900000000,3.04000000,1.53000000,-1.53000000,9.48000000,,,"M-R relationship",1.850000,10.1860,0.954000,5854.00,"Transit"
"Kepler-622","Kepler-622 b",1,14.28226676000,0.0978000000,2.13000000,0.28000000,-0.16000000,5.18000000,,,"M-R relationship",2.950000,12.4860,0.640000,4201.00,"Transit"
"K2-187","K2-187 e",4,13.60662900000,0.1106000000,1.90000000,0.30000000,-0.30000000,4.27000000,,,"M-R relationship",3.420000,52.0501,0.966999,5438.00,"Transit"
"Kepler-656","Kepler-656 c",2,5.25449393000,0.0602000000,1.41000000,0.38000000,-0.11000000,2.57000000,,,"M-R relationship",5.040000,213.2500,1.050000,5550.00,"Transit"
"KOI-7892","Kepler-457 d",3,10.69060040000,0.0996000000,2.98467257,,,9.19000000,,,"M-R relationship",1.900000,244.4700,1.148000,6474.00,"Transit"
"Kepler-44","Kepler-44 b",1,3.24672930000,0.0446000000,12.22000000,0.78000000,-0.78000000,317.82000000,31.78000000,-31.78000000,"Mass",0.930000,1109.2230,1.120000,5800.00,"Transit"
"HD 165131","HD 165131 b",1,2342.60000000000,3.5400000000,12.10000000,,,5943.39121090,444.95976980,-317.82840700,"Mass",18.400000,0.0967,1.060000,5870.00,"Radial Velocity"
"Kepler-1944","Kepler-1944 b",1,9.84257984200,0.0918000000,2.75971163,,,8.05000000,,,"M-R relationship",2.100000,97.6200,1.064000,5585.00,"Transit"
"HD 81817","HD 81817 b",2,1021.20159000000,3.2330000000,12.00000000,,,7668.56380410,3097.87348303,-219.61942924,"Mass",24.400000,174.4020,4.300000,4140.00,"Radial Velocity"
"Kepler-1814","Kepler-1814 c",2,0.62628176600,0.0133000000,1.76000000,0.13000000,-0.18000000,3.75000000,,,"M-R relationship",3.780000,2011.2700,0.790000,4922.00,"Transit"
"K2-368","K2-368 c",3,9.66018600000,,1.36100000,0.11400000,-0.10600000,2.42000000,,,"M-R relationship",5.270000,,0.746000,4663.00,"Transit"
"BD+15 2375","BD+15 2375 b",1,153.22000000000,0.5760000000,13.80000000,,,337.21763000,85.81410000,-85.81410000,"Msini",0.705000,111.9838,1.080000,4649.00,"Radial Velocity"
"HD 170469","HD 170469 b",1,1145.00000000000,2.2400000000,14.10000000,,,209.76780000,34.96130000,-34.96130000,"Msini",0.411000,0.3188,1.100000,5842.00,"Radial Velocity"
"TOI-4662","TOI-4662 b",1,4.70343764575,,2.87998299,0.47691110,-0.35910658,8.65000000,,,"M-R relationship",1.990000,50.1040,0.703000,4520.41,"Transit"
"Kepler-332","Kepler-332 b",3,7.62632400000,0.0700000000,1.17000000,0.08000000,-0.08000000,1.71000000,,,"M-R relationship",5.870000,53.7120,0.743000,4955.00,"Transit"
"Kepler-892","Kepler-892 b",1,13.75210720000,0.1015000000,2.81000000,0.37000000,-0.27000000,8.30000000,,,"M-R relationship",2.060000,18.1960,0.750000,4747.00,"Transit"
"Kepler-222","Kepler-222 b",3,3.93698100000,0.0480000000,3.16000000,1.40000000,-1.40000000,10.10000000,,,"M-R relationship",1.760000,206.7690,0.933000,5433.00,"Transit"
"Qatar-10","Qatar-10 b",1,1.64532100000,0.0286000000,17.29548700,0.44836000,-0.44836000,233.92288000,28.60470000,-28.60470000,"Mass",0.248000,1816.4800,1.156000,6124.00,"Transit"
"Kepler-1529","Kepler-1529 b",1,5.33905686000,0.0525000000,2.10000000,0.15000000,-0.11000000,5.06000000,,,"M-R relationship",3.000000,115.7650,0.810000,5048.00,"Transit"
"Pr0201","Pr0201 b",1,4.42640000000,0.0600000000,14.20000000,,,171.62820000,38.13960000,-38.13960000,"Msini",0.329000,487.9693,1.240000,6174.00,"Radial Velocity"
"KOI-94","KOI-94 c",4,10.42364800000,0.1013000000,4.32000000,0.41000000,-0.41000000,15.60000000,5.70000000,-15.60000000,"Mass",0.910000,268.2190,1.277000,6182.00,"Transit"
"HAT-P-13","HAT-P-13 b",2,2.91625000000,0.0438300000,14.25800000,0.72900000,-0.72900000,270.46200000,12.07700000,-12.07700000,"Mass",0.340833,1978.5245,1.320000,5653.00,"Transit"
"WASP-6","WASP-6 b",1,3.36100260000,0.0421700000,12.54284940,0.19055267,-0.20176165,148.42586607,7.62788177,-7.31005336,"Mass",0.440298,288.0000,0.854000,5438.00,"Transit"
"WASP-84","WASP-84 b",2,8.52349648000,0.0778000000,10.72000000,0.27000000,-0.27000000,220.00000000,18.00000000,-18.00000000,"Mass",0.980000,34.6952,0.853000,5280.00,"Transit"
"WASP-20","WASP-20 b",1,4.89964477000,0.0599900000,15.46839337,0.44835923,-0.44835923,98.84100000,5.40300000,-5.40300000,"Mass",0.156491,259.8640,1.200000,5940.00,"Transit"
"WASP-31","WASP-31 b",1,3.40590960000,0.0465900000,17.36300000,0.56000000,-0.56000000,151.91600000,9.21700000,-9.21700000,"Mass",0.172000,970.9417,1.163000,6302.00,"Transit"
"HD 81040","HD 81040 b",1,1002.70000000000,1.9460000000,12.60000000,,,2301.07766668,317.82840700,-117.59651059,"Mass",6.320000,0.2213,0.990000,5755.00,"Radial Velocity"
"Kepler-357","Kepler-357 b",3,6.47543400000,0.0630000000,1.84000000,1.08000000,-1.08000000,4.04000000,,,"M-R relationship",3.560000,69.5700,0.794000,5036.00,"Transit"
"Kepler-554","Kepler-554 b",1,1.90220855600,0.0302200000,4.29000000,0.27000000,-0.21000000,17.00000000,,,"M-R relationship",1.180000,877.9450,0.930000,5447.00,"Transit"
"TOI-2295","TOI-2295 b",2,30.03330200000,0.1992000000,16.47720163,9.52763359,-5.94075977,278.09985612,13.34879309,-13.03096469,"Mass",0.340000,42.0912,1.168000,5730.00,"Transit"
"TOI-969","TOI-969 c",2,1700.00000000000,2.5200000000,12.40000000,,,3591.46099910,349.61124770,-286.04556630,"Msini",10.400000,0.0208,0.734000,4435.00,"Radial Velocity"
"GJ 3082","GJ 3082 b",1,11.94900000000,0.0790000000,2.79000000,,,8.20000000,1.70000000,-1.70000000,"Msini",2.070000,5.5210,0.470000,3910.00,"Radial Velocity"
"HD 40307","HD 40307 f",5,51.76000000000,0.2470000000,2.13000000,,,5.20000000,1.50000000,-1.60000000,"Msini",2.960000,3.7636,0.770000,4956.00,"Radial Velocity"
"HR 858","HR 858 b",3,3.58528700000,0.0488800000,2.00400000,0.04500000,-0.04700000,3.55000000,0.94000000,-0.96000000,"Mass",2.440000,989.7000,1.204000,6354.00,"Transit"
"Kepler-569","Kepler-569 b",1,34.18890521000,0.1978400000,3.16000000,0.22000000,-0.17000000,10.10000000,,,"M-R relationship",1.760000,19.3140,0.950000,5616.00,"Transit"
"Kepler-23","Kepler-23 d",3,15.27000000000,0.1201200000,2.20600000,0.05700000,-0.05700000,4.44000000,1.30000000,-1.21000000,"Mass",2.260583,161.0380,1.078000,5828.00,"Transit"
"Kepler-1366","Kepler-1366 b",1,2.16457096800,0.0273000000,1.43000000,0.10000000,-0.10000000,2.63000000,,,"M-R relationship",4.940000,134.9810,0.620000,4070.00,"Transit"
"K2-198","K2-198 c",3,3.35960550000,,1.42300000,0.08100000,-0.03600000,2.61000000,,,"M-R relationship",4.980000,,0.799000,5212.90,"Transit"
"TOI-2046","TOI-2046 b",1,1.49718420000,,16.14093221,1.23298788,-1.23298788,731.00533610,88.99195396,-88.99195396,"Mass",0.955000,2643.6550,1.130000,6250.00,"Transit"
"Kepler-1813","Kepler-1813 b",1,2.81816005700,0.0364000000,1.41300000,,,2.58000000,,,"M-R relationship",5.030000,298.2000,0.812000,5167.00,"Transit"
"Kepler-33","Kepler-33 e",5,31.78440000000,0.2138000000,4.02000000,0.38000000,-0.38000000,5.57000000,1.16000000,-1.07000000,"Mass",0.800000,74.7200,1.291000,5904.00,"Transit"
"HD 89345","HD 89345 b",1,11.81430000000,0.1066000000,7.39794000,0.31385200,-0.33627000,34.96130000,5.40311000,-5.72094000,"Mass",0.471000,275.6427,1.157000,5576.00,"Transit"
"TOI-2196","TOI-2196 b",1,1.19472680000,0.0223400000,3.51000000,0.15000000,-0.15000000,26.00000000,1.30000000,-1.30000000,"Mass",3.310000,2000.0000,1.032000,5634.00,"Transit"
"GJ 887","GJ 887 d",4,50.77000000000,0.2120000000,2.34000000,,,6.10000000,1.40000000,-1.40000000,"Msini",2.620000,0.8100,0.495000,3688.00,"Radial Velocity"
"TOI-5630","TOI-5630 b",1,3.22118452536,,2.37117553,0.20543259,-0.18790461,6.22000000,,,"M-R relationship",2.560000,937.8840,0.934000,5385.64,"Transit"
"HD 96167","HD 96167 b",1,498.04000000000,1.3320000000,14.00000000,,,227.88411000,12.71320000,-12.71320000,"Msini",0.456000,2.0941,1.270000,5733.00,"Radial Velocity"
"HD 66428","HD 66428 b",2,2269.81726000000,3.3950000000,12.40000000,,,3478.94974302,776.13696989,-1222.05022491,"Mass",10.000000,0.1082,1.010000,5716.00,"Radial Velocity"
"TOI-270","TOI-270 c",3,5.66051000000,0.0452600000,2.33000000,0.01000000,-0.01000000,6.20000000,0.31000000,-0.31000000,"Mass",2.700000,47.0639,0.386000,3506.00,"Transit"
"WASP-47","WASP-47 d",4,9.03050100000,0.0850000000,3.65000000,0.03000000,-0.03000000,15.50000000,0.70000000,-0.90000000,"Mass",1.800000,145.0000,1.058000,5565.00,"Transit"
"K2-18","K2-18 b",2,32.93962300000,0.1429000000,2.37000000,0.22000000,-0.22000000,8.92000000,1.70000000,-1.60000000,"Mass",4.110000,1.0050,0.359000,3457.00,"Transit"
"WASP-100","WASP-100 b",1,2.84938000000,0.0457400000,14.90797000,1.56926000,-1.56926000,400.46580000,143.02350000,-143.02350000,"Mass",0.530000,5502.8822,0.770000,6900.00,"Transit"
"HIP 41378","HIP 41378 b",6,15.57209000000,0.1303000000,2.64000000,0.02200000,-0.02400000,6.90000000,0.50000000,-0.50000000,"Mass",2.070000,140.0000,1.220000,6290.00,"Transit"
"HIP 41378","HIP 41378 c",6,31.70591000000,0.2093000000,2.74000000,0.04300000,-0.04900000,5.97000000,0.56000000,-0.86000000,"Mass",1.600000,54.0000,1.220000,6290.00,"Transit"
"HIP 41378","HIP 41378 d",6,278.36180000000,1.1700000000,3.65000000,0.02900000,-0.02900000,6.53000000,2.65000000,-3.15000000,"Mass",0.740000,3.0100,1.220000,6290.00,"Transit"
"HIP 41378","HIP 41378 e",6,393.00000000000,0.6800000000,5.19000000,0.04000000,-0.04000000,7.62000000,3.20000000,-4.63000000,"Mass",0.300000,2.1000,1.220000,6290.00,"Transit"
"HIP 41378","HIP 41378 f",6,542.07970000000,1.3940000000,9.47000000,0.07000000,-0.07000000,25.00000000,5.00000000,-5.00000000,"Mass",0.160000,1.2400,1.220000,6290.00,"Transit"
"KELT-9","KELT-9 b",1,1.48112350000,0.0336800000,21.70058664,0.52682209,-0.52682209,915.34581216,111.23994245,-111.23994245,"Mass",0.491000,44900.0000,2.320000,9270.00,"Transit"
"HIP 41378","HIP 41378 g",6,63.19000000000,,2.50000000,,,6.81000000,1.14000000,-0.98000000,"Mass",2.390000,22.3000,1.220000,6290.00,"Radial Velocity"
"HD 106315","HD 106315 c",2,21.05704000000,0.1536000000,4.35000000,0.23000000,-0.23000000,15.20000000,3.70000000,-3.70000000,"Mass",1.010000,97.0000,1.091000,6327.00,"Transit"
"HAT-P-65","HAT-P-65 b",1,2.60544751000,0.0404200000,18.05766791,0.26901554,-0.26901554,176.07693748,29.24021344,-28.92238504,"Mass",0.164000,1821.0000,1.297000,5872.00,"Transit"
"WASP-107","WASP-107 b",2,5.72148760000,0.0550000000,10.53646000,0.22418000,-0.22418000,30.51152707,1.58914204,-1.58914204,"Mass",0.134000,51.0000,0.683000,4425.00,"Transit"
"Kepler-409","Kepler-409 b",1,68.95832160000,0.3192000000,1.19900000,0.04300000,-0.04300000,6.00000000,,,"Mass",19.000000,6.1500,0.913000,5421.00,"Transit"
"Kepler-701","Kepler-701 b",1,10.35533177000,0.0895000000,2.84000000,0.22000000,-0.45000000,8.45000000,,,"M-R relationship",2.030000,75.6230,0.880000,5343.00,"Transit"
"GJ 9827","GJ 9827 d",3,6.20183000000,0.0530000000,1.98000000,0.11000000,-0.10000000,3.02000000,0.58000000,-0.57000000,"Mass",2.510000,34.9000,0.620000,4236.00,"Transit"
"NGTS-2","NGTS-2 b",1,4.51116400000,0.0630000000,17.87835500,0.52682300,-0.50440500,235.19420000,41.31790000,-38.13960000,"Mass",0.226000,1085.3500,1.640000,6478.00,"Transit"
"CoRoT-36","CoRoT-36 b",1,5.61653100000,0.0660000000,15.80466279,1.56925730,-1.56925730,216.12331676,149.37935129,-136.66621501,"Mass",0.250000,1491.0287,1.320000,6730.00,"Transit"
"TOI-4145 A","TOI-4145 A b",1,4.06644280000,0.0482300000,13.30506009,0.35868738,-0.34747840,136.66621501,41.31769291,-41.31769291,"Mass",0.320000,223.0000,0.905000,5281.00,"Transit"
"K2-380","K2-380 b",1,9.40131200000,,2.72900000,0.18600000,-0.17600000,7.89000000,,,"M-R relationship",2.130000,,0.993000,5911.00,"Transit"
"TOI-5616","TOI-5616 b",1,2.00284900000,0.0272000000,10.78000000,0.54000000,-0.47000000,624.00000000,,,"Mass",,137.0000,0.666000,3996.00,"Transit"
"Kepler-650","Kepler-650 b",1,3.03214558800,0.0421000000,2.96000000,0.51000000,-0.45000000,9.06000000,,,"M-R relationship",1.920000,1218.8800,1.080000,5849.00,"Transit"
"Kepler-715","Kepler-715 b",1,10.00652995000,0.0933000000,3.75000000,0.83000000,-0.50000000,13.50000000,,,"M-R relationship",1.410000,181.4080,1.040000,5871.00,"Transit"
"Kepler-1511","Kepler-1511 b",1,23.23827920000,0.1753000000,1.68000000,0.69000000,-0.24000000,3.46000000,,,"M-R relationship",4.010000,228.2190,1.170000,6064.00,"Transit"
"WASP-34","WASP-34 b",1,4.31768000000,0.0524000000,11.20900000,0.89672000,-0.89672000,177.98480000,54.03110000,-54.03110000,"Mass",0.412000,229.9620,0.960000,5700.00,"Transit"
"HD 179949","HD 179949 b",1,3.09251400000,0.0443000000,13.90000000,,,291.12000000,24.15400000,-24.15400000,"Msini",0.596000,1020.1193,1.210000,6168.00,"Radial Velocity"
"Kepler-386","Kepler-386 b",2,12.31043000000,0.0960000000,1.39000000,0.82000000,-0.82000000,2.51000000,,,"M-R relationship",5.140000,43.2620,0.825000,5178.00,"Transit"
"Kepler-990","Kepler-990 c",2,0.53835430800,0.0123200000,1.53000000,0.35000000,-0.19000000,2.96000000,,,"M-R relationship",4.540000,5272.4000,1.050000,5948.00,"Transit"
"Kepler-1031","Kepler-1031 b",1,1.22621732000,0.0218000000,0.87000000,0.21000000,-0.11000000,0.59000000,,,"M-R relationship",4.920000,3973.8600,1.090000,6011.00,"Transit"
"Kepler-223","Kepler-223 b",4,7.38449000000,0.0752500000,2.99000000,0.18000000,-0.27000000,7.40000000,1.30000000,-1.10000000,"Mass",1.540000,444.0530,1.125000,5803.00,"Transit"
"XO-2 S","XO-2 S c",4,120.05900000000,0.4737000000,13.60000000,,,438.60320166,15.89142035,-15.89142035,"Msini",0.958000,3.3572,0.980000,5325.00,"Radial Velocity"
"PH2","PH2 b",1,282.52542000000,0.8330000000,9.33708092,0.29143350,-0.26901554,87.08498352,20.97667486,-21.29450327,"Mass",0.580000,1.2000,0.966000,5734.00,"Transit"
"Kepler-1993","Kepler-1993 b",1,26.65657370000,0.1943000000,4.15000000,1.28000000,-2.98000000,16.10000000,,,"M-R relationship",1.240000,157.4500,1.373000,5159.00,"Transit"
"Kepler-207","Kepler-207 b",3,1.61186500000,0.0290000000,1.57000000,0.30000000,-0.30000000,3.09000000,,,"M-R relationship",4.390000,4097.3180,1.313000,5920.00,"Transit"
"Kepler-1200","Kepler-1200 b",1,1.11854971700,0.0188000000,1.06000000,0.06000000,-0.08000000,1.20000000,,,"M-R relationship",5.540000,544.5340,0.740000,4612.00,"Transit"
"TOI-6000","TOI-6000 b",1,0.44895900000,,0.94000000,0.05000000,-0.05000000,0.77900000,,,"M-R relationship",5.150000,258.7482,0.370000,3419.00,"Transit"
"HAT-P-17","HAT-P-17 c",2,5584.00000000000,5.6000000000,13.10000000,,,1080.60000000,349.60000000,-222.50000000,"Msini",2.640000,0.0164,0.920000,5336.96,"Radial Velocity"
"HD 3167","HD 3167 c",4,29.84540000000,0.1776000000,3.00000000,0.45000000,-0.21000000,11.13000000,0.78000000,-0.74000000,"Mass",2.110000,16.9000,0.837000,5261.00,"Transit"
"TOI-3023","TOI-3023 b",1,3.90149710000,0.0505000000,16.43236571,0.48198617,-0.35868738,197.05361234,31.78284070,-28.60455663,"Mass",0.245000,1084.0000,1.120000,5760.00,"Transit"
"Kepler-652","Kepler-652 b",1,4.18200253100,0.0495800000,2.49000000,0.06000000,-0.05000000,6.76000000,,,"M-R relationship",2.410000,211.8840,0.970000,5490.00,"Transit"
"TrES-4","TrES-4 b",1,3.55395000000,0.0508400000,18.04649000,2.01762000,-2.01762000,247.90740000,60.38770000,-60.38770000,"Mass",0.099000,2276.2950,1.080000,6200.00,"Transit"
"Kepler-1789","Kepler-1789 b",1,80.23190308000,0.3543000000,2.83137505,,,8.40000000,,,"M-R relationship",2.030000,4.9100,0.920000,5436.00,"Transit"
"Kepler-505","Kepler-505 b",1,27.52197994000,0.1445000000,2.60000000,0.11000000,-0.09000000,7.27000000,,,"M-R relationship",2.270000,3.6410,0.550000,3931.00,"Transit"
"WASP-155","WASP-155 b",1,3.11041300000,0.0430000000,13.45077684,0.67253884,-0.67253884,276.82854250,57.20911326,-57.20911326,"Mass",0.620000,771.0000,1.090000,5660.00,"Transit"
"OGLE-2005-BLG-390L","OGLE-2005-BLG-390L b",1,3285.00000000000,2.6000000000,2.21000000,,,5.50000000,5.50000000,-2.70000000,"Mass",2.800000,,0.220000,,"Microlensing"
"NGTS-26","NGTS-26 b",1,4.51992790000,0.0490000000,14.88552637,0.66132986,-0.53803107,92.80589484,20.65884645,-19.06970442,"Mass",0.153000,523.0000,0.960000,5550.00,"Transit"
"HAT-P-37","HAT-P-37 b",1,2.79743600000,0.0379000000,13.20400000,0.86300000,-0.86300000,371.52800000,32.73500000,-32.73500000,"Mass",0.890000,412.3914,0.929000,5500.00,"Transit"
"Kepler-478","Kepler-478 b",1,13.22175760000,0.1032000000,2.71000000,0.09000000,-0.33000000,7.80000000,,,"M-R relationship",2.150000,39.5600,0.850000,5210.00,"Transit"
"HATS-42","HATS-42 b",1,2.29210200000,0.0368900000,15.69260000,2.80225000,-1.56926000,597.52040000,47.67450000,-47.67450000,"Mass",0.830000,1637.2058,1.273000,6060.00,"Transit"
"Kepler-191","Kepler-191 d",3,5.94504101700,0.0610400000,2.28000000,0.16000000,-0.13000000,5.82000000,,,"M-R relationship",2.700000,99.6000,0.840000,5215.00,"Transit"
"HD 17156","HD 17156 b",1,21.21642940000,0.1632000000,12.26262489,0.34747840,-0.33626942,1036.12060682,34.96112477,-34.96112477,"Mass",3.080000,68.8000,1.285000,6046.00,"Radial Velocity"
"Kepler-768","Kepler-768 b",1,11.39100250000,0.0920000000,1.79000000,0.20000000,-0.13000000,3.86000000,,,"M-R relationship",3.700000,40.5890,0.820000,5108.00,"Transit"
"TIC 154870955","TIC 154870955 b",1,7.96987471280,,3.09467466,0.51582816,-0.34022190,9.77000000,,,"M-R relationship",1.810000,,0.828000,4739.58,"Transit"
"HD 133131 B","HD 133131 B b",3,5769.00000000000,6.1500000000,13.30000000,,,794.57500000,15.89150000,-15.89150000,"Msini",1.860000,0.0259,0.930000,5805.00,"Radial Velocity"
"EPIC 212297394","EPIC 212297394 c",2,5.21396500000,,2.27000000,0.19000000,-0.14000000,5.77000000,,,"M-R relationship",2.710000,,0.830000,5171.00,"Transit"
"Kepler-875","Kepler-875 b",1,27.50737990000,0.1771000000,2.90000000,1.02000000,-0.45000000,8.75000000,,,"M-R relationship",1.970000,41.4310,1.060000,5958.00,"Transit"
"K2-35","K2-35 c",2,5.60835200000,0.0550000000,1.93000000,0.13000000,-0.11000000,4.38000000,,,"M-R relationship",3.350000,68.0000,0.701968,4402.71,"Transit"
"Kepler-321","Kepler-321 c",2,13.09392100000,0.1100000000,2.32000000,0.45000000,-0.45000000,5.99000000,,,"M-R relationship",2.640000,80.1030,1.024000,5740.00,"Transit"
"Kepler-169","Kepler-169 d",5,8.34812500000,0.0750000000,1.25000000,0.09000000,-0.09000000,2.10000000,,,"M-R relationship",5.910000,55.5300,0.825000,4997.00,"Transit"
"GJ 2030","GJ 2030 b",2,2.38129000000,0.0340000000,2.03000000,,,4.76742611,0.63565681,-0.63565681,"Msini",3.130000,3542.7587,0.960000,5485.00,"Radial Velocity"
"HD 86226","HD 86226 c",2,3.98442000000,0.0490000000,2.16000000,0.08000000,-0.08000000,7.25000000,1.19000000,-1.12000000,"Mass",3.970000,647.9010,1.019000,5863.00,"Transit"
"TOI-824","TOI-824 b",1,1.39297800000,0.0217700000,2.92600000,0.20200000,-0.19100000,18.46700000,1.84300000,-1.87500000,"Mass",4.030000,412.0000,0.710000,4600.00,"Transit"
"Kepler-1881","Kepler-1881 b",1,159.39399720000,0.5332500000,2.98104391,,,9.17000000,,,"M-R relationship",1.900000,1.5000,0.812000,5135.00,"Transit"
"Kepler-308","Kepler-308 c",2,15.38231000000,0.1230000000,2.16000000,1.04000000,-1.04000000,5.31000000,,,"M-R relationship",2.900000,58.6790,0.920000,5895.00,"Transit"
"Kepler-378","Kepler-378 c",2,28.90600900000,0.1660000000,0.70000000,0.05000000,-0.05000000,0.27100000,,,"M-R relationship",4.340000,8.1660,0.780000,4661.00,"Transit"
"GJ 357","GJ 357 b",3,3.93060000000,0.0360000000,1.20000000,0.06000000,-0.06000000,1.83000000,0.30000000,-0.30000000,"Mass",5.600000,12.6000,0.342000,3505.00,"Transit"
"TOI-1130","TOI-1130 c",2,8.35018980000,0.0731000000,13.00000000,0.40000000,-0.40000000,336.00000000,2.00000000,-5.00000000,"Mass",0.827042,30.0000,0.745000,4360.00,"Transit"
"TOI-4860","TOI-4860 b",1,1.52275910000,0.0180800000,8.70000000,0.40000000,-0.40000000,86.70000000,1.90000000,-1.90000000,"Mass",0.750000,42.5000,0.340000,3260.00,"Transit"
"Kepler-1651","Kepler-1651 b",1,9.87863917000,0.0692000000,1.84000000,0.11000000,-0.11000000,4.04000000,,,"M-R relationship",3.560000,5.6500,0.522000,3713.00,"Transit"
"TOI-1238","TOI-1238 c",2,3.29473600000,0.0370000000,2.11000000,0.14000000,-0.14000000,8.32000000,1.90000000,-1.88000000,"Mass",4.900000,63.0000,0.590000,4089.00,"Transit"
"TOI-1753","TOI-1753 b",1,5.38461040000,0.0590000000,2.47852533,0.09834485,-0.07935468,16.60000000,5.20000000,-5.20000000,"Mass",5.950000,237.9960,0.948300,5621.00,"Transit"
"Kepler-49","Kepler-49 d",4,2.57654900000,0.0310000000,1.60000000,0.07000000,-0.07000000,235.98200000,,,"Mass",20.000000,64.3900,0.549000,4252.00,"Transit"
"TIC 153919886","TIC 153919886 b",1,2.10510492329,,2.70601108,0.28201647,-0.23940357,7.78000000,,,"M-R relationship",2.160000,,0.581261,4137.16,"Transit"
"HD 188015","HD 188015 b",1,461.20000000000,1.2030000000,13.60000000,,,476.72000000,41.32000000,-41.32000000,"Msini",1.040000,0.7914,1.090000,5746.00,"Radial Velocity"
"HD 221416","HD 221416 b",1,14.27670000000,0.1228000000,9.17000000,0.34000000,-0.31000000,60.50000000,5.70000000,-5.70000000,"Mass",0.431000,495.9065,1.212000,5080.00,"Transit"
"Kepler-727","Kepler-727 b",1,5.15448441700,0.0546000000,2.53000000,0.35000000,-0.31000000,6.94000000,,,"M-R relationship",2.350000,176.6850,0.890000,5441.00,"Transit"
"KIC 10001893","KIC 10001893 d",3,0.81161000000,,,,,,,,"Msini",,,0.470000,27500.00,"Orbital Brightness Modulation"
"Kepler-139","Kepler-139 f",5,355.00000000000,,6.67000000,,,36.00000000,10.00000000,-10.00000000,"Mass",0.667000,,1.078000,5630.00,"Transit Timing Variations"
"HD 152079","HD 152079 b",1,2918.92000000000,4.1870000000,13.20000000,,,845.74563000,14.62018000,-14.62018000,"Msini",2.020000,0.0730,1.147000,5907.00,"Radial Velocity"
"K2-105","K2-105 b",1,8.26726000000,0.0796000000,3.40000000,0.12000000,-0.05000000,15.40000000,4.40000000,-4.40000000,"Mass",2.240000,100.0000,0.940000,5373.00,"Transit"
"GJ 724","GJ 724 b",1,5.10128400000,0.0468500000,3.27000000,,,10.75000000,0.96000000,-0.87000000,"Msini",1.690000,23.3200,0.527100,3799.00,"Radial Velocity"
"HD 48948","HD 48948 c",3,38.06000000000,0.1951000000,2.60000000,,,7.27000000,0.70000000,-0.70000000,"Msini",2.270000,15.5000,0.686000,4593.00,"Radial Velocity"
"HD 27894","HD 27894 d",3,5019.54244000000,5.3620000000,12.70000000,,,2063.65984665,313.69663771,-112.19342767,"Mass",5.540000,0.0124,0.810000,4875.00,"Radial Velocity"
"HD 179079","HD 179079 b",1,14.47900000000,0.1214000000,,,,4195.33497240,,,"Mass",,162.7656,1.140000,5646.00,"Radial Velocity"
"TOI-904","TOI-904 c",2,83.99970000000,0.3120000000,2.16700000,0.13000000,-0.11800000,5.34000000,,,"M-R relationship",2.880000,0.5449,0.557000,3770.20,"Transit"
"HIP 8541","HD 11343 c",2,228.53731000000,0.9230000000,13.90000000,,,255.53403923,52.75951556,-50.85254512,"Msini",0.523000,23.9661,2.009000,4672.00,"Radial Velocity"
"HD 102329","HD 102329 c",2,1123.00000000000,,13.50000000,,,483.10160000,95.34900000,-79.45750000,"Msini",1.080000,,1.300000,4830.00,"Radial Velocity"
"Kepler-1422","Kepler-1422 b",1,18.60519420000,0.1499000000,2.02000000,0.41000000,-0.27000000,4.74000000,,,"M-R relationship",3.160000,156.9000,1.150000,6194.00,"Transit"
"TOI-3568","TOI-3568 b",1,4.41796500000,0.0485000000,5.30000000,0.27000000,-0.27000000,26.40000000,1.00000000,-1.00000000,"Mass",0.980000,130.1481,0.780000,4969.00,"Transit"
"TOI-6448","TOI-6448 b",1,14.84426100000,0.1310000000,8.47398941,0.76221069,-0.76221069,54.00000000,,,"M-R relationship",0.488000,28.1152,1.030000,5910.00,"Transit"
"TOI-776","TOI-776 b",2,8.24662000000,0.0653000000,1.79800000,0.07800000,-0.07700000,5.00000000,1.60000000,-1.60000000,"Mass",4.800000,11.5000,0.542000,3725.00,"Transit"
"Kepler-282","Kepler-282 d",4,24.80600000000,0.1583700000,2.46000000,1.00000000,-0.20000000,61.00000000,35.90000000,-36.10000000,"Mass",22.500000,52.3480,0.970000,5656.00,"Transit"
"TOI-5786","TOI-5786 b",1,12.77910700000,0.1140000000,8.54000000,0.13000000,-0.13000000,73.00000000,9.00000000,-9.00000000,"Mass",0.640000,374.4620,1.230000,6235.00,"Transit"
"LTT 3780","LTT 3780 c",2,12.25228400000,0.0757000000,2.39000000,0.10000000,-0.11000000,8.04000000,0.50000000,-0.48000000,"Mass",3.240000,2.7600,0.381000,3358.00,"Transit"
"55 Cnc","55 Cnc b",7,14.65155200000,0.1180000000,13.90000000,,,263.97850000,1.04880000,-1.04880000,"Mass",0.540000,45.6336,1.015000,5198.00,"Radial Velocity"
"WASP-178","WASP-178 b",1,3.34482850000,0.0558000000,20.28829000,1.00881000,-1.00881000,527.59780000,38.13960000,-38.13960000,"Mass",0.370000,5550.0000,2.070000,9360.00,"Transit"
"Kepler-1509","Kepler-1509 b",1,25.43381970000,0.1707000000,1.85000000,0.37000000,-0.16000000,4.08000000,,,"M-R relationship",3.540000,83.0810,1.000000,5780.00,"Transit"
"Kepler-1164","Kepler-1164 b",1,3.97599768000,0.0463500000,1.12000000,0.04000000,-0.07000000,1.46000000,,,"M-R relationship",5.710000,181.2050,0.850000,5183.00,"Transit"
"Kepler-987","Kepler-987 b",1,105.30331480000,0.4238000000,3.26000000,0.16000000,-0.12000000,10.70000000,,,"M-R relationship",1.700000,3.8530,0.970000,5637.00,"Transit"
"TOI-4641","TOI-4641 b",1,22.09341000000,0.1730000000,8.18255591,0.29143350,-0.31385146,1229.99593509,,,"Mass",,192.5802,1.410000,6560.00,"Transit"
"Kepler-208","Kepler-208 e",4,16.25945800000,0.1320000000,1.48000000,0.28000000,-0.28000000,2.79000000,,,"M-R relationship",4.730000,106.3450,1.082000,6092.00,"Transit"
"WASP-183","WASP-183 b",1,4.11177710000,0.0463200000,16.47723000,10.53646000,-3.69897000,159.55066000,14.93801000,-14.93801000,"Mass",0.210000,268.7176,0.784000,5313.00,"Transit"
"Kepler-320","Kepler-320 b",2,8.37155400000,0.0850000000,1.14000000,0.54000000,-0.54000000,1.55000000,,,"M-R relationship",5.750000,280.5590,1.072000,6435.00,"Transit"
"K2-54","K2-54 b",1,9.78330000000,0.0761000000,2.61169250,0.21297063,-0.19055267,7.33000000,,,"M-R relationship",2.260000,6.1000,0.615000,3990.00,"Transit"
"ome Ser","ome Ser b",1,278.59000000000,0.8380000000,14.00000000,,,233.92170755,19.06970442,-33.68981114,"Msini",0.468000,77.1527,1.010000,4724.00,"Radial Velocity"
"HD 110082","HD 110082 b",1,10.18271000000,0.1130000000,3.20000000,0.10000000,-0.10000000,10.30000000,,,"M-R relationship",1.730000,198.3948,1.210000,6200.00,"Transit"
"Kepler-337","Kepler-337 c",2,9.69320100000,0.0930000000,2.05000000,0.57000000,-0.57000000,4.86000000,,,"M-R relationship",3.100000,376.2100,1.081000,5684.00,"Transit"
"Kepler-254","Kepler-254 c",3,12.41218300000,0.1050000000,2.15000000,1.03000000,-1.03000000,3.20000000,3.70000000,-2.70000000,"Mass",1.770000,67.2250,0.849000,5957.00,"Transit"
"Kepler-156","Kepler-156 c",2,15.90680100000,0.1170000000,2.55000000,0.19000000,-0.19000000,7.04000000,,,"M-R relationship",2.330000,28.6420,0.864000,5094.00,"Transit"
"K2-58","K2-58 c",3,2.53726000000,0.0350000000,1.62000000,0.23000000,-0.23000000,3.26000000,,,"M-R relationship",4.210000,462.0000,0.890000,5413.00,"Transit"
"GJ 9066","GJ 9066 c",1,771.36000000000,0.8800000000,9.60000000,,,66.74396547,6.35656814,-6.35656814,"Msini",0.415000,0.0033,0.150000,3154.00,"Radial Velocity"
"Kepler-994","Kepler-994 b",1,1.15116650600,0.0177000000,1.60000000,0.07000000,-0.27000000,3.19000000,,,"M-R relationship",4.280000,243.9840,0.560000,3934.00,"Transit"
"K2-394","K2-394 b",1,5.09571700000,,1.69200000,0.13600000,-0.12600000,3.51000000,,,"M-R relationship",3.980000,28.5068,0.478000,4938.00,"Transit"
"Kepler-1830","Kepler-1830 b",1,56.49330139000,0.3176900000,3.32992941,,,11.10000000,,,"M-R relationship",1.650000,35.8000,1.443000,6160.00,"Transit"
"Kepler-1799","Kepler-1799 b",1,11.92969990000,0.1028000000,4.12801189,,,15.90000000,,,"M-R relationship",1.240000,83.0400,1.016000,5831.00,"Transit"
"Kepler-1605","Kepler-1605 b",1,85.75654950000,0.3656700000,1.08000000,0.09000000,-0.08000000,1.28000000,,,"M-R relationship",5.580000,16.7340,0.860000,5280.00,"Transit"
"CoRoT-5","CoRoT-5 b",1,4.03789620000,0.0494700000,15.55800000,0.51600000,-0.52700000,148.42000000,14.93700000,-7.62800000,"Mass",0.217000,786.2949,1.000000,6100.00,"Transit"
"HATS-49","HATS-49 b",1,4.14804670000,0.0451500000,8.57488500,0.14571700,-0.14571700,112.19399000,12.07754000,-8.58141000,"Mass",0.986000,80.4500,0.713300,4405.00,"Transit"
"HD 149806","HD 149806 b",1,16521.52778000000,12.4040000000,12.30000000,,,4003.68444298,856.22972846,-884.19862827,"Mass",11.800000,0.0037,0.930000,5352.05,"Radial Velocity"
"Kepler-350","Kepler-350 d",3,26.13600000000,0.1786000000,2.80000000,1.28000000,-0.54000000,14.90000000,5.30000000,-4.70000000,"Mass",2.690000,83.2370,1.000000,6492.30,"Transit"
"DMPP-1","DMPP-1 c",4,10.03000000000,0.0973000000,3.31000000,,,10.94000000,0.61000000,-0.59000000,"Msini",1.660000,220.4556,1.210000,6196.00,"Radial Velocity"
"DMPP-1","DMPP-1 b",4,17.81200000000,0.1423000000,4.26000000,,,16.80000000,2.50000000,-2.50000000,"Msini",1.190000,103.0711,1.210000,6196.00,"Radial Velocity"
"HAT-P-45","HAT-P-45 b",1,3.12899200000,0.0452000000,15.98400000,1.96200000,-0.97500000,283.49200000,43.54100000,-31.46400000,"Mass",0.380000,1052.2390,1.259000,6330.00,"Transit"
"TOI-1333","TOI-1333 b",1,4.72021900000,0.0626000000,15.64776400,0.62770400,-0.60528600,753.25710000,76.27920000,-76.27920000,"Mass",1.080000,1112.8500,1.464000,6274.00,"Transit"
"Kepler-853","Kepler-853 b",1,7.16892463000,0.0790000000,1.69000000,0.48000000,-0.28000000,3.50000000,,,"M-R relationship",3.980000,499.3010,1.300000,6350.00,"Transit"
"TOI-5599","TOI-5599 b",1,5.43691503941,,7.18882120,0.57201675,-0.52467258,40.90000000,,,"M-R relationship",0.605000,833.2180,1.210000,6137.02,"Transit"
"HD 207832","HD 207832 b",2,160.07000000000,0.5860000000,14.20000000,,,177.98480000,28.92253000,-28.92253000,"Msini",0.342000,2.2605,1.050000,5726.00,"Radial Velocity"
"Kepler-256","Kepler-256 c",4,3.38802000000,0.0450000000,2.15000000,0.53000000,-0.53000000,5.27000000,,,"M-R relationship",2.910000,457.0660,1.037000,5551.00,"Transit"
"HATS-59","HATS-59 c",2,1422.00000000000,2.5040000000,12.30000000,,,4036.44100000,276.51210000,-276.51210000,"Msini",11.900000,0.1590,1.038000,5670.00,"Radial Velocity"
"WASP-89","WASP-89 b",1,3.35642270000,0.0427000000,11.65736000,0.44836000,-0.44836000,1875.19700000,127.13200000,-127.13200000,"Mass",7.000000,278.8533,0.920000,5130.00,"Transit"
"HD 124330","HD 124330 b",1,270.66000000000,0.8600000000,14.00000000,,,238.37130525,19.06970442,-19.06970442,"Msini",0.477000,2.9422,1.150000,5873.00,"Radial Velocity"
"KELT-21","KELT-21 b",1,3.61276470000,0.0522400000,17.77747400,0.43715100,-0.44836000,1242.71530000,,,"Mass",1.240000,2950.0000,1.458000,7598.00,"Transit"
"Kepler-1464","Kepler-1464 b",2,31.77859010000,0.2006600000,1.66000000,0.29000000,-0.16000000,3.39000000,,,"M-R relationship",4.070000,89.4730,1.020000,5828.00,"Transit"
"Kepler-1913","Kepler-1913 b",1,14.19600010000,0.1209000000,1.51852059,,,2.92000000,,,"M-R relationship",4.580000,105.7000,1.169000,6214.00,"Transit"
"Kepler-16","Kepler-16 b",1,228.77600000000,0.7048000000,8.44930000,0.02910000,-0.02910000,105.83300000,5.08500000,-5.08500000,"Mass",0.964000,0.2517,0.689700,4450.00,"Transit"
"KELT-23 A","KELT-23 A b",1,2.25525100000,0.0330200000,14.82950700,0.28022500,-0.28022500,298.12454000,15.25584000,-13.98452000,"Mass",0.503000,991.1830,0.944000,5899.00,"Transit"
"Kepler-82","Kepler-82 e",5,5.90220600000,0.0630000000,2.47000000,0.37000000,-0.37000000,254.02000000,,,"Mass",0.540000,144.3370,0.946000,5428.00,"Transit"
"HD 167042","HD 167042 b",1,417.67000000000,1.2200000000,13.60000000,,,444.00628458,9.85268062,-13.98444991,"Msini",0.970000,7.6592,1.390000,4919.00,"Radial Velocity"
"TIC 393818343","TIC 393818343 b",1,16.24921000000,0.1291000000,12.18416202,0.25780656,-0.23538859,1379.37528638,47.67426105,-47.67426105,"Mass",4.220000,2.2800,1.082000,5756.00,"Transit"
"Kepler-577","Kepler-577 b",1,25.69578251000,0.1348000000,2.55000000,0.38000000,-0.15000000,7.04000000,,,"M-R relationship",2.330000,5.6880,0.780000,4984.00,"Transit"
"Kepler-953","Kepler-953 b",2,88.40655258000,0.3920000000,4.21000000,0.37000000,-0.33000000,16.50000000,,,"M-R relationship",1.220000,5.8400,0.950000,5416.00,"Transit"
"Kepler-212","Kepler-212 c",2,31.80517400000,0.2070000000,2.74000000,0.51000000,-0.51000000,7.95000000,,,"M-R relationship",2.120000,54.6620,1.166000,5852.00,"Transit"
"WASP-45","WASP-45 b",1,3.12608900000,0.0396300000,10.60371400,0.65012200,-0.57165900,306.38812000,18.43414000,-17.79848000,"Mass",1.418000,294.0000,0.850000,5150.00,"Transit"
"Kepler-43","Kepler-43 b",1,3.02409490000,0.0460000000,13.66377100,0.72858500,-0.71737600,1026.59090000,82.63580000,-82.63580000,"Mass",5.000000,1138.1150,1.320000,6041.00,"Transit"
"Kepler-1084","Kepler-1084 b",1,2.05333679000,0.0324000000,1.11000000,0.23000000,-0.15000000,1.41000000,,,"M-R relationship",5.670000,1766.5930,1.120000,6113.00,"Transit"
"K2-329","K2-329 b",1,12.45512250000,0.1016000000,8.67576600,0.29143400,-0.26901600,82.63580000,6.35660000,-6.99226000,"Mass",0.694000,45.7000,0.901000,5282.00,"Transit"
"K2-91","K2-91 b",1,1.41954900000,0.0164000000,1.10000000,0.18000000,-0.18000000,1.37000000,,,"M-R relationship",5.660000,46.0000,0.292000,3622.00,"Transit"
"BD+14 4559","BD+14 4559 b",1,268.94000000000,0.7800000000,13.80000000,,,330.54320000,149.38010000,-149.38010000,"Msini",0.691000,0.7867,0.490000,4864.00,"Radial Velocity"
"Kepler-1329","Kepler-1329 b",1,9.33646594000,0.0747000000,2.17000000,0.06000000,-0.16000000,5.35000000,,,"M-R relationship",2.880000,26.6450,0.720000,4500.00,"Transit"
"Kepler-1201","Kepler-1201 b",1,15.18725932000,0.1183000000,2.29000000,0.91000000,-0.43000000,5.86000000,,,"M-R relationship",2.680000,89.4310,1.150000,6177.00,"Transit"
"TOI-2368","TOI-2368 b",1,5.17500730000,0.0564900000,10.83908434,0.40352331,-0.34747840,206.58846455,57.20911326,-57.20911326,"Mass",0.880000,162.7267,0.897000,5360.00,"Transit"
"GJ 667 C","GJ 667 C f",5,39.02600000000,0.1560000000,1.45000000,,,2.70000000,1.40000000,-1.20000000,"Msini",4.870000,0.5633,0.330000,3350.00,"Radial Velocity"
"HD 11505","HD 11505 b",1,32669.22247000000,20.2470000000,12.60000000,,,2510.52658689,1031.35318072,-541.26177712,"Mass",6.900000,0.0035,1.030000,5757.15,"Radial Velocity"
"HATS-4","HATS-4 b",1,2.51672900000,0.0362000000,11.43300000,0.41500000,-0.41500000,420.47100000,8.89900000,-8.89900000,"Mass",1.550000,558.8280,1.001000,5403.00,"Transit"
"Kepler-825","Kepler-825 c",2,8.18182460000,0.0759000000,1.84000000,0.40000000,-0.24000000,4.04000000,,,"M-R relationship",3.560000,261.6280,1.030000,5976.00,"Transit"
"KOI-55","KOI-55 c",2,0.34288700000,0.0076000000,0.86700000,,,0.65500000,,,"Mass",5.520000,396618.3609,0.496000,27730.00,"Orbital Brightness Modulation"
"K2-413","K2-413 b",2,0.80940000000,0.0117000000,0.75990000,0.07580000,-0.04960000,0.36300000,,,"M-R relationship",4.550000,921.7550,0.808000,4116.00,"Transit"
"TOI-451","TOI-451 d",3,16.36496200000,0.1168000000,3.93000000,0.20000000,-0.20000000,10.20000000,4.60000000,-4.50000000,"Mass",0.920000,43.2000,0.930000,5490.00,"Transit"
"TOI-178","TOI-178 c",6,3.23848600000,0.0370000000,1.75400000,0.03200000,-0.04000000,4.64000000,0.52000000,-0.53000000,"Mass",4.796846,97.6159,0.647000,4316.00,"Transit"
"Kepler-319","Kepler-319 c",3,6.94135700000,0.0690000000,2.63000000,0.37000000,-0.37000000,7.41000000,,,"M-R relationship",2.240000,136.3430,0.933000,5526.00,"Transit"
"Kepler-1437","Kepler-1437 b",1,10.92954610000,0.0951000000,1.37000000,0.17000000,-0.13000000,2.45000000,,,"M-R relationship",5.240000,83.1400,0.930000,5557.00,"Transit"
"GJ 3138","GJ 3138 d",3,257.80000000000,0.6980000000,3.23000000,,,10.50000000,2.30000000,-2.10000000,"Msini",1.710000,0.1000,0.681000,3717.00,"Radial Velocity"
"WASP-16","WASP-16 b",1,3.11860000000,0.0415000000,13.67498000,1.12090000,-1.12090000,394.10920000,79.45750000,-79.45750000,"Mass",0.572000,481.9170,1.780000,5700.00,"Transit"
"TOI-3331 A","TOI-3331 A b",1,2.01802310000,0.0314400000,12.97999965,0.48198617,-0.48198617,721.47048389,50.85254512,-50.85254512,"Mass",1.820000,818.5000,1.016000,5609.00,"Transit"
"Kepler-251","Kepler-251 b",4,4.79093600000,0.0530000000,1.33000000,0.24000000,-0.24000000,2.33000000,,,"M-R relationship",5.440000,203.1690,0.891000,5526.00,"Transit"
"HD 93385","HD 93385 b",3,7.34260000000,0.0756000000,1.88000000,,,4.20000000,0.50000000,-0.50000000,"Msini",3.470000,281.6970,1.040000,5977.00,"Radial Velocity"
"Kepler-1802","Kepler-1802 b",2,15.45020008000,0.0662000000,1.67100000,,,3.43000000,,,"M-R relationship",4.040000,26.9100,0.649000,4245.00,"Transit"
"TOI-3980","TOI-3980 b",1,3.60892540000,0.0494000000,14.45958510,2.24179614,-1.12089807,187.51876013,60.38739733,-54.03082919,"Mass",0.250000,1153.0000,1.240000,5840.00,"Transit"
"Kepler-226","Kepler-226 c",3,5.34955500000,0.0580000000,2.27000000,0.90000000,-0.90000000,45.20000000,22.50000000,-19.10000000,"Mass",21.200000,180.5130,0.904000,5571.00,"Transit"
"K2-288 B","K2-288 B b",1,31.39346300000,0.1640000000,1.90000000,0.30000000,-0.30000000,4.27000000,,,"M-R relationship",3.420000,0.4368,0.330000,3341.00,"Transit"
"Kepler-672","Kepler-672 b",1,38.37746230000,0.2163000000,2.50000000,0.32000000,-0.18000000,6.80000000,,,"M-R relationship",2.390000,16.3600,0.950000,5627.00,"Transit"
"Kepler-974","Kepler-974 b",2,4.19449651400,0.0419000000,1.57000000,0.06000000,-0.29000000,3.09000000,,,"M-R relationship",4.390000,28.5110,0.520000,3687.00,"Transit"
"Kepler-1842","Kepler-1842 b",1,14.02639961000,0.1160000000,2.35388681,,,6.14000000,,,"M-R relationship",2.590000,108.0700,1.057000,5970.00,"Transit"
"Kepler-690","Kepler-690 b",1,7.74809437400,0.0810000000,5.95000000,1.83000000,-0.75000000,29.60000000,,,"M-R relationship",0.772000,225.7010,1.110000,5913.00,"Transit"
"Kepler-154","Kepler-154 d",5,20.54981883000,0.1435400000,3.84000000,0.32000000,-0.24000000,14.10000000,,,"M-R relationship",1.370000,53.0020,0.980000,5769.00,"Transit"
"OGLE-2006-BLG-109L","OGLE-2006-BLG-109L b",2,1788.50000000000,2.3000000000,14.00000000,,,231.00000000,19.00000000,-19.00000000,"Mass",0.463000,,0.510000,,"Microlensing"
"K2-416","K2-416 b",1,13.10200000000,0.0880000000,2.66000000,0.19000000,-0.14000000,1652.70771640,,,"Mass",,6.9344,0.548000,3746.00,"Transit"
"HD 28192","HD 28192 b",1,14.23283000000,0.1180000000,12.20000000,,,99.79811980,7.62788177,-9.85268062,"Msini",0.302000,91.1399,1.080000,5919.87,"Radial Velocity"
"Kepler-453","Kepler-453 b",1,240.50300000000,0.7903000000,6.20400000,0.03900000,-0.03900000,16.00000000,,,"Mass",,0.9636,0.944000,5527.00,"Transit"
"Kepler-1090","Kepler-1090 c",2,42.42720032000,0.2262200000,3.29265785,,,10.90000000,,,"M-R relationship",1.680000,13.8000,0.869000,5330.00,"Transit"
"Kepler-968","KOI-1833 d",3,7.68500000000,0.0634000000,2.58000000,0.23000000,-0.22000000,11.02000000,,,"Mass",4.500000,27.3500,0.681000,4413.00,"Transit"
"Kepler-269","Kepler-269 b",2,5.32671800000,0.0610000000,2.47000000,1.15000000,-1.15000000,6.66000000,,,"M-R relationship",2.430000,604.9000,0.920000,5847.00,"Transit"
"Kepler-927","Kepler-927 b",1,9.11499030000,0.0866000000,1.72000000,0.40000000,-0.15000000,3.61000000,,,"M-R relationship",3.900000,129.5340,0.990000,5743.00,"Transit"
"HD 50499","HD 50499 b",2,2447.10000000000,3.8330000000,13.50000000,,,519.96988000,5.40311000,-5.40311000,"Msini",1.160000,0.1619,1.253000,6102.00,"Radial Velocity"
"Proxima Cen","Proxima Cen b",2,11.18465000000,0.0484800000,1.02000000,,,1.05500000,0.05500000,-0.05500000,"Msini",5.460000,0.6410,0.122100,2900.00,"Radial Velocity"
"K2-279","K2-279 b",1,7.12260500000,0.0670000000,1.21000000,0.14000000,-0.14000000,1.92000000,,,"M-R relationship",5.960000,139.1055,0.790000,5558.00,"Transit"
"G 268-110","G 268-110 b",1,1.43263000000,0.0128300000,1.13000000,,,1.52000000,0.25000000,-0.25000000,"Msini",5.790000,13.5700,0.137000,,"Radial Velocity"
"HD 156098","HD 156098 c",2,7841.58390000000,8.4150000000,12.80000000,,,1661.60691180,615.95145277,-409.04515981,"Mass",4.350000,0.1642,1.290000,6419.19,"Radial Velocity"
"HIP 57274","HIP 57274 b",3,8.13520000000,0.0700000000,,,,3359.44626199,,,"Mass",,316.0850,0.290000,4510.00,"Radial Velocity"
"Kepler-83","Kepler-83 c",3,20.09000000000,0.1179600000,2.36000000,0.35000000,-0.35000000,2.03000000,0.52000000,-0.39000000,"Mass",0.380000,5.9000,0.660000,4082.00,"Transit"
"K2-212","K2-212 b",1,9.79564700000,0.0785000000,2.65000000,0.20000000,-0.18000000,7.51000000,,,"M-R relationship",2.220000,21.9640,0.622000,4349.00,"Transit"
"K2-48","K2-48 b",1,20.50650000000,0.1344000000,2.24000000,0.24000000,-0.24000000,5.65000000,,,"M-R relationship",2.760000,15.3000,0.770000,4899.00,"Transit"
"K2-158","K2-158 c",2,5.90279000000,0.0622000000,1.28000000,0.13000000,-0.10000000,2.18000000,,,"M-R relationship",5.710000,177.6001,0.920000,5503.00,"Transit"
"Kepler-158","Kepler-158 b",3,16.70918400000,0.1110000000,2.12000000,0.36000000,-0.36000000,5.14000000,,,"M-R relationship",2.960000,13.6340,0.655000,4623.00,"Transit"
"HD 203387","HD 203387 c",2,2481.07227000000,5.0670000000,12.60000000,,,2378.94562640,1079.02744177,-702.40077947,"Mass",6.530000,2.8216,2.817000,5174.32,"Radial Velocity"
"Kepler-353","Kepler-353 b",2,5.79527800000,0.0510000000,0.89000000,0.06000000,-0.06000000,0.64000000,,,"M-R relationship",4.990000,27.1890,0.553000,3903.00,"Transit"
"Kepler-810","Kepler-810 b",1,4.59725385000,0.0550000000,1.93000000,0.41000000,-0.19000000,4.38000000,,,"M-R relationship",3.350000,350.5970,1.030000,5803.00,"Transit"
"K2-117","K2-117 b",2,1.29160000000,0.0189000000,2.03000000,0.10000000,-0.10000000,4.78000000,,,"M-R relationship",3.140000,145.8000,0.540000,3778.00,"Transit"
"Kepler-566","Kepler-566 b",1,18.42794624000,0.1247000000,2.15000000,0.13000000,-0.13000000,5.27000000,,,"M-R relationship",2.910000,16.8790,0.830000,5132.00,"Transit"
"TOI-4940","TOI-4940 b",1,25.86781100000,0.1650000000,6.61000000,0.37000000,-0.37000000,89.00000000,,,"Mass",,40.4612,1.012000,5504.00,"Transit"
"TOI-2154","TOI-2154 b",1,3.82408010000,0.0513000000,16.28664896,0.59407598,-0.53803107,292.40213444,60.38739733,-57.20911326,"Mass",0.370000,1005.8946,1.233000,6280.00,"Transit"
"HD 28109","HD 28109 d",3,84.28990000000,0.4110000000,3.11000000,0.15000000,-0.15000000,5.80000000,0.90000000,-1.10000000,"Mass",1.100000,17.3745,1.227000,6189.00,"Transit"
"Kepler-33","Kepler-33 c",5,13.17562000000,0.1189000000,3.20000000,0.30000000,-0.30000000,0.39000000,1.24000000,-0.32000000,"Mass",0.130000,241.7590,1.291000,5904.00,"Transit"
"Kepler-1729","Kepler-1729 b",1,4.22097015400,0.0418000000,3.89404186,,,14.40000000,,,"M-R relationship",1.340000,29.6800,0.544000,3837.00,"Transit"
"Kepler-1471","Kepler-1471 c",2,11.60448810000,0.0981000000,1.88000000,0.28000000,-0.34000000,4.19000000,,,"M-R relationship",3.470000,118.5000,0.934000,5533.00,"Transit"
"TOI-2497","TOI-2497 b",1,10.65566900000,0.1166000000,11.14172682,0.61649394,-0.54924005,1531.93292174,130.30964687,-130.30964687,"Mass",6.100000,997.8085,1.859000,7360.00,"Transit"
"HD 20003","HD 20003 c",2,33.92390000000,0.1964000000,3.89000000,,,14.44000000,1.47000000,-1.39000000,"Msini",1.350000,18.6659,0.875000,5494.00,"Radial Velocity"
"KELT-10","KELT-10 b",1,4.16627390000,0.0525000000,15.68139100,0.77342100,-0.54924100,215.80657000,12.39537000,-12.07754000,"Mass",0.308000,600.0000,1.112000,5948.00,"Transit"
"HD 215152","HD 215152 c",4,7.28243000000,0.0673930000,,,,468.79690033,,,"Mass",,66.1050,0.770000,4935.00,"Radial Velocity"
"K2-46","K2-46 b",1,19.15410000000,0.1382100000,2.05000000,0.24000000,-0.24000000,4.86000000,,,"M-R relationship",3.100000,119.0000,0.960000,6256.00,"Transit"
"Kepler-119","Kepler-119 c",2,4.12510300000,0.0490000000,0.92000000,0.35000000,-0.35000000,0.72100000,,,"M-R relationship",5.090000,367.3220,0.918000,5595.00,"Transit"
"WASP-194","WASP-194 b",1,3.18338700000,0.0470000000,15.47960235,0.98639030,-0.98639030,373.13054982,84.22452786,-84.22452786,"Mass",0.550000,1365.0000,1.290000,6405.00,"Transit"
"Kepler-430","Kepler-430 b",2,35.96800000000,0.2244000000,3.25000000,,,10.60000000,,,"M-R relationship",1.700000,40.8440,1.166000,5884.00,"Transit"
"Kepler-619","Kepler-619 d",3,11.67894236000,0.1021000000,4.17000000,1.31000000,-0.44000000,16.20000000,,,"M-R relationship",1.230000,112.0700,1.041000,6122.00,"Transit"
"TOI-2768","TOI-2768 b",1,1.50801000000,0.0270000000,2.63000000,0.45000000,-0.44000000,7.41000000,,,"M-R relationship",2.240000,89.0458,0.630000,4008.00,"Transit"
"Kepler-695","Kepler-695 b",1,3.04033042400,0.0374000000,9.21000000,0.71000000,-0.56000000,62.30000000,,,"M-R relationship",0.438000,499.0640,0.840000,5181.00,"Transit"
"Kepler-294","Kepler-294 b",2,3.70121200000,0.0480000000,1.77000000,0.83000000,-0.83000000,3.78000000,,,"M-R relationship",3.750000,329.8010,0.947000,5913.00,"Transit"
"Kepler-1208","Kepler-1208 b",1,11.08507637000,0.0901000000,2.32000000,0.19000000,-0.14000000,5.99000000,,,"M-R relationship",2.640000,37.6640,0.800000,5001.00,"Transit"
"Kepler-192","Kepler-192 d",3,6.47027579000,0.0686000000,1.02000000,0.10000000,-0.07000000,1.04000000,,,"M-R relationship",5.390000,186.0760,0.940000,5487.00,"Transit"
"47 UMa","47 UMa b",3,1078.00000000000,2.1000000000,13.20000000,,,804.08000000,22.25000000,-19.07000000,"Msini",1.920000,0.3576,1.060000,5872.00,"Radial Velocity"
"Kepler-1670","Kepler-1670 b",1,20.49980000000,0.1528000000,3.35648010,,,11.20000000,,,"M-R relationship",1.630000,67.6700,1.050000,5838.00,"Transit"
"K2-230","K2-230 b",1,2.86041000000,0.0409000000,1.96000000,0.18000000,-0.16000000,4.50000000,,,"M-R relationship",3.280000,1241.5334,1.110000,5945.00,"Transit"
"Kepler-1085","Kepler-1085 b",2,219.32175280000,0.7336100000,7.22000000,1.77000000,-0.74000000,41.20000000,,,"M-R relationship",0.602000,2.0550,1.110000,6000.00,"Transit"
"Kepler-1404","Kepler-1404 b",1,15.93147390000,0.1143000000,2.01000000,0.14000000,-0.21000000,4.70000000,,,"M-R relationship",3.180000,39.0010,0.840000,5261.00,"Transit"
"K2-350","K2-350 b",2,4.16387300000,,1.54000000,0.15000000,-0.11000000,2.99000000,,,"M-R relationship",4.500000,,0.980000,5789.00,"Transit"
"Kepler-1811","Kepler-1811 b",1,76.42230225000,0.3462000000,3.84829873,,,14.10000000,,,"M-R relationship",1.360000,10.1100,0.946000,5561.00,"Transit"
"K2-225","K2-225 b",1,15.87230000000,0.1409000000,3.60929179,0.28022452,-0.22417961,12.70000000,,,"M-R relationship",1.480000,121.3934,1.482000,5520.00,"Transit"
"TOI-2227","TOI-2227 b",1,4.22175815648,,3.09885187,0.25572292,-0.23281105,9.79000000,,,"M-R relationship",1.810000,305.1070,1.030000,5889.54,"Transit"
"HD 189567","HD 189567 c",2,33.68800000000,0.1970000000,2.54000000,,,7.00000000,0.90000000,-0.90000000,"Msini",2.350000,54.3688,0.830000,5726.00,"Radial Velocity"
"Kepler-443","Kepler-443 b",1,177.66930000000,0.4950000000,2.33000000,0.19000000,-0.22000000,6.04000000,,,"M-R relationship",2.620000,0.8600,0.738000,4723.00,"Transit"
"CFHTWIR-Oph 98 A","CFHTWIR-Oph 98 b",1,8040000.00000000000,200.0000000000,20.84870410,0.56044903,-0.56044903,2479.06157460,222.47988490,-254.26272560,"Mass",1.500000,0.0000,0.014700,2320.00,"Imaging"
"HD 19615","HD 19615 b",1,402.00000000000,1.1000000000,12.60000000,,,2701.54145950,222.47988490,-222.47988490,"Msini",7.420000,270.2479,1.100000,4263.00,"Radial Velocity"
"Kepler-24","Kepler-24 c",4,12.33000000000,0.1061200000,2.51400000,0.09800000,-0.09800000,9.99000000,2.01000000,-1.66000000,"Mass",3.418442,144.8270,1.060000,6028.00,"Transit"
"WASP-135","WASP-135 b",1,1.40137940000,0.0243000000,14.57170000,1.00881000,-1.00881000,603.87700000,25.42640000,-25.42640000,"Mass",1.160000,917.4101,0.980000,5675.00,"Transit"
"psi1 Dra B","psi1 Dra B b",1,3117.00000000000,4.4300000000,13.50000000,,,486.27990000,31.78300000,-31.78300000,"Msini",1.090000,0.1079,1.190000,6212.00,"Radial Velocity"
"Kepler-1862","Kepler-1862 b",1,16.05730057000,0.1199000000,2.20300000,,,5.49000000,,,"M-R relationship",2.820000,41.0400,0.900000,5644.00,"Transit"
"NGTS-35","NGTS-35 b",1,25.24119200000,0.1600000000,10.90000000,0.65000000,-0.65000000,152.00000000,22.00000000,-19.00000000,"Mass",0.645000,9.8437,0.789000,4717.00,"Transit"
"Kepler-479","Kepler-479 b",1,12.49341307000,0.0963600000,2.12000000,0.09000000,-0.07000000,5.14000000,,,"M-R relationship",2.960000,37.7530,0.860000,5247.00,"Transit"
"HD 25463","HD 25463 b",2,7.04914230000,0.0760000000,2.54535814,0.11171510,-0.08338345,8.70000000,2.70000000,-2.60000000,"Mass",2.870000,461.4000,1.251000,6353.00,"Transit"
"HD 37124","HD 37124 d",3,1862.00000000000,2.8070000000,14.00000000,,,221.20968000,18.75197000,-18.75197000,"Msini",0.443000,0.0980,0.850000,5698.64,"Radial Velocity"
"Kepler-170","Kepler-170 c",2,16.66586300000,0.1310000000,2.86000000,0.17000000,-0.17000000,8.55000000,,,"M-R relationship",2.010000,50.6820,1.066000,5679.00,"Transit"
"Kepler-1128","Kepler-1128 b",1,61.61781670000,0.3020000000,3.65000000,0.53000000,-0.34000000,12.90000000,,,"M-R relationship",1.460000,6.4510,0.940000,5543.00,"Transit"
"K2-260","K2-260 b",1,2.62669762000,0.0439200000,18.41635529,0.65012088,-0.81825559,546.66486004,108.06165838,-111.23994245,"Mass",0.480000,2520.0300,1.637000,6860.00,"Transit"
"Kepler-681","Kepler-681 b",1,26.39435646000,0.1635000000,3.08000000,0.16000000,-0.16000000,9.69000000,,,"M-R relationship",1.820000,14.1510,0.800000,5021.00,"Transit"
"Kepler-1135","Kepler-1135 b",1,76.95785700000,0.3436000000,1.85000000,0.33000000,-0.16000000,4.08000000,,,"M-R relationship",3.540000,25.7600,0.960000,5656.00,"Transit"
"HD 156668","HD 156668 b",2,4.64550000000,0.0500000000,1.87000000,,,4.15000000,0.58000000,-0.58000000,"Msini",3.490000,679.2975,0.772000,4850.00,"Radial Velocity"
"TOI-431","TOI-431 b",3,0.49004700000,0.0113000000,1.28000000,0.04000000,-0.04000000,3.07000000,0.35000000,-0.35000000,"Mass",8.000000,2120.4475,0.780000,4850.00,"Transit"
"HD 63935","HD 63935 c",2,21.40270000000,0.1480000000,3.06451296,0.08805710,-0.07912569,11.10000000,2.00000000,-1.90000000,"Mass",2.110000,36.7000,0.940600,5513.00,"Radial Velocity"
"WASP-189","WASP-189 b",1,2.72403300000,0.0505300000,18.14733975,0.23538859,-0.23538859,632.47852993,50.85254512,-44.49597698,"Mass",0.621987,8083.7169,2.030000,8000.00,"Transit"
"Kepler-379","Kepler-379 b",2,20.09838000000,0.1520000000,1.66000000,0.31000000,-0.31000000,3.39000000,,,"M-R relationship",4.070000,90.3460,1.125000,6054.00,"Transit"
"HD 87883","HD 87883 b",1,3006.00000000000,3.7700000000,12.70000000,,,2005.49724817,98.52680617,-101.70509024,"Mass",5.380000,0.0238,0.800000,4980.00,"Radial Velocity"
"Kepler-1043","Kepler-1043 b",1,38.50533980000,0.2159000000,2.55000000,0.39000000,-0.24000000,7.04000000,,,"M-R relationship",2.330000,21.6920,0.920000,5629.00,"Transit"
"Kepler-1547","Kepler-1547 b",1,0.69297967600,0.0155600000,0.90000000,0.28000000,-0.12000000,0.66600000,,,"M-R relationship",5.020000,5760.9440,1.120000,6078.00,"Transit"
"Kepler-1876","Kepler-1876 b",1,6.99205000000,0.0758000000,0.85300000,0.03900000,-0.02600000,2.40000000,,,"Mass",19.000000,475.0000,1.187000,6104.00,"Transit"
"Kepler-376","Kepler-376 b",2,4.92019900000,0.0570000000,1.07000000,0.22000000,-0.22000000,1.24000000,,,"M-R relationship",5.560000,689.9120,0.968000,5900.00,"Transit"
"TOI-5160","TOI-5160 b",1,4.28077325600,,2.39729851,0.28717359,-0.22048406,6.33000000,,,"M-R relationship",2.520000,177.5370,1.003000,5622.14,"Transit"
"Kepler-306","Kepler-306 e",4,44.84097500000,0.2270000000,2.27000000,0.15000000,-0.15000000,5.77000000,,,"M-R relationship",2.710000,6.1850,0.750000,4954.00,"Transit"
"TOI-2076","TOI-2076 c",4,21.01447000000,0.1407000000,3.54000000,0.14000000,-0.14000000,7.20000000,1.40000000,-1.40000000,"Mass",0.870000,32.7000,0.849000,5187.00,"Transit"
"HD 35843","HD 35843 c",2,46.96220000000,0.2500000000,2.54000000,0.08000000,-0.07000000,11.32000000,1.58000000,-1.48000000,"Mass",3.800000,11.3814,0.940000,5666.00,"Transit"
"HD 203387","HD 203387 b",2,512.53520000000,1.7710000000,13.10000000,,,1106.04285636,187.20093172,-168.76688412,"Msini",2.700000,23.0974,2.817000,5174.32,"Radial Velocity"
"HD 217958","HD 217958 b",1,2560.19774000000,3.7580000000,14.20000000,,,166.54208527,110.28645723,-20.02318964,"Mass",0.320000,0.1388,1.080000,5930.64,"Radial Velocity"
"HD 1461","HD 1461 b",2,5.77152000000,0.0634000000,2.42000000,,,6.44000000,0.61000000,-0.61000000,"Msini",2.500000,309.8969,1.020000,5765.00,"Radial Velocity"
"HATS-76","HATS-76 b",1,1.94164230000,0.0265800000,12.09449018,0.34747840,-0.34747840,835.57088200,28.28672822,-28.28672822,"Mass",2.580000,129.8000,0.662000,4016.00,"Transit"
"HAT-P-33","HAT-P-33 b",1,3.47447000000,0.0499500000,20.73665000,5.49241000,-5.49241000,292.40360000,158.91500000,-158.91500000,"Mass",0.200000,1701.3800,1.820000,6446.00,"Transit"
"nu Oph","nu Oph b",2,529.93000000000,1.7650000000,12.00000000,,,7057.73298000,,,"Mass",22.400000,25.1924,2.610000,4887.00,"Radial Velocity"
"Kepler-324","Kepler-324 b",4,4.38531500000,0.0500000000,1.14000000,0.11000000,-0.11000000,2414.40000000,,,"Mass",3.000000,194.3400,0.901000,5194.00,"Transit"
"Kepler-215","Kepler-215 b",4,9.36067200000,0.0840000000,1.62000000,0.40000000,-0.40000000,3.26000000,,,"M-R relationship",4.210000,105.0730,0.788000,5739.00,"Transit"
"Kepler-195","Kepler-195 c",2,34.09686300000,0.1970000000,1.55000000,0.57000000,-0.57000000,3.02000000,,,"M-R relationship",4.460000,11.2810,0.867000,5329.00,"Transit"
"HD 6061","HD 6061 b",1,5.25490000000,0.0600000000,2.42763557,0.09903199,-0.07283589,10.00000000,2.50000000,-2.50000000,"Mass",3.820000,339.1000,1.026900,5934.00,"Transit"
"CoRoT-26","CoRoT-26 b",1,4.20474000000,0.0526000000,14.12000000,1.46000000,-0.78000000,165.26000000,15.89000000,-15.89000000,"Mass",0.280000,1021.0065,1.090000,5590.00,"Transit"
"WASP-150","WASP-150 b",1,5.64420700000,0.0694000000,11.99363000,0.26901600,-0.28022500,2688.84180000,88.99240000,-63.56600000,"Mass",8.540000,854.7074,1.394000,6218.00,"Transit"
"Kepler-396","Kepler-396 c",2,88.50500000000,0.3894600000,5.30000000,1.95000000,-0.99000000,17.90000000,2.80000000,-1.30000000,"Mass",0.661000,5.2440,0.850000,5656.00,"Transit"
"Kepler-100","Kepler-100 b",4,6.88734000000,0.0730900000,1.34000000,0.12000000,-0.12000000,4.01000000,0.47000000,-0.47000000,"Mass",12.357908,478.2140,1.130000,5837.00,"Transit"
"K2-240","K2-240 c",2,20.52300000000,0.1159000000,1.80000000,0.30000000,-0.10000000,3.89000000,,,"M-R relationship",3.670000,3.9456,0.580000,3810.00,"Transit"
"TOI-5232","TOI-5232 b",1,4.09666920000,0.0559300000,12.77823800,0.57165802,-0.50440413,743.71847238,50.85254512,-50.85254512,"Mass",1.960000,1193.8600,1.389000,6500.00,"Transit"
"HD 133131 A","HD 133131 A c",3,3568.00000000000,4.4900000000,14.30000000,,,133.48860000,47.67450000,-47.67450000,"Msini",0.251000,0.0477,0.950000,5799.00,"Radial Velocity"
"Kepler-225","Kepler-225 c",2,18.79423400000,0.1110000000,1.84000000,0.10000000,-0.10000000,4.04000000,,,"M-R relationship",3.560000,9.9030,0.593000,3682.00,"Transit"
"61 Vir","61 Vir d",3,123.01000000000,0.4760000000,5.11000000,,,22.90000000,2.60000000,-2.60000000,"Msini",0.943000,3.5464,0.942000,5577.00,"Radial Velocity"
"Kepler-194","Kepler-194 c",3,17.30803200000,0.1310000000,2.59000000,1.36000000,-1.36000000,7.22000000,,,"M-R relationship",2.280000,56.9550,0.940000,6089.00,"Transit"
"Kepler-176","Kepler-176 e",4,51.16579000000,0.2565400000,1.45000000,0.12000000,-0.15000000,0.52075000,,,"Mass",0.041000,6.2200,0.870000,5295.00,"Transit"
"Kepler-442","Kepler-442 b",1,112.30530000000,0.4090000000,1.34000000,0.11000000,-0.18000000,2.36000000,,,"M-R relationship",5.390000,0.6600,0.609000,4402.00,"Transit"
"TOI-4529","TOI-4529 b",1,5.87957700000,,1.77000000,0.09000000,-0.08000000,4.90000000,,,"Mass",4.800000,14.6089,0.482000,3697.00,"Transit"
"HD 156668","HD 156668 c",2,811.30000000000,1.5700000000,6.17000000,,,31.49679513,2.51084442,-2.44727873,"Msini",0.737000,0.1169,0.785167,4903.69,"Radial Velocity"
"TOI-1670","TOI-1670 c",2,40.74976000000,0.2490000000,11.06326395,0.28022452,-0.28022452,200.23189641,28.60455663,-25.42627256,"Mass",0.810000,14.5514,1.210000,6170.00,"Transit"
"WASP-176","WASP-176 b",1,3.89905200000,0.0535000000,16.86954500,0.56045000,-0.50440500,271.74465000,22.88376000,-21.93027000,"Mass",0.310000,1703.2413,1.345000,5941.00,"Transit"
"Kepler-462","Kepler-462 c",2,207.62000000000,0.7584000000,4.00000000,0.20000000,-0.20000000,6.00000000,10.80000000,-4.90000000,"Mass",0.400000,9.9700,1.590000,7500.00,"Transit"
"KOI-3680","KOI-3680 b",1,141.24167100000,0.5340000000,11.09691000,0.67254000,-0.78463000,613.41190000,60.38770000,-66.74430000,"Mass",2.460000,3.3000,1.010000,5830.00,"Transit"
"Kepler-1652","Kepler-1652 b",1,38.09722000000,0.1654000000,1.60000000,0.18000000,-0.18000000,3.19000000,,,"M-R relationship",4.280000,0.8100,0.404000,3638.00,"Transit"
"K2-4","K2-4 b",1,10.00341700000,0.0780000000,2.10000000,0.20000000,-0.19000000,5.06000000,,,"M-R relationship",3.000000,15.6000,0.635026,4014.73,"Transit"
"TOI-5082","TOI-5082.01",1,4.24012200000,0.0512048420,2.54811000,0.12956200,-0.12956200,7.03000000,,,"M-R relationship",2.330000,254.5880,0.996650,5670.00,"Transit"
"GJ 3021","GJ 3021 b",1,133.71000000000,0.4900000000,13.10000000,,,1071.04000000,28.60000000,-28.60000000,"Msini",2.620000,2.7517,0.900000,5540.00,"Radial Velocity"
"HATS-32","HATS-32 b",1,2.81265480000,0.0402400000,14.00004100,1.61409600,-1.07606400,292.40360000,31.78300000,-31.78300000,"Mass",0.580000,614.5934,1.099000,5700.00,"Transit"
"Kepler-148","Kepler-148 c",3,4.18004300000,0.0500000000,3.60000000,1.76000000,-1.76000000,12.60000000,,,"M-R relationship",1.480000,187.1970,0.860000,5272.00,"Transit"
"KPS-1","KPS-1 b",1,1.70629100000,0.0269000000,11.54527000,1.45717000,-1.34508000,346.43470000,27.33338000,-27.65121000,"Mass",1.310000,729.0000,0.892000,5165.00,"Transit"
"Kepler-446","Kepler-446 d",3,5.14892100000,0.0403000000,1.35000000,0.22000000,-0.22000000,2.39000000,,,"M-R relationship",5.340000,3.3070,0.220000,3359.00,"Transit"
"HD 22946","TOI-411 c",3,9.57308300000,0.1017000000,2.32800000,0.03800000,-0.03900000,9.72000000,,,"Mass",3.150000,156.7500,1.098000,6169.00,"Transit"
"Kepler-361","Kepler-361 b",2,8.48661600000,0.0860000000,1.45000000,0.28000000,-0.28000000,2.70000000,,,"M-R relationship",4.870000,411.9050,1.191000,6169.00,"Transit"
"Kepler-47","Kepler-47 c",3,303.22700000000,0.9638000000,4.65000000,0.09000000,-0.07000000,3.17000000,2.18000000,-1.25000000,"Mass",0.170000,0.9037,0.957000,5636.00,"Transit"
"Kepler-198","Kepler-198 c",3,49.56741600000,0.2590000000,2.47000000,0.37000000,-0.37000000,6.66000000,,,"M-R relationship",2.430000,11.3540,0.995000,5574.00,"Transit"
"WASP-38","WASP-38 b",1,6.87188000000,0.0752200000,13.78707000,0.67254000,-0.67254000,1093.33520000,114.41880000,-114.41880000,"Mass",2.300000,501.5014,1.760000,6180.00,"Transit"
"WASP-193","WASP-193 b",1,6.24634750000,0.0668000000,14.78464554,0.62770292,-0.53803107,35.59678158,9.21702380,-10.80616584,"Mass",0.060000,402.0000,1.018000,6080.00,"Transit"
"Kepler-515","Kepler-515 b",1,19.96371318000,0.1333000000,1.46000000,0.06000000,-0.05000000,2.73000000,,,"M-R relationship",4.820000,47.9700,0.900000,5293.00,"Transit"
"TOI-3862","TOI-3862 b",1,1.55745774000,0.0253900000,5.53000000,0.18000000,-0.18000000,53.70000000,2.80000000,-2.90000000,"Mass",1.750000,358.8390,0.900000,5300.00,"Transit"
"Kepler-1343","Kepler-1343 b",1,3.35183158000,0.0449000000,1.93000000,0.25000000,-0.19000000,4.38000000,,,"M-R relationship",3.350000,1021.9040,0.950000,5759.00,"Transit"
"HD 39194","HD 39194 b",3,5.63692000000,0.0589500000,1.99000000,,,4.62000000,0.32000000,-0.32000000,"Msini",3.220000,112.2269,0.860000,5205.00,"Radial Velocity"
"GJ 806","GJ 806 b",2,0.92632370000,0.0140600000,1.33100000,0.02300000,-0.02300000,1.90000000,0.17000000,-0.17000000,"Mass",4.400000,130.0000,0.413000,3600.00,"Transit"
"Kepler-235","Kepler-235 c",4,7.82490400000,0.0650000000,1.28000000,0.08000000,-0.08000000,2.18000000,,,"M-R relationship",5.710000,14.2000,0.581000,4255.00,"Transit"
"TOI-1696","TOI-1696 b",1,2.50031100000,0.0229000000,3.09000000,0.11000000,-0.11000000,48.80000000,,,"Mass",9.440000,13.5000,0.255000,3185.00,"Transit"
"Kepler-1402","Kepler-1402 b",1,2.03387914000,0.0322000000,0.76000000,0.08000000,-0.07000000,0.36300000,,,"M-R relationship",4.540000,2491.1190,0.900000,5416.00,"Transit"
"HD 73526","HD 73526 c",2,379.10000000000,1.0300000000,13.30000000,,,715.09000000,41.32000000,-41.32000000,"Msini",1.670000,2.0521,1.014000,5601.00,"Radial Velocity"
"Kepler-252","Kepler-252 b",2,6.66839100000,0.0580000000,1.23000000,0.12000000,-0.12000000,2.04000000,,,"M-R relationship",6.020000,39.2640,0.610000,4208.00,"Transit"
"Kepler-521","Kepler-521 b",1,22.20813214000,0.1711600000,3.18000000,0.31000000,-0.23000000,10.20000000,,,"M-R relationship",1.740000,160.6120,1.340000,6406.00,"Transit"
"HD 95089","HD 95089 c",2,1785.00000000000,3.3300000000,13.10000000,,,1096.51350000,44.49620000,-44.49620000,"Msini",2.680000,1.2174,1.540000,4918.00,"Radial Velocity"
"HD 20781","HD 20781 d",5,29.15800000000,0.1647000000,3.25000000,,,10.61000000,1.20000000,-1.19000000,"Msini",1.700000,18.0638,0.700000,5256.00,"Radial Velocity"
"HD 204313","HD 204313 e",3,7325.64666000000,7.4570000000,12.20000000,,,4868.17771002,1554.18091023,-1647.30463348,"Mass",14.700000,0.0226,1.030000,5767.00,"Radial Velocity"
"HD 4203","HD 4203 b",2,431.88000000000,1.1700000000,13.30000000,,,708.76090000,66.74430000,-66.74430000,"Msini",1.660000,1.4338,1.250000,5596.00,"Radial Velocity"
"HD 94771","HD 94771 b",1,2164.00000000000,3.4800000000,14.20000000,,,169.00000000,9.00000000,-9.00000000,"Msini",0.324000,0.2710,1.200000,5631.00,"Radial Velocity"
"HD 7924","HD 7924 d",3,24.45100000000,0.1551000000,,,,1568.16536014,,,"Mass",,15.1700,0.832000,5075.00,"Radial Velocity"
"HD 211403","HD 211403 b",1,223.80000000000,0.7680000000,12.80000000,,,1760.76937478,123.95307873,-120.77479466,"Msini",4.610000,3.4400,1.200000,6273.00,"Radial Velocity"
"HD 39194","HD 39194 d",3,33.87400000000,0.1949000000,2.12000000,,,5.16000000,0.59000000,-0.59000000,"Msini",2.980000,10.2669,0.860000,5205.00,"Radial Velocity"
"Kepler-20","Kepler-20 d",6,77.61145500000,0.3474000000,2.60600000,0.05300000,-0.03900000,13.40000000,3.70000000,-3.60000000,"Mass",4.100000,5.7100,0.929000,5495.00,"Transit"
"TOI-1899","TOI-1899 b",1,29.09031200000,0.1525000000,11.09689089,0.33626942,-0.33626942,212.94503269,12.71313628,-12.71313628,"Mass",0.850000,3.4000,0.632000,3926.00,"Transit"
"HD 110067","HD 110067 b",6,9.11367800000,0.0793000000,2.20000000,0.03000000,-0.03000000,5.69000000,1.78000000,-1.82000000,"Mass",2.940000,69.0579,0.798000,5266.00,"Transit"
"HD 63935","HD 63935 b",2,9.05880700000,0.0830000000,2.91575244,0.09298372,-0.07706553,10.50000000,1.60000000,-1.50000000,"Mass",2.320000,115.6000,0.940600,5513.00,"Transit"
"EPIC 201841433","EPIC 201841433 b",1,4.16980000000,0.0350000000,1.04000000,0.03700000,-0.03200000,1.12000000,,,"M-R relationship",5.470000,189.3706,0.802000,5053.00,"Transit"
"Kepler-358","Kepler-358 c",2,83.48836900000,0.3810000000,2.85000000,1.43000000,-1.43000000,8.50000000,,,"M-R relationship",2.020000,6.5990,0.940000,5908.00,"Transit"
"TOI-332","TOI-332 b",1,0.77703800000,0.0159000000,3.20000000,0.16000000,-0.11000000,57.20000000,1.60000000,-1.60000000,"Mass",9.600000,4180.3200,0.880000,5251.00,"Transit"
"HD 110067","HD 110067 f",6,41.05854000000,0.2163000000,2.60100000,0.04200000,-0.04200000,5.04000000,1.89000000,-1.94000000,"Mass",1.570000,9.2821,0.798000,5266.00,"Transit"
"TOI-904","TOI-904 b",2,10.87720000000,0.0560000000,2.42600000,0.16300000,-0.15200000,6.46000000,,,"M-R relationship",2.490000,8.3169,0.557000,3770.20,"Transit"
"Kepler-271","Kepler-271 b",3,10.43547805000,0.0878400000,1.23000000,0.08000000,-0.07000000,2.04000000,,,"M-R relationship",6.020000,75.9570,0.900000,5555.00,"Transit"
"Kepler-993","Kepler-993 b",1,22.08557563000,0.1300000000,2.97000000,0.18000000,-0.12000000,9.11000000,,,"M-R relationship",1.910000,3.9540,0.570000,3843.00,"Transit"
"HAT-P-30","HAT-P-30 b",1,2.81060000000,0.0419000000,16.14096000,1.68135000,-1.68135000,263.79890000,57.20940000,-57.20940000,"Mass",0.309000,1467.9573,1.550000,6304.00,"Transit"
"WASP-43","WASP-43 b",1,0.81347500000,0.0142000000,10.42400000,0.78500000,-1.00900000,565.71400000,31.78200000,-31.78200000,"Mass",2.939000,680.8953,0.580000,4400.00,"Transit"
"LHS 3844","LHS 3844 b",1,0.46292970900,0.0062400000,1.28600000,0.04300000,-0.04400000,2.37000000,0.25000000,-0.25000000,"Mass",6.150000,73.6700,0.151000,3080.00,"Transit"
"HD 15337","HD 15337 b",2,4.75598040000,0.0524500000,1.77000000,0.03200000,-0.03000000,6.51900000,0.40900000,-0.40000000,"Mass",6.458000,404.5595,0.829000,5131.00,"Transit"
"HD 15337","HD 15337 c",2,17.18054600000,0.1235000000,2.52600000,0.08600000,-0.07500000,6.79200000,1.30200000,-1.14300000,"Mass",2.303000,45.0685,0.829000,5131.00,"Transit"
"AU Mic","AU Mic b",4,8.46344600000,0.0700000000,4.79000000,0.29000000,-0.29000000,8.99000000,2.61000000,-2.67000000,"Mass",0.490000,21.2000,0.635000,3540.00,"Transit"
"AU Mic","AU Mic c",4,18.85902300000,0.1190000000,2.79000000,0.18000000,-0.17000000,14.46000000,3.24000000,-3.42000000,"Mass",3.900000,7.3000,0.635000,3540.00,"Transit"
"AU Mic","AU Mic e",4,33.11000000000,,4.87000000,,,21.10000000,5.40000000,-4.30000000,"Mass",1.000000,,0.600000,3665.00,"Radial Velocity"
"AU Mic","AU Mic d",4,12.73596000000,,1.02000000,,,1.05300000,0.51100000,-0.51100000,"Mass",5.450000,,0.510000,3678.00,"Transit Timing Variations"
"TOI-260","TOI-260 b",1,13.47585300000,0.0943000000,1.71000000,0.08000000,-0.08000000,4.23000000,1.60000000,-1.60000000,"Mass",4.660000,10.1838,0.616000,4026.00,"Transit"
"LHS 1140","LHS 1140 c",2,3.77794000000,0.0270000000,1.27200000,0.02600000,-0.02600000,1.91000000,0.06000000,-0.06000000,"Mass",5.100000,5.3000,0.184400,3096.00,"Transit"
"Kepler-223","Kepler-223 e",4,19.72567000000,0.1448100000,4.60000000,0.27000000,-0.41000000,4.80000000,1.40000000,-1.20000000,"Mass",0.280000,119.8820,1.125000,5803.00,"Transit"
"GJ 160.2","GJ 160.2 b",1,5.23540000000,0.0530000000,3.17000000,,,10.20000000,7.20000000,-5.90000000,"Msini",1.760000,56.9598,0.690000,4347.00,"Radial Velocity"
"HAT-P-24","HAT-P-24 b",1,3.35524000000,0.0465100000,14.57170000,2.35389000,-2.35389000,238.37250000,79.45750000,-79.45750000,"Mass",0.440000,1294.9290,1.370000,6373.00,"Transit"
"Kepler-1103","Kepler-1103 b",1,19.79191978000,0.1533600000,2.27000000,0.61000000,-0.27000000,5.77000000,,,"M-R relationship",2.710000,160.2820,1.110000,6092.00,"Transit"
"HD 111232","HD 111232 b",2,1169.13202000000,2.1480000000,12.60000000,,,2531.50326176,358.51044310,-152.23980695,"Mass",6.950000,0.1496,0.960000,5512.00,"Radial Velocity"
"Kepler-765","Kepler-765 b",1,27.66552260000,0.1754000000,2.43000000,0.53000000,-0.22000000,6.48000000,,,"M-R relationship",2.480000,48.9470,1.050000,5901.00,"Transit"
"HD 5608","HD 5608 b",1,768.70000000000,1.7900000000,13.70000000,,,371.22357938,19.70536123,-18.11621920,"Msini",0.793000,4.4568,1.290000,4807.00,"Radial Velocity"
"NGTS-24","NGTS-24 b",1,3.46787960000,0.0479000000,13.60770257,0.65012088,-0.69495680,165.27077164,38.13940884,-34.96112477,"Mass",0.360000,391.8300,1.260000,5820.00,"Transit"
"EPIC 212424622","EPIC 212424622 b",1,18.09830000000,,2.17000000,0.67000000,-0.42000000,5.35000000,,,"M-R relationship",2.880000,,1.106000,5782.33,"Transit"
"HD 47366","HD 47366 b",2,360.08000000000,1.2070000000,13.40000000,,,661.71874337,31.46501229,-35.91460999,"Msini",1.510000,17.9154,1.810000,4866.00,"Radial Velocity"
"HD 122562","HD 122562 c",1,84.96276000000,0.4060000000,10.10000000,,,73.10053361,14.30227832,-20.65884645,"Msini",0.390000,15.4863,1.241000,4956.00,"Radial Velocity"
"HIP 39017","HIP 39017 b",1,31000.00000000000,22.1000000000,12.00000000,,,7500.75040520,2892.23850370,-2351.93021180,"Mass",23.900000,0.0115,1.520000,7201.00,"Imaging"
"b Cen A","b Cen AB b",1,1790000.00000000000,556.0000000000,12.40000000,,,3464.32963630,508.52545120,-508.52545120,"Mass",9.980000,,5.500000,,"Imaging"
"HD 167677","HD 167677 b",1,1820.00000000000,2.8770000000,13.20000000,,,905.81095995,301.93698665,-317.82840700,"Mass",2.160000,0.0891,0.960000,5474.00,"Radial Velocity"
"EPIC 212737443","EPIC 212737443 b",2,13.60300000000,0.0980000000,2.58600000,0.12600000,-0.12600000,7.20000000,,,"M-R relationship",2.290000,18.4919,0.690000,4684.00,"Transit"
"HD 158259","HD 158259 d",5,5.19808140000,,2.18000000,,,5.41000000,0.74000000,-0.71000000,"Msini",2.870000,,1.080000,5801.89,"Radial Velocity"
"TOI-159","TOI-159 b",1,3.76283960000,0.0560000000,18.18000000,0.16000000,-0.16000000,1110.00000000,79.00000000,-84.00000000,"Mass",1.020000,1797.8272,1.661000,7287.00,"Transit"
"HD 233604","HD 233604 b",1,192.00000000000,0.7470000000,12.70000000,,,2089.64400000,,,"Msini",5.610000,100.7764,1.500000,4791.00,"Radial Velocity"
"K2-217","K2-217 b",1,14.07452400000,,3.57854073,0.69817052,-0.48514712,12.50000000,,,"M-R relationship",1.500000,,1.102661,5967.00,"Transit"
"HIP 81208 C","HIP 81208 C b",1,104100.00000000000,23.0400000000,12.30000000,,,4703.86042360,127.13136280,-127.13136280,"Mass",13.900000,,0.135000,,"Imaging"
"Kepler-1003","Kepler-1003 b",1,3.55485691500,0.0433300000,1.78000000,0.48000000,-0.22000000,3.82000000,,,"M-R relationship",3.720000,814.9250,1.110000,6109.00,"Transit"
"Kepler-1123","Kepler-1123 b",1,4.33946454000,0.0497000000,1.67000000,0.25000000,-0.11000000,3.43000000,,,"M-R relationship",4.050000,190.0160,0.930000,5500.00,"Transit"
"TOI-1266","TOI-1266 b",3,10.89450000000,0.0730000000,2.52000000,0.08000000,-0.08000000,4.46000000,0.69000000,-0.69000000,"Mass",1.540000,4.7200,0.437000,3563.00,"Transit"
"Kepler-208","Kepler-208 c",4,7.46662300000,0.0790000000,1.39000000,0.26000000,-0.26000000,2.51000000,,,"M-R relationship",5.140000,300.1650,1.082000,6092.00,"Transit"
"Kepler-1734","Kepler-1734 b",1,6.79685020400,0.0714000000,3.08851092,,,9.74000000,,,"M-R relationship",1.820000,222.9100,1.050000,6061.00,"Transit"
"Kepler-1243","Kepler-1243 b",1,16.83207290000,0.1256000000,1.75000000,0.28000000,-0.17000000,3.71000000,,,"M-R relationship",3.800000,36.1620,0.960000,5667.00,"Transit"
"LHS 1903","LHS 1903 d",4,12.56628700000,0.0860400000,2.50000000,0.07800000,-0.07700000,5.96000000,1.15000000,-1.13000000,"Mass",2.090000,6.3500,0.538000,3664.00,"Transit"
"TOI-1694","TOI-1694 b",2,3.77013890000,0.0445000000,5.27000000,0.11000000,-0.11000000,28.24000000,1.05000000,-1.06000000,"Mass",1.062000,195.2882,0.828000,5005.00,"Transit"
"HD 219415","HD 219415 b",1,2093.30000000000,3.2000000000,13.80000000,,,317.83000000,,,"Msini",0.665000,0.4071,1.000000,4820.00,"Radial Velocity"
"TIC 38828280","TIC 38828280 b",1,4.85558984762,,2.62701629,0.83334438,-0.32055784,7.40000000,,,"M-R relationship",2.240000,,0.840000,5046.63,"Transit"
"TYC 0434-04538-1","TYC 0434-04538-1 b",1,193.20000000000,0.6600000000,12.70000000,,,1938.76300000,222.48100000,-222.48100000,"Msini",5.200000,107.3772,1.040000,4679.00,"Radial Velocity"
"Kepler-483","Kepler-483 b",1,30.22910400000,0.1947100000,3.21000000,0.68000000,-0.43000000,10.40000000,,,"M-R relationship",1.730000,61.4950,1.280000,6346.00,"Transit"
"Kepler-398","Kepler-398 b",3,4.08142300000,0.0440000000,0.93000000,0.10000000,-0.10000000,0.74900000,,,"M-R relationship",5.120000,81.2870,0.649000,4493.00,"Transit"
"Kepler-589","Kepler-589 b",2,16.54964934000,0.1196000000,2.27000000,0.18000000,-0.12000000,5.77000000,,,"M-R relationship",2.710000,32.1420,0.880000,5296.00,"Transit"
"Kepler-1522","Kepler-1522 b",1,1.84788917100,0.0288000000,1.73000000,0.23000000,-0.14000000,3.64000000,,,"M-R relationship",3.860000,1513.4570,0.960000,5706.00,"Transit"
"GJ 806","GJ 806 c",2,6.64064000000,0.0523000000,2.28000000,,,5.80000000,0.30000000,-0.30000000,"Msini",2.690000,9.5000,0.413000,3600.00,"Radial Velocity"
"HD 110067","HD 110067 d",6,20.51961700000,0.1362000000,2.85200000,0.03900000,-0.03900000,8.52000000,3.31000000,-3.25000000,"Mass",2.020000,23.4102,0.798000,5266.00,"Transit"
"BEBOP-4 A","BEBOP-4 AB b",1,1823.50000000000,3.6340000000,,,,8358.88710410,,,"Mass",,0.5477,1.507000,5701.43,"Radial Velocity"
"TOI-1238","TOI-1238 b",2,0.76459700000,0.0139000000,1.21000000,0.11000000,-0.10000000,3.76000000,1.15000000,-1.07000000,"Mass",11.700000,442.0000,0.590000,4089.00,"Transit"
"Kepler-186","Kepler-186 e",5,22.40770400000,0.1100000000,1.27000000,0.15000000,-0.14000000,2.15000000,,,"M-R relationship",5.770000,3.6080,0.478000,3788.00,"Transit"
"24 Sex","24 Sex c",2,883.00000000000,2.0800000000,13.90000000,,,273.32000000,111.24000000,-69.92000000,"Msini",0.559000,3.3719,1.540000,5098.00,"Radial Velocity"
"HATS-61","HATS-61 b",1,7.81795300000,0.0790800000,13.39475500,0.75100300,-0.75100300,1080.62200000,44.49620000,-44.49620000,"Mass",2.470000,374.2000,1.076000,5542.00,"Transit"
"HD 121504","HD 121504 b",1,63.33000000000,0.3300000000,13.60000000,,,479.92330000,41.31790000,-41.31790000,"Msini",1.050000,14.2224,1.620000,6027.00,"Radial Velocity"
"HD 35843","HD 35843 b",2,9.89910000000,0.0880000000,2.29000000,,,5.84000000,0.84000000,-0.84000000,"Msini",2.670000,96.8492,0.940000,5666.00,"Radial Velocity"
"LP 714-47","LP 714-47 b",1,4.05203700000,0.0417000000,4.70000000,0.30000000,-0.30000000,30.80000000,1.50000000,-1.50000000,"Mass",1.700000,38.5441,0.590000,3950.00,"Transit"
"Kepler-801","Kepler-801 b",1,11.41928253000,0.0795000000,2.00000000,0.08000000,-0.10000000,4.66000000,,,"M-R relationship",3.200000,14.4420,0.670000,4435.00,"Transit"
"Kepler-449","Kepler-449 c",2,33.67270000000,0.1979000000,2.76400000,0.08600000,-0.08600000,8.07000000,,,"M-R relationship",2.100000,45.0900,1.020000,5649.18,"Transit"
"TOI-2236","TOI-2236 b",1,3.53159020000,0.0500900000,14.36991326,0.35868738,-0.34747840,502.16888306,127.13136280,-123.95307873,"Mass",0.930000,1356.0000,1.343000,6248.00,"Transit"
"HD 63454","HD 63454 b",1,2.81805000000,0.0400000000,12.31000000,,,79.45750000,3.17830000,-3.17830000,"Msini",0.234000,159.9116,0.420000,4812.00,"Radial Velocity"
"Kepler-187","Kepler-187 c",2,10.64026300000,0.0990000000,2.67000000,0.52000000,-0.52000000,7.61000000,,,"M-R relationship",2.200000,324.1340,1.081000,6105.00,"Transit"
"Kepler-1994","Kepler-1994 b",1,4.61225043000,0.0530000000,0.51000000,0.06000000,-0.05000000,0.08700000,,,"M-R relationship",3.600000,268.2700,0.932000,5495.00,"Transit"
"HD 10442","HD 10442 b",1,1032.30000000000,2.0100000000,13.60000000,,,472.61321000,24.15508000,-24.15508000,"Msini",1.030000,0.5054,1.010000,4912.00,"Radial Velocity"
"K2-208","K2-208 b",1,4.19097000000,0.0487800000,1.67462172,0.12329879,-0.09191364,3.45000000,,,"M-R relationship",4.040000,264.3425,0.881000,5500.00,"Transit"
"Kepler-752","Kepler-752 b",1,18.82747265000,0.1353000000,2.81000000,0.26000000,-0.21000000,8.30000000,,,"M-R relationship",2.060000,45.2780,0.870000,5373.00,"Transit"
"Kepler-1760","Kepler-1760 b",1,38.32609940000,0.2084000000,2.28995546,,,5.86000000,,,"M-R relationship",2.680000,12.5600,0.821000,5229.00,"Transit"
"HATS-13","HATS-13 b",1,3.04404990000,0.0405700000,13.58530800,0.39231500,-0.39231500,172.58169000,22.88376000,-22.88376000,"Mass",0.377000,315.9878,0.962000,5523.00,"Transit"
"Kepler-1591","Kepler-1591 b",1,8.18504949000,0.0794000000,1.27000000,0.41000000,-0.19000000,2.15000000,,,"M-R relationship",5.770000,439.4340,1.100000,6082.00,"Transit"
"Kepler-1057","Kepler-1057 b",1,14.08827448000,0.1138000000,3.36000000,1.10000000,-0.52000000,11.20000000,,,"M-R relationship",1.620000,69.2130,1.070000,5987.00,"Transit"
"K2-111","K2-111 b",2,5.35189630000,0.0565000000,1.83700000,0.07600000,-0.07100000,5.35000000,0.68000000,-0.69000000,"Mass",5.065359,490.0000,0.840000,5775.00,"Transit"
"Kepler-1105","Kepler-1105 b",1,4.42157218200,0.0471000000,2.01000000,0.06000000,-0.25000000,4.70000000,,,"M-R relationship",3.180000,47.1800,0.710000,4299.00,"Transit"
"Kepler-742","Kepler-742 b",1,8.36086823800,0.0744000000,3.24000000,0.11000000,-0.17000000,10.60000000,,,"M-R relationship",1.710000,38.1010,0.760000,4642.00,"Transit"
"TOI-544","TOI-544 b",2,1.54835200000,0.0225000000,2.01800000,0.07600000,-0.07600000,2.89000000,0.48000000,-0.48000000,"Mass",1.930000,240.1950,0.631000,4169.00,"Transit"
"Kepler-1540","Kepler-1540 b",1,125.41311770000,0.4426000000,2.49000000,0.19000000,-0.14000000,6.76000000,,,"M-R relationship",2.410000,0.8490,0.740000,4540.00,"Transit"
"Kepler-1095","Kepler-1095 b",1,4.27103091000,0.0514000000,1.21000000,0.20000000,-0.12000000,1.92000000,,,"M-R relationship",5.960000,356.5400,0.940000,5658.00,"Transit"
"HAT-P-28","HAT-P-28 b",1,3.25721500000,0.0434000000,13.58500000,1.26700000,-0.91900000,198.95300000,11.75900000,-11.75900000,"Mass",0.440000,554.7122,1.025000,5680.00,"Transit"
"TOI-1232","TOI-1232 c",2,30.35600000000,0.1940000000,8.88000000,,,58.48042689,6.99222495,-8.26353858,"Mass",0.459000,31.4327,1.058000,5823.00,"Transit Timing Variations"
"HD 105618","HD 105618 b",2,10.02245000000,0.0910000000,5.44000000,,,25.42627256,2.22479885,-2.54262726,"Msini",0.868000,182.6347,1.010000,5671.00,"Radial Velocity"
"TOI-6080","TOI-6080 b",1,8.05562348084,,3.32424168,0.51660099,-0.35570788,11.00000000,,,"M-R relationship",1.650000,168.8120,1.010000,5775.46,"Transit"
"GJ 422","GJ 422 b",1,20.12900000000,0.1110000000,3.33000000,,,11.07000000,1.12000000,-1.12000000,"Msini",1.650000,0.8928,0.350000,3323.00,"Radial Velocity"
"HD 48948","HD 48948 b",3,7.34013000000,0.0652000000,2.06000000,,,4.88000000,0.21000000,-0.21000000,"Msini",3.070000,138.8500,0.686000,4593.00,"Radial Velocity"
"Kepler-1748","Kepler-1748 b",1,5.82352018400,0.0615000000,2.71275017,,,7.81000000,,,"M-R relationship",2.150000,196.3300,0.916000,5774.00,"Transit"
"Kepler-1347","Kepler-1347 b",1,14.00947528000,0.1040000000,1.03000000,0.06000000,-0.05000000,1.08000000,,,"M-R relationship",5.430000,34.3200,0.820000,5193.00,"Transit"
"Kepler-186","Kepler-186 f",5,129.94410000000,0.4320000000,1.17000000,0.08000000,-0.08000000,1.71000000,,,"M-R relationship",5.870000,0.3000,0.544000,3755.00,"Transit"
"HD 21693","HD 21693 b",2,22.67860000000,0.1455000000,2.80000000,,,8.23000000,1.08000000,-1.05000000,"Msini",2.060000,29.2864,0.800000,5430.00,"Radial Velocity"
"Kepler-1383","Kepler-1383 b",1,13.90935830000,0.1139700000,1.41000000,0.63000000,-0.29000000,2.57000000,,,"M-R relationship",5.040000,231.3960,1.260000,6370.00,"Transit"
"14 And","14 And b",1,186.76000000000,0.7750000000,13.10000000,,,1131.15130051,36.23243840,-38.77506565,"Msini",2.760000,115.1634,1.780000,4888.00,"Radial Velocity"
"TOI-2048","TOI-2048 b",1,13.79019000000,,2.61000000,0.17000000,-0.16000000,7.32000000,,,"M-R relationship",2.260000,29.0350,0.830000,5185.00,"Transit"
"Kepler-1708","Kepler-1708 b",1,737.11310000000,1.6400000000,9.96000000,0.60000000,-0.59000000,1462.01067220,,,"Mass",,0.5610,1.088000,6157.00,"Transit"
"WASP-173 A","WASP-173 A b",1,1.38665318000,0.0248000000,13.45080000,0.67254000,-0.67254000,1172.79270000,57.20940000,-57.20940000,"Mass",2.840000,1920.0000,1.050000,5800.00,"Transit"
"Kepler-800","Kepler-800 b",1,14.13176026000,0.1106000000,2.85000000,0.34000000,-0.26000000,8.50000000,,,"M-R relationship",2.020000,44.8720,0.850000,5315.00,"Transit"
"HD 79498","HD 79498 b",1,1807.00000000000,2.9800000000,13.60000000,,,425.89220000,66.74430000,-66.74430000,"Msini",0.930000,0.1207,1.080000,5748.00,"Radial Velocity"
"HD 74156","HD 74156 c",2,2448.48726000000,3.6780000000,12.50000000,,,2753.98314665,440.19234369,-149.37935129,"Mass",7.750000,0.1860,1.100000,6068.00,"Radial Velocity"
"Kepler-654","Kepler-654 b",1,13.72465129000,0.1166400000,2.07000000,0.37000000,-0.26000000,4.94000000,,,"M-R relationship",3.060000,229.3110,1.040000,5865.00,"Transit"
"WASP-192","WASP-192 b",1,2.87867650000,0.0408000000,13.78707000,0.89672000,-0.89672000,731.00900000,50.85280000,-50.85280000,"Mass",1.620000,471.1420,1.090000,5910.00,"Transit"
"TOI-4552","TOI-4552 b",1,0.30110032000,0.0056255000,1.11000000,0.04000000,-0.04000000,1.83000000,0.47000000,-0.47000000,"Mass",7.740000,263.0000,0.261900,3258.00,"Transit"
"TOI-4311","TOI-4311 b",2,0.99027380000,0.0181700000,1.37600000,0.07700000,-0.08000000,4.50000000,1.50000000,-1.40000000,"Mass",9.300000,1273.0000,0.816000,5063.00,"Transit"
"TOI-5624","TOI-5624 d",5,13.73146800000,0.1067000000,3.58400000,0.05100000,-0.05000000,4.90000000,2.20000000,-2.20000000,"Mass",0.590000,157.0550,0.858000,5327.00,"Transit"
"Kepler-788","Kepler-788 b",1,8.39846269000,0.0835000000,2.55000000,0.90000000,-0.40000000,7.04000000,,,"M-R relationship",2.330000,357.1910,1.160000,6159.00,"Transit"
"GJ 229","GJ 229 b",2,579.47495000000,1.0860000000,3.97000000,,,14.93793513,0.95348522,-1.27131363,"Msini",1.310000,0.0237,0.509000,3564.00,"Radial Velocity"
"Kepler-745","Kepler-745 b",1,9.93143556000,0.0915000000,2.16000000,0.58000000,-0.22000000,5.31000000,,,"M-R relationship",2.900000,286.0260,1.040000,5849.00,"Transit"
"Kepler-203","Kepler-203 c",3,5.37064700000,0.0610000000,2.47000000,0.47000000,-0.47000000,749.90000000,419.10000000,-344.70000000,"Mass",273.000000,329.7880,1.060000,5821.00,"Transit"
"Kepler-864","Kepler-864 b",2,5.83376092000,0.0687000000,2.40000000,0.63000000,-0.22000000,6.35000000,,,"M-R relationship",2.520000,464.7650,1.000000,5754.00,"Transit"
"Kepler-618","Kepler-618 b",1,3.59576964500,0.0449000000,2.60000000,0.78000000,-0.41000000,7.27000000,,,"M-R relationship",2.270000,677.5690,1.050000,5860.00,"Transit"
"CoRoT-19","CoRoT-19 b",1,3.89713000000,0.0518000000,14.46000000,0.34000000,-0.34000000,352.78000000,19.07000000,-19.07000000,"Mass",0.710000,1103.8090,1.210000,6090.00,"Transit"
"TOI-782","TOI-782 b",1,8.02400150000,0.0578000000,2.73400000,0.08500000,-0.08500000,19.10000000,,,"Mass",,5.9100,0.397000,3370.00,"Transit"
"TOI-530","TOI-530 b",1,6.38759700000,0.0520000000,9.30345398,0.67253884,-0.67253884,127.13136280,28.60455663,-31.78284070,"Mass",0.930000,14.2590,0.530000,3659.00,"Transit"
"Kepler-322","Kepler-322 b",2,1.65388800000,0.0270000000,1.01000000,0.11000000,-0.11000000,1.01000000,,,"M-R relationship",5.390000,735.1790,0.908000,5388.00,"Transit"
"Kepler-944","Kepler-944 b",1,43.31677370000,0.2288000000,2.63000000,0.27000000,-0.21000000,7.41000000,,,"M-R relationship",2.240000,20.1740,0.860000,5409.00,"Transit"
"TOI-663","TOI-663 b",3,2.59890200000,0.0295000000,2.27000000,0.10000000,-0.09000000,4.45000000,0.63000000,-0.66000000,"Mass",2.070000,49.1000,0.514000,3681.00,"Transit"
"HATS-50","HATS-50 b",1,3.82970150000,0.0504600000,12.66617000,0.84067500,-0.84067500,123.95370000,31.78300000,-31.78300000,"Mass",0.330000,625.3023,1.168000,5990.00,"Transit"
"TOI-4308","TOI-4308 b",1,9.15120100000,,2.41890000,0.11950000,-0.13330000,6.43000000,,,"M-R relationship",2.500000,55.3616,0.900000,5243.00,"Transit"
"WASP-175","WASP-175 b",1,3.06529070000,0.0440300000,13.54047200,0.90792900,-0.90792900,314.65170000,41.31790000,-41.31790000,"Mass",0.740000,649.4290,1.212000,6229.00,"Transit"
"HD 1605","HD 1605 c",2,2149.00000000000,3.5840000000,13.00000000,,,1150.54460000,73.10090000,-73.10090000,"Msini",2.880000,0.5026,1.330000,4915.00,"Radial Velocity"
"Kepler-1672","Kepler-1672 b",1,150.87800000000,0.5537400000,2.97022762,,,9.11000000,,,"M-R relationship",1.910000,4.4000,1.160000,6131.95,"Transit"
"TOI-6677","TOI-6677 b",1,5.45060661625,,5.83507112,0.48105878,-0.45960389,28.70000000,,,"M-R relationship",0.794000,2.0900,1.450000,6572.28,"Transit"
"K2-190","K2-190 b",2,10.09885800000,,1.35673729,0.17627893,-0.10181450,2.41000000,,,"M-R relationship",5.300000,,0.904597,5631.00,"Transit"
"tau Gem","tau Gem b",1,305.50000000000,1.1700000000,12.10000000,,,6547.00000000,,,"Msini",20.300000,241.3109,2.300000,4388.00,"Radial Velocity"
"Kepler-211","Kepler-211 c",2,6.04045000000,0.0620000000,1.29000000,0.09000000,-0.09000000,18.30000000,22.40000000,-17.00000000,"Mass",46.800000,95.4360,0.867000,5123.00,"Transit"
"Kepler-1134","Kepler-1134 b",1,17.13263989000,0.1242000000,2.64000000,0.21000000,-0.26000000,7.46000000,,,"M-R relationship",2.230000,29.8640,0.840000,5281.00,"Transit"
"Kepler-1479","Kepler-1479 b",1,14.53261362000,0.1134100000,1.83000000,0.30000000,-0.16000000,4.01000000,,,"M-R relationship",3.600000,98.5740,0.990000,5796.00,"Transit"
"HD 141937","HD 141937 b",1,662.37000000000,1.5400000000,12.40000000,,,3591.46099910,158.91420350,-158.91420350,"Mass",10.400000,0.4436,1.090000,5870.00,"Radial Velocity"
"TOI-5489","TOI-5489 b",2,3.15222000000,,1.40000000,0.05000000,-0.05000000,2.54000000,,,"M-R relationship",5.090000,25.1137,0.410000,3547.00,"Transit"
"HD 112570","HD 112570 b",1,2615.00000000000,3.9000000000,13.10000000,,,1086.97315194,444.95976980,-266.97586188,"Mass",2.660000,2.9139,1.150000,4750.00,"Radial Velocity"
"Kepler-336","Kepler-336 b",3,2.02482300000,0.0330000000,1.02000000,0.19000000,-0.19000000,1.04000000,,,"M-R relationship",5.390000,1652.5000,1.090000,5867.00,"Transit"
"KIC 8121913","KIC 8121913 b",1,3.29460100000,,13.40000000,,,667.43965470,127.13136280,-127.13136280,"Msini",1.520000,,1.456000,5975.30,"Orbital Brightness Modulation"
"HD 99109","HD 99109 b",1,439.29999000000,1.1100000000,14.30000000,,,139.84520000,25.42640000,-25.42640000,"Msini",0.263000,0.5465,0.760000,5282.00,"Radial Velocity"
"Kepler-1282","Kepler-1282 b",1,2.13194651300,0.0335000000,1.55000000,0.21000000,-0.11000000,3.02000000,,,"M-R relationship",4.460000,672.5320,0.920000,5504.00,"Transit"
"K2-35","K2-35 b",2,2.39996400000,0.0310000000,1.32000000,0.08000000,-0.08000000,2.30000000,,,"M-R relationship",5.500000,211.0000,0.701968,4402.71,"Transit"
"K2-268","K2-268 c",5,9.32752700000,0.0819000000,2.69000000,0.77000000,-0.21000000,7.70000000,,,"M-R relationship",2.170000,55.4636,0.840000,5106.00,"Transit"
"HD 152581","HD 152581 b",1,686.50000000000,1.6600000000,13.40000000,,,594.02427000,22.56593000,-22.56593000,"Msini",1.360000,5.4072,1.300000,5027.00,"Radial Velocity"
"HD 40307","HD 40307 d",5,20.43200000000,0.1321000000,,,,1775.38948150,,,"Mass",,13.1581,0.770000,4956.00,"Radial Velocity"
"Kepler-194","Kepler-194 b",3,2.09228100000,0.0320000000,1.51000000,0.79000000,-0.79000000,2.89000000,,,"M-R relationship",4.610000,953.1730,0.940000,6089.00,"Transit"
"Kepler-157","Kepler-157 d",3,7.02573474000,0.0706000000,1.46000000,0.16000000,-0.10000000,2.73000000,,,"M-R relationship",4.820000,244.0580,1.020000,5866.00,"Transit"
"Kepler-1371","Kepler-1371 b",2,3.44620390000,0.0421400000,0.73000000,0.08000000,-0.05000000,0.31500000,,,"M-R relationship",4.450000,414.7650,0.870000,5361.00,"Transit"
"Kepler-1104","Kepler-1104 b",1,5.03728015000,0.0632100000,1.23000000,0.14000000,-0.10000000,2.04000000,,,"M-R relationship",6.020000,813.5240,1.300000,6417.00,"Transit"
"Kepler-87","Kepler-87 c",2,191.23180000000,0.6760000000,6.14000000,0.29000000,-0.29000000,6.40000000,0.80000000,-0.80000000,"Mass",0.152000,4.6560,1.100000,5600.00,"Transit"
"Kepler-74","Kepler-74 b",1,7.34071100000,0.0781000000,10.76000000,0.22000000,-0.22000000,200.22000000,38.14000000,-38.14000000,"Mass",0.880000,337.6820,1.180000,6000.00,"Transit"
"TOI-4961","TOI-4961 b",1,7.47918200000,0.0726000000,12.34108775,0.45956821,-0.43715025,572.09113260,66.74396547,-73.10053361,"Mass",1.670000,115.0000,0.912000,5380.00,"Transit"
"LHS 3154","LHS 3154 b",1,3.71778000000,0.0226200000,3.69000000,,,13.15000000,0.84000000,-0.82000000,"Msini",1.440000,3.7134,0.111800,2861.00,"Radial Velocity"
"Kepler-344","Kepler-344 b",2,21.96394500000,0.1530000000,2.61000000,1.22000000,-1.22000000,7.32000000,,,"M-R relationship",2.260000,27.3270,0.931000,5774.00,"Transit"
"Kepler-1907","Kepler-1907 b",2,5.65245008500,0.0544400000,0.86973029,,,0.58900000,,,"M-R relationship",4.920000,75.0000,0.752000,5159.00,"Transit"
"Kepler-291","Kepler-291 b",2,3.54651100000,0.0470000000,2.16000000,0.94000000,-0.94000000,5.31000000,,,"M-R relationship",2.900000,627.3740,1.023000,6002.00,"Transit"
"K2-383","K2-383 b",1,1.86596200000,,1.56400000,0.11800000,-0.10600000,3.07000000,,,"M-R relationship",4.410000,,1.061000,5129.00,"Transit"
"TOI-2266","TOI-2266 b",1,2.32631800000,0.0200000000,1.54000000,0.09000000,-0.09000000,2.99000000,,,"M-R relationship",4.500000,13.0000,0.230000,3200.00,"Transit"
"HAT-P-3","HAT-P-3 b",1,2.89970000000,0.0386600000,10.53646000,0.78463000,-0.78463000,206.58950000,34.96130000,-34.96130000,"Mass",0.855000,176.5870,1.060000,5185.00,"Transit"
"Kepler-454","Kepler-454 d",3,4073.00000000000,5.1000000000,13.30000000,,,734.18362017,85.81366989,-50.85254512,"Msini",1.710000,0.0434,1.030000,5687.00,"Radial Velocity"
"Kepler-529","Kepler-529 d",3,35.86619949000,0.2134000000,2.79502603,,,8.22000000,,,"M-R relationship",2.070000,37.9200,1.005000,6078.00,"Transit"
"Kepler-299","Kepler-299 e",4,38.28548900000,0.2200000000,1.87000000,0.39000000,-0.39000000,4.16000000,,,"M-R relationship",3.500000,20.1740,1.004000,5617.00,"Transit"
"Kepler-6","Kepler-6 b",1,3.23469960000,0.0485200000,14.61653600,0.20176200,-0.36989700,212.31044000,12.07754000,-11.12405000,"Mass",0.400000,792.2180,1.209000,5647.00,"Transit"
"Kepler-1265","Kepler-1265 b",1,6.49441289000,0.0612000000,1.35000000,0.07000000,-0.13000000,2.39000000,,,"M-R relationship",5.340000,58.1500,0.710000,4630.00,"Transit"
"Kepler-296","Kepler-296 d",5,19.85029100000,0.1180000000,2.09000000,0.33000000,-0.32000000,5.02000000,,,"M-R relationship",1.900000,2.9000,0.498000,3740.00,"Transit"
"TOI-4504","TOI-4504 d",3,40.56340000000,0.2219000000,13.60000000,,,450.23572136,20.69062930,-20.56349793,"Mass",0.984000,12.5915,0.890000,5315.00,"Transit Timing Variations"
"K2-400","K2-400 b",1,3.86505300000,,1.16300000,0.05100000,-0.04900000,1.67000000,,,"M-R relationship",5.830000,,0.374000,3578.00,"Transit"
"Kepler-1497","Kepler-1497 b",1,8.74199772000,0.0817000000,1.66000000,0.29000000,-0.16000000,3.39000000,,,"M-R relationship",4.070000,172.3800,0.960000,5675.00,"Transit"
"HD 183263","HD 183263 c",2,4667.97841000000,5.5850000000,12.50000000,,,2958.98246917,483.73483545,-579.08335755,"Mass",8.320000,0.0570,1.060000,5948.00,"Radial Velocity"
"TOI-1301","TOI-1301.01",1,6.09640720900,0.0598660000,2.47700000,0.19600000,-0.17700000,6.70000000,,,"M-R relationship",2.420000,72.5500,0.770000,4820.00,"Transit"
"TOI-6383 A","TOI-6383 A b",1,1.79058695000,0.0229200000,11.29000000,0.41000000,-0.37000000,331.00000000,30.00000000,-30.00000000,"Mass",1.260000,51.3000,0.458000,3444.00,"Transit"
"Kepler-373","Kepler-373 b",2,5.53530900000,0.0600000000,1.36000000,0.67000000,-0.67000000,2.42000000,,,"M-R relationship",5.290000,453.8720,0.981000,5787.00,"Transit"
"GJ 876","GJ 876 b",4,61.11660000000,0.2083170000,13.30000000,,,723.22350000,1.43020000,-1.43020000,"Mass",1.690000,0.2857,0.320000,3293.74,"Radial Velocity"
"TOI-564","TOI-564 b",1,1.65114400000,0.0273400000,11.43318000,7.95839000,-3.25061000,464.98529000,31.78300000,-30.51168000,"Mass",1.700000,1423.0000,0.998000,5640.00,"Transit"
"HD 331093","HD 331093 b",1,621.62000000000,1.4400000000,13.60000000,,,476.74261050,34.96112477,-34.96112477,"Msini",1.040000,0.4895,1.030000,5544.00,"Radial Velocity"
"Kepler-58","Kepler-58 d",4,40.10137100000,0.2360000000,2.94000000,1.40000000,-1.40000000,245.34300000,,,"Mass",0.530000,18.2440,1.024000,6099.00,"Transit"
"HD 48265","HD 48265 c",2,10418.00000000000,10.4000000000,12.90000000,,,1414.33641115,238.37130525,-117.59651059,"Mass",3.620000,0.0355,1.380000,5805.00,"Radial Velocity"
"NGTS-23","NGTS-23 b",1,4.07643260000,0.0504000000,14.20177855,0.33626942,-0.33626942,194.82881349,30.82935548,-30.82935548,"Mass",0.374000,815.7013,1.010000,6057.00,"Transit"
"Kepler-1461","Kepler-1461 b",1,29.34947750000,0.1715000000,2.03000000,0.09000000,-0.16000000,4.78000000,,,"M-R relationship",3.140000,8.8800,0.790000,4919.00,"Transit"
"Kepler-122","Kepler-122 e",5,37.99327300000,0.2270000000,2.60000000,0.54000000,-0.54000000,27.70000000,11.40000000,-9.80000000,"Mass",8.660000,36.2990,0.982000,6050.00,"Transit"
"HD 23596","HD 23596 b",1,1535.11912000000,2.6940000000,12.40000000,,,3786.60764100,314.65012293,-561.92062358,"Mass",10.900000,0.3957,1.100000,6040.00,"Radial Velocity"
"TOI-5624","TOI-5624 e",5,21.48993600000,0.1439000000,3.24700000,0.04200000,-0.04300000,8.90000000,2.90000000,-3.00000000,"Mass",1.460000,21.9904,0.858000,5327.00,"Transit"
"K2-407","K2-407 c",2,9.22453000000,,1.36000000,0.09600000,-0.08800000,2.42000000,,,"M-R relationship",5.290000,,0.881000,5563.00,"Transit"
"Kepler-208","Kepler-208 d",4,11.13178600000,0.1030000000,1.20000000,0.23000000,-0.23000000,1.87000000,,,"M-R relationship",5.950000,176.2830,1.082000,6092.00,"Transit"
"Kepler-1129","Kepler-1129 c",2,76.53695860000,0.3536700000,2.73000000,0.46000000,-0.27000000,7.90000000,,,"M-R relationship",2.130000,7.0060,1.000000,5831.00,"Transit"
"HD 108874","HD 108874 b",2,394.48123000000,1.0400000000,13.60000000,,,451.31860000,28.60470000,-28.60470000,"Msini",0.986000,0.9230,1.100000,5600.00,"Radial Velocity"
"HD 125271","HD 125271 b",1,14901.99295000000,10.8170000000,12.40000000,,,3465.60094993,596.24609153,-398.23899397,"Mass",9.990000,0.0021,0.750000,4703.93,"Radial Velocity"
"GPX-1","GPX-1 b",1,1.74457900000,0.0338000000,16.47720163,1.12089807,-1.12089807,6261.21961790,508.52545120,-508.52545120,"Mass",8.222423,4650.0000,1.680000,7000.00,"Transit"
"Kepler-489","Kepler-489 b",1,17.27629611900,0.1210900000,7.72000000,0.17000000,-0.20000000,46.10000000,,,"M-R relationship",0.551000,20.6180,0.820000,5014.00,"Transit"
"Kepler-839","Kepler-839 b",1,37.81445140000,0.2316000000,2.57000000,0.41000000,-0.25000000,7.13000000,,,"M-R relationship",2.310000,46.3030,1.220000,6058.00,"Transit"
"K2-259","K2-259 b",1,15.48043000000,0.1271000000,2.32000000,0.20000000,-0.17000000,5.99000000,,,"M-R relationship",2.640000,90.9529,1.140000,6059.00,"Transit"
"HD 171028","HD 171028 b",1,550.00000000000,1.3200000000,13.20000000,,,832.71460000,50.85280000,-50.85280000,"Msini",1.990000,3.1028,1.530000,5671.00,"Radial Velocity"
"NGTS-3 A","NGTS-3 A b",1,1.67537280000,0.0230000000,16.58932000,4.14733000,-4.14733000,756.43540000,82.63580000,-82.63580000,"Mass",0.310000,1000.5679,1.017000,5600.00,"Transit"
"TOI-6041","TOI-6041 b",2,26.04945000000,0.1651000000,4.55000000,0.18000000,-0.17000000,28.90000000,,,"Mass",1.790000,22.4000,0.885000,5445.00,"Transit"
"HD 11506","HD 11506 c",3,223.92000000000,0.7710000000,14.00000000,,,127.13136280,6.35656814,-6.35656814,"Msini",0.255000,3.6537,1.220000,6123.00,"Radial Velocity"
"Kepler-820","Kepler-820 b",1,127.83380980000,0.5600400000,6.09000000,2.68000000,-0.89000000,30.80000000,,,"M-R relationship",0.749000,16.2280,1.230000,6260.00,"Transit"
"Kepler-416","Kepler-416 c",3,12.20900000000,0.1045400000,2.35200000,0.08100000,-0.08100000,6.13000000,,,"M-R relationship",2.590000,93.0720,1.000000,5718.00,"Transit Timing Variations"
"HD 86065","HD 86065 b",1,25775.78859000000,15.9470000000,12.50000000,,,2877.30056857,854.95841483,-815.86552077,"Mass",8.100000,0.0013,0.810000,4927.56,"Radial Velocity"
"Kepler-861","Kepler-861 b",1,3.94963137500,0.0463000000,2.28000000,0.12000000,-0.13000000,5.82000000,,,"M-R relationship",2.700000,197.2900,0.820000,5047.00,"Transit"
"HD 202206","HD 202206 c",1,1260.00000000000,2.4100000000,12.20000000,,,5689.15700000,921.70700000,-572.09400000,"Mass",17.200000,0.1866,1.070000,5766.00,"Radial Velocity"
"EPIC 201427007","EPIC 201427007 b",1,0.72091000000,,1.50000000,0.20000000,-0.20000000,2.86000000,,,"M-R relationship",4.660000,,0.930000,5633.00,"Transit"
"LHS 1903","LHS 1903 e",4,29.31773000000,0.1513500000,1.73200000,0.05900000,-0.05800000,5.79000000,1.60000000,-1.61000000,"Mass",6.100000,2.0500,0.538000,3664.00,"Transit"
"IC 4651 9122","IC 4651 9122 b",1,734.00000000000,2.0380000000,12.70000000,,,2002.32900000,158.91500000,-158.91500000,"Msini",5.370000,10.4109,2.100000,4740.10,"Radial Velocity"
"K2-115","K2-115 b",1,20.27299140000,0.1415000000,11.80305668,0.33626942,-0.31385146,321.00669107,69.92224954,-73.10053361,"Mass",1.070000,20.4393,0.918000,5870.00,"Transit"
"TOI-5573","TOI-5573 b",1,8.79758977000,0.0712000000,9.75000000,0.47000000,-0.47000000,112.00000000,18.00000000,-19.00000000,"Mass",0.661000,12.9200,0.619000,3790.00,"Transit"
"HD 13931","HD 13931 b",1,4218.00000000000,5.1500000000,13.20000000,,,889.91953960,257.44100967,-203.41018048,"Mass",2.130000,0.0592,1.300000,5867.00,"Radial Velocity"
"Kepler-1785","Kepler-1785 b",1,19.58550072000,0.1391700000,2.70422447,,,7.77000000,,,"M-R relationship",2.160000,47.3000,0.911000,5618.00,"Transit"
"HIP 19976","HIP 19976 b",1,50.65905000000,0.2340000000,4.94000000,,,21.61233168,2.86045566,-5.08525451,"Msini",0.985000,3.4055,0.670000,4316.00,"Radial Velocity"
"Kepler-1216","Kepler-1216 b",1,4.37034536000,0.0519000000,1.39000000,0.22000000,-0.11000000,2.51000000,,,"M-R relationship",5.140000,415.5530,0.990000,5743.00,"Transit"
"Kepler-1301","Kepler-1301 b",1,9.08237046000,0.0815000000,1.40000000,0.13000000,-0.08000000,2.54000000,,,"M-R relationship",5.090000,76.1390,0.850000,5188.00,"Transit"
"K2-350","K2-350 c",2,19.99194400000,,2.74000000,0.25000000,-0.18000000,7.95000000,,,"M-R relationship",2.120000,,0.980000,5789.00,"Transit"
"Kepler-755","Kepler-755 b",2,1.26909037400,0.0215600000,1.76000000,0.06000000,-0.31000000,3.75000000,,,"M-R relationship",3.780000,889.8880,0.820000,5043.00,"Transit"
"TOI-5624","TOI-5624 b",5,3.39034730000,0.0420100000,2.31400000,0.03500000,-0.03500000,9.40000000,1.40000000,-1.40000000,"Mass",4.000000,251.1030,0.858000,5327.00,"Transit"
"Kepler-125","Kepler-125 c",2,5.77446400000,0.0510000000,0.74000000,0.05000000,-0.05000000,0.33000000,,,"M-R relationship",4.470000,16.8100,0.542101,3810.00,"Transit"
"HD 73583","HD 73583 b",2,6.39804200000,0.0604000000,2.79000000,0.10000000,-0.10000000,10.20000000,3.40000000,-3.10000000,"Mass",2.580000,43.3000,0.730000,4511.00,"Transit"
"HD 18599","HD 18599 b",1,4.13743540000,0.0480000000,2.60000000,0.15000000,-0.13000000,24.10000000,7.10000000,-7.70000000,"Mass",7.500000,145.0000,0.863000,5145.00,"Transit"
"K2-73","K2-73 c",2,1000.00000000000,,13.00000000,,,1142.00000000,53.00000000,-45.00000000,"Msini",2.860000,0.2850,1.020000,5867.00,"Radial Velocity"
"TOI-2654","TOI-2654 b",1,2.96760425926,,7.94454164,0.56556315,-0.54463645,48.40000000,,,"M-R relationship",0.530000,75.0167,0.690000,4594.08,"Transit"
"Kepler-1552","Kepler-1552 b",1,184.77185300000,0.6011000000,2.47000000,0.11000000,-0.10000000,6.66000000,,,"M-R relationship",2.430000,1.8540,0.850000,5202.00,"Transit"
"HD 33142","HD 33142 d",3,89.90000000000,0.4520000000,9.32000000,,,63.56568140,6.35656814,-9.53485221,"Msini",0.431000,48.9956,1.520000,5025.40,"Radial Velocity"
"HD 24040","HD 24040 c",2,515.40000000000,1.3000000000,9.35000000,,,63.88350981,8.58136699,-8.58136699,"Msini",0.429000,1.1163,1.103940,5776.49,"Radial Velocity"
"Kepler-1875","Kepler-1875 b",1,34.45859909000,0.2039000000,3.22686692,,,10.50000000,,,"M-R relationship",1.720000,23.0500,0.950000,6161.00,"Transit"
"Kepler-1642","Kepler-1642 b",2,12.20575130000,0.1016000000,3.20000000,0.34000000,-0.25000000,10.30000000,,,"M-R relationship",1.730000,39.9150,0.880000,5355.00,"Transit"
"Kepler-653","Kepler-653 b",2,14.70748976000,0.1194500000,1.95000000,0.29000000,-0.26000000,4.46000000,,,"M-R relationship",3.310000,90.3840,1.020000,5665.00,"Transit"
"TOI-4184","TOI-4184 b",1,4.90198040000,0.0336000000,2.43000000,0.21000000,-0.21000000,6.48000000,,,"M-R relationship",2.480000,4.8000,0.210900,3238.00,"Transit"
"TOI-1230","TOI-1230.01",1,25.05713123288,,3.23968384,0.20000492,-0.20000492,10.60000000,,,"M-R relationship",1.710000,53.1389,1.140000,5696.00,"Transit"
"LSPM J2116+0234","LSPM J2116+0234 b",1,14.43990000000,0.0876000000,3.71000000,,,13.30000000,1.00000000,-1.10000000,"Msini",1.430000,2.6063,0.430000,3475.00,"Radial Velocity"
"BD+20 274","BD+20 274 b",1,578.20000000000,1.3000000000,13.00000000,,,1334.88600000,,,"Msini",3.340000,53.9651,0.800000,4296.00,"Radial Velocity"
"Kepler-345","Kepler-345 c",2,9.38742700000,0.0770000000,1.20000000,0.07000000,-0.07000000,2.20000000,0.90000000,-0.90000000,"Mass",1.220000,25.8300,0.610000,4504.00,"Transit"
"Kepler-481","Kepler-481 b",1,10.06082567000,0.0892600000,2.50000000,0.37000000,-0.29000000,6.80000000,,,"M-R relationship",2.390000,183.8420,1.010000,5802.00,"Transit"
"HAT-P-35","HAT-P-35 b",1,3.64670600000,0.0497800000,14.93038800,1.09848200,-1.09848200,335.62848000,10.48839000,-10.48839000,"Mass",0.550000,999.6688,1.236000,6096.00,"Transit"
"Kepler-22","Kepler-22 b",1,289.86387600000,0.8120000000,2.10000000,0.12000000,-0.12000000,9.10000000,,,"Mass",5.200000,1.0130,0.857000,5596.00,"Transit"
"TOI-2589","TOI-2589 b",1,61.62770000000,0.3000000000,12.10569916,0.33626942,-0.33626942,1112.39942450,31.78284070,-31.78284070,"Mass",3.450000,21.7464,0.930000,5579.00,"Transit"
"HD 154088","HD 154088 b",1,18.56000000000,0.1340000000,2.46000000,,,6.60000000,0.80000000,-0.80000000,"Msini",2.440000,41.2119,0.910000,5374.00,"Radial Velocity"
"Kepler-148","Kepler-148 d",3,51.84688575000,0.2607000000,8.68000000,0.52000000,-0.42000000,56.30000000,,,"M-R relationship",0.473000,6.5320,0.860000,5172.00,"Transit"
"Kepler-343","Kepler-343 c",2,23.22182000000,0.1670000000,2.02000000,0.38000000,-0.38000000,4.74000000,,,"M-R relationship",3.160000,57.9320,1.055000,5807.00,"Transit"
"Kepler-304","Kepler-304 e",4,1.49914695300,0.0231700000,1.20000000,0.06000000,-0.03000000,1.87000000,,,"M-R relationship",5.950000,397.2540,0.800000,4817.00,"Transit"
"Kepler-84","Kepler-84 e",5,27.43438900000,0.1810000000,2.60000000,0.49000000,-0.49000000,7.27000000,,,"M-R relationship",2.270000,48.2900,1.060000,6031.00,"Transit"
"HD 137496","HD 137496 b",2,1.62116000000,0.0273200000,1.31000000,0.06000000,-0.05000000,4.04000000,0.55000000,-0.55000000,"Mass",10.490000,3114.3366,1.040000,5799.00,"Transit"
"CoRoT-9","CoRoT-9 b",1,95.27265600000,0.4021000000,11.94879400,0.84067500,-0.70616700,266.97720000,15.89150000,-15.89150000,"Mass",0.860000,3.4440,0.960000,5625.00,"Transit"
"Kepler-1526","Kepler-1526 b",1,3.90863200500,0.0418000000,2.43000000,0.09000000,-0.39000000,6.48000000,,,"M-R relationship",2.480000,99.0970,0.730000,4601.00,"Transit"
"KOI-3503","KOI-3503 b",2,21.18500000000,0.1424700000,1.19000000,0.24000000,-0.19000000,9.20000000,,,"Mass",10.000000,90.2000,0.858000,6001.00,"Transit"
"WASP-182","WASP-182 b",1,3.37698480000,0.0451000000,9.52765000,0.33627000,-0.33627000,47.03884000,3.49613000,-3.49613000,"Mass",0.318000,756.2610,1.076000,5638.00,"Transit"
"Kepler-529","Kepler-529 c",3,12.83450220000,0.1075000000,2.00000000,0.41000000,-0.21000000,4.66000000,,,"M-R relationship",3.200000,149.4200,1.070000,6087.00,"Transit"
"Kepler-49","Kepler-49 c",4,10.91000000000,0.0782100000,2.44400000,0.08300000,-0.08200000,8.38000000,0.92000000,-0.89000000,"Mass",3.109679,12.3410,0.607000,4095.60,"Transit"
"Kepler-1424","Kepler-1424 b",1,29.60917440000,0.1906800000,1.16000000,0.16000000,-0.12000000,1.65000000,,,"M-R relationship",5.810000,58.6000,1.020000,5838.00,"Transit"
"Kepler-1534","Kepler-1534 b",1,5.71668872000,0.0599000000,1.89000000,0.22000000,-0.15000000,4.23000000,,,"M-R relationship",3.440000,196.5100,0.900000,5442.00,"Transit"
"CoRoT-23","CoRoT-23 b",1,3.63130000000,0.0480000000,11.77000000,1.46000000,-1.46000000,889.90000000,95.30000000,-95.30000000,"Mass",3.000000,530.0221,1.140000,5900.00,"Transit"
"K2-11","K2-11 b",1,39.93767000000,0.2257000000,7.55000000,9.33000000,-9.33000000,44.40000000,,,"M-R relationship",0.567000,9.8400,1.350000,5433.00,"Transit"
"TOI-3629","TOI-3629 b",1,3.93655100000,0.0430000000,8.29464572,0.22417961,-0.22417961,82.63538582,6.35656814,-6.35656814,"Mass",0.800000,39.0000,0.630000,3870.00,"Transit"
"HD 31527","HD 31527 d",3,271.67370000000,0.8098000000,3.46000000,,,11.82000000,1.70000000,-1.64000000,"Msini",1.570000,1.8299,0.960000,5898.00,"Radial Velocity"
"Kepler-126","Kepler-126 c",3,21.86974100000,0.1620000000,1.58000000,0.13000000,-0.13000000,1.27942148,7.03275879,-7.03275879,"Msini",1.695536,112.1280,1.108000,6239.00,"Transit"
"Kepler-1349","Kepler-1349 b",1,2.12823928000,0.0342100000,0.70000000,0.63000000,-0.11000000,0.27100000,,,"M-R relationship",4.340000,1862.3300,1.160000,6086.00,"Transit"
"Kepler-48","Kepler-48 f",5,5219.68185400000,5.7191878770,13.80000000,,,298.58099680,92.71232669,-92.71232669,"Msini",0.624000,0.0157,0.916000,5190.00,"Radial Velocity"
"XO-4","XO-4 b",1,4.12508000000,0.0552400000,14.01125000,0.89672000,-0.89672000,451.31860000,60.38770000,-60.38770000,"Mass",0.830000,1112.2700,1.100000,6397.00,"Transit"
"Kepler-304","Kepler-304 d",4,9.65347100000,0.0800000000,2.75000000,0.21000000,-0.21000000,8.00000000,,,"M-R relationship",2.110000,33.1600,0.737000,4731.00,"Transit"
"TIC 423703298","TIC 423703298 b",1,4.03712711976,,2.77230429,0.34462473,-0.29893732,8.11000000,,,"M-R relationship",2.090000,,0.691000,4540.37,"Transit"
"TOI-1470","TOI-1470 b",2,2.52709300000,0.0285000000,2.18000000,0.04000000,-0.04000000,7.32000000,1.21000000,-1.24000000,"Mass",3.860000,46.3000,0.471000,3709.00,"Transit"
"HD 75289","HD 75289 b",1,3.50927000000,0.0500000000,14.20000000,,,155.73670000,9.53490000,-9.53490000,"Msini",0.299000,821.3488,1.290000,6117.00,"Radial Velocity"
"HD 204941","HD 204941 b",1,1733.00000000000,2.5500000000,10.10000000,,,73.10090000,9.53490000,-9.53490000,"Msini",0.390000,0.0477,0.580000,5026.00,"Radial Velocity"
"Kepler-394","Kepler-394 d",3,5.61358022700,0.0590400000,1.50066814,,,2.86000000,,,"M-R relationship",4.650000,302.0000,1.141000,6398.00,"Transit"
"Kepler-1969","Kepler-1969 b",1,6.64752006500,0.0717000000,1.68161001,,,3.47000000,,,"M-R relationship",4.010000,235.8900,1.111000,6046.00,"Transit"
"Kepler-1750","Kepler-1750 b",1,205.91200260000,0.6785000000,6.00434637,,,30.10000000,,,"M-R relationship",0.764000,1.8500,0.981000,5644.00,"Transit"
"HD 68988","HD 68988 b",2,6.27711000000,0.0700000000,13.40000000,,,626.12510000,31.78300000,-31.78300000,"Msini",1.430000,340.1260,1.280000,5932.00,"Radial Velocity"
"Kepler-655","Kepler-655 b",1,46.40633580000,0.2569700000,2.71000000,0.41000000,-0.27000000,7.80000000,,,"M-R relationship",2.150000,28.7670,1.150000,6170.00,"Transit"
"HD 4113","HD 4113 b",1,526.52390000000,1.2800000000,13.50000000,,,541.26177712,12.71313628,-18.75187601,"Msini",1.210000,0.7440,1.008000,5688.00,"Radial Velocity"
"Kepler-426","Kepler-426 b",1,3.21751883000,0.0414000000,12.22000000,0.34000000,-0.34000000,108.06000000,25.43000000,-25.43000000,"Mass",0.260000,410.7230,0.910000,5725.00,"Transit"
"K2-331","K2-331 c",2,22.99659100000,,2.72000000,0.14000000,-0.10000000,7.85000000,,,"M-R relationship",2.140000,,1.100000,5994.00,"Transit"
"HD 168863","HD 168863 b",1,14773.93272000000,10.9610000000,12.70000000,,,2154.87659946,354.06084540,-348.33993407,"Mass",5.780000,0.0026,0.800000,4905.00,"Radial Velocity"
"Kepler-552","Kepler-552 b",1,5.26341576500,0.0612000000,3.95000000,0.82000000,-0.57000000,14.80000000,,,"M-R relationship",1.320000,358.9940,1.030000,5863.00,"Transit"
"HD 34445","HD 34445 e",6,49.17500000000,0.2687000000,4.26000000,,,16.80000000,2.90000000,-2.90000000,"Msini",1.190000,27.8395,1.070000,5836.00,"Radial Velocity"
"Kepler-468","Kepler-468 b",1,38.47875706700,0.2213000000,13.34000000,0.32000000,-0.29000000,,,,"Msini",,11.2410,0.960000,5498.00,"Transit"
"Kepler-1584","Kepler-1584 b",1,13.39970990000,0.1168000000,1.61000000,0.40000000,-0.21000000,3.22000000,,,"M-R relationship",4.240000,162.5440,1.100000,6069.00,"Transit"
"Kepler-1542","Kepler-1542 c",4,2.89223021000,0.0387000000,0.65000000,0.09000000,-0.06000000,0.20800000,,,"M-R relationship",4.160000,786.0820,0.940000,5564.00,"Transit"
"Kepler-1568","Kepler-1568 b",1,20.92539200000,0.1515700000,1.30000000,0.21000000,-0.15000000,2.24000000,,,"M-R relationship",5.600000,72.5680,1.090000,5956.00,"Transit"
"TOI-2719","TOI-2719 b",1,3.37594000000,,5.98000000,0.46000000,-0.46000000,29.90000000,,,"M-R relationship",0.768000,874.2900,1.020000,5762.00,"Transit"
"GJ 680","GJ 680 b",1,17281.66514000000,10.1380000000,12.00000000,,,7977.49301570,1957.18733031,-3543.46890964,"Mass",25.400000,0.0003,0.456000,3563.00,"Radial Velocity"
"YZ Cet","YZ Cet b",3,2.02087000000,0.0163400000,0.91300000,,,0.70000000,0.09000000,-0.08000000,"Msini",5.050000,8.2100,0.142000,3151.00,"Radial Velocity"
"HD 164922","HD 164922 b",4,1207.00000000000,2.1600000000,13.30000000,,,116.00000000,10.00000000,-12.00000000,"Msini",0.271000,0.1578,0.926000,5390.00,"Radial Velocity"
"K2-169","K2-169 b",1,6.38080300000,,1.27328671,0.10733117,-0.07695112,2.16000000,,,"M-R relationship",5.750000,,0.986144,5548.00,"Transit"
"K2-207","K2-207 b",1,12.48749000000,,2.60585269,0.36979751,-0.20931396,7.30000000,,,"M-R relationship",2.270000,,0.941851,5522.00,"Transit"
"HATS-23","HATS-23 b",1,2.16051560000,0.0339700000,20.84874000,3.36270000,-4.48360000,467.21010000,22.88376000,-22.88376000,"Mass",0.290000,994.8004,1.121000,5780.00,"Transit"
"HD 73267","HD 73267 c",2,17071.78045000000,12.6880000000,12.80000000,,,1630.77755632,289.85950718,-89.62761077,"Mass",4.270000,0.0049,0.930000,5387.00,"Radial Velocity"
"TOI-4487 A","TOI-4487 A b",1,3.95407090000,0.0544800000,14.60530185,0.77341967,-0.71737476,397.28550875,50.85254512,-50.85254512,"Mass",0.700000,1203.0000,1.378000,6206.00,"Transit"
"Wendelstein-1","Wendelstein-1 b",1,2.66341600000,0.0282000000,11.56096260,0.06837490,-0.06837490,188.15536000,52.44195000,-41.00007000,"Mass",0.720000,113.6142,0.650000,4251.00,"Transit"
"TOI-2485","TOI-2485 b",1,11.23479000000,0.1093000000,12.13932610,0.50440413,-0.50440413,766.60211768,27.96889982,-27.65107141,"Mass",2.360000,275.6000,1.163000,6016.40,"Transit"
"HD 28678","HD 28678 b",1,380.20000000000,1.1800000000,13.50000000,,,490.09386000,23.20159000,-23.20159000,"Msini",1.090000,16.4464,1.530000,4972.00,"Radial Velocity"
"K2-52","K2-52 b",1,3.53505500000,0.0540000000,18.00000000,2.20000000,-2.20000000,,,,"Msini",,1124.0000,1.691000,7147.00,"Transit"
"TOI-4511","TOI-4511 b",1,10.98090968596,,2.75304932,0.30793546,-0.26170202,8.01000000,,,"M-R relationship",2.110000,938.9950,1.017000,5418.77,"Transit"
"HD 29399","HD 29399 b",1,892.70000000000,1.9130000000,13.50000000,,,498.99059899,34.96112477,-34.96112477,"Msini",1.110000,2.7435,1.170000,4845.00,"Radial Velocity"
"WASP-1","WASP-1 b",1,2.51994540000,0.0388900000,16.62300000,0.26900000,-0.38100000,271.41500000,18.11600000,-16.52600000,"Mass",0.348000,2121.5175,1.240000,6110.00,"Transit"
"Kepler-342","Kepler-342 d",4,39.45935700000,0.2420000000,2.49000000,0.48000000,-0.48000000,6.76000000,,,"M-R relationship",2.410000,44.8280,1.213000,6175.00,"Transit"
"Kepler-712","Kepler-712 b",2,21.02247699000,0.1361500000,3.41000000,0.14000000,-0.11000000,11.50000000,,,"M-R relationship",1.590000,15.8010,0.840000,5148.00,"Transit"
"HD 46375","HD 46375 b",1,3.02357300000,0.0398000000,10.00000000,,,71.80000000,6.00000000,-6.00000000,"Msini",0.395000,359.0994,0.920000,5285.00,"Radial Velocity"
"HATS-7","HATS-7 b",1,3.18531500000,0.0401200000,6.31066700,0.51561400,-0.38110600,38.13960000,3.81396000,-3.81396000,"Mass",0.830000,211.6178,0.849000,4985.00,"Transit"
"KOI-351","KOI-351 f",8,124.91440000000,0.4800000000,2.88000000,0.52000000,-0.52000000,8.65000000,,,"M-R relationship",1.990000,6.7960,1.200000,6080.00,"Transit"
"Kepler-1615","Kepler-1615 b",1,47.31261920000,0.2788000000,2.06000000,0.48000000,-0.58000000,4.90000000,,,"M-R relationship",3.080000,31.1710,1.040000,5865.00,"Transit"
"HD 59686 A","HD 59686 A b",1,299.36000000000,1.0860000000,12.70000000,,,2199.38360000,57.20940000,-76.27920000,"Msini",5.900000,56.2338,1.900000,4658.00,"Radial Velocity"
"TOI-4551","TOI-4551 b",1,9.95581000000,0.0994000000,11.85910158,1.23298788,-0.69495680,473.56432643,41.31769291,-41.31769291,"Mass",1.740000,1247.7400,1.310000,4896.00,"Transit"
"Kepler-542","Kepler-542 b",1,13.14497566000,0.1070300000,1.57000000,0.10000000,-0.11000000,3.09000000,,,"M-R relationship",4.390000,61.5730,0.930000,5526.00,"Transit"
"HD 23472","HD 23472 c",5,29.79749000000,0.1646000000,1.87000000,0.12000000,-0.11000000,3.41000000,0.88000000,-0.81000000,"Mass",3.100000,7.9600,0.670000,4684.00,"Transit"
"WASP-41","WASP-41 b",2,3.05240000000,0.0402200000,12.32990000,0.56045000,-0.56045000,270.15550000,34.96130000,-34.96130000,"Mass",0.742000,344.1490,0.810000,5545.00,"Transit"
"Kepler-327","Kepler-327 d",3,13.96945700000,0.0900000000,1.73000000,0.10000000,-0.10000000,3.64000000,,,"M-R relationship",3.860000,7.5900,0.591913,3799.00,"Transit"
"Kepler-798","Kepler-798 b",1,13.71933369000,0.1174000000,2.39000000,1.04000000,-0.34000000,6.30000000,,,"M-R relationship",2.540000,141.8880,1.190000,6224.00,"Transit"
"Kepler-1754","Kepler-1754 b",1,8.19594955400,0.0718000000,2.43996509,,,6.53000000,,,"M-R relationship",2.470000,48.2000,0.734000,4723.00,"Transit"
"TIC 4672985","TIC 4672985 b",1,69.04800000000,0.3300000000,11.50041420,0.75100171,-0.72858375,4049.13390518,321.00669107,-321.00669107,"Mass",14.600000,11.9376,1.010000,5757.00,"Transit"
"Kepler-172","Kepler-172 b",4,2.94030900000,0.0400000000,2.35000000,0.42000000,-0.42000000,6.12000000,,,"M-R relationship",2.590000,639.4760,1.081000,5526.00,"Transit"
"HATS-45","HATS-45 b",1,4.18762440000,0.0551100000,14.41477400,1.04243700,-1.04243700,222.48100000,47.67450000,-47.67450000,"Mass",0.410000,811.3504,1.272000,6450.00,"Transit"
"Kepler-217","Kepler-217 d",3,3.88689525000,0.0534000000,1.32000000,0.36000000,-0.27000000,2.30000000,,,"M-R relationship",5.500000,2099.7520,1.370000,6341.00,"Transit"
"HD 183263","HD 183263 b",2,624.87404000000,1.4600000000,13.10000000,,,1103.18240070,91.85240962,-96.61983573,"Msini",2.700000,0.8347,1.060000,5948.00,"Radial Velocity"
"TOI-2094","TOI-2094 b",1,18.79319300000,0.1360000000,1.90000000,0.10000000,-0.10000000,4.27000000,,,"M-R relationship",3.420000,0.9800,0.425000,3435.00,"Transit"
"Kepler-1412","Kepler-1412 b",1,3.61460510000,0.0460800000,0.83000000,0.15000000,-0.13000000,0.49800000,,,"M-R relationship",4.790000,1087.7810,1.060000,5880.00,"Transit"
"Kepler-183","Kepler-183 c",2,11.63707100000,0.1030000000,2.27000000,0.98000000,-0.98000000,35.70000000,30.90000000,-24.20000000,"Mass",16.800000,108.7170,0.990000,5888.00,"Transit"
"Kepler-1311","Kepler-1311 c",3,2.53573424000,0.0375300000,1.22000000,0.28000000,-0.24000000,1.98000000,,,"M-R relationship",5.990000,2144.5530,1.050000,5748.00,"Transit"
"Kepler-305","Kepler-305 d",4,16.74000000000,0.1209100000,2.76000000,0.12000000,-0.12000000,6.20000000,1.76000000,-1.34000000,"Mass",1.632030,25.5230,0.827000,5090.00,"Transit"
"Kepler-659","Kepler-659 b",1,17.67179600000,0.1204000000,2.50000000,0.33000000,-0.23000000,6.80000000,,,"M-R relationship",2.390000,21.3090,0.790000,4870.00,"Transit"
"Kepler-1514","Kepler-1514 b",2,217.83184000000,0.7530000000,12.41957200,0.25780700,-0.25780700,1678.14240000,69.92260000,-69.92260000,"Mass",4.820000,3.2300,1.196000,6145.00,"Transit"
"Kepler-1222","Kepler-1222 b",1,1.91694425400,0.0280100000,0.79000000,0.06000000,-0.06000000,0.41800000,,,"M-R relationship",4.660000,416.2310,0.840000,5239.00,"Transit"
"Kepler-186","Kepler-186 d",5,13.34299600000,0.0781000000,1.40000000,0.16000000,-0.16000000,2.54000000,,,"M-R relationship",5.090000,7.2040,0.478000,3788.00,"Transit"
"Kepler-310","Kepler-310 c",3,56.47542000000,0.2810000000,3.38000000,1.58000000,-1.58000000,11.40000000,,,"M-R relationship",1.620000,7.1090,0.854000,5797.00,"Transit"
"HD 40956","HD 40956 b",1,578.60000000000,1.4000000000,13.20000000,,,858.14100000,190.69800000,-190.69800000,"Msini",2.050000,23.5561,2.000000,4869.00,"Radial Velocity"
"K2-152","K2-152 b",1,32.64790000000,0.1716000000,2.29000000,0.25000000,-0.24000000,5.86000000,,,"M-R relationship",2.680000,2.9000,0.630000,4044.00,"Transit"
"HIP 5158","HIP 5158 c",2,9017.76000000000,7.7000000000,12.20000000,,,4780.16320000,3353.10650000,-3353.10650000,"Msini",14.500000,0.0046,0.780000,4813.00,"Radial Velocity"
"TOI-3321","TOI-3321 b",1,3.65251450000,0.0470000000,15.55806521,0.78462865,-0.71737476,176.07693748,24.15495893,-23.83713052,"Mass",0.255000,967.9190,1.041000,5850.00,"Transit"
"Kepler-36","Kepler-36 c",2,16.21865000000,0.1269200000,3.67900000,0.09600000,-0.09100000,7.13000000,0.18000000,-0.18000000,"Mass",0.787000,191.0000,1.034000,5979.00,"Transit"
"TOI-4495","TOI-4495 c",2,5.18553000000,0.0632300000,4.03000000,0.23000000,-0.15000000,23.20000000,4.40000000,-4.70000000,"Mass",1.900000,346.6260,1.247000,6210.00,"Transit"
"bet Cnc","bet Cnc b",1,605.20000000000,1.7000000000,12.60000000,,,2479.00000000,254.30000000,-254.30000000,"Msini",6.810000,274.8541,1.700000,4092.10,"Radial Velocity"
"HATS-60","HATS-60 b",1,3.56082900000,0.0470800000,12.92397700,0.59407700,-0.59407700,210.40346000,17.48065000,-17.48065000,"Mass",0.537000,903.9000,1.097000,5688.00,"Transit"
"Kepler-1413","Kepler-1413 b",1,13.18296420000,0.1066000000,1.82000000,0.16000000,-0.15000000,3.97000000,,,"M-R relationship",3.620000,42.8250,0.840000,5196.00,"Transit"
"TAP 26","TAP 26 b",1,10.79000000000,0.0968000000,13.50000000,,,527.59780000,98.52730000,-98.52730000,"Msini",1.180000,60.0135,1.040000,4620.00,"Radial Velocity"
"Kepler-939","Kepler-939 b",1,14.87829600000,0.1153000000,1.75000000,0.31000000,-0.20000000,3.71000000,,,"M-R relationship",3.800000,54.1900,0.880000,5471.00,"Transit"
"Kepler-1868","Kepler-1868 b",1,211.03399660000,0.6234800000,3.14950109,,,10.10000000,,,"M-R relationship",1.780000,0.5000,0.743000,4658.00,"Transit"
"Kepler-898","Kepler-898 b",1,5.87061910000,0.0545000000,1.49000000,0.30000000,-0.09000000,2.83000000,,,"M-R relationship",4.700000,37.1100,0.650000,4223.00,"Transit"
"Kepler-868","Kepler-868 b",1,5.03251791000,0.0575000000,2.05000000,0.20000000,-0.17000000,4.86000000,,,"M-R relationship",3.100000,417.0340,0.930000,5614.00,"Transit"
"K2-384","K2-384 c",5,4.19476600000,,1.19100000,0.05300000,-0.07500000,1.82000000,,,"M-R relationship",5.920000,,0.330000,3623.00,"Transit"
"HD 189567","HD 189567 b",2,14.28800000000,0.1110000000,2.85000000,,,8.50000000,0.60000000,-0.60000000,"Msini",2.020000,171.2523,0.830000,5726.00,"Radial Velocity"
"Wolf 503","Wolf 503 b",1,6.00127000000,0.0570600000,2.04300000,0.06900000,-0.06900000,6.26000000,0.69000000,-0.70000000,"Mass",2.920000,69.6000,0.688000,4716.00,"Transit"
"Kepler-1291","Kepler-1291 b",1,8.63043276000,0.0779000000,1.66000000,0.10000000,-0.18000000,3.39000000,,,"M-R relationship",4.070000,62.8230,0.840000,5216.00,"Transit"
"K2-113","K2-113 b",1,5.81768500000,0.0642000000,12.14000000,0.35000000,-0.35000000,410.00070000,41.31790000,-44.49620000,"Mass",1.970000,277.3900,1.040000,5660.00,"Transit"
"DMPP-6","DMPP-6 b",2,7.60270000000,0.0779000000,2.28000000,,,5.80000000,0.94000000,-0.80000000,"Msini",2.690000,340.6970,1.079000,6182.09,"Radial Velocity"
"NGTS-38","NGTS-38 b",1,180.52797000000,0.6970000000,12.11690814,0.52682209,-0.52682209,1516.04150139,123.95307873,-117.59651059,"Mass",4.670000,10.1316,1.460000,6310.00,"Transit"
"Kepler-153","Kepler-153 b",2,18.87022700000,0.1290000000,2.92000000,1.76000000,-1.76000000,8.85000000,,,"M-R relationship",1.950000,21.6090,0.756000,5404.00,"Transit"
"KOI-217","KOI-217 b",1,3.90512000000,0.0477000000,12.44200000,0.22400000,-0.22400000,,,,"Msini",,272.0330,0.950000,5545.00,"Transit"
"HIP 54597","HIP 54597 b",1,3274.00000000000,4.0000000000,13.30000000,,,762.78817680,127.13136280,-63.56568140,"Mass",1.780000,0.0143,0.800000,4799.00,"Radial Velocity"
"Kepler-334","Kepler-334 b",3,5.47031900000,0.0610000000,1.12000000,0.21000000,-0.21000000,1.46000000,,,"M-R relationship",5.710000,300.9820,1.022000,5828.00,"Transit"
"Kepler-139","Kepler-139 c",5,157.07287800000,0.5860000000,3.38000000,0.69000000,-0.69000000,13.00000000,8.00000000,-7.00000000,"Mass",8.702677,3.0230,1.078000,5594.00,"Transit"
"HD 97037","HD 97037 b",1,6449.08337000000,6.9250000000,12.10000000,,,6707.76852973,622.94367772,-657.90480249,"Mass",20.800000,0.0357,1.060000,5874.10,"Radial Velocity"
"Kepler-37","Kepler-37 c",4,21.30184800000,0.1390000000,0.75500000,0.03300000,-0.05500000,1.30000000,,,"Mass",15.000000,23.9000,0.790000,5357.00,"Transit"
"Kepler-37","Kepler-37 e",4,51.19600000000,0.2500000000,0.37000000,0.18000000,-0.18000000,8.10000000,1.70000000,-1.70000000,"Msini",879.000000,7.6252,0.800000,5288.00,"Transit Timing Variations"
"EPIC 206024342","EPIC 206024342 d",3,14.64753100000,,2.60000000,0.90000000,-0.90000000,7.27000000,,,"M-R relationship",2.270000,,0.928000,5724.00,"Transit"
"Kepler-1420","Kepler-1420 b",1,6.69960006000,0.0671000000,1.28000000,0.14000000,-0.12000000,2.18000000,,,"M-R relationship",5.710000,131.5260,0.820000,5187.00,"Transit"
"TOI-615","TOI-615 b",1,4.66159830000,0.0678000000,18.97680433,0.58286700,-0.63891190,138.25535705,27.33324300,-26.06192937,"Mass",0.084000,1286.0000,1.449000,6850.00,"Transit"
"Kepler-248","Kepler-248 b",2,6.30820500000,0.0660000000,3.02000000,0.36000000,-0.36000000,9.38000000,,,"M-R relationship",1.870000,79.3110,0.838000,5190.00,"Transit"
"Kepler-295","Kepler-295 d",3,33.88405400000,0.1920000000,1.36000000,0.72000000,-0.72000000,2.42000000,,,"M-R relationship",5.290000,104.9620,0.890000,5603.00,"Transit"
"Kepler-641","Kepler-641 b",1,9.48961571000,0.0895000000,1.85000000,0.31000000,-0.25000000,4.08000000,,,"M-R relationship",3.540000,311.7880,1.020000,5713.00,"Transit"
"HD 164595","HD 164595 b",1,40.00000000000,0.2300000000,4.16000000,,,16.14000000,2.72000000,-2.72000000,"Msini",1.230000,19.6697,0.990000,5790.00,"Radial Velocity"
"K2-352","K2-352 b",3,3.66591200000,,1.37000000,0.10000000,-0.07000000,2.45000000,,,"M-R relationship",5.240000,,0.980000,5791.00,"Transit"
"Kepler-495","Kepler-495 c",2,5.89660978300,0.0614000000,1.21936414,,,1.98000000,,,"M-R relationship",6.000000,108.1300,0.888000,5392.00,"Transit"
"Kepler-303","Kepler-303 c",2,7.06114900000,0.0570000000,1.14000000,0.09000000,-0.09000000,1.55000000,,,"M-R relationship",5.750000,25.8510,0.575000,3944.00,"Transit"
"WASP-99","WASP-99 b",1,5.75251000000,0.0717000000,11.43318000,0.67254000,-0.67254000,772.32690000,117.59710000,-117.59710000,"Mass",2.790000,2005.4260,1.210000,6150.00,"Transit"
"HD 73583","HD 73583 c",2,18.87974000000,0.1242000000,2.39000000,0.10000000,-0.09000000,9.70000000,1.80000000,-1.70000000,"Mass",3.880000,10.2000,0.730000,4511.00,"Transit"
"Kepler-381","Kepler-381 b",3,5.62902100000,0.0660000000,0.99000000,0.22000000,-0.22000000,0.93700000,,,"M-R relationship",5.310000,716.0850,1.144000,6152.00,"Transit"
"Kepler-276","Kepler-276 b",3,14.12841000000,0.1190000000,2.87000000,1.35000000,-1.35000000,731.20900000,,,"Mass",73.000000,58.5860,0.845000,6105.00,"Transit"
"TOI-2992","TOI-2992 b",1,3.00781200000,0.0434000000,13.75341932,0.50440413,-0.50440413,1058.36859531,123.95307873,-123.95307873,"Mass",2.230000,1484.0000,1.210000,6000.00,"Transit"
"WASP-97","WASP-97 b",1,2.07276000000,0.0330300000,12.77826000,0.67254000,-0.67254000,432.24880000,60.38770000,-60.38770000,"Mass",1.210000,1414.8700,1.180000,5640.00,"Transit"
"GJ 514","GJ 514 b",1,140.43000000000,0.4220000000,2.13000000,,,5.20000000,0.90000000,-0.90000000,"Msini",2.960000,0.2800,0.510000,3728.00,"Radial Velocity"
"Kepler-447","Kepler-447 b",1,7.79430132000,0.0769000000,18.49000000,6.61000000,-6.28000000,435.41000000,152.55000000,-146.20000000,"Mass",0.400000,119.0390,1.000000,5493.00,"Transit"
"TIC 349520724","TIC 349520724 b",1,7.94044635021,,2.82626313,0.43167800,-0.29205870,8.38000000,,,"M-R relationship",2.040000,,0.890000,5098.60,"Transit"
"TOI-1346","TOI-1346 c",2,5.50255800000,,2.23000000,0.14000000,-0.14000000,5.60000000,,,"M-R relationship",2.770000,102.6644,0.820000,5099.00,"Transit"
"CoRoT-7","CoRoT-7 b",3,0.85359163000,0.0170160000,1.68135000,0.11209000,-0.11209000,4.07660518,1.01981794,-1.01981794,"Mass",9.355000,1773.7952,0.820000,5275.00,"Transit"
"GJ 3323","GJ 3323 b",2,5.36360000000,0.0328200000,1.23000000,,,2.02000000,0.26000000,-0.25000000,"Msini",5.960000,2.5800,0.164000,3159.00,"Radial Velocity"
"Kepler-37","Kepler-37 b",4,13.36702000000,0.1019000000,0.30980000,0.00590000,-0.00760000,0.79000000,,,"Mass",140.000000,44.5000,0.790000,5357.00,"Transit"
"HD 75784","HD 75784 c",2,7900.00000000000,8.4000000000,12.80000000,,,1792.56120000,228.83760000,-228.83760000,"Msini",4.700000,0.0808,1.260000,4867.00,"Radial Velocity"
"Kepler-1959","Kepler-1959 b",1,6.38669014000,0.0617000000,1.14315727,,,1.57000000,,,"M-R relationship",5.780000,102.2500,0.768000,5071.00,"Transit"
"HAT-P-44","HAT-P-44 b",2,4.30121900000,0.0507000000,13.92200000,1.18800000,-0.57200000,111.87100000,9.21700000,-9.21700000,"Mass",0.230000,185.1190,0.942000,5295.00,"Transit"
"Kepler-201","Kepler-201 c",2,151.88405800000,0.5730000000,2.85000000,0.60000000,-0.60000000,8.50000000,,,"M-R relationship",2.020000,6.0330,1.098000,6065.00,"Transit"
"Kepler-1050","Kepler-1050 c",2,21.12845690000,0.1526400000,1.48000000,0.35000000,-0.16000000,2.79000000,,,"M-R relationship",4.730000,40.6440,1.090000,6010.00,"Transit"
"HD 94834","HD 94834 b",1,1576.00000000000,2.7400000000,13.70000000,,,400.46580000,54.03110000,-54.03110000,"Msini",0.856000,1.3107,1.110000,4798.00,"Radial Velocity"
"HAT-P-38","HAT-P-38 b",1,4.64038200000,0.0523000000,9.24700000,1.03100000,-0.70600000,84.85700000,6.35600000,-6.35600000,"Mass",0.590000,243.0337,0.886000,5330.00,"Transit"
"81 Cet","81 Cet b",1,1005.57000000000,2.1040000000,13.10000000,,,1051.05854195,24.79061575,-21.29450327,"Msini",2.570000,13.0071,1.230000,4734.00,"Radial Velocity"
"Kepler-536","Kepler-536 b",1,1.82708229900,0.0283500000,3.10000000,0.38000000,-0.22000000,9.80000000,,,"M-R relationship",1.810000,892.8120,0.920000,5524.00,"Transit"
"K2-155","K2-155 c",3,13.85000000000,0.0946000000,2.60000000,0.70000000,-0.20000000,7.27000000,,,"M-R relationship",2.270000,7.0000,0.650000,4258.00,"Transit"
"TOI-2200","TOI-2200 b",1,2.93602836512,,6.96310517,0.42730881,-0.42498668,38.70000000,,,"M-R relationship",0.630000,288.0870,0.850000,5036.17,"Transit"
"HD 108236","TOI-1233.01",5,14.17568500000,0.1074000000,2.53900000,0.06200000,-0.06500000,6.98000000,,,"M-R relationship",2.340000,53.8795,0.869000,5660.00,"Transit"
"K2-58","K2-58 b",3,7.05254000000,0.0692000000,2.68000000,0.37000000,-0.37000000,7.65000000,,,"M-R relationship",2.180000,118.0000,0.890000,5413.00,"Transit"
"Kepler-1361","Kepler-1361 b",1,3.57554956000,0.0430400000,0.86000000,0.12000000,-0.12000000,0.56600000,,,"M-R relationship",4.890000,186.0690,0.830000,5131.00,"Transit"
"K2-136","K2-136 c",3,17.30723000000,0.1185000000,3.00000000,0.13000000,-0.13000000,18.10000000,1.90000000,-1.80000000,"Mass",3.690000,11.9100,0.742000,4500.00,"Transit"
"HD 220773","HD 220773 b",1,3724.70000000000,4.9400000000,13.60000000,,,460.80000000,95.00000000,-95.00000000,"Msini",1.010000,0.1290,1.160000,5940.00,"Radial Velocity"
"Kepler-736","Kepler-736 b",1,3.60147201000,0.0428000000,2.93000000,0.17000000,-0.53000000,8.91000000,,,"M-R relationship",1.950000,233.0310,0.860000,5217.00,"Transit"
"Kepler-93","Kepler-93 b",2,4.72673978000,0.0534300000,1.47800000,0.01900000,-0.01900000,4.66000000,0.53000000,-0.53000000,"Mass",7.930000,275.0000,0.911000,5669.00,"Transit"
"Kepler-37","Kepler-37 d",4,39.79226220000,0.2109000000,2.03000000,0.03000000,-0.03900000,2.00000000,,,"Mass",1.300000,10.3900,0.790000,5357.00,"Transit"
"Kepler-1927","Kepler-1927 b",1,73.75039673000,0.3873300000,3.40627075,,,11.50000000,,,"M-R relationship",1.600000,34.7000,1.408000,6056.00,"Transit"
"HD 48265","HD 48265 b",2,778.51000000000,1.8140000000,12.60000000,,,2351.93021180,1175.96510590,-1239.53078730,"Mass",6.460000,1.1670,1.312000,5733.00,"Radial Velocity"
"BD-11 4672","BD-11 4672 b",2,1634.00000000000,2.3600000000,14.10000000,,,206.58950000,15.89150000,-19.06980000,"Msini",0.405000,0.0282,0.651000,4550.00,"Radial Velocity"
"Kepler-1318","Kepler-1318 b",1,213.25766300000,0.6085000000,3.11000000,0.17000000,-0.15000000,9.85000000,,,"M-R relationship",1.800000,0.4920,0.730000,4598.00,"Transit"
"TOI-5344","TOI-5344 b",1,3.79262200000,0.0404100000,10.60369574,0.23538859,-0.23538859,130.94530368,12.71313628,-12.71313628,"Mass",0.604000,38.0000,0.612000,3747.00,"Transit"
"61 Vir","61 Vir c",3,38.02100000000,0.2175000000,4.46000000,,,18.20000000,1.10000000,-1.10000000,"Msini",1.130000,16.9856,0.942000,5577.00,"Radial Velocity"
"WASP-113","WASP-113 b",1,4.54216874538,0.0588500000,15.79348100,1.07606400,-1.56926000,150.96925000,17.16282000,-16.52716000,"Mass",0.228000,821.4050,1.318000,5890.00,"Transit"
"Kepler-102","Kepler-102 f",5,27.45359200000,0.1656000000,0.86100000,0.02200000,-0.02200000,4.30000000,,,"Mass",37.000000,10.0000,0.803000,4909.00,"Transit"
"Kepler-223","Kepler-223 d",4,14.78869000000,0.1195600000,5.24000000,0.26000000,-0.45000000,8.00000000,1.50000000,-1.30000000,"Mass",0.310000,175.9510,1.125000,5803.00,"Transit"
"Kepler-683","Kepler-683 b",1,2.53918317900,0.0355000000,1.97000000,0.34000000,-0.17000000,4.54000000,,,"M-R relationship",3.260000,702.2810,0.960000,5703.00,"Transit"
"Kepler-1977","Kepler-1977 b",1,4.53702121000,0.0486000000,1.66000000,0.19000000,-0.11000000,3.39000000,,,"M-R relationship",4.070000,95.6100,0.769000,4805.00,"Transit"
"WASP-28","WASP-28 b",1,3.40883495000,0.0442000000,13.66374747,0.31385146,-0.31385146,282.54945382,18.43404761,-18.43404761,"Mass",0.651163,695.6500,0.993000,6084.00,"Transit"
"KOI-55","KOI-55 b",2,0.24010400000,0.0060000000,0.75900000,,,0.44000000,,,"Mass",5.530000,636352.1258,0.496000,27730.00,"Orbital Brightness Modulation"
"Kepler-1741","Kepler-1741 b",1,2.75759005500,0.0296000000,1.27300000,,,2.16000000,,,"M-R relationship",5.750000,33.7900,0.454000,3683.00,"Transit"
"HATS-10","HATS-10 b",1,3.31284600000,0.0449100000,10.86152100,0.68374900,-0.50440500,167.17858000,25.74423000,-25.74423000,"Mass",0.700000,836.8558,1.101000,5880.00,"Transit"
"Kepler-272","Kepler-272 d",3,10.93730400000,0.0910000000,2.25000000,1.22000000,-1.22000000,5.69000000,,,"M-R relationship",2.740000,141.1350,0.910000,5297.00,"Transit"
"TOI-244","TOI-244 b",1,7.39722500000,0.0559000000,1.52000000,0.12000000,-0.12000000,2.68000000,0.30000000,-0.30000000,"Mass",4.200000,7.3000,0.428000,3433.00,"Transit"
"Kepler-1138","Kepler-1138 b",1,3.17060005000,0.0415000000,1.70000000,0.24000000,-0.13000000,3.53000000,,,"M-R relationship",3.950000,245.9040,0.950000,5582.00,"Transit"
"TOI-1736","TOI-1736 b",2,7.07307600000,0.0730000000,3.18175535,0.12195694,-0.09508409,12.30000000,1.50000000,-1.40000000,"Mass",2.090000,329.6000,1.037300,5636.00,"Transit"
"HD 184010","HD 184010 c",3,484.30000000000,1.3340000000,11.80000000,,,95.34852210,9.53485221,-19.06970442,"Msini",0.319000,7.3558,1.350000,4971.00,"Radial Velocity"
"TIC 249022743","TIC 249022743 b",1,2.25719681538,,4.79568155,0.39118649,-0.36349889,20.60000000,,,"M-R relationship",1.030000,,1.000000,5567.58,"Transit"
"WASP-2","WASP-2 b",1,2.15217500000,0.0314400000,12.11692900,0.45956900,-0.44836000,295.89973000,19.06980000,-18.43414000,"Mass",0.914000,492.0000,0.895000,5180.00,"Transit"
"Kepler-814","Kepler-814 b",1,6.14698510000,0.0695000000,2.12000000,0.69000000,-0.30000000,5.14000000,,,"M-R relationship",2.960000,935.1240,1.150000,6162.00,"Transit"
"HD 102272","HD 102272 b",1,127.58000000000,0.5100000000,12.90000000,,,1570.08020000,203.41120000,-203.41120000,"Msini",4.020000,176.4116,1.450000,4790.00,"Radial Velocity"
"WASP-46","WASP-46 b",1,1.43036763000,0.0233500000,13.15936600,0.41473300,-0.41473300,607.05530000,41.31790000,-41.31790000,"Mass",1.467000,1281.2408,0.828000,5600.00,"Transit"
"Kepler-5","Kepler-5 b",1,3.54846570000,0.0538000000,15.98403400,0.40352400,-0.57165900,670.93913000,21.29461000,-27.33338000,"Mass",0.400000,1822.7580,1.374000,6297.00,"Transit"
"TOI-2714","TOI-2714 b",1,2.49938700000,0.0360000000,13.72000000,0.70000000,-0.67000000,228.00000000,33.00000000,-32.00000000,"Mass",0.490000,945.5500,1.070000,5665.00,"Transit"
"Kepler-595","Kepler-595 c",2,12.38602000000,0.0983000000,1.00900000,0.02400000,-0.02400000,3.30000000,1.70000000,-1.00000000,"Mass",6.900000,50.2300,0.930000,5138.50,"Transit"
"HD 137496","HD 137496 c",2,479.90000000000,1.2163000000,12.60000000,,,2434.56559762,34.96112477,-34.96112477,"Msini",6.690000,1.5713,1.040000,5799.00,"Radial Velocity"
"Kepler-419","Kepler-419 b",2,69.75460000000,0.3700000000,10.80000000,1.40000000,-1.30000000,794.50000000,95.30000000,-95.30000000,"Mass",3.500000,37.4160,1.390000,6430.00,"Transit"
"K2-229","K2-229 c",2,8.32727000000,0.0769000000,2.03000000,0.12000000,-0.06000000,7.00000000,4.00000000,-4.00000000,"Mass",5.100000,66.0000,0.870000,5315.00,"Transit"
"HD 97658","HD 97658 b",1,9.48971160000,0.0805000000,2.12000000,0.06000000,-0.06000000,8.30000000,1.10000000,-1.10000000,"Mass",4.800000,41.9240,0.850000,5212.00,"Radial Velocity"
"Kepler-656","Kepler-656 b",2,1.26025909400,0.0223100000,3.12000000,0.21000000,-0.34000000,9.91000000,,,"M-R relationship",1.790000,924.3740,0.860000,5281.00,"Transit"
"Kepler-555","Kepler-555 b",1,16.21775407000,0.1201000000,2.83000000,0.56000000,-0.29000000,8.40000000,,,"M-R relationship",2.040000,129.3740,1.030000,5894.00,"Transit"
"Kepler-1435","Kepler-1435 b",1,4.45343281000,0.0545600000,0.86000000,0.12000000,-0.09000000,0.56600000,,,"M-R relationship",4.890000,893.8860,1.210000,6356.00,"Transit"
"Kepler-418","Kepler-418 b",2,86.67856000000,0.3924900000,13.45000000,1.79000000,-1.79000000,349.61124770,,,"Mass",,8.8770,0.980000,5820.00,"Transit"
"HIP 21152","HIP 21152 b",1,22000.00000000000,17.0000000000,12.00000000,,,7627.88176800,1906.97044200,-1271.31362800,"Mass",24.300000,0.0150,1.400000,6655.00,"Imaging"
"TOI-6695","TOI-6695 b",2,80.38900000000,0.4020000000,9.52763359,0.22417961,-0.22417961,66.74396547,3.17828407,-3.17828407,"Mass",0.410000,85.9385,1.338000,6400.00,"Transit"
"HD 81688","HD 81688 b",1,183.93000000000,0.6480000000,13.50000000,,,525.68818518,17.16273398,-17.48056238,"Msini",1.170000,143.6043,1.070000,4797.00,"Radial Velocity"
"Kepler-24","Kepler-24 e",4,18.99835500000,0.1380000000,2.78000000,0.64000000,-0.64000000,26.21180000,,,"Mass",0.310000,81.5060,1.046000,5897.00,"Transit"
"Kepler-902","Kepler-902 b",1,40.10995470000,0.2230000000,2.54000000,0.33000000,-0.18000000,6.99000000,,,"M-R relationship",2.340000,24.8750,0.950000,5647.00,"Transit"
"Kepler-1350","Kepler-1350 c",2,1.76678906200,0.0222000000,1.73000000,0.12000000,-0.18000000,3.64000000,,,"M-R relationship",3.860000,94.0540,0.550000,3827.00,"Transit"
"GJ 3998","GJ 3998 b",3,2.65033000000,0.0300000000,1.39000000,,,2.50000000,0.30000000,-0.29000000,"Msini",5.120000,48.0000,0.520000,3726.00,"Radial Velocity"
"Kepler-751","Kepler-751 b",1,17.44490636000,0.1263000000,2.46000000,0.23000000,-0.18000000,6.62000000,,,"M-R relationship",2.440000,39.0100,0.870000,5387.00,"Transit"
"TOI-2525","TOI-2525 b",2,23.28560000000,0.1511000000,8.67575106,0.11208981,-0.11208981,26.69758619,1.58914204,-1.58914204,"Mass",0.225000,16.3643,0.849000,5096.00,"Transit"
"Kepler-1300","Kepler-1300 b",1,22.24190920000,0.1600500000,1.37000000,0.30000000,-0.31000000,2.45000000,,,"M-R relationship",5.240000,149.4090,1.290000,6130.00,"Transit"
"Kepler-1771","Kepler-1771 b",1,88.64399719000,0.3815000000,4.05537256,,,15.50000000,,,"M-R relationship",1.280000,5.5100,0.941000,5661.00,"Transit"
"HD 5583","HD 5583 b",1,139.35000000000,0.5300000000,12.80000000,,,1837.05740000,168.44990000,-168.44990000,"Msini",4.810000,145.0268,1.010000,4830.00,"Radial Velocity"
"TOI-5110","TOI-5110 b",1,30.15857700000,0.2157000000,11.98240037,0.60528496,-0.58286700,921.70238030,41.31769291,-41.31769291,"Mass",2.950000,15.1027,1.469000,6160.00,"Transit"
"WASP-37","WASP-37 b",1,3.57746900000,0.0446000000,13.00200000,0.78500000,-0.67300000,572.07000000,54.02900000,-54.02900000,"Mass",1.530000,545.3338,0.925000,5800.00,"Transit"
"KOI-134","KOI-134 b",2,67.12770000000,0.3630000000,12.03844527,0.19055267,-0.19055267,346.43296363,38.13940884,-25.42627256,"Mass",1.090000,45.0000,1.407000,6160.00,"Transit"
"Kepler-590","Kepler-590 b",1,5.85296257000,0.0647000000,4.02000000,1.09000000,-0.50000000,15.20000000,,,"M-R relationship",1.290000,782.4150,1.100000,6000.00,"Transit"
"Kepler-293","Kepler-293 c",2,54.15574300000,0.2860000000,3.83000000,1.63000000,-1.63000000,14.00000000,,,"M-R relationship",1.370000,7.2870,0.934000,5804.00,"Transit"
"HAT-P-40","HAT-P-40 b",1,4.45724000000,0.0608000000,17.03768000,1.90553000,-1.90553000,152.55840000,41.31790000,-41.31790000,"Mass",0.150000,1747.4151,1.030000,6080.00,"Transit"
"Kepler-610","Kepler-610 b",2,6.99692655400,0.0719000000,4.19000000,1.16000000,-0.45000000,16.30000000,,,"M-R relationship",1.220000,139.0720,1.100000,5943.00,"Transit"
"XO-2 S","XO-2 S d",4,4696.00000000000,5.4600000000,13.00000000,,,1179.14338997,381.39408840,-162.09248757,"Msini",2.950000,0.0253,0.980000,5325.00,"Radial Velocity"
"HD 128717","HD 128717 b",1,3420.00000000000,4.8500000000,12.10000000,,,6293.00245860,158.91420350,-158.91420350,"Mass",19.500000,0.0892,1.212000,6210.00,"Astrometry"
"Kepler-1796","Kepler-1796 b",1,29.45579910000,0.1879000000,2.75047868,,,8.00000000,,,"M-R relationship",2.110000,30.3000,1.018000,6036.00,"Transit"
"G 261-6","G 261-6 b",1,5.45360000000,0.0297100000,1.10000000,,,1.37000000,0.23000000,-0.22000000,"Msini",5.660000,1.8000,0.118000,2907.00,"Radial Velocity"
"Kepler-1367","Kepler-1367 b",1,1.57409027200,0.0236000000,0.92000000,0.07000000,-0.08000000,0.72100000,,,"M-R relationship",5.090000,225.2330,0.620000,4106.00,"Transit"
"K2-290","K2-290 c",2,48.36685000000,0.3050000000,11.27625400,0.56045000,-0.56045000,246.00042000,14.93801000,-14.93801000,"Mass",1.010000,28.2979,1.194000,6302.00,"Transit"
"HD 11755","HD 11755 b",1,433.70001000000,1.0900000000,12.80000000,,,1789.38290000,292.40360000,-292.40360000,"Msini",4.690000,124.3021,0.720000,4312.00,"Radial Velocity"
"YZ Cet","YZ Cet c",3,3.05989000000,0.0215600000,1.05000000,,,1.14000000,0.11000000,-0.10000000,"Msini",5.410000,4.7200,0.142000,3151.00,"Radial Velocity"
"AF Lep","AF Lep b",1,8905.00000000000,8.9960000000,13.00000000,,,1147.36054927,155.73591943,-152.55763536,"Mass",2.870000,0.0241,1.218000,6140.00,"Imaging"
"Kepler-669","Kepler-669 b",1,4.12554686900,0.0529000000,4.83000000,1.28000000,-0.55000000,20.80000000,,,"M-R relationship",1.010000,826.7650,1.150000,6038.00,"Transit"
"HIP 111909","HIP 111909 b",2,487.08000000000,1.3200000000,13.70000000,,,384.57237247,31.78284070,-31.78284070,"Msini",0.822000,6.0097,1.280000,4891.00,"Radial Velocity"
"KOI-351","KOI-351 c",8,8.71937500000,0.0890000000,1.19000000,0.14000000,-0.14000000,1.81000000,,,"M-R relationship",5.900000,236.3150,1.200000,6080.00,"Transit"
"TOI-5159","TOI-5159 b",1,5.83639428843,,1.54732112,0.14990024,-0.13545721,3.01000000,,,"M-R relationship",4.460000,133.1006,0.900000,5156.16,"Transit"
"HD 109271","HD 109271 c",2,30.93000000000,0.1960000000,5.27000000,,,24.15400000,2.22500000,-2.22500000,"Msini",0.907000,52.0580,1.047000,5783.00,"Radial Velocity"
"Kepler-292","Kepler-292 d",5,7.05567900000,0.0680000000,2.23000000,0.21000000,-0.21000000,5.60000000,,,"M-R relationship",2.770000,103.0050,0.865000,5299.00,"Transit"
"Kepler-1297","Kepler-1297 b",1,1.68189002000,0.0283000000,0.97000000,0.16000000,-0.09000000,0.87100000,,,"M-R relationship",5.240000,2760.5930,0.990000,5818.00,"Transit"
"HD 126525","HD 126525 b",1,960.41000000000,1.8370000000,10.30000000,,,75.32571000,0.63566000,-0.63566000,"Msini",0.379000,0.2701,0.897000,5638.00,"Radial Velocity"
"GJ 682","GJ 682 b",2,17.47800000000,0.0800000000,1.93000000,,,4.40000000,3.70000000,-2.40000000,"Msini",3.360000,0.3125,0.270000,3028.00,"Radial Velocity"
"Kepler-1857","Kepler-1857 b",1,8.94340992000,0.0830800000,1.96065412,,,4.50000000,,,"M-R relationship",3.280000,217.4000,0.873000,6074.00,"Transit"
"Kepler-242","Kepler-242 c",2,14.49648100000,0.1090000000,2.00000000,1.23000000,-1.23000000,4.66000000,,,"M-R relationship",3.200000,20.4980,0.748000,5020.00,"Transit"
"K2-132","K2-132 b",1,9.17510000000,0.0916000000,14.57170000,0.78463000,-0.78463000,155.73670000,19.06980000,-19.06980000,"Mass",0.277000,293.3740,1.080000,4840.00,"Transit"
"HD 217786","HD 217786 b",2,1301.36009000000,2.4460000000,12.30000000,,,4402.55909376,402.68859167,-416.67304158,"Mass",13.000000,0.3159,1.140000,5966.00,"Radial Velocity"
"OGLE-TR-132","OGLE-TR-132 b",1,1.68986800000,0.0303500000,13.45000000,1.68000000,-1.23000000,375.02000000,44.49000000,-41.32000000,"Mass",0.850000,2550.8364,1.305000,6210.00,"Transit"
"Kepler-1251","Kepler-1251 b",1,45.09046430000,0.2478000000,1.84000000,0.26000000,-0.14000000,4.04000000,,,"M-R relationship",3.560000,13.7800,0.920000,5545.00,"Transit"
"K2-89","K2-89 b",1,1.09602600000,0.0146200000,0.61500000,0.08000000,-0.08000000,0.17000000,,,"M-R relationship",4.020000,78.0000,0.347000,3691.00,"Transit"
"HATS-43","HATS-43 b",1,4.38884970000,0.0494400000,13.22662000,0.56045000,-0.56045000,82.95363000,17.16282000,-17.16282000,"Mass",0.191000,192.2328,0.837000,5099.00,"Transit"
"Kepler-1130","Kepler-1130 b",3,5.45298175000,0.0596300000,0.80000000,0.16000000,-0.03000000,0.43700000,,,"M-R relationship",4.690000,162.6500,0.900000,5403.00,"Transit"
"Kepler-1399","Kepler-1399 b",1,1.63865305800,0.0276000000,1.25000000,0.22000000,-0.11000000,2.10000000,,,"M-R relationship",5.910000,1707.2520,0.970000,5735.00,"Transit"
"Kepler-517","Kepler-517 b",1,60.92832271000,0.2868200000,2.67000000,0.32000000,-0.22000000,7.61000000,,,"M-R relationship",2.200000,10.5550,0.950000,5690.00,"Transit"
"Kepler-783","Kepler-783 c",2,7.05395000000,0.0690300000,2.33153725,,,6.04000000,,,"M-R relationship",2.620000,113.3000,0.940000,5411.49,"Transit"
"Kepler-174","Kepler-174 b",3,13.98179000000,0.1000000000,1.96000000,0.11000000,-0.11000000,4.50000000,,,"M-R relationship",3.280000,24.4180,0.602000,4880.00,"Transit"
"HD 176986","HD 176986 b",3,6.49164000000,0.0629560000,,,,1487.75477317,,,"Mass",,81.7000,0.789000,4931.00,"Radial Velocity"
"Kepler-758","Kepler-758 b",4,12.10971040000,0.1075400000,2.48000000,0.55000000,-0.40000000,6.71000000,,,"M-R relationship",2.420000,349.1930,1.160000,6228.00,"Transit"
"Kepler-539","Kepler-539 c",2,1000.00000000000,2.4200000000,13.30000000,,,762.79200000,381.39600000,-381.39600000,"Mass",1.780000,0.1486,1.048000,5820.00,"Transit Timing Variations"
"Kepler-1487","Kepler-1487 b",2,7.31946363000,0.0898000000,2.13000000,0.85000000,-0.45000000,5.18000000,,,"M-R relationship",2.950000,323.2940,1.380000,6541.00,"Transit"
"Kepler-178","Kepler-178 b",3,9.57669400000,0.0850000000,2.90000000,1.25000000,-1.25000000,8.75000000,,,"M-R relationship",1.970000,84.5710,0.852000,5676.00,"Transit"
"TOI-532","TOI-532 b",1,2.32665080000,0.0296000000,5.82000000,0.19000000,-0.19000000,61.50000000,9.70000000,-9.30000000,"Mass",1.720000,94.1000,0.639000,3927.00,"Transit"
"GJ 1148","GJ 1148 c",2,532.58000000000,0.9120000000,9.71000000,,,68.06000000,4.91000000,-2.19000000,"Msini",0.409000,0.0163,0.344045,3287.00,"Radial Velocity"
"TOI-5916","TOI-5916 b",1,2.36712800000,0.0262000000,11.35469745,0.35868738,-0.36989636,226.61165419,76.59664609,-36.23243840,"Mass",0.860000,51.7000,0.477000,3613.00,"Transit"
"Kepler-647","Kepler-647 b",2,16.22546490000,0.1223700000,1.17000000,0.14000000,-0.11000000,1.71000000,,,"M-R relationship",5.870000,162.7940,1.030000,6020.00,"Transit"
"HD 125595","HD 125595 b",1,9.67370000000,0.0800000000,,,,3531.07360177,,,"Mass",,37.7085,0.290000,4691.00,"Radial Velocity"
"HD 134987","HD 134987 c",2,5000.00000000000,5.8000000000,13.90000000,,,260.00000000,10.00000000,-10.00000000,"Msini",0.532000,0.0535,1.100000,5585.00,"Radial Velocity"
"Kepler-302","Kepler-302 b",2,30.18410400000,0.1930000000,4.06000000,0.85000000,-0.85000000,15.50000000,,,"M-R relationship",1.270000,31.2470,1.021000,5740.00,"Transit"
"Kepler-897","Kepler-897 b",1,8.04726420000,0.0770000000,2.39000000,0.66000000,-0.25000000,6.30000000,,,"M-R relationship",2.540000,354.2210,1.030000,5839.00,"Transit"
"TOI-2092","TOI-2092 b",1,4.30325528074,,2.94892961,0.31576526,-0.26073597,9.00000000,,,"M-R relationship",1.930000,195.7930,0.956000,5842.06,"Transit"
"HD 136352","HD 136352 d",3,107.24500000000,0.4250000000,2.56200000,0.08800000,-0.07900000,8.82000000,0.93000000,-0.92000000,"Mass",2.878108,5.7400,0.870000,5664.00,"Radial Velocity"
"Kepler-1559","Kepler-1559 b",1,0.97191542800,0.0183500000,0.72000000,0.07000000,-0.05000000,0.29900000,,,"M-R relationship",4.400000,1620.0630,0.860000,5316.00,"Transit"
"Kepler-815","Kepler-815 b",1,8.57503552000,0.0947300000,4.11000000,0.19000000,-0.33000000,15.80000000,,,"M-R relationship",1.250000,979.1360,1.250000,5028.00,"Transit"
"Kepler-1604","Kepler-1604 b",1,0.68368425600,0.0140600000,1.41000000,0.19000000,-0.11000000,2.57000000,,,"M-R relationship",5.040000,1391.4000,0.810000,4976.00,"Transit"
"Kepler-435","Kepler-435 b",1,8.60015360000,0.0948000000,22.31000000,2.02000000,-2.02000000,266.97000000,47.67000000,-47.67000000,"Mass",0.131000,677.9170,1.538000,6161.00,"Transit"
"HD 22496","HD 22496 b",1,5.09071000000,0.0510000000,2.22000000,,,5.57000000,0.73000000,-0.68000000,"Msini",2.800000,26.0000,0.684000,4385.00,"Radial Velocity"
"HD 191939","HD 191939 d",6,38.35303700000,0.2132000000,2.99500000,0.07000000,-0.07000000,2.80000000,0.60000000,-0.60000000,"Mass",0.570000,14.3000,0.810000,5348.00,"Transit"
"HD 128311","HD 128311 c",2,921.53800000000,1.7400000000,13.00000000,,,1204.25787000,293.67492000,-137.30256000,"Mass",3.010000,0.1017,0.828000,4965.00,"Radial Velocity"
"Kepler-1954","Kepler-1954 b",1,5.88343000400,0.0625000000,1.80235934,,,3.90000000,,,"M-R relationship",3.660000,192.0900,0.942000,5840.00,"Transit"
"HD 564","HD 564 b",1,492.30000000000,1.2000000000,12.50000000,,,104.88000000,9.54000000,-9.54000000,"Msini",0.295000,0.7254,0.961000,5902.00,"Radial Velocity"
"HD 116029","HD 116029 c",2,907.00000000000,,13.70000000,,,403.64410000,47.67450000,-47.67450000,"Msini",0.863000,,1.330000,4951.00,"Radial Velocity"
"Kepler-1283","Kepler-1283 b",1,12.94609780000,0.1062000000,1.91000000,0.79000000,-0.31000000,4.31000000,,,"M-R relationship",3.400000,80.3400,1.160000,6175.00,"Transit"
"Kepler-1702","Kepler-1702 b",1,18.50120000000,0.1275000000,1.60190793,,,3.20000000,,,"M-R relationship",4.280000,22.4000,0.850000,5093.00,"Transit"
"Kepler-26","Kepler-26 e",4,46.82791500000,0.2200000000,2.41000000,0.15000000,-0.15000000,6.39000000,,,"M-R relationship",2.510000,1.7530,0.593000,4486.00,"Transit"
"Kepler-366","Kepler-366 c",2,12.51616000000,0.1100000000,1.79000000,0.81000000,-0.81000000,3.86000000,,,"M-R relationship",3.700000,286.6000,1.088000,6209.00,"Transit"
"K2-204","K2-204 b",1,7.05590800000,0.0738000000,3.17214154,0.17934369,-0.15692573,10.20000000,,,"M-R relationship",1.760000,290.0978,1.076000,5783.00,"Transit"
"BD-08 2823","BD-08 2823 b",2,5.60000000000,0.0600000000,,,,2948.49413174,,,"Mass",,65.7249,0.500000,4816.00,"Radial Velocity"
"Kepler-1899","Kepler-1899 b",1,4.09577989600,0.0457000000,1.55098292,,,3.02000000,,,"M-R relationship",4.450000,124.3000,0.759000,4791.00,"Transit"
"Kepler-11","Kepler-11 c",6,13.02410000000,0.1070000000,2.87000000,0.05000000,-0.06000000,2.90000000,2.90000000,-1.60000000,"Mass",0.660000,107.2240,0.961000,5663.00,"Transit"
"Kepler-57","Kepler-57 b",2,5.72000000000,0.0598800000,3.13500000,0.09000000,-0.08800000,25.06000000,5.16000000,-4.91000000,"Mass",4.466029,124.3490,0.859000,5187.90,"Transit"
"Kepler-359","Kepler-359 b",3,25.56322200000,0.1780000000,3.53000000,1.64000000,-1.64000000,12.20000000,,,"M-R relationship",1.520000,23.9000,0.827000,6248.00,"Transit"
"K2-233","K2-233 d",3,24.36810000000,0.1516000000,2.36300000,0.06200000,-0.06200000,10.30000000,2.40000000,-2.60000000,"Mass",4.300000,12.7000,0.790000,4796.00,"Transit"
"TOI-4513","TOI-4513 b",1,9.76042253684,,2.34587608,0.27093052,-0.22436689,6.11000000,,,"M-R relationship",2.600000,30.3621,0.979000,5623.93,"Transit"
"TIC 390586021","TIC 390586021 b",1,2.74703755819,,2.86009388,0.30567917,-0.28246364,8.55000000,,,"M-R relationship",2.010000,,0.648000,4434.81,"Transit"
"TOI-2567","TOI-2567 b",1,5.98394400000,0.0672000000,10.92875618,0.34747840,-0.32506044,63.88350981,10.80616584,-9.85268062,"Mass",0.269000,558.0000,1.130000,5611.00,"Transit"
"G 264-012","G 264-012 c",2,8.05180000000,0.0525000000,1.76000000,,,3.75000000,0.48000000,-0.47000000,"Msini",3.780000,3.8700,0.297000,3326.00,"Radial Velocity"
"Kepler-1587","Kepler-1587 b",1,9.40604670000,0.0874700000,1.33000000,0.47000000,-0.24000000,2.33000000,,,"M-R relationship",5.440000,254.7010,1.080000,5933.00,"Transit"
"BD+48 740","BD+48 740 b",1,733.00000000000,1.7000000000,13.50000000,,,540.31100000,222.48100000,-222.48100000,"Msini",1.210000,15.1044,1.090000,4534.00,"Radial Velocity"
"HD 10697","HD 10697 b",1,1075.37990000000,2.0510000000,12.80000000,,,1825.28854140,321.32451948,-91.85240962,"Mass",4.780000,0.7124,0.990000,5641.00,"Radial Velocity"
"Kepler-430","Kepler-430 c",2,110.97900000000,0.4757000000,1.75000000,,,3.71000000,,,"M-R relationship",3.800000,9.0960,1.166000,5884.00,"Transit"
"GJ 2126","GJ 2126 b",1,272.70000000000,0.7100000000,13.60000000,,,413.17692910,63.56568140,-31.78284070,"Msini",0.903000,0.2833,0.650000,4159.00,"Radial Velocity"
"Kepler-350","Kepler-350 b",3,11.18956200000,0.1040000000,1.85000000,0.38000000,-0.38000000,16.90000000,5.60000000,-3.30000000,"Mass",4.900000,257.7210,1.190000,6186.00,"Transit"
"Kepler-1398","Kepler-1398 c",2,4.13827595000,0.0508700000,1.03000000,0.37000000,-0.15000000,1.08000000,,,"M-R relationship",5.430000,738.1830,1.130000,6126.00,"Transit"
"K2-97","K2-97 b",1,8.40711500000,0.0854000000,13.45077684,1.23298788,-1.23298788,174.48779544,18.75187601,-14.62010672,"Mass",0.392000,114.1490,1.170000,4673.00,"Transit"
"Kepler-1886","Kepler-1886 b",1,24.27580070000,0.1600000000,2.58158428,,,7.18000000,,,"M-R relationship",2.290000,26.6800,0.928000,5745.00,"Transit"
"HD 92788","HD 92788 c",2,11611.29750000000,10.5000000000,13.00000000,,,1166.43610000,95.34900000,-79.45750000,"Msini",2.920000,0.0095,1.150000,5744.00,"Radial Velocity"
"Kepler-61","Kepler-61 b",1,59.87756000000,0.2486100000,2.15000000,0.13000000,-0.13000000,5.27000000,,,"M-R relationship",2.910000,1.6900,0.635000,4017.00,"Transit"
"K2-414","K2-414 c",2,6.66900000000,0.0552000000,1.92870000,0.06300000,-0.07280000,4.38000000,,,"M-R relationship",3.350000,56.1300,0.814000,4343.00,"Transit"
"TOI-206","TOI-206 b",1,0.73631040000,0.0112000000,1.30000000,0.05000000,-0.05000000,2.24000000,,,"M-R relationship",5.600000,117.7582,0.350000,3383.00,"Transit"
"Kepler-1403","Kepler-1403 b",1,5.19492202000,0.0640000000,2.14000000,0.54000000,-0.26000000,5.22000000,,,"M-R relationship",2.930000,699.6440,1.110000,6060.00,"Transit"
"Kepler-758","Kepler-758 c",4,4.75793986000,0.0576800000,1.69000000,0.37000000,-0.29000000,3.50000000,,,"M-R relationship",3.980000,1211.8220,1.160000,6228.00,"Transit"
"Kepler-1206","Kepler-1206 b",1,1.21699766300,0.0201000000,1.64000000,0.09000000,-0.08000000,3.33000000,,,"M-R relationship",4.150000,588.0210,0.800000,4877.00,"Transit"
"Kepler-520","Kepler-520 b",2,19.67416124000,0.1462800000,1.66000000,0.28000000,-0.10000000,3.39000000,,,"M-R relationship",4.070000,59.7700,1.100000,6112.00,"Transit"
"Kepler-241","Kepler-241 c",2,36.06597800000,0.1890000000,2.57000000,1.11000000,-1.11000000,7.13000000,,,"M-R relationship",2.310000,5.8800,0.671000,4699.00,"Transit"
"Kepler-299","Kepler-299 d",4,15.05478600000,0.1180000000,1.86000000,0.38000000,-0.38000000,4.12000000,,,"M-R relationship",3.520000,69.9600,1.004000,5617.00,"Transit"
"Kepler-1102","Kepler-1102 b",1,51.32856230000,0.2731000000,2.66000000,0.53000000,-0.23000000,7.56000000,,,"M-R relationship",2.210000,22.9810,0.960000,5724.00,"Transit"
"Kepler-617","Kepler-617 b",1,1.68269614800,0.0219000000,1.32000000,0.07000000,-0.07000000,2.30000000,,,"M-R relationship",5.500000,100.2950,0.510000,3712.00,"Transit"
"TOI-2141","TOI-2141 b",3,18.26160800000,0.1322000000,3.14700000,0.04300000,-0.04200000,20.10000000,1.60000000,-1.50000000,"Mass",3.540000,47.3000,0.896000,5635.00,"Transit"
"Kepler-1127","Kepler-1127 b",1,5.12330347000,0.0556000000,1.96000000,0.31000000,-0.42000000,4.50000000,,,"M-R relationship",3.280000,160.7650,0.970000,5664.00,"Transit"
"Kepler-1934","Kepler-1934 b",1,1.41975998900,0.0246600000,0.91307734,,,0.70200000,,,"M-R relationship",5.070000,1835.6000,0.968000,5925.00,"Transit"
"TOI-4214","TOI-4214 b",1,3.49138850000,0.0501800000,10.68215861,0.35868738,-0.33626942,165.27077164,16.84490557,-17.16273398,"Mass",0.740000,1210.0000,1.382000,6370.00,"Transit"
"HD 210193","HD 210193 b",1,649.91800000000,1.4870000000,14.30000000,,,153.10000000,23.30000000,-23.30000000,"Msini",0.288000,0.5142,1.040000,5790.00,"Radial Velocity"
"TOI-7041","TOI-7041 b",1,9.69100000000,,11.43316031,0.33626942,-0.33626942,114.41822652,50.85254512,-50.85254512,"Mass",0.421000,143.2590,1.070000,4700.00,"Transit"
"HD 100777","HD 100777 b",1,383.00000000000,1.0600000000,13.70000000,,,390.92894061,15.89142035,-15.89142035,"Mass",0.835000,0.9345,1.080000,5533.00,"Radial Velocity"
"WASP-53","WASP-53 b",2,3.30984430000,0.0410100000,12.03846600,0.41473300,-0.41473300,677.61356000,29.24036000,-29.87602000,"Mass",2.280000,241.6656,0.839000,4953.00,"Transit"
"Kepler-391","Kepler-391 b",2,7.41750000000,0.0830000000,2.50000000,0.29000000,-0.29000000,1100.00000000,,,"Mass",380.000000,690.0000,1.270000,5038.00,"Transit"
"K2-319","K2-319 b",1,26.68000000000,0.1516000000,2.79000000,0.11000000,-0.10000000,8.20000000,,,"M-R relationship",2.070000,25.1842,0.954000,5440.00,"Transit"
"K2-44","K2-44 b",1,5.65700000000,0.0600000000,2.43300000,0.08900000,-0.07200000,6.50000000,,,"M-R relationship",2.480000,646.0000,1.150000,5912.00,"Transit"
"WASP-49","WASP-49 b",1,2.78174000000,0.0379000000,12.44199000,1.23299000,-1.23299000,117.59710000,25.42640000,-25.42640000,"Mass",0.288000,615.4709,0.920000,5600.00,"Transit"
"HD 155918","HD 155918 c",2,17202.19446000000,13.1830000000,12.80000000,,,1878.04805696,207.54194977,-243.45655976,"Mass",4.920000,0.0060,1.030000,5771.84,"Radial Velocity"
"WASP-65","WASP-65 b",1,2.31142430000,0.0334000000,12.46400000,0.66100000,-0.66100000,492.62000000,50.85000000,-50.85000000,"Mass",1.500000,957.0053,0.930000,5600.00,"Transit"
"HD 2685","HD 2685 b",1,4.12688000000,0.0568000000,16.14096000,0.56045000,-0.56045000,371.86110000,38.13960000,-38.13960000,"Mass",0.486000,1436.4900,1.430000,6801.00,"Transit"
"HD 31527","HD 31527 b",3,16.55350000000,0.1254000000,3.22000000,,,10.47000000,0.89000000,-0.87000000,"Msini",1.720000,76.3108,0.960000,5898.00,"Radial Velocity"
"Kepler-1527","Kepler-1527 b",1,160.12991800000,0.6276000000,4.77000000,1.95000000,-0.75000000,20.40000000,,,"M-R relationship",1.030000,7.8130,1.210000,6224.00,"Transit"
"TOI-139","TOI-139 b",1,11.07085000000,,2.45660000,0.21220000,-0.12450000,6.60000000,,,"M-R relationship",2.450000,22.4219,0.690000,4570.00,"Transit"
"TOI-4087","TOI-4087 b",1,3.17748350000,0.0446900000,13.04725353,0.28022452,-0.26901554,232.01473711,44.49597698,-44.49597698,"Mass",0.570000,753.9000,1.178000,6060.00,"Transit"
"TOI-2406","TOI-2406 b",1,3.07668910000,0.0226700000,2.86000000,0.06300000,-0.06900000,15.60000000,,,"Mass",,6.6900,0.166000,3100.00,"Transit"
"K2-53","K2-53 b",1,12.20772000000,0.0980000000,2.60000000,0.10000000,-0.10000000,7.27000000,,,"M-R relationship",2.270000,52.5000,0.851000,5263.00,"Transit"
"Kepler-1070","Kepler-1070 b",1,6.22161470000,0.0675300000,1.73000000,0.81000000,-0.25000000,3.64000000,,,"M-R relationship",3.860000,380.1340,1.210000,6261.00,"Transit"
"HIP 56998","HD 101581 c",2,6.20401000000,0.0573000000,0.99000000,0.07000000,-0.07000000,0.93700000,,,"M-R relationship",5.310000,52.0000,0.653000,4675.00,"Transit"
"HATS-64","HATS-64 b",1,4.90889700000,0.0656200000,18.81991100,0.90792900,-0.90792900,305.11680000,63.56600000,-63.56600000,"Mass",0.245000,1711.0000,1.564000,6554.00,"Transit"
"Kepler-275","Kepler-275 b",3,10.30068200000,0.0980000000,2.34000000,0.45000000,-0.45000000,6.08000000,,,"M-R relationship",2.610000,266.3000,1.189000,6165.00,"Transit"
"K2-37","K2-37 b",3,4.44340000000,0.0510500000,1.39000000,0.10000000,-0.05000000,2.51000000,,,"M-R relationship",5.140000,193.0000,0.840000,5352.00,"Transit"
"Kepler-286","Kepler-286 d",4,5.91432300000,0.0610000000,1.33000000,0.27000000,-0.27000000,2.33000000,,,"M-R relationship",5.440000,173.9000,0.830000,5580.00,"Transit"
"Kepler-277","Kepler-277 b",2,17.32400000000,0.1416800000,2.92000000,0.73000000,-0.63000000,87.30000000,41.70000000,-39.90000000,"Mass",9.200000,198.2450,1.120000,5946.00,"Transit"
"Kepler-461","Kepler-461 b",1,8.31378305900,0.0789500000,2.58000000,0.07000000,-0.06000000,7.18000000,,,"M-R relationship",2.300000,254.9060,0.980000,5634.00,"Transit"
"Kepler-967","Kepler-967 b",2,13.22713379000,0.1027000000,2.35000000,0.08000000,-0.10000000,6.12000000,,,"M-R relationship",2.590000,39.1000,0.840000,5178.00,"Transit"
"Kepler-1017","Kepler-1017 b",1,7.23400469000,0.0719600000,1.99000000,0.29000000,-0.12000000,4.62000000,,,"M-R relationship",3.220000,119.6030,0.930000,5473.00,"Transit"
"Kepler-1055","Kepler-1055 b",1,2.29503623300,0.0335000000,1.23000000,0.07000000,-0.06000000,2.04000000,,,"M-R relationship",6.020000,647.2560,0.980000,5723.00,"Transit"
"DENIS-P J082303.1-491201","DENIS-P J082303.1-491201 b",1,246.36000000000,0.3600000000,11.90000000,,,9057.77000000,603.85000000,-603.85000000,"Mass",29.500000,,0.075000,,"Astrometry"
"HD 168443","HD 168443 b",2,58.11187000000,0.2920000000,12.60000000,,,2424.39508860,192.60401464,-201.18538163,"Msini",6.660000,28.2942,0.980000,5491.00,"Radial Velocity"
"TOI-4600","TOI-4600 c",2,482.81910000000,1.1520000000,9.42000000,0.42000000,-0.41000000,2946.26933289,,,"Mass",,48.3867,0.890000,5170.00,"Transit"
"Kepler-1409","Kepler-1409 b",1,0.76486492600,0.0155300000,1.04000000,0.08000000,-0.07000000,1.12000000,,,"M-R relationship",5.470000,1552.1330,0.830000,5160.00,"Transit"
"GJ 317","GJ 317 c",2,6500.00000000000,5.0400000000,13.60000000,,,454.49462201,18.43404761,-17.48056238,"Msini",0.993000,0.0008,0.402000,3496.00,"Radial Velocity"
"TOI-5380","TOI-5380 b",1,3.77229247873,,3.48093238,0.40440940,-0.32385387,11.90000000,,,"M-R relationship",1.550000,796.3050,1.343000,6400.78,"Transit"
"GJ 3138","GJ 3138 b",3,1.22003000000,0.0197000000,1.18000000,,,1.78000000,0.34000000,-0.33000000,"Msini",5.950000,118.1000,0.681000,3717.00,"Radial Velocity"
"Kepler-107","Kepler-107 d",4,7.95839000000,0.0837700000,0.86000000,0.06000000,-0.06000000,7.70000000,,,"Mass",67.000000,315.0000,1.238000,5854.00,"Transit"
"Kepler-467","Kepler-467 b",1,24.99324193000,0.1684800000,2.25000000,0.30000000,-0.08000000,5.69000000,,,"M-R relationship",2.740000,72.7490,1.050000,5809.00,"Transit"
"Kepler-402","Kepler-402 c",4,6.12482100000,0.0680000000,1.56000000,0.35000000,-0.35000000,3.05000000,,,"M-R relationship",4.410000,353.9730,1.072000,6090.00,"Transit"
"Kepler-1109","Kepler-1109 b",1,37.64673840000,0.2466000000,2.19000000,0.44000000,-0.23000000,5.43000000,,,"M-R relationship",2.840000,11.3820,1.050000,5893.00,"Transit"
"Kepler-1034","Kepler-1034 b",1,12.12400943000,0.0965000000,2.26000000,0.17000000,-0.14000000,5.73000000,,,"M-R relationship",2.730000,36.7870,0.830000,5198.00,"Transit"
"Kepler-779","Kepler-779 b",1,7.09714223000,0.0533000000,0.92000000,0.07000000,-0.07000000,0.72100000,,,"M-R relationship",5.090000,15.0280,0.460000,3804.00,"Transit"
"Kepler-1888","Kepler-1888 b",1,11.39169979000,0.0956000000,1.32578716,,,2.32000000,,,"M-R relationship",5.470000,145.6700,0.897000,5557.00,"Transit"
"HD 231701","HD 231701 b",1,141.63000000000,0.5670000000,13.70000000,,,359.14790000,79.45750000,-79.45750000,"Msini",0.768000,9.1798,1.210000,6101.00,"Radial Velocity"
"Kepler-1097","Kepler-1097 b",1,187.74702900000,0.5791000000,3.26000000,0.26000000,-0.26000000,10.70000000,,,"M-R relationship",1.700000,1.3000,0.820000,5211.00,"Transit"
"TOI-1386","TOI-1386 c",2,232.00000000000,0.7500000000,10.30000000,,,75.20000000,15.30000000,-15.00000000,"Msini",0.378000,1.7710,1.036300,5735.00,"Radial Velocity"
"BEBOP-3","BEBOP-3 b",1,547.00000000000,1.4440000000,14.20000000,,,177.34825111,16.20924876,-15.25576354,"Msini",0.340000,1.1590,1.083000,6033.00,"Radial Velocity"
"Kepler-1081","Kepler-1081 b",1,3.85691854700,0.0466200000,1.01000000,0.10000000,-0.07000000,1.01000000,,,"M-R relationship",5.390000,225.2160,0.880000,5345.00,"Transit"
"K2-242","K2-242 b",1,6.51389000000,0.0494000000,2.54000000,0.21000000,-0.19000000,6.99000000,,,"M-R relationship",2.340000,6.3759,0.380000,3459.00,"Transit"
"WASP-70 A","WASP-70 A b",1,3.71302030000,0.0485300000,13.04700000,0.81800000,-1.14300000,187.51200000,6.99200000,-6.99200000,"Mass",0.499000,649.1548,1.106000,5763.00,"Transit"
"Kepler-158","Kepler-158 c",3,28.55138300000,0.1580000000,1.90000000,0.30000000,-0.30000000,4.27000000,,,"M-R relationship",3.420000,6.6770,0.655000,4623.00,"Transit"
"Kepler-1990","Kepler-1990 b",2,1.73513619000,0.0286000000,3.27000000,0.54000000,-0.33000000,10.70000000,,,"M-R relationship",1.680000,1372.8700,1.028000,5751.00,"Transit"
"Kepler-1071","Kepler-1071 b",1,6.17998440000,0.0629000000,2.38000000,0.07000000,-0.14000000,6.26000000,,,"M-R relationship",2.550000,45.1200,0.860000,5215.00,"Transit"
"TOI-1855","TOI-1855 b",1,1.36414864000,0.0239800000,18.49481816,5.82866996,-4.14732286,360.09958513,30.51152707,-28.92238504,"Mass",0.310000,852.1620,0.987000,5359.00,"Transit"
"HD 45184","HD 45184 c",2,13.13540000000,0.1100000000,2.91000000,,,8.81000000,1.09000000,-1.02000000,"Msini",1.960000,93.3884,1.030000,5869.00,"Radial Velocity"
"K2-148","K2-148 c",3,6.92260000000,0.0616000000,1.73000000,0.24000000,-0.21000000,3.64000000,,,"M-R relationship",3.860000,26.5000,0.650000,4079.00,"Transit"
"Kepler-1233","Kepler-1233 b",1,45.12630420000,0.2630000000,2.60000000,1.08000000,-0.39000000,7.27000000,,,"M-R relationship",2.270000,30.0610,1.160000,6198.00,"Transit"
"HIP 116454","HIP 116454 b",1,9.10041570000,0.0792000000,2.46900000,0.10000000,-0.09100000,9.70000000,1.20000000,-1.20000000,"Mass",3.530000,51.2858,0.800000,5048.00,"Transit"
"Kepler-1637","Kepler-1637 b",1,6.10960324000,0.0596000000,0.89000000,0.18000000,-0.09000000,0.64000000,,,"M-R relationship",4.990000,337.7800,1.020000,5789.00,"Transit"
"HD 13189","HD 13189 b",1,471.60001000000,1.2500000000,12.40000000,,,3480.23850000,928.06360000,-928.06360000,"Msini",10.000000,277.0528,2.240000,4175.00,"Radial Velocity"
"Kepler-1887","Kepler-1887 b",1,19.94750023000,0.1421000000,2.92454357,,,8.88000000,,,"M-R relationship",1.950000,36.1400,0.961000,5749.00,"Transit"
"TOI-1422","TOI-1422 c",2,34.56330000000,0.2050000000,2.61000000,0.14000000,-0.14000000,14.00000000,3.00000000,-3.00000000,"Mass",4.300000,26.5556,0.990300,5840.00,"Radial Velocity"
"TOI-1749","TOI-1749 c",3,4.49290000000,0.0443000000,2.12000000,0.12000000,-0.12000000,14.00000000,,,"Mass",,36.1539,0.580000,3985.00,"Transit"
"Kepler-804","Kepler-804 b",2,14.37457351000,0.1128700000,1.94000000,0.24000000,-0.16000000,4.42000000,,,"M-R relationship",3.330000,83.4270,1.010000,5817.00,"Transit"
"Kepler-1565","Kepler-1565 b",1,1.53818843700,0.0241000000,1.19000000,0.08000000,-0.12000000,1.81000000,,,"M-R relationship",5.900000,510.5660,0.760000,4940.00,"Transit"
"TOI-5398","TOI-5398 c",2,4.77271000000,0.0570000000,3.52000000,0.19000000,-0.19000000,11.80000000,4.80000000,-4.70000000,"Mass",1.500000,370.6030,1.146000,6000.00,"Transit"
"Kepler-920","Kepler-920 b",2,6.53192704000,0.0650000000,2.42000000,0.22000000,-0.16000000,6.44000000,,,"M-R relationship",2.500000,153.1380,0.890000,5403.00,"Transit"
"TOI-1669","TOI-1669 b",2,500.00000000000,1.2700000000,14.10000000,,,191.00000000,25.00000000,-24.00000000,"Msini",0.374000,0.5710,0.986700,5497.00,"Radial Velocity"
"HD 191806","HD 191806 b",1,1603.38923000000,2.7490000000,12.50000000,,,2966.61035094,292.08430603,-270.78980276,"Mass",8.350000,0.2951,1.070000,6010.00,"Radial Velocity"
"Kepler-99","Kepler-99 b",1,4.60358000000,0.0507100000,1.48000000,0.08000000,-0.08000000,6.15000000,1.30000000,-1.30000000,"Mass",10.900000,108.0420,0.790000,4782.00,"Transit"
"HD 222076","HD 222076 b",1,871.00000000000,1.8300000000,13.50000000,,,495.81480000,34.96130000,-34.96130000,"Msini",1.110000,2.5381,1.070000,4806.00,"Radial Velocity"
"Kepler-1991","Kepler-1991 b",2,13.26079792000,0.1065000000,1.47000000,0.20000000,-0.21000000,2.76000000,,,"M-R relationship",4.770000,78.7900,0.914000,5478.00,"Transit"
"Kepler-134","Kepler-134 c",2,10.10578500000,0.0920000000,1.26000000,0.25000000,-0.25000000,2.13000000,,,"M-R relationship",5.850000,128.0860,0.956000,5983.00,"Transit"
"Kepler-930","Kepler-930 b",1,71.45177750000,0.3459300000,2.13000000,0.92000000,-0.42000000,5.18000000,,,"M-R relationship",2.950000,16.8510,1.250000,6335.00,"Transit"
"HD 154672","HD 154672 b",1,163.94000000000,0.6000000000,12.80000000,,,1706.74710000,123.95370000,-123.95370000,"Msini",4.470000,5.0225,1.180000,5743.00,"Radial Velocity"
"Kepler-371","Kepler-371 c",2,67.96801500000,0.3130000000,1.78000000,0.45000000,-0.45000000,3.82000000,,,"M-R relationship",3.720000,17.0630,0.876000,5666.00,"Transit"
"Kepler-1610","Kepler-1610 c",2,44.98518850000,0.2323000000,2.09000000,0.35000000,-0.21000000,5.02000000,,,"M-R relationship",3.020000,8.3400,0.825000,5295.00,"Transit"
"K2-86","K2-86 b",1,8.77683000000,0.0770000000,1.96000000,0.27000000,-0.27000000,4.50000000,,,"M-R relationship",3.280000,78.0000,0.790000,5482.00,"Transit"
"Kepler-377","Kepler-377 c",2,27.01497600000,0.1820000000,2.06000000,0.39000000,-0.39000000,4.90000000,,,"M-R relationship",3.080000,49.8550,1.043000,5949.00,"Transit"
"Kepler-1782","Kepler-1782 b",1,5.75622987700,0.0582500000,2.22927435,,,5.60000000,,,"M-R relationship",2.780000,86.0000,0.794000,4931.00,"Transit"
"Kepler-198","Kepler-198 d",3,1.31184443000,0.0234200000,1.53000000,0.09000000,-0.07000000,2.96000000,,,"M-R relationship",4.540000,1444.5160,0.970000,5636.00,"Transit"
"TOI-1444","TOI-1444 b",1,0.47027430000,0.0116000000,1.41792246,0.04673360,-0.04107268,3.58000000,0.76000000,-0.75000000,"Mass",6.840000,5028.6263,0.951300,5460.00,"Transit"
"K2-338","K2-338 b",1,3.85061400000,,1.03000000,0.11000000,-0.05000000,1.08000000,,,"M-R relationship",5.430000,,0.660000,4558.00,"Transit"
"HD 40979","HD 40979 b",1,264.14999000000,0.8500000000,12.90000000,,,1484.26610000,108.06220000,-108.06220000,"Msini",3.800000,2.7022,1.450000,6165.00,"Radial Velocity"
"K2-326","K2-326 b",1,1.25600000000,0.0198000000,2.28000000,0.18000000,-0.18000000,5.82000000,,,"M-R relationship",2.700000,268.1283,0.507000,3924.00,"Transit"
"Kepler-329","Kepler-329 c",2,18.68473700000,0.1130000000,1.93000000,0.29000000,-0.29000000,4.38000000,,,"M-R relationship",3.350000,11.8690,0.602000,4257.00,"Transit"
"Kepler-487","Kepler-487 d",3,2.41839003600,0.0344500000,2.77513568,,,8.12000000,,,"M-R relationship",2.090000,550.8000,0.874000,5422.00,"Transit"
"Kepler-1575","Kepler-1575 b",1,2.55314213000,0.0366000000,1.31000000,0.20000000,-0.13000000,2.27000000,,,"M-R relationship",5.550000,803.6790,0.950000,5667.00,"Transit"
"Kepler-729","Kepler-729 b",1,3.16635371400,0.0432000000,3.58000000,0.42000000,-0.25000000,12.50000000,,,"M-R relationship",1.500000,1089.5490,0.940000,5633.00,"Transit"
"Kepler-26","Kepler-26 b",4,12.28000000000,0.0855100000,2.78000000,0.11000000,-0.11000000,5.12000000,0.65000000,-0.61000000,"Mass",1.260000,7.6000,0.544000,3914.00,"Transit"
"Kepler-797","Kepler-797 b",1,27.07237711000,0.1810000000,2.17000000,0.43000000,-0.22000000,5.35000000,,,"M-R relationship",2.880000,90.1000,0.960000,5680.00,"Transit"
"Kepler-199","Kepler-199 c",2,67.09340800000,0.3160000000,3.25000000,0.58000000,-0.58000000,10.60000000,,,"M-R relationship",1.700000,7.8850,0.960000,5644.00,"Transit"
"HD 74156","HD 74156 b",2,51.63564000000,0.2800000000,13.50000000,,,532.36258173,43.22466335,-45.44946220,"Msini",1.190000,32.0951,1.100000,6068.00,"Radial Velocity"
"K2-275","K2-275 b",2,3.28096260000,0.0277000000,2.34000000,0.25000000,-0.27000000,6.08000000,,,"M-R relationship",2.610000,161.2476,0.770000,4841.00,"Transit"
"GJ 508.2","GJ 508.2 b",1,5300.00000000000,4.8500000000,,,,587.98255295,,,"Msini",,0.0025,0.540000,3720.00,"Radial Velocity"
"Kepler-82","Kepler-82 c",5,51.54000000000,0.2626000000,5.34000000,0.32000000,-0.13000000,13.90000000,1.30000000,-1.20000000,"Mass",0.494000,8.0350,0.910000,5401.00,"Transit"
"HIP 65407","HIP 65407 c",2,67.30000000000,0.3160000000,13.90000000,,,249.17872000,17.16282000,-17.16282000,"Msini",0.510000,6.5252,0.930000,5460.00,"Radial Velocity"
"HIP 12961","HIP 12961 b",1,57.43500000000,0.2500000000,13.20000000,,,114.41880000,22.24810000,-22.24810000,"Msini",0.273000,1.5889,0.690000,3901.00,"Radial Velocity"
"Kepler-1572","Kepler-1572 b",1,5.49548621000,0.0583800000,0.94000000,0.19000000,-0.08000000,0.77900000,,,"M-R relationship",5.150000,583.5230,0.970000,5618.00,"Transit"
"KOI-1783","KOI-1783.01",2,134.46280000000,0.5266100000,8.86000000,0.25000000,-0.24000000,71.00000000,11.20000000,-9.20000000,"Mass",0.560000,5.7000,1.076000,5922.00,"Transit"
"HD 106252","HD 106252 b",1,1535.00000000000,2.6550000000,12.50000000,,,3178.28407000,247.90615746,-232.01473711,"Mass",8.940000,0.1884,1.050000,5874.00,"Radial Velocity"
"K2-128","K2-128 b",1,5.67581900000,0.0560000000,1.42000000,0.16000000,-0.13000000,2.60000000,,,"M-R relationship",4.990000,68.8000,0.711248,4469.51,"Transit"
"HD 173416","HD 173416 b",1,322.03000000000,1.1580000000,13.40000000,,,585.12209729,65.47265184,-71.51139158,"Msini",1.340000,58.1544,2.000000,4683.00,"Radial Velocity"
"TOI-1736","TOI-1736 c",2,571.25000000000,1.3700000000,12.50000000,,,2800.00000000,500.00000000,-200.00000000,"Mass",7.880000,0.9000,1.037300,5636.00,"Radial Velocity"
"HD 99706","HD 99706 b",2,841.00000000000,1.9800000000,13.70000000,,,390.93090000,60.38770000,-60.38770000,"Msini",0.835000,3.9282,1.460000,4862.00,"Radial Velocity"
"Kepler-133","Kepler-133 b",2,8.12997600000,0.0830000000,1.76000000,0.30000000,-0.30000000,3.75000000,,,"M-R relationship",3.780000,408.5800,1.020000,5736.00,"Transit"
"HD 132406","HD 132406 b",1,908.00000000000,1.9800000000,12.80000000,,,1887.90073758,206.58846455,-187.51876013,"Mass",4.950000,0.4641,0.973000,5766.00,"Radial Velocity"
"KIC 5437945","KIC 5437945 b",2,440.78130000000,1.1967100000,6.40000000,1.60000000,-1.60000000,33.60000000,,,"M-R relationship",0.704000,2.9000,1.070000,6340.00,"Transit"
"HD 85390","HD 85390 b",1,799.52000000000,1.3730000000,6.16000000,,,31.46517000,3.17830000,-3.17830000,"Msini",0.740000,0.2281,0.758000,5186.00,"Radial Velocity"
"TOI-2969","TOI-2969 b",1,1.82371460000,0.0261000000,12.32987877,0.89671846,-0.89671846,368.68095212,12.71313628,-12.71313628,"Mass",1.100000,382.0000,0.710000,4738.00,"Transit"
"Kepler-1370","Kepler-1370 b",2,20.26416840000,0.1576300000,1.84000000,0.66000000,-0.26000000,4.04000000,,,"M-R relationship",3.560000,132.5870,1.190000,6202.00,"Transit"
"Kepler-1429","Kepler-1429 b",1,4.48487493000,0.0550000000,1.29000000,0.35000000,-0.14000000,2.21000000,,,"M-R relationship",5.660000,551.1560,1.050000,5902.00,"Transit"
"Kepler-1086","Kepler-1086 b",2,18.78425728000,0.1198000000,2.44000000,0.35000000,-0.28000000,6.53000000,,,"M-R relationship",2.470000,9.1570,0.700000,4350.00,"Transit"
"Kepler-257","Kepler-257 b",3,2.38266700000,0.0340000000,2.61000000,1.31000000,-1.31000000,7.32000000,,,"M-R relationship",2.260000,343.6000,0.916000,5180.00,"Transit"
"HD 212301","HD 212301 b",1,2.24571000000,0.0300000000,14.20000000,,,162.09330000,12.71320000,-12.71320000,"Msini",0.311000,1944.4444,1.550000,6239.00,"Radial Velocity"
"K2-189","K2-189 b",2,2.58812000000,0.0361000000,1.40300000,0.07900000,-0.04300000,2.55000000,,,"M-R relationship",5.070000,497.0000,0.850000,5442.00,"Transit"
"WASP-126","WASP-126 b",2,3.28883000000,0.0449000000,10.51358773,0.51853716,-0.51853716,90.30000000,,,"Mass",0.410000,759.3374,1.120000,5800.00,"Transit"
"Kepler-1091","Kepler-1091 b",1,1.43474156400,0.0252000000,1.46000000,0.36000000,-0.19000000,2.73000000,,,"M-R relationship",4.820000,1740.8580,1.010000,5851.00,"Transit"
"TOI-1294","TOI-1294 b",2,3.91529200000,0.0510000000,10.12369881,0.23643767,-0.22090361,63.90000000,4.70000000,-4.50000000,"Mass",0.340000,311.4980,1.157800,5718.00,"Transit"
"Kepler-1680","Kepler-1680 b",1,8.77424000000,0.0764200000,1.35954736,,,2.42000000,,,"M-R relationship",5.290000,49.0000,0.834000,5021.00,"Transit"
"HD 13724","HD 13724 c",1,142.22895000000,0.5340000000,8.18000000,,,50.85254512,7.94571018,-6.67439655,"Msini",0.511000,3.9773,1.004000,5835.31,"Radial Velocity"
"Kepler-318","Kepler-318 b",2,4.66271500000,0.0560000000,4.71000000,0.83000000,-0.83000000,19.90000000,,,"M-R relationship",1.050000,333.1490,1.073000,5746.00,"Transit"
"Kepler-1513","Kepler-1513 b",2,160.88420000000,0.5697100000,8.59400000,0.03600000,-0.02200000,48.30991786,33.05415433,-19.38753283,"Mass",1.304000,2.2300,0.943000,5491.00,"Transit"
"TOI-1478","TOI-1478 b",1,10.18021170000,0.0818000000,11.99360935,1.79343691,-1.12089807,279.68899816,34.96112477,-38.13940884,"Mass",0.880000,261.0130,0.947000,5597.00,"Transit"
"Kepler-29","Kepler-29 b",2,10.33974000000,0.0848200000,2.55000000,0.12000000,-0.12000000,5.00000000,1.50000000,-1.30000000,"Mass",1.650000,55.9000,0.761000,5378.00,"Transit"
"HD 185269","HD 185269 b",1,6.83776000000,0.0770000000,13.80000000,,,321.00830000,4.44962000,-4.44962000,"Msini",0.671000,832.9821,1.300000,5923.00,"Radial Velocity"
"Kepler-47","Kepler-47 b",3,49.46430000000,0.2877000000,3.05000000,0.04000000,-0.04000000,2.07000000,23.70000000,-2.07000000,"Mass",0.400000,10.1419,0.957000,5636.00,"Transit"
"HATS-16","HATS-16 b",1,2.68650200000,0.0374400000,14.57170000,1.68135000,-1.68135000,1039.30410000,60.38770000,-60.38770000,"Mass",1.860000,994.8095,0.970000,5738.00,"Transit"
"K2-3","K2-3 c",3,24.64672900000,0.1357000000,1.58200000,0.05700000,-0.05100000,2.68000000,0.85000000,-0.85000000,"Mass",3.700000,3.1700,0.549000,3844.00,"Transit"
"KOI-351","KOI-351 b",8,7.00815100000,0.0740000000,1.31000000,0.17000000,-0.17000000,2.27000000,,,"M-R relationship",5.550000,316.4420,1.200000,6080.00,"Transit"
"Kepler-1629","Kepler-1629 b",1,3.87595807000,0.0485000000,0.77000000,0.15000000,-0.08000000,0.38100000,,,"M-R relationship",4.590000,315.4570,1.010000,5776.00,"Transit"
"Kepler-918","Kepler-918 b",1,4.85386933000,0.0569000000,1.74000000,0.40000000,-0.21000000,3.68000000,,,"M-R relationship",3.840000,258.7020,1.110000,6028.00,"Transit"
"Kepler-1860","Kepler-1860 b",1,12.73719978000,0.1062500000,1.13863767,,,1.55000000,,,"M-R relationship",5.770000,56.3000,0.874000,5420.00,"Transit"
"K2-80","K2-80 c",3,5.60500000000,0.0596000000,1.47000000,0.23000000,-0.23000000,2.76000000,,,"M-R relationship",4.770000,166.0000,0.900000,5441.00,"Transit"
"HATS-3","HATS-3 b",1,3.54785100000,0.0485000000,15.48000000,0.39200000,-0.39200000,340.38200000,43.22300000,-43.22300000,"Mass",0.510000,1212.0044,1.209000,6351.00,"Transit"
"K2-289","K2-289 b",1,13.15696900000,0.1070000000,9.10000000,0.30000000,-0.30000000,61.00000000,,,"M-R relationship",0.445000,27.3178,0.953000,5529.00,"Transit"
"TOI-5108","TOI-5108 b",1,6.75358100000,0.0730000000,6.60000000,0.10000000,-0.10000000,32.00000000,5.00000000,-5.00000000,"Mass",0.600000,122.7850,1.100000,5808.00,"Transit"
"Kepler-1718","Kepler-1718 b",1,135.18800350000,0.4841800000,2.56852070,,,7.12000000,,,"M-R relationship",2.310000,3.7000,0.846000,5731.00,"Transit"
"HD 73344","HD 73344 d",3,5823.00000000000,6.7000000000,13.20000000,,,810.46243785,177.98390792,-146.20106722,"Mass",1.940000,0.0407,1.190000,6148.00,"Radial Velocity"
"Kepler-561","Kepler-561 c",2,5.35016198300,0.0594700000,2.68000000,0.43000000,-0.25000000,7.65000000,,,"M-R relationship",2.180000,183.1660,0.960000,5646.00,"Transit"
"HD 125612","HD 125612 d",3,2822.72698000000,3.9820000000,12.70000000,,,2281.37230545,296.21607532,-141.43364112,"Mass",6.120000,0.0724,1.050000,5900.00,"Radial Velocity"
"HD 109988","HD 109988 b",1,17132.15854000000,12.5180000000,12.10000000,,,6935.33366915,719.88134185,-1320.57703109,"Mass",21.500000,0.0031,0.880000,5185.97,"Radial Velocity"
"HD 28109","HD 28109 b",3,22.89105400000,0.1357000000,2.69000000,0.23000000,-0.23000000,6.20000000,1.60000000,-1.60000000,"Mass",1.800000,33.4501,1.227000,6189.00,"Transit"
"Kepler-154","Kepler-154 e",5,3.93276465000,0.0476600000,1.50000000,0.14000000,-0.12000000,2.86000000,,,"M-R relationship",4.660000,480.4050,0.980000,5769.00,"Transit"
"Kepler-166","Kepler-166 d",3,1.55400392800,0.0244900000,1.73000000,0.15000000,-0.10000000,3.64000000,,,"M-R relationship",3.860000,651.4090,0.880000,5350.00,"Transit"
"K2-206","K2-206 b",1,18.29454900000,,2.79522879,0.22325706,-0.15450847,8.22000000,,,"M-R relationship",2.070000,,0.789481,5043.00,"Transit"
"NGTS-17","NGTS-17 b",1,3.24253000000,0.0391000000,13.89913607,1.23298788,-1.23298788,242.82090295,61.97653937,-52.12385875,"Mass",0.500000,1160.0000,1.025000,5650.00,"Transit"
"HD 29021","HD 29021 b",1,1365.00000000000,2.2940000000,12.90000000,,,1420.69297929,212.94503269,-206.58846455,"Mass",3.640000,0.1252,0.860000,5560.00,"Radial Velocity"
"HD 60532","HD 60532 b",2,201.90000000000,0.7700000000,13.80000000,,,336.89980000,25.42640000,-25.42640000,"Msini",0.704000,16.9008,1.500000,6245.00,"Radial Velocity"
"HD 181433","HD 181433 c",3,1018.50000000000,1.8850000000,,,,2207.00045821,,,"Mass",,0.0984,0.860000,4918.00,"Radial Velocity"
"Kepler-585","Kepler-585 b",1,2.75235975300,0.0384100000,2.83000000,0.55000000,-0.27000000,8.40000000,,,"M-R relationship",2.040000,489.1490,0.960000,5593.00,"Transit"
"Kepler-1987","Kepler-1987 d",4,5.64491415400,0.0571000000,2.66000000,0.25000000,-0.18000000,7.56000000,,,"M-R relationship",2.210000,72.3800,0.799000,4769.00,"Transit"
"Qatar-4","Qatar-4 b",1,1.80535640000,0.0280300000,12.72221500,1.23299000,-1.23299000,1938.76300000,171.62820000,-171.62820000,"Mass",5.100000,614.0000,0.896000,5215.00,"Transit"
"HD 224018","HD 224018 d",3,138.07310000000,0.5300000000,2.40000000,0.10000000,-0.10000000,4.20000000,1.80000000,-1.60000000,"Mass",1.700000,4.7348,1.013000,5784.00,"Transit"
"K2-126","K2-126 b",1,7.38565500000,0.0656000000,1.97000000,0.12000000,-0.12000000,4.54000000,,,"M-R relationship",3.260000,35.3000,0.690000,4339.00,"Transit"
"HD 125612","HD 125612 b",3,557.69994000000,1.3490000000,13.20000000,,,945.22168242,77.86795971,-81.99972901,"Msini",2.260000,0.6309,1.050000,5900.00,"Radial Velocity"
"TIC 160113658","TIC 160113658 b",1,6.72952262077,,3.49015778,0.95946990,-0.40018841,12.00000000,,,"M-R relationship",1.550000,,0.760000,4817.31,"Transit"
"K2-203","K2-203 b",1,9.69520000000,0.0824000000,1.26549392,0.10200172,-0.07958376,2.14000000,,,"M-R relationship",5.800000,49.6336,0.793000,5026.00,"Transit"
"Kepler-1556","Kepler-1556 b",1,8.82713457000,0.0829000000,1.96000000,0.40000000,-0.15000000,4.50000000,,,"M-R relationship",3.280000,92.1380,0.970000,5608.00,"Transit"
"HATS-40","HATS-40 b",1,3.26427360000,0.0499700000,17.71022000,1.79344000,-1.34508000,505.34970000,76.27920000,-76.27920000,"Mass",0.490000,3163.3762,1.561000,6460.00,"Transit"
"HD 75898","HD 75898 c",2,6717.00000000000,7.3900000000,12.60000000,,,2698.36317543,206.58846455,-200.23189641,"Mass",7.410000,0.0528,1.295000,6122.00,"Radial Velocity"
"Kepler-1209","Kepler-1209 b",1,25.36911600000,0.1751500000,1.51000000,0.32000000,-0.18000000,2.89000000,,,"M-R relationship",4.610000,63.2460,1.230000,6210.00,"Transit"
"TOI-5126","TOI-5126 b",2,5.45883850000,0.0651900000,4.74000000,0.16000000,-0.14000000,20.20000000,,,"M-R relationship",1.040000,467.0000,1.240000,6150.00,"Transit"
"TOI-1266","TOI-1266 d",3,32.50900000000,0.1513000000,1.74000000,,,3.68000000,1.05000000,-1.11000000,"Mass",3.840000,1.3000,0.437000,3563.00,"Transit Timing Variations"
"Kepler-1943","Kepler-1943 b",1,4.85018014900,0.0597500000,1.54869189,,,3.02000000,,,"M-R relationship",4.470000,724.2000,1.055000,6032.00,"Transit"
"K2-172","K2-172 c",2,29.62682000000,,3.20569097,0.18890159,-0.13911768,10.40000000,,,"M-R relationship",1.730000,,0.934356,5569.00,"Transit"
"Gl 378","Gl 378 b",1,3.82200000000,0.0394350000,3.66000000,,,13.02000000,2.03000000,-2.01000000,"Msini",1.460000,38.5823,0.560000,3879.00,"Radial Velocity"
"HD 192263","HD 192263 b",1,24.35560000000,0.1500000000,14.20000000,,,177.98480000,15.89150000,-15.89150000,"Msini",0.342000,15.0597,0.660000,4976.00,"Radial Velocity"
"Kepler-1674","Kepler-1674 b",1,62.56110000000,0.3017000000,3.20577490,,,10.40000000,,,"M-R relationship",1.730000,7.1300,0.960000,5473.91,"Transit"
"HD 147379","HD 147379 b",1,86.58000000000,0.3193000000,4.94000000,,,21.60000000,1.10000000,-1.10000000,"Msini",0.985000,0.7847,0.580000,4090.00,"Radial Velocity"
"HD 136352","HD 136352 c",3,27.59221000000,0.1721000000,2.91600000,0.07500000,-0.07300000,11.24000000,0.65000000,-0.63000000,"Mass",2.497668,35.1000,0.870000,5664.00,"Radial Velocity"
"HAT-P-2","HAT-P-2 c",2,8500.00000000000,,12.40000000,,,3400.76395490,1652.70771640,-699.22249540,"Mass",9.800000,,1.330000,6412.00,"Radial Velocity"
"Kepler-584","Kepler-584 b",1,35.18103040000,0.2281000000,4.21000000,1.59000000,-0.56000000,16.50000000,,,"M-R relationship",1.220000,76.3390,1.170000,6195.00,"Transit"
"HD 28185","HD 28185 b",2,385.92000000000,1.0340000000,12.80000000,,,1859.29618095,25.42627256,-25.42627256,"Msini",4.870000,0.9073,0.974000,5602.00,"Radial Velocity"
"Kepler-1644","Kepler-1644 b",1,21.09077580000,0.1420000000,1.88000000,0.52000000,-0.16000000,4.19000000,,,"M-R relationship",3.470000,31.8600,0.890000,5499.00,"Transit"
"Kepler-1786","Kepler-1786 b",1,78.54609680000,0.3572200000,3.16305828,,,10.10000000,,,"M-R relationship",1.750000,10.7000,1.058000,5808.00,"Transit"
"HAT-P-14","HAT-P-14 b",1,4.62767000000,0.0596000000,15.91678000,1.34508000,-1.34508000,1093.33520000,200.23290000,-200.23290000,"Mass",1.560000,1038.7800,2.650000,6600.00,"Transit"
"HD 142415","HD 142415 b",1,386.29999000000,1.0600000000,13.50000000,,,530.77610000,38.13960000,-38.13960000,"Msini",1.190000,1.0219,1.070000,5940.00,"Radial Velocity"
"K2-153","K2-153 b",1,7.51574000000,0.0614000000,2.00000000,0.21000000,-0.18000000,4.66000000,,,"M-R relationship",3.200000,11.8000,0.550000,3845.00,"Transit"
"TOI-2641","TOI-2641 b",1,4.88097400000,0.0607000000,18.10250383,5.17854908,-7.17374765,122.68176510,6.99222495,-11.44182265,"Mass",0.092000,602.0000,1.160000,6100.00,"Transit"
"Kepler-850","Kepler-850 b",1,7.19303878000,0.0744000000,1.78000000,0.47000000,-0.21000000,3.82000000,,,"M-R relationship",3.720000,329.2830,1.060000,5932.00,"Transit"
"WASP-10","WASP-10 b",1,3.09276160000,0.0378100000,12.10600000,0.22400000,-0.22400000,1001.12000000,41.32000000,-34.96000000,"Mass",4.140000,174.0323,0.750000,4675.00,"Transit"
"Kepler-127","Kepler-127 d",3,48.63040800000,0.2800000000,2.64000000,0.14000000,-0.14000000,7.46000000,,,"M-R relationship",2.230000,31.5190,1.248000,6106.00,"Transit"
"CoRoT-12","CoRoT-12 b",1,2.82804200000,0.0401600000,16.14000000,1.46000000,-1.46000000,291.43800000,22.24700000,-20.65800000,"Mass",0.411000,661.1334,1.078000,5675.00,"Transit"
"Kepler-357","Kepler-357 d",3,49.49987500000,0.2460000000,3.43000000,2.04000000,-2.04000000,11.60000000,,,"M-R relationship",1.580000,4.6190,0.794000,5036.00,"Transit"
"Kepler-563","Kepler-563 b",1,22.18432708000,0.1418000000,3.09000000,0.17000000,-0.20000000,9.75000000,,,"M-R relationship",1.820000,18.7380,0.800000,5066.00,"Transit"
"HD 110113","HD 110113 c",2,6.74400000000,0.0680000000,2.11384817,4.64432500,-4.64432500,10.50000000,1.20000000,-1.20000000,"Msini",6.110000,199.9000,0.997000,5732.00,"Radial Velocity"
"Kepler-1022","Kepler-1022 b",1,10.99469878000,0.0805000000,2.36000000,0.08000000,-0.28000000,6.17000000,,,"M-R relationship",2.580000,19.2580,0.710000,4445.00,"Transit"
"HD 20781","HD 20781 e",5,85.50730000000,0.3374000000,3.83000000,,,14.03000000,1.56000000,-1.56000000,"Msini",1.370000,4.3043,0.700000,5256.00,"Radial Velocity"
"G 264-012","G 264-012 b",2,2.30538000000,0.0227900000,1.39000000,,,2.50000000,0.29000000,-0.30000000,"Msini",5.120000,20.5000,0.297000,3326.00,"Radial Velocity"
"Kepler-595","Kepler-595 b",2,25.30290920000,0.1582000000,3.70800000,0.01000000,-0.01000000,17.40000000,7.10000000,-3.80000000,"Mass",1.230000,17.3820,0.930000,5138.50,"Transit"
"Kepler-433","Kepler-433 b",1,5.33408384000,0.0679000000,16.25000000,1.79000000,-1.79000000,896.24000000,165.26000000,-165.26000000,"Mass",1.130000,1682.6600,1.460000,6360.00,"Transit"
"Kepler-1340","Kepler-1340 b",1,0.66502691600,0.0152300000,1.55000000,0.70000000,-0.27000000,3.02000000,,,"M-R relationship",4.460000,4793.0010,1.270000,6331.00,"Transit"
"Kepler-1115","Kepler-1115 b",1,23.55407250000,0.2134000000,1.70000000,0.29000000,-0.20000000,3.53000000,,,"M-R relationship",3.950000,516.1010,1.600000,8480.00,"Transit"
"Kepler-104","Kepler-104 c",3,23.66820500000,0.1530000000,3.13000000,0.55000000,-0.55000000,7.14430805,3.89355224,-3.89355224,"Msini",2.994855,45.4380,0.818000,5711.00,"Transit"
"Kepler-182","Kepler-182 b",2,9.82579200000,0.0960000000,2.58000000,1.18000000,-1.18000000,7.18000000,,,"M-R relationship",2.300000,239.7870,1.114000,6250.00,"Transit"
"Kepler-1336","Kepler-1336 c",2,5.77721211000,0.0627200000,1.71000000,0.27000000,-0.35000000,3.57000000,,,"M-R relationship",3.920000,662.7130,0.940000,5512.00,"Transit"
"TOI-216","TOI-216.02",2,17.16073000000,0.1293000000,8.00000000,3.00000000,-2.00000000,18.75187601,0.63565681,-0.63565681,"Mass",0.340000,25.9000,0.770000,5026.00,"Transit"
"WASP-186","WASP-186 b",1,5.02679900000,0.0600000000,12.44199000,0.33627000,-0.33627000,1341.24260000,57.20940000,-57.20940000,"Mass",3.821000,853.1355,1.220000,6361.00,"Transit"
"WASP-190","WASP-190 b",1,5.36775300000,0.0663000000,12.89035000,1.00881000,-1.00881000,317.83000000,31.78300000,-31.78300000,"Mass",0.815000,747.1320,1.350000,6400.00,"Transit"
"Kepler-325","Kepler-325 b",3,4.54443900000,0.0530000000,2.91000000,1.44000000,-1.44000000,8.80000000,,,"M-R relationship",1.960000,210.5540,0.914000,5752.00,"Transit"
"Kepler-1618","Kepler-1618 b",1,6.10826019000,0.0710900000,1.26000000,0.52000000,-0.24000000,2.13000000,,,"M-R relationship",5.850000,903.9080,1.410000,6620.00,"Transit"
"K2-371","K2-371 b",1,3.11490500000,,13.02400000,0.92100000,-0.86800000,,,,"Msini",,198.0922,0.958000,4925.00,"Transit"
"tau Cet","tau Cet g",3,20.00000000000,0.1330000000,1.18000000,,,1.75000000,0.25000000,-0.40000000,"Msini",5.850000,27.9835,0.783000,5310.00,"Radial Velocity"
"K2-239","K2-239 d",3,10.11500000000,0.0685000000,1.10000000,0.10000000,-0.10000000,1.37000000,,,"M-R relationship",5.660000,3.4099,0.400000,3420.00,"Transit"
"NGC 2682 YBP 401","NGC 2682 YBP 401 b",1,4.08700000000,,14.30000000,,,146.20180000,15.89150000,-15.89150000,"Msini",0.275000,,1.140000,6165.00,"Radial Velocity"
"TIC 24750448","TIC 24750448 c",2,10.14385270726,,3.09028272,0.42332739,-0.31924118,9.75000000,,,"M-R relationship",1.820000,,0.690000,4545.43,"Transit"
"WASP-64","WASP-64 b",1,1.57329180000,0.0264800000,14.24700000,0.43700000,-0.43700000,403.94500000,21.61200000,-21.61200000,"Mass",0.823000,1563.6374,1.004000,5400.00,"Transit"
"Kepler-136","Kepler-136 c",2,16.39923500000,0.1330000000,1.99000000,0.37000000,-0.37000000,4.62000000,,,"M-R relationship",3.220000,162.0440,1.204000,6165.00,"Transit"
"TIC 320419023","TIC 320419023 b",1,5.26375651589,,2.77280763,0.32201188,-0.27603990,8.11000000,,,"M-R relationship",2.090000,,1.056000,5703.36,"Transit"
"Kepler-238","Kepler-238 b",5,2.09087600000,0.0340000000,1.73000000,0.40000000,-0.40000000,3305.02000000,,,"Mass",526.000000,2500.5880,1.229000,5751.00,"Transit"
"Kepler-880","Kepler-880 c",2,11.80617370000,0.1216000000,2.87000000,0.58000000,-0.94000000,8.60000000,,,"M-R relationship",2.000000,926.7200,1.714000,6900.00,"Transit"
"HD 142","HD 142 b",3,351.43394000000,1.0390000000,12.70000000,,,2256.58168970,317.82840700,-317.82840700,"Mass",6.050000,2.7603,1.210000,6245.00,"Radial Velocity"
"K2-408","K2-408 b",1,20.97895900000,,1.67700000,0.11800000,-0.10900000,3.45000000,,,"M-R relationship",4.020000,,0.813000,5335.00,"Transit"
"EPIC 249893012","EPIC 249893012 d",3,35.74700000000,0.2200000000,3.94000000,0.13000000,-0.12000000,10.18000000,2.46000000,-2.42000000,"Mass",0.910000,53.0000,1.050000,5430.00,"Transit"
"HD 114783","HD 114783 b",2,493.70000000000,1.1600000000,13.70000000,,,349.60000000,19.07000000,-19.07000000,"Msini",0.747000,0.3152,0.853000,5135.00,"Radial Velocity"
"TOI-4495","TOI-4495 b",2,2.56699000000,0.0395700000,2.48300000,0.13800000,-0.09500000,7.70000000,1.40000000,-1.50000000,"Mass",2.710000,1001.2800,1.247000,6210.00,"Transit"
"Kepler-273","Kepler-273 c",2,8.01492700000,0.0730000000,1.98000000,1.15000000,-1.15000000,4.58000000,,,"M-R relationship",3.240000,74.8870,0.756000,5626.00,"Transit"
"HIP 54373","HIP 54373 c",2,15.14400000000,0.0990000000,3.57000000,,,12.44000000,2.11000000,-2.11000000,"Msini",1.500000,6.1142,0.570000,4021.00,"Radial Velocity"
"Kepler-398","Kepler-398 c",3,11.41941200000,0.0870000000,1.01000000,0.11000000,-0.11000000,1.01000000,,,"M-R relationship",5.390000,20.5560,0.649000,4493.00,"Transit"
"Kepler-940","Kepler-940 b",1,59.62252570000,0.3059000000,3.34000000,0.71000000,-0.31000000,11.10000000,,,"M-R relationship",1.640000,10.5190,0.970000,5769.00,"Transit"
"Kepler-1705","Kepler-1705 b",2,9.03502000000,0.0800000000,2.03000000,0.12000000,-0.14000000,4.47000000,0.48000000,-0.43000000,"Mass",2.977353,91.7400,1.139000,6312.00,"Transit"
"Kepler-677","Kepler-677 b",1,6.57531678000,0.0670000000,5.38000000,1.17000000,-0.42000000,25.00000000,,,"M-R relationship",0.882000,683.2740,1.000000,5723.00,"Transit"
"Kepler-67","Kepler-67 b",1,15.72590000000,0.1171000000,2.94000000,0.16000000,-0.16000000,8.96000000,,,"M-R relationship",1.940000,30.6000,0.865000,5331.00,"Transit"
"HD 108236","HD 108236 e",5,19.59002500000,0.1367000000,3.08300000,0.05200000,-0.05200000,9.71000000,,,"M-R relationship",1.820000,35.0031,0.869000,5660.00,"Transit"
"Kepler-534","Kepler-534 c",2,7.37868976600,0.0761000000,1.22700000,,,2.02000000,,,"M-R relationship",6.010000,178.6800,1.075000,5936.00,"Transit"
"Kepler-524","Kepler-524 c",2,1.88897906000,0.0304600000,0.96000000,0.08000000,-0.07000000,0.84000000,,,"M-R relationship",5.220000,2959.3380,1.090000,6014.00,"Transit"
"Kepler-1246","Kepler-1246 b",1,11.32271513000,0.0848000000,1.36000000,0.20000000,-0.22000000,2.42000000,,,"M-R relationship",5.290000,26.4510,0.730000,4611.00,"Transit"
"GJ 414 A","GJ 414 A b",2,50.80000000000,0.2324000000,2.63000000,1.22000000,-0.85000000,7.60000000,2.44000000,-2.19000000,"Msini",2.300000,2.2033,0.650000,4120.00,"Radial Velocity"
"K2-141","K2-141 b",2,0.28032440000,0.0074700000,1.51000000,0.05000000,-0.05000000,4.97000000,0.35000000,-0.34000000,"Mass",7.930000,3260.0000,0.708000,4570.00,"Transit"
"NY Vir","NY Vir b",2,3160.00000000000,3.3000000000,13.30000000,,,730.97800000,95.34500000,-95.34500000,"Mass",1.710000,2.1780,0.459000,32780.00,"Eclipse Timing Variations"
"GJ 625","GJ 625 b",1,14.62800000000,0.0783610000,1.49000000,,,2.82000000,0.51000000,-0.51000000,"Msini",4.680000,2.0787,0.300000,3499.00,"Radial Velocity"
"TOI-2447","TOI-2447 b",1,69.33684000000,0.3470000000,9.60609646,0.13450777,-0.12329879,124.90656395,9.85268062,-8.58136699,"Mass",0.774000,44.5933,1.034000,5730.00,"Transit"
"Kepler-1982","Kepler-1982 b",1,3.82315697000,0.0511000000,0.77000000,0.14000000,-0.04000000,0.38100000,,,"M-R relationship",4.590000,638.3800,1.213000,6202.00,"Transit"
"HD 154391","HD 154391 b",1,5163.00000000000,7.4600000000,12.50000000,,,2892.23850370,889.91953960,-603.87397330,"Mass",8.140000,0.6850,2.070000,4909.00,"Radial Velocity"
"TOI-2583 A","TOI-2583 A b",1,4.52072650000,0.0571000000,14.45958510,0.44835923,-0.36989636,79.45710175,18.43404761,-17.79839079,"Mass",0.144000,750.9000,1.215000,5936.00,"Transit"
"Kepler-1345","Kepler-1345 b",1,44.61695570000,0.2641200000,2.36000000,1.06000000,-0.46000000,6.17000000,,,"M-R relationship",2.580000,68.4690,1.320000,6449.00,"Transit"
"TOI-4137","TOI-4137 b",1,3.80161220000,0.0522200000,13.57407563,0.44835923,-0.43715025,457.67290608,54.03082919,-47.67426105,"Mass",1.010000,1013.0000,1.313000,6202.00,"Transit"
"Kepler-160","Kepler-160 b",3,4.30939700000,0.0551100000,1.71500000,0.06100000,-0.04700000,3.59000000,,,"M-R relationship",3.910000,396.6190,1.003000,5471.00,"Transit"
"Kepler-346","Kepler-346 c",2,23.85154900000,0.1680000000,3.07000000,1.46000000,-1.46000000,9.64000000,,,"M-R relationship",1.830000,23.8120,0.943000,6033.00,"Transit"
"HD 50499","HD 50499 c",2,8619.90000000000,9.0200000000,13.20000000,,,931.24190000,232.01590000,-57.20940000,"Msini",2.220000,0.0292,1.310000,6099.00,"Radial Velocity"
"K2-395","K2-395 c",2,8.49128200000,,3.39500000,0.28000000,-0.25700000,11.40000000,,,"M-R relationship",1.600000,,0.952000,5007.00,"Transit"
"Kepler-922","Kepler-922 b",1,0.93846683200,0.0179500000,1.42000000,0.18000000,-0.11000000,2.60000000,,,"M-R relationship",4.990000,2142.6340,0.950000,5671.00,"Transit"
"Kepler-791","Kepler-791 b",1,14.55397590000,0.1256000000,3.05000000,1.32000000,-0.70000000,9.53000000,,,"M-R relationship",1.850000,140.0570,1.300000,6383.00,"Transit"
"WASP-177","WASP-177 b",1,3.07172200000,0.0395700000,17.71022000,7.39794000,-4.03524000,161.45764000,12.07754000,-12.07754000,"Mass",0.172000,279.7736,0.876000,5017.00,"Transit"
"TIC 198190129","TIC 198190129 b",1,7.94804910667,,2.92284949,0.21251203,-0.20166389,8.87000000,,,"M-R relationship",1.950000,,0.638000,4377.53,"Transit"
"HATS-67","HATS-67 b",1,1.60917880000,0.0303200000,18.88716500,0.52682300,-0.52682300,460.85350000,38.13960000,-38.13960000,"Mass",0.374000,3821.0000,1.435000,6594.00,"Transit"
"Kepler-1780","Kepler-1780 b",1,109.44499970000,0.4276000000,3.60600667,,,12.70000000,,,"M-R relationship",1.490000,3.1400,0.868000,5403.00,"Transit"
"TOI-1062","TOI-1062 b",2,4.11296000000,0.0520000000,2.26500000,0.09600000,-0.09100000,10.15000000,0.81000000,-0.84000000,"Mass",4.850000,232.0000,0.940000,5328.00,"Transit"
"K2-125","K2-125 b",1,21.75026400000,0.1210000000,2.18000000,0.19000000,-0.18000000,5.39000000,,,"M-R relationship",2.860000,2.0000,0.494727,3654.47,"Transit"
"TOI-3082","TOI-3082 b",1,1.92690700000,,3.66210000,0.14640000,-0.14480000,13.00000000,,,"M-R relationship",1.450000,131.6480,0.664000,4263.00,"Transit"
"HATS-75","HATS-75 b",1,2.78865560000,0.0327420000,9.90873894,0.14571675,-0.14571675,156.05374784,12.39530787,-12.39530787,"Mass",0.878000,59.2600,0.601700,3790.40,"Transit"
"HD 330075","HD 330075 b",1,3.38773000000,0.0400000000,14.30000000,,,152.55840000,6.35660000,-6.35660000,"Msini",0.287000,292.3345,0.470000,5000.00,"Radial Velocity"
"Kepler-1996","Kepler-1996 c",2,92.72972480000,0.3608000000,2.81000000,0.20000000,-0.08000000,8.30000000,,,"M-R relationship",2.060000,1.3800,0.748000,4580.00,"Transit"
"Kepler-1623","Kepler-1623 b",1,4.36128348000,0.0518000000,1.31000000,0.31000000,-0.18000000,2.27000000,,,"M-R relationship",5.550000,243.0800,1.000000,5772.00,"Transit"
"HD 27442","HD 27442 b",1,428.10000000000,1.2710000000,13.50000000,,,495.80000000,44.50000000,-44.50000000,"Msini",1.110000,4.3915,1.230000,4846.00,"Radial Velocity"
"Kepler-39","Kepler-39 b",1,21.08721000000,0.1640000000,13.90000000,1.01000000,-1.12000000,6388.10000000,413.20000000,-381.40000000,"Mass",13.000000,90.2200,1.290000,6350.00,"Transit"
"Kepler-107","Kepler-107 b",4,3.18002180000,0.0454400000,1.53600000,0.02500000,-0.02500000,3.80000000,1.80000000,-1.70000000,"Mass",5.800000,1073.0000,1.238000,5854.00,"Transit"
"Kepler-1645","Kepler-1645 b",1,16.17795610000,0.1285000000,1.78000000,0.43000000,-0.20000000,3.82000000,,,"M-R relationship",3.720000,138.5380,1.020000,5812.00,"Transit"
"K2-412","K2-412 b",1,5.93820000000,0.0586000000,2.11600000,0.10500000,-0.10520000,5.13000000,,,"M-R relationship",2.980000,243.5180,0.893000,5590.00,"Transit"
"Kepler-360","Kepler-360 c",2,7.18643400000,0.0750000000,2.10000000,1.00000000,-1.00000000,5.06000000,,,"M-R relationship",3.000000,146.5000,0.994000,6053.00,"Transit"
"Kepler-1661","Kepler-1661 b",1,175.06000000000,0.6330000000,3.87000000,0.06000000,-0.06000000,17.00000000,12.00000000,-12.00000000,"Mass",1.600000,0.8800,0.841000,5100.00,"Transit"
"Kepler-1828","Kepler-1828 b",1,10.27379990000,0.0924000000,2.11598626,,,5.13000000,,,"M-R relationship",2.980000,96.2700,0.996000,5806.00,"Transit"
"HD 101930","HD 101930 b",1,70.46000000000,0.3000000000,10.60000000,,,79.45750000,6.35660000,-6.35660000,"Msini",0.367000,5.4444,0.570000,5108.00,"Radial Velocity"
"K2-157","K2-157 d",3,66.50000000000,0.3090000000,5.16000000,,,23.30000000,2.50000000,-2.50000000,"Msini",0.932000,6.4600,0.890000,5334.00,"Radial Velocity"
"K2-166","EPIC 201615463 c",2,3.80464000000,,1.22000000,0.21000000,-0.17000000,1.98000000,,,"M-R relationship",5.990000,,1.073000,5960.00,"Transit"
"K2-15","K2-15 b",1,11.81040000000,0.0910000000,2.48000000,0.30000000,-0.30000000,6.71000000,,,"M-R relationship",2.420000,48.0000,0.720000,5131.00,"Transit"
"Kepler-54","Kepler-54 d",3,20.99569400000,0.1260000000,1.53000000,0.08000000,-0.08000000,12.09460000,,,"Mass",9.200000,3.4250,0.518000,4252.00,"Transit"
"Kepler-535","Kepler-535 b",1,4.90332155100,0.0601100000,2.36000000,0.33000000,-0.21000000,6.17000000,,,"M-R relationship",2.580000,601.8910,1.180000,6123.00,"Transit"
"HD 209458","HD 209458 b",1,3.52474859000,0.0470700000,15.58051000,0.22418000,-0.22418000,232.01590000,12.71320000,-12.71320000,"Mass",0.362000,587.0980,1.230000,6091.00,"Radial Velocity"
"L 98-59","L 98-59 c",5,3.69067640000,0.0309000000,1.32900000,0.02900000,-0.02900000,2.00000000,0.13000000,-0.13000000,"Mass",4.700000,12.7000,0.292300,3415.00,"Transit"
"TOI-125","TOI-125 c",3,9.15059000000,0.0814000000,2.75900000,0.10000000,-0.10000000,6.63000000,0.99000000,-0.99000000,"Mass",1.730000,77.5900,0.859000,5320.00,"Transit"
"Kepler-1530","Kepler-1530 b",3,2.59044340000,0.0355300000,1.64000000,0.21000000,-0.11000000,3.33000000,,,"M-R relationship",4.150000,353.5610,0.920000,5477.00,"Transit"
"Kepler-969","Kepler-969 b",2,34.17317140000,0.1972600000,2.07000000,0.05000000,-0.05000000,4.94000000,,,"M-R relationship",3.060000,10.1660,0.920000,5214.00,"Transit"
"Kepler-1324","Kepler-1324 b",1,4.11584467900,0.0466000000,1.51000000,0.08000000,-0.09000000,2.89000000,,,"M-R relationship",4.610000,98.4140,0.780000,4776.00,"Transit"
"HIP 67851","HIP 67851 c",2,3128.41000000000,4.5500000000,12.70000000,,,2204.77565936,649.95909232,-164.63511483,"Mass",5.910000,0.7091,1.280000,4840.00,"Radial Velocity"
"HD 115404 A","HD 115404 A c",2,15319.22517000000,11.3640000000,12.50000000,,,3279.67133183,468.16124351,-384.25454406,"Mass",9.230000,0.0023,0.830000,5019.17,"Radial Velocity"
"TOI-5322","TOI-5322 b",1,5.42332070000,0.0604000000,16.61170940,0.34747840,-0.30264248,184.02264765,25.74410097,-25.74410097,"Mass",0.220000,554.0000,0.998000,5692.00,"Transit"
"HD 290327","HD 290327 b",1,2443.00000000000,3.4300000000,13.30000000,,,772.32690000,133.48860000,-133.48860000,"Msini",1.800000,0.0616,0.840000,5505.00,"Radial Velocity"
"Kepler-274","Kepler-274 b",2,11.63478800000,0.1010000000,1.54000000,0.84000000,-0.84000000,2.99000000,,,"M-R relationship",4.500000,147.8120,0.883000,6023.00,"Transit"
"TOI-163","TOI-163 b",1,4.23130600000,0.0580000000,16.69020100,0.38110600,-0.38110600,387.75260000,38.13960000,-38.13960000,"Mass",0.490000,1489.1126,1.435200,6495.00,"Transit"
"Kepler-183","Kepler-183 b",2,5.68794500000,0.0640000000,2.06000000,0.89000000,-0.89000000,4.90000000,,,"M-R relationship",3.080000,281.8450,0.990000,5888.00,"Transit"
"Kepler-368","Kepler-368 b",2,26.84768000000,0.1860000000,3.26000000,0.91000000,-0.91000000,10.70000000,,,"M-R relationship",1.700000,107.5800,1.165000,5502.00,"Transit"
"K2-84","K2-84 b",2,6.42150000000,0.0665000000,2.41000000,0.35000000,-0.35000000,6.39000000,,,"M-R relationship",2.510000,178.0000,0.950000,5652.00,"Transit"
"K2-409","K2-409 b",1,1.90808400000,,2.48200000,0.17400000,-0.15800000,6.72000000,,,"M-R relationship",2.420000,,0.886000,5742.00,"Transit"
"Kepler-1385","Kepler-1385 b",1,2.88879862000,0.0426200000,0.85000000,0.20000000,-0.13000000,0.54300000,,,"M-R relationship",4.860000,1591.4770,1.150000,5732.00,"Transit"
"WASP-148","WASP-148 b",2,8.80380900000,0.0821500000,8.47398941,0.14571675,-0.19055267,91.21675281,6.99222495,-5.08525451,"Mass",0.831000,72.6990,0.954000,5555.00,"Transit"
"KELT-4 A","KELT-4 A b",1,2.98959320000,0.0431700000,19.04409100,0.51561400,-0.50440500,286.68266000,19.06980000,-18.75197000,"Mass",0.228000,1840.0000,1.201000,6206.00,"Transit"
"Kepler-527","Kepler-527 b",1,13.28535633000,0.1164600000,2.84000000,1.35000000,-0.46000000,8.45000000,,,"M-R relationship",2.030000,147.0460,1.280000,6388.00,"Transit"
"HD 80883","HD 80883 b",1,6383.78352000000,6.4620000000,12.80000000,,,1748.05623850,390.92894061,-335.62679779,"Mass",4.580000,0.0103,0.880000,5177.91,"Radial Velocity"
"Kepler-232","Kepler-232 c",2,11.37934900000,0.1010000000,3.83000000,1.86000000,-1.86000000,14.00000000,,,"M-R relationship",1.370000,116.5240,0.970000,5847.00,"Transit"
"Kepler-1160","Kepler-1160 b",1,7.97034958000,0.0755000000,2.14000000,0.28000000,-0.14000000,5.22000000,,,"M-R relationship",2.930000,93.3080,0.920000,5519.00,"Transit"
"gam Psc","gam Psc b",1,555.10000000000,1.3200000000,13.60000000,,,425.89006538,6.35656814,-98.52680617,"Msini",0.930000,33.5227,0.990000,4742.00,"Radial Velocity"
"HD 190647","HD 190647 b",1,1176.45000000000,2.2310000000,13.40000000,,,630.89255000,10.48839000,-10.48839000,"Msini",1.440000,0.3978,1.069000,5656.00,"Radial Velocity"
"HD 37605","HD 37605 b",2,55.01292000000,0.2770000000,13.20000000,,,854.96270000,95.34900000,-95.34900000,"Msini",2.040000,7.8531,0.940000,5329.00,"Radial Velocity"
"Kepler-949","Kepler-949 c",2,20.99757968000,0.1394000000,2.97000000,0.61000000,-0.43000000,9.11000000,,,"M-R relationship",1.910000,27.2000,0.817000,5211.00,"Transit"
"K2-117","K2-117 c",2,5.44401700000,0.0492000000,2.06000000,0.12000000,-0.12000000,4.90000000,,,"M-R relationship",3.080000,21.4000,0.540000,3778.00,"Transit"
"LHS 1903","LHS 1903 b",4,2.15550980000,0.0265600000,1.38200000,0.04600000,-0.04600000,3.28000000,0.42000000,-0.42000000,"Mass",6.820000,66.6600,0.538000,3664.00,"Transit"
"Kepler-1194","Kepler-1194 b",1,16.22371307000,0.1212000000,1.51000000,0.12000000,-0.09000000,2.89000000,,,"M-R relationship",4.610000,49.3500,0.940000,5590.00,"Transit"
"Kepler-1901","Kepler-1901 b",1,3.48412990600,0.0453000000,1.47418907,,,2.77000000,,,"M-R relationship",4.750000,389.4100,1.022000,5696.00,"Transit"
"Kepler-1524","Kepler-1524 b",1,70.96746030000,0.3392000000,3.54000000,1.47000000,-0.54000000,12.30000000,,,"M-R relationship",1.520000,8.4430,1.170000,6179.00,"Transit"
"Kepler-364","Kepler-364 b",2,25.74571800000,0.1780000000,1.55000000,0.37000000,-0.37000000,3.02000000,,,"M-R relationship",4.460000,68.7100,1.076000,6108.00,"Transit"
"Kepler-444","Kepler-444 f",5,9.74048600000,0.0811000000,0.74100000,0.04100000,-0.04000000,0.33200000,,,"M-R relationship",4.480000,59.9150,0.758000,5046.00,"Transit"
"Kepler-833","Kepler-833 b",1,18.75469980000,0.1139000000,2.02000000,0.12000000,-0.09000000,4.74000000,,,"M-R relationship",3.160000,8.3130,0.640000,4339.00,"Transit"
"Kepler-620","Kepler-620 b",1,12.91375431000,0.1053000000,3.32000000,1.22000000,-0.70000000,11.00000000,,,"M-R relationship",1.650000,219.0510,1.150000,6155.00,"Transit"
"TOI-2989","TOI-2989 b",1,3.12283200000,0.0384000000,12.55405838,0.56044903,-0.56044903,953.48522100,63.56568140,-63.56568140,"Mass",2.700000,124.0000,0.770000,4672.00,"Transit"
"HD 177830","HD 177830 b",2,410.10001000000,1.1400000000,13.50000000,,,537.13270000,63.56600000,-63.56600000,"Msini",1.200000,3.7258,1.700000,4901.00,"Radial Velocity"
"Kepler-147","Kepler-147 b",2,12.61058400000,0.1130000000,1.53000000,0.31000000,-0.31000000,2.96000000,,,"M-R relationship",4.540000,224.6100,1.145000,6012.00,"Transit"
"K2-107","K2-107 b",1,3.31395900000,0.0475000000,15.98000000,0.55000000,-0.55000000,266.97720000,25.42640000,-25.42640000,"Mass",0.350000,1291.4267,1.300000,6061.00,"Transit"
"TOI-1694","TOI-1694 c",2,386.25000000000,0.9740000000,13.80000000,,,316.55709337,8.58136699,-8.26353858,"Msini",0.662000,0.4016,0.828000,5005.00,"Radial Velocity"
"GJ 849","GJ 849 c",2,5990.00000000000,4.9500000000,13.80000000,,,314.65012293,34.96112477,-34.96112477,"Msini",0.658000,0.0010,0.450000,3467.00,"Radial Velocity"
"Kepler-150","Kepler-150 b",5,3.42805400000,0.0440000000,1.25000000,0.19000000,-0.19000000,2.10000000,,,"M-R relationship",5.910000,367.2620,0.956000,5560.00,"Transit"
"Kepler-62","Kepler-62 d",5,18.16406000000,0.1200000000,1.95000000,0.07000000,-0.07000000,14.00000000,,,"Mass",,17.2100,0.690000,4925.00,"Transit"
"TOI-3912","TOI-3912 b",1,3.49362640000,0.0463000000,14.28024141,0.45956821,-0.44835923,129.03833324,22.56581690,-21.61233168,"Mass",0.243000,872.2000,1.088000,5725.00,"Transit"
"Kepler-292","Kepler-292 f",5,20.83423700000,0.1410000000,2.35000000,0.22000000,-0.22000000,6.12000000,,,"M-R relationship",2.590000,24.3250,0.865000,5299.00,"Transit"
"Kepler-316","Kepler-316 c",2,6.82776600000,0.0580000000,1.16000000,0.12000000,-0.12000000,1.65000000,,,"M-R relationship",5.810000,37.3770,0.587000,4204.00,"Transit"
"Kepler-491","Kepler-491 b",1,4.22538451200,0.0519100000,8.92000000,0.80000000,-0.51000000,59.00000000,,,"M-R relationship",0.457000,312.5140,1.040000,5582.00,"Transit"
"TOI-561","TOI-561 b",4,0.44656970000,0.0106400000,1.39700000,0.02700000,-0.02700000,2.02000000,0.23000000,-0.23000000,"Mass",4.100000,4709.0000,0.806000,5342.00,"Transit"
"55 Cnc B","55 Cnc B c",7,33.74700000000,0.1300000000,2.16000000,,,5.30000000,1.40000000,-1.40000000,"Msini",2.890000,0.4613,0.260000,3286.00,"Radial Velocity"
"XO-6","XO-6 b",1,3.76500070000,0.0815000000,23.20263000,2.46598000,-2.46598000,1398.45200000,,,"Mass",0.620000,580.3860,1.470000,6720.00,"Transit"
"K2-261","K2-261 b",1,11.63346810000,0.1086000000,9.26982704,0.36989636,-0.33626942,68.96876432,7.94571018,-9.21702380,"Mass",0.473000,180.0000,1.107000,5490.00,"Transit"
"HD 164922","HD 164922 d",4,12.45800000000,0.1030000000,1.83000000,,,4.00000000,1.00000000,-1.00000000,"Msini",3.590000,66.9243,0.926000,5390.00,"Radial Velocity"
"TIC 290487717","TIC 290487717 b",1,3.40081822900,,6.63777941,0.74098205,-0.60714227,35.70000000,,,"M-R relationship",0.671000,,0.920000,5328.97,"Transit"
"TYC 2187-512-1","TYC 2187-512-1 b",1,691.90000000000,1.2200000000,12.50000000,,,104.88337431,6.35656814,-6.35656814,"Msini",0.295000,0.0279,0.498000,3734.00,"Radial Velocity"
"Kepler-700","Kepler-700 b",1,80.87206390000,0.3577000000,5.99000000,0.91000000,-0.50000000,30.00000000,,,"M-R relationship",0.767000,12.0710,0.980000,5692.00,"Transit"
"TOI-3757","TOI-3757 b",1,3.43875300000,0.0384500000,12.00000000,0.40000000,-0.50000000,85.30000000,8.80000000,-8.70000000,"Mass",0.270000,55.4000,0.640000,3913.00,"Transit"
"TOI-1231","TOI-1231 b",1,24.24558600000,0.1288000000,3.65000000,0.16000000,-0.15000000,15.40000000,3.30000000,-3.30000000,"Mass",1.740000,1.9300,0.485000,3553.00,"Transit"
"LHS 475","LHS 475 b",1,2.02908800000,0.0203700000,0.99100000,0.05000000,-0.05000000,0.94100000,,,"M-R relationship",5.310000,20.8000,0.262000,3300.00,"Transit"
"Kepler-1133","Kepler-1133 b",1,11.55562343000,0.0983000000,1.97000000,0.24000000,-0.15000000,4.54000000,,,"M-R relationship",3.260000,55.7580,0.930000,5569.00,"Transit"
"HATS-34","HATS-34 b",1,2.10616070000,0.0316600000,16.02887000,2.12971000,-2.12971000,299.07803000,22.88376000,-22.88376000,"Mass",0.400000,691.8428,0.955000,5380.00,"Transit"
"CoRoT-10","CoRoT-10 b",1,13.24060000000,0.1055000000,10.87000000,0.78000000,-0.78000000,874.00000000,50.85000000,-50.85000000,"Mass",3.700000,16.1089,0.890000,5075.00,"Transit"
"Kepler-824","Kepler-824 b",1,4.51436633000,0.0550000000,1.87000000,0.71000000,-0.23000000,4.16000000,,,"M-R relationship",3.500000,454.6040,1.150000,6035.00,"Transit"
"Kepler-1236","Kepler-1236 b",1,31.05716180000,0.1803000000,2.14000000,0.18000000,-0.22000000,5.22000000,,,"M-R relationship",2.930000,13.5710,0.860000,5337.00,"Transit"
"GJ 328","GJ 328 b",2,3771.00000000000,4.1100000000,13.30000000,,,797.74930157,73.10053361,-73.10053361,"Msini",1.860000,0.0049,0.650000,3897.00,"Radial Velocity"
"HR 5183","HR 5183 b",1,27000.00000000000,18.0000000000,13.10000000,,,1052.01202717,50.85254512,-38.13940884,"Mass",2.570000,0.0077,1.070000,5794.00,"Radial Velocity"
"Kepler-104","Kepler-104 b",3,11.42754800000,0.0940000000,3.10000000,0.53000000,-0.53000000,19.60000000,14.50000000,-12.40000000,"Mass",4.064848,119.9070,0.818000,5711.00,"Transit"
"HAT-P-51","HAT-P-51 b",1,4.21802091000,0.0504200000,13.50682174,0.19055267,-0.17934369,97.57332095,6.67439655,-6.35656814,"Mass",0.218000,310.0000,0.961000,5453.00,"Transit"
"HD 134060","HD 134060 b",2,3.26960000000,0.0444000000,3.16000000,,,10.10000000,0.79000000,-0.75000000,"Msini",1.760000,730.4602,1.095000,5966.00,"Radial Velocity"
"Kepler-141","Kepler-141 c",2,7.01060600000,0.0670000000,1.41000000,0.09000000,-0.09000000,2.57000000,,,"M-R relationship",5.040000,77.4120,0.878000,4910.00,"Transit"
"WASP-174","WASP-174 b",1,4.23370050000,0.0550300000,16.10730527,0.56044903,-0.56044903,104.88337431,28.92238504,-28.92238504,"Mass",0.135000,901.9000,1.240000,6399.00,"Transit"
"TOI-4773","TOI-4773 b",1,1.74528510000,0.0321600000,15.22179579,0.54924005,-0.53803107,1687.66884117,111.23994245,-108.06165838,"Mass",2.630000,3879.8071,1.452000,6740.00,"Transit"
"Kepler-48","Kepler-48 c",5,9.67395000000,0.0863300000,2.71000000,0.14000000,-0.14000000,14.61000000,2.30000000,-2.30000000,"Mass",4.010000,67.5930,0.880000,5194.00,"Transit"
"Kepler-1950","Kepler-1950 b",1,10.77690029000,0.0871000000,1.52696349,,,2.95000000,,,"M-R relationship",4.550000,75.8300,0.759000,5455.00,"Transit"
"HIP 35965","HIP 35965 b",1,26125.56497000000,15.8980000000,12.60000000,,,2589.98368864,1374.29003187,-970.96578339,"Mass",7.110000,0.0009,0.780000,4836.00,"Radial Velocity"
"Kepler-1978","Kepler-1978 b",1,10.84969477000,0.0914000000,2.67000000,0.38000000,-0.21000000,7.61000000,,,"M-R relationship",2.200000,49.3000,0.869000,5251.00,"Transit"
"Kepler-948","Kepler-948 b",1,7.76846622000,0.0749000000,1.85000000,0.32000000,-0.41000000,4.08000000,,,"M-R relationship",3.540000,126.2030,0.960000,5679.00,"Transit"
"Kepler-144","Kepler-144 c",2,10.10466500000,0.0940000000,1.35000000,0.26000000,-0.26000000,2.39000000,,,"M-R relationship",5.340000,207.2470,1.154000,6075.00,"Transit"
"HD 48948","HD 48948 d",3,151.92000000000,0.4894000000,3.24000000,,,10.59000000,1.00000000,-1.00000000,"Msini",1.710000,2.4600,0.686000,4593.00,"Radial Velocity"
"TOI-2145","TOI-2145 b",1,10.26112800000,0.1117000000,12.24020692,0.33626942,-0.31385146,1805.26535176,117.59651059,-108.06165838,"Mass",5.340000,515.9390,1.710000,6206.00,"Transit"
"Kepler-1397","Kepler-1397 b",1,47.44995500000,0.2586100000,1.72000000,0.19000000,-0.14000000,3.61000000,,,"M-R relationship",3.900000,58.1030,1.090000,6026.00,"Transit"
"Kepler-1984","Kepler-1984 b",1,1.99281233900,0.0238000000,6.81000000,0.75000000,-0.90000000,37.30000000,,,"M-R relationship",0.649000,48.8200,0.450000,3638.00,"Transit"
"HD 213885","HD 213885 b",2,1.00803500000,0.0201200000,1.74500000,0.05100000,-0.05200000,8.83000000,0.66000000,-0.65000000,"Mass",9.150000,1882.9400,1.068000,5978.00,"Transit"
"HD 213472","HD 213472 b",1,17000.00000000000,13.0000000000,13.10000000,,,1112.39942450,349.61124770,-187.51876013,"Msini",2.720000,0.0114,1.048132,5729.54,"Radial Velocity"
"Kepler-381","Kepler-381 c",3,13.39163500000,0.1170000000,1.12000000,0.25000000,-0.25000000,1.46000000,,,"M-R relationship",5.710000,225.3310,1.144000,6152.00,"Transit"
"Kepler-718","Kepler-718 b",1,2.05234990500,0.0322000000,16.56000000,6.97000000,-3.12000000,,,,"Msini",,1324.2000,1.180000,6191.00,"Transit"
"Kepler-572","Kepler-572 b",1,17.20523483000,0.1192000000,2.58000000,0.18000000,-0.17000000,7.18000000,,,"M-R relationship",2.300000,26.8890,0.830000,5212.00,"Transit"
"Kepler-306","Kepler-306 d",4,17.32664400000,0.1200000000,2.47000000,0.24000000,-0.24000000,6.66000000,,,"M-R relationship",2.430000,21.9830,0.750000,4954.00,"Transit"
"HD 10180","HD 10180 f",6,122.74400000000,0.4929000000,5.24000000,,,23.90000000,1.40000000,-1.40000000,"Msin(i)/sin(i)",0.913000,6.1329,1.060000,5911.00,"Radial Velocity"
"WASP-22","WASP-22 b",1,3.53269000000,0.0470000000,13.78707000,1.56926000,-1.56926000,212.94610000,60.38770000,-60.38770000,"Mass",0.444000,837.7034,1.460000,6000.00,"Transit"
"Kepler-1254","Kepler-1254 c",3,3.60084276000,0.0422000000,1.30000000,0.07000000,-0.12000000,2.24000000,,,"M-R relationship",5.600000,132.3910,0.780000,4985.00,"Transit"
"Kepler-1922","Kepler-1922 b",1,13.22259998000,0.1077000000,2.29064904,,,5.86000000,,,"M-R relationship",2.680000,71.1100,0.953000,5931.00,"Transit"
"TOI-1814","TOI-1814 b",1,6.36861010462,,5.18536642,0.39910545,-0.39030277,23.50000000,,,"M-R relationship",0.926000,216.0619,,4872.84,"Transit"
"Kepler-862","Kepler-862 b",1,3.14866453400,0.0390000000,2.21000000,0.44000000,-0.17000000,5.52000000,,,"M-R relationship",2.810000,547.2930,0.880000,5333.00,"Transit"
"TOI-2095","TOI-2095 b",2,17.66484000000,0.1010000000,1.25000000,0.07000000,-0.07000000,4.10000000,,,"Mass",,3.4300,0.440000,3759.00,"Transit"
"Teegarden's Star","Teegarden's Star c",3,11.41600000000,0.0455000000,1.02000000,,,1.05000000,0.14000000,-0.13000000,"Msini",5.440000,0.3500,0.097000,3034.00,"Radial Velocity"
"CoRoT-22","CoRoT-22 b",1,9.75598000000,0.0920000000,4.88000000,0.17000000,-0.39000000,12.20000000,14.00000000,-8.80000000,"Mass",0.249000,121.8837,1.099000,5939.00,"Transit"
"HD 219077","HD 219077 b",1,5478.68861000000,5.9350000000,12.50000000,,,3057.50927534,318.14623541,-232.96822233,"Mass",8.600000,0.0755,0.920000,5362.00,"Radial Velocity"
"KIC 9663113","Kepler-458 c",2,20.74028413000,0.1701200000,4.20000000,0.63000000,-0.40000000,16.40000000,,,"M-R relationship",1.220000,279.7870,1.150000,6117.21,"Transit"
"Kepler-1001","Kepler-1001 b",2,14.30511983000,0.1114700000,3.15000000,0.34000000,-0.48000000,10.10000000,,,"M-R relationship",1.780000,40.8530,0.900000,5491.00,"Transit"
"TOI-2000","TOI-2000 b",2,3.09833000000,0.0427100000,2.70000000,0.15000000,-0.15000000,11.00000000,2.40000000,-2.40000000,"Mass",3.070000,628.0000,1.082000,5611.00,"Transit"
"Kepler-320","Kepler-320 c",2,17.93493700000,0.1420000000,1.37000000,0.64000000,-0.64000000,2.45000000,,,"M-R relationship",5.240000,101.6190,1.072000,6435.00,"Transit"
"K2-368","K2-368 d",3,20.20108500000,,1.94800000,0.15200000,-0.14300000,4.45000000,,,"M-R relationship",3.310000,,0.746000,4663.00,"Transit"
"HD 89839","HD 89839 b",1,3391.20000000000,4.7130000000,12.80000000,,,1748.05623850,200.23189641,-152.55763536,"Mass",4.580000,0.1067,1.210000,6314.00,"Radial Velocity"
"TOI-5624","TOI-5624 c",5,7.88538500000,0.0737400000,2.47400000,0.04200000,-0.04200000,4.80000000,1.90000000,-1.90000000,"Mass",1.720000,96.4290,0.858000,5327.00,"Transit"
"HD 86728","HD 86728 b",1,31.15150000000,0.1916000000,3.03000000,,,9.43000000,0.56000000,-0.57000000,"Msini",1.860000,37.1828,0.967000,5610.00,"Radial Velocity"
"Kepler-28","Kepler-28 b",2,5.91000000000,0.0568700000,1.95900000,0.04300000,-0.04200000,1.63000000,0.51000000,-0.40000000,"Mass",1.185427,62.5770,0.684000,4499.30,"Transit"
"HD 219828","HD 219828 b",2,3.83483000000,0.0490000000,4.59000000,,,19.06970442,1.58914204,-1.58914204,"Msini",1.080000,1095.4885,1.040000,5891.00,"Radial Velocity"
"Kepler-1933","Kepler-1933 b",1,4.94329023400,0.0560500000,1.17984089,,,1.76000000,,,"M-R relationship",5.890000,250.5000,0.964000,5661.00,"Transit"
"Kepler-178","Kepler-178 d",3,96.67898800000,0.3970000000,3.95000000,1.70000000,-1.70000000,14.80000000,,,"M-R relationship",1.320000,3.8740,0.852000,5676.00,"Transit"
"Kepler-107","Kepler-107 c",4,4.90145200000,0.0606400000,1.59700000,0.02600000,-0.02600000,10.00000000,2.00000000,-2.00000000,"Mass",13.500000,602.0000,1.238000,5854.00,"Transit"
"TOI-1774","TOI-1774.01",2,16.70988000000,,2.78000000,0.05000000,-0.04000000,8.50000000,1.30000000,-1.40000000,"Msini",2.170000,73.7609,0.991000,5746.00,"Transit"
"HD 156279","HD 156279 c",2,4818.25358000000,5.4860000000,12.50000000,,,3098.82696825,419.21566883,-192.28618624,"Mass",8.720000,0.0237,0.940000,5453.00,"Radial Velocity"
"Kepler-1166","Kepler-1166 b",1,33.24068820000,0.1975000000,1.69000000,0.62000000,-0.14000000,3.50000000,,,"M-R relationship",3.980000,14.1880,0.900000,5446.00,"Transit"
"TOI-929","TOI-929 b",1,5.83015366944,,2.68983343,0.22609669,-0.20537812,7.70000000,,,"M-R relationship",2.170000,59.7261,0.700000,4457.16,"Transit"
"TOI-1448","TOI-1448 b",1,8.11224500000,0.0567000000,2.74900000,0.06700000,-0.06300000,19.50000000,,,"Mass",,5.4500,0.372000,3412.00,"Transit"
"TOI-5340","TOI-5340 b",1,4.93943920000,0.0628000000,15.07607904,0.57165802,-0.54924005,270.15414595,79.45710175,-79.45710175,"Mass",0.430000,1004.0000,1.350000,5990.00,"Transit"
"EPIC 220674823","EPIC 220674823 c",2,13.34060300000,0.1078000000,2.71200000,0.07100000,-0.07100000,7.90000000,2.10000000,-2.10000000,"Mass",2.336119,70.0000,0.913000,5578.00,"Transit"
"GJ 436","GJ 436 b",1,2.64388312000,0.0291000000,4.17000000,0.16800000,-0.16800000,22.10000000,2.30000000,-2.30000000,"Mass",1.800000,29.4322,0.470000,3586.11,"Radial Velocity"
"Kepler-207","Kepler-207 d",3,5.86807500000,0.0680000000,3.31000000,0.63000000,-0.63000000,11.00000000,,,"M-R relationship",1.670000,732.6040,1.313000,5920.00,"Transit"
"Kepler-1767","Kepler-1767 b",1,59.65829849000,0.2873000000,3.01299077,,,9.34000000,,,"M-R relationship",1.880000,5.6600,0.887000,5243.00,"Transit"
"Kepler-1889","Kepler-1889 b",1,37.30369949000,0.2082000000,2.94360686,,,8.98000000,,,"M-R relationship",1.930000,14.0000,0.864000,5646.00,"Transit"
"WASP-81","WASP-81 b",1,2.71647620000,0.0390800000,16.01766100,0.57165900,-0.51561400,231.69807000,11.44188000,-11.12405000,"Mass",0.332000,1034.0911,1.080000,5870.00,"Transit"
"Kepler-1190","Kepler-1190 b",1,10.45843441000,0.0845000000,1.33000000,0.05000000,-0.11000000,2.33000000,,,"M-R relationship",5.440000,24.2110,0.760000,4730.00,"Transit"
"DMPP-6","DMPP-6 c",2,36.44100000000,0.2206000000,3.74000000,,,13.47000000,1.60000000,-1.97000000,"Msini",1.410000,42.4847,1.079000,6182.09,"Radial Velocity"
"DMPP-2","DMPP-2 c",3,3.16800000000,0.0478900000,8.26000000,,,51.79000000,5.43000000,-5.49000000,"Msini",0.505000,553.7504,1.410000,6500.00,"Radial Velocity"
"DMPP-8","DMPP-8 b",1,62.91500000000,0.3098000000,10.80000000,,,81.09000000,7.09000000,-7.10000000,"Msini",0.354000,17.7838,0.990000,6009.00,"Radial Velocity"
"GJ 887","GJ 887 e",4,4.42490000000,0.0417000000,1.12000000,,,1.46000000,0.19000000,-0.18000000,"Msini",5.710000,20.9000,0.495000,3688.00,"Radial Velocity"
"CoRoT-27","CoRoT-27 b",1,3.57532000000,0.0476000000,11.28700000,0.49300000,-0.49300000,3302.11000000,174.80000000,-174.80000000,"Mass",12.600000,300.8697,1.050000,5900.00,"Transit"
"Kepler-1431","Kepler-1431 b",1,5.86601526000,0.0648000000,1.47000000,0.42000000,-0.16000000,2.76000000,,,"M-R relationship",4.770000,469.8190,1.030000,5806.00,"Transit"
"HD 21411","HD 21411 b",1,84.28800000000,0.3620000000,9.52000000,,,65.90000000,25.60000000,-25.60000000,"Msini",0.420000,4.1365,0.890000,5605.00,"Radial Velocity"
"K2-237","K2-237 b",1,2.18053332000,0.0355200000,16.06246934,0.62770292,-0.54924005,434.15360396,34.96112477,-29.24021344,"Mass",0.577000,1860.0000,1.256000,6180.00,"Transit"
"Kepler-413","Kepler-413 b",1,66.26200000000,0.3553000000,4.34700000,0.09900000,-0.09900000,67.00000000,22.00000000,-21.00000000,"Mass",3.200000,2.9436,0.820000,4700.00,"Transit"
"Kepler-1804","Kepler-1804 b",1,12.28849983000,0.1017000000,1.59615726,,,3.18000000,,,"M-R relationship",4.300000,164.6100,0.929000,5109.00,"Transit"
"Kepler-821","Kepler-821 b",1,1.92279873000,0.0290000000,1.31000000,0.10000000,-0.08000000,2.27000000,,,"M-R relationship",5.550000,496.8200,0.840000,5191.00,"Transit"
"Kepler-160","Kepler-160 c",3,13.69942900000,0.1192000000,3.76000000,0.23000000,-0.09000000,13.60000000,,,"M-R relationship",1.410000,84.8480,1.003000,5471.00,"Transit"
"Kepler-1075","Kepler-1075 b",1,1.52372816000,0.0208000000,1.42000000,0.16000000,-0.33000000,2.60000000,,,"M-R relationship",4.990000,143.9680,0.560000,3959.00,"Transit"
"Kepler-106","Kepler-106 d",4,23.98020000000,0.1606300000,0.95000000,0.13000000,-0.13000000,8.10000000,,,"Mass",,45.3570,1.000000,5858.00,"Transit"
"TIC 183374187","TIC 183374187 b",1,5.05907000000,,14.03364384,0.78462865,-0.78462865,177.98390792,60.38739733,-60.38739733,"Mass",0.350000,,0.853000,5768.00,"Transit"
"Kepler-919","Kepler-919 b",1,11.04603384000,0.0981000000,2.25000000,0.87000000,-0.29000000,5.69000000,,,"M-R relationship",2.740000,153.9150,1.150000,6113.00,"Transit"
"Kepler-450","Kepler-450 d",3,7.51464000000,0.0827000000,0.83700000,0.06800000,-0.06800000,17.60000000,9.50000000,-6.70000000,"Mass",77.000000,557.2050,1.190000,6197.21,"Transit"
"Kepler-51","Kepler-51 d",4,130.19400000000,0.5090000000,9.70000000,0.50000000,-0.50000000,7.60000000,1.10000000,-1.10000000,"Mass",0.046000,2.4660,1.040000,6018.00,"Transit"
"K2-186","K2-186 b",1,41.47421900000,,3.17207779,0.26358217,-0.16288190,10.20000000,,,"M-R relationship",1.760000,,1.018617,5784.00,"Transit"
"HD 73344","HD 73344 b",3,15.61100000000,0.1310000000,2.88400000,0.08200000,-0.07200000,10.48000000,,,"Mass",2.451000,111.9729,1.200000,6252.60,"Transit"
"HATS-69","HATS-69 b",1,2.22525770000,0.0321100000,10.59250500,0.24659800,-0.24659800,183.38791000,,,"Mass",0.460000,466.6000,0.892000,5137.00,"Transit"
"WASP-36","WASP-36 b",1,1.53736596000,0.0267700000,14.87434300,0.23538900,-0.23538900,750.39663000,22.24810000,-22.24810000,"Mass",1.260000,1422.6075,1.081000,5959.00,"Transit"
"Kepler-1783","Kepler-1783 b",1,8.27744007100,0.0759500000,1.31946731,,,2.30000000,,,"M-R relationship",5.500000,65.5000,0.887000,5129.00,"Transit"
"HD 115954","HD 115954 b",1,3700.00000000000,5.0000000000,12.60000000,,,2685.65003915,193.87532827,-146.20106722,"Mass",7.380000,0.0640,1.180000,5957.00,"Radial Velocity"
"LHS 1678","LHS 1678 c",3,3.69428400000,0.0327000000,0.94100000,0.05100000,-0.05000000,1.40000000,,,"Mass",10.600000,13.5000,0.345000,3490.00,"Transit"
"Kepler-189","Kepler-189 b",2,10.39993100000,0.0880000000,1.21000000,0.61000000,-0.61000000,1.92000000,,,"M-R relationship",5.960000,45.3890,0.803000,5235.00,"Transit"
"TOI-1634","TOI-1634 c",2,103.00000000000,,,,,,,,"Msini",,,0.451000,3472.00,"Radial Velocity"
"Kepler-556","Kepler-556 b",1,11.72292176000,0.0983300000,2.24000000,0.20000000,-0.12000000,5.65000000,,,"M-R relationship",2.760000,81.6410,1.000000,5740.00,"Transit"
"Kepler-109","Kepler-109 c",2,21.22265000000,0.1546000000,2.65000000,0.12000000,-0.12000000,8.20000000,,,"Mass",2.400000,91.0000,1.094000,5950.00,"Transit"
"K2-316","K2-316 c",2,5.26000000000,0.0582000000,1.83000000,0.13000000,-0.12000000,4.01000000,,,"M-R relationship",3.600000,4.3703,0.408000,3436.00,"Transit"
"GJ 393","GJ 393 b",1,7.02679000000,0.0540200000,1.17000000,,,1.71000000,0.24000000,-0.24000000,"Msini",5.870000,9.2100,0.426000,3579.00,"Radial Velocity"
"HD 108236","HD 108236 f",5,29.54115000000,0.1758000000,2.01700000,0.05200000,-0.05700000,4.72000000,,,"M-R relationship",3.160000,22.9084,0.869000,5660.00,"Transit"
"TIC 9344899","TIC 9344899 b",1,8.58215660000,0.0815000000,9.16000000,0.40000000,-0.40000000,6170.00000000,610.00000000,-580.00000000,"Mass",44.100000,149.8610,0.980000,5800.00,"Transit"
"DMPP-3 A","DMPP-3 A b",1,5.59000000000,0.0595800000,1.44000000,,,2.67000000,0.50000000,-0.56000000,"Msini",4.910000,142.7812,0.900000,5138.00,"Radial Velocity"
"TOI-5789","TOI-5789 d",4,29.65000000000,0.1756000000,1.91000000,,,4.29000000,0.68000000,-0.68000000,"Msini",3.380000,15.2098,0.821000,5185.00,"Radial Velocity"
"Kepler-101","Kepler-101 c",2,6.02976000000,0.0684000000,1.25000000,0.19000000,-0.17000000,3.78000000,,,"Mass",10.500000,596.0690,1.170000,5667.00,"Transit"
"Kepler-1108","Kepler-1108 b",1,4.51005748000,0.0511000000,1.46000000,0.14000000,-0.11000000,2.73000000,,,"M-R relationship",4.820000,206.4140,0.880000,5406.00,"Transit"
"Kepler-2001","Kepler-2001 c",2,14.09258318900,0.1084000000,1.82000000,0.23000000,-0.13000000,3.97000000,,,"M-R relationship",3.620000,30.1000,0.864000,5081.00,"Transit"
"XO-1","XO-1 b",1,3.94153000000,0.0488000000,12.77826000,0.78463000,-0.78463000,263.79890000,41.31790000,-41.31790000,"Mass",0.640000,321.8500,0.880000,5750.00,"Transit"
"Kepler-1154","Kepler-1154 b",2,5.18561420000,0.0631000000,2.34000000,1.06000000,-0.49000000,6.08000000,,,"M-R relationship",2.610000,652.9660,1.260000,6327.00,"Transit"
"Kepler-837","Kepler-837 b",1,16.56059504000,0.1144000000,2.56000000,0.22000000,-0.43000000,7.08000000,,,"M-R relationship",2.320000,55.9660,0.850000,5403.00,"Transit"
"K2-88","K2-88 b",1,4.61220000000,0.0345000000,1.23000000,0.25000000,-0.25000000,2.04000000,,,"M-R relationship",6.020000,7.8000,0.258000,3537.00,"Transit"
"TOI-1839","TOI-1839 c",2,4.02393854207,,2.40867246,0.42638903,-0.26892818,6.39000000,,,"M-R relationship",2.510000,,0.934000,5315.91,"Transit"
"Kepler-140","Kepler-140 b",2,3.25427000000,0.0450000000,1.61000000,0.31000000,-0.31000000,3.22000000,,,"M-R relationship",4.240000,848.6950,1.044000,6077.00,"Transit"
"Kepler-328","Kepler-328 b",2,34.92100000000,0.2199000000,2.30000000,0.96000000,-0.23000000,28.50000000,12.90000000,-12.30000000,"Mass",7.800000,57.0790,1.150000,6064.00,"Transit"
"Kepler-625","Kepler-625 b",2,7.75192492000,0.0813700000,1.99000000,0.06000000,-0.05000000,4.62000000,,,"M-R relationship",3.220000,407.8330,1.040000,5789.00,"Transit"
"HD 217107","HD 217107 c",2,5138.70000000000,5.9220000000,12.90000000,,,1388.91013859,41.31769291,-31.78284070,"Mass",3.560000,0.0357,1.045000,5622.00,"Radial Velocity"
"Kepler-427","Kepler-427 b",1,10.29099400000,0.0910000000,13.79000000,2.35000000,-2.35000000,92.17000000,28.60000000,-28.60000000,"Mass",0.160000,208.7210,0.960000,5800.00,"Transit"
"Kepler-1874","Kepler-1874 b",1,56.57320023000,0.2633000000,2.21110724,,,5.52000000,,,"M-R relationship",2.810000,3.7900,0.758000,4701.00,"Transit"
"HD 15906","HD 15906 c",2,21.58329800000,0.1410000000,2.93000000,0.07000000,-0.06000000,8.91000000,,,"M-R relationship",1.950000,13.3700,0.790000,4757.00,"Transit"
"Kepler-1688","Kepler-1688 b",1,5.62012000000,0.0577000000,1.26174569,,,2.13000000,,,"M-R relationship",5.830000,84.0100,0.814000,4632.11,"Transit"
"Kepler-1182","Kepler-1182 b",1,11.17394617000,0.0981000000,2.41000000,0.60000000,-0.50000000,6.39000000,,,"M-R relationship",2.510000,197.8820,1.040000,5924.00,"Transit"
"Kepler-1678","Kepler-1678 b",1,147.97400000000,0.5302000000,3.30422249,,,10.90000000,,,"M-R relationship",1.660000,2.7800,1.030000,5754.00,"Transit"
"HD 93385","HD 93385 c",3,13.18000000000,0.1120000000,2.56000000,,,7.10000000,0.60000000,-0.60000000,"Msini",2.330000,128.3482,1.040000,5977.00,"Radial Velocity"
"TOI-5634 A","TOI-5634 A b",1,2.20353730000,0.0272000000,10.42000000,0.62000000,-0.55000000,588.00000000,,,"Mass",,77.0000,0.556000,3896.00,"Transit"
"TOI-871","TOI-871 b",1,14.36256500000,0.1054000000,1.66400000,0.11400000,-0.11300000,3.41000000,,,"M-R relationship",4.070000,24.7800,0.758000,4929.00,"Transit"
"GJ 251","GJ 251 c",2,53.64700000000,0.1960000000,1.80000000,,,3.88000000,0.79000000,-0.79000000,"Msini",3.660000,0.4040,0.350000,3342.00,"Radial Velocity"
"Kepler-511","Kepler-511 c",2,26.62949944000,0.1717700000,4.20964327,,,16.50000000,,,"M-R relationship",1.220000,101.6000,0.958000,5866.00,"Transit"
"Kepler-1191","Kepler-1191 b",1,5.60014851000,0.0587000000,1.51000000,0.13000000,-0.11000000,2.89000000,,,"M-R relationship",4.610000,167.1840,0.850000,5308.00,"Transit"
"Kepler-1125","Kepler-1125 b",1,17.67006420000,0.1348000000,1.84000000,0.30000000,-0.18000000,4.04000000,,,"M-R relationship",3.560000,41.0400,0.950000,5683.00,"Transit"
"TOI-4527","TOI-4527.01",1,0.39944450000,0.0083323530,0.90866170,0.95341300,-0.95341300,0.68900000,,,"M-R relationship",5.050000,571.5072,0.483901,3702.00,"Transit"
"TOI-883","TOI-883 b",1,10.05771848538,,7.17166228,0.47668767,-0.46443949,40.70000000,,,"M-R relationship",0.606000,91.5488,1.003000,5713.15,"Transit"
"Kepler-247","Kepler-247 c",3,9.43945200000,0.0840000000,4.09000000,1.14000000,-1.14000000,15.70000000,,,"M-R relationship",1.260000,53.8990,0.887000,5100.00,"Transit"
"HD 181433","HD 181433 d",3,6896.10000000000,6.7400000000,13.20000000,,,858.13669890,540.30829190,-635.65681400,"Mass",2.050000,0.0077,0.860000,4918.00,"Radial Velocity"
"Kepler-1997","Kepler-1997 b",1,26.75758660000,0.1815000000,2.28000000,0.72000000,-0.28000000,5.82000000,,,"M-R relationship",2.700000,44.8600,1.111000,6215.00,"Transit"
"HD 98219","HD 98219 b",1,433.80000000000,1.2600000000,13.40000000,,,624.21812000,31.46517000,-31.46517000,"Msini",1.430000,7.0547,1.410000,4925.00,"Radial Velocity"
"Kepler-281","Kepler-281 c",3,36.33737300000,0.2150000000,5.31000000,2.06000000,-2.06000000,161.12400000,,,"Mass",0.005100,35.2030,0.950000,5723.00,"Transit"
"alf Ari","alf Ari b",1,380.80000000000,1.2000000000,13.40000000,,,572.07000000,63.56300000,-63.56300000,"Msini",1.310000,59.6537,1.500000,4553.00,"Radial Velocity"
"K2-70","K2-70 b",1,13.97896000000,0.1112000000,2.89000000,0.47000000,-0.47000000,8.70000000,,,"M-R relationship",1.980000,62.0000,0.940000,5622.00,"Transit"
"Kepler-759","Kepler-759 b",1,41.80598500000,0.2329000000,2.27000000,0.49000000,-0.24000000,5.77000000,,,"M-R relationship",2.710000,19.0200,1.040000,5860.00,"Transit"
"HIP 8152","HIP 8152 c",2,19.60562000000,0.1390000000,2.52442508,0.14962921,-0.14078921,10.70000000,2.10000000,-2.20000000,"Mass",3.630000,39.9000,0.937300,5618.00,"Transit"
"TOI-4329","TOI-4329 b",1,2.92230000000,,16.81347105,2.12970633,-2.12970633,143.02278315,28.60455663,-28.60455663,"Mass",0.165000,3990.5716,1.538000,6000.00,"Transit"
"Kepler-171","Kepler-171 c",3,11.46346200000,0.0980000000,2.56000000,1.15000000,-1.15000000,7.08000000,,,"M-R relationship",2.320000,78.9050,0.978000,5642.00,"Transit"
"Kepler-136","Kepler-136 b",2,11.57890000000,0.1060000000,2.05000000,0.38000000,-0.38000000,19.80000000,11.70000000,-10.40000000,"Mass",12.600000,257.9840,1.204000,6165.00,"Transit"
"CoRoT-7","CoRoT-7 d",3,8.96600000000,,4.31000000,,,17.14200000,2.55200000,-2.55200000,"Mass",1.180000,,0.915000,5250.00,"Radial Velocity"
"Kepler-1577","Kepler-1577 b",1,6.30560247000,0.0657000000,1.13000000,0.05000000,-0.11000000,1.51000000,,,"M-R relationship",5.750000,57.7510,0.780000,4862.00,"Transit"
"TOI-942","TOI-942 c",2,10.15627200000,0.0859800000,4.67000000,0.34000000,-0.30000000,794.57500000,,,"Mass",,59.2488,0.822000,4969.00,"Transit"
"HD 86264","HD 86264 b",1,1488.79123000000,2.7630000000,12.50000000,,,3117.26101586,3741.79383561,-608.95922781,"Mass",8.770000,0.5987,1.260000,6210.00,"Radial Velocity"
"TOI-1680","TOI-1680 b",1,4.80263450000,0.0314400000,1.46600000,0.06300000,-0.04900000,2.75000000,,,"M-R relationship",4.800000,4.4100,0.179800,3225.00,"Transit"
"Kepler-244","Kepler-244 d",3,20.05040100000,0.1400000000,2.31000000,0.97000000,-0.97000000,15.20000000,20.00000000,-13.00000000,"Mass",6.780000,31.2670,0.933000,5554.00,"Transit"
"TOI-2093","TOI-2093 b",2,12.83600000000,0.0970000000,3.25000000,,,10.60000000,2.50000000,-2.50000000,"Msini",1.700000,19.5345,0.745000,4426.00,"Radial Velocity"
"HD 27894","HD 27894 b",3,18.01939000000,0.1250000000,14.10000000,,,196.73578393,15.89142035,-15.89142035,"Msini",0.386000,22.7604,0.810000,4875.00,"Radial Velocity"
"K2-272","K2-272 b",1,14.45367560000,0.1007000000,3.13000000,0.38000000,-0.21000000,9.96000000,,,"M-R relationship",1.780000,49.1810,0.860000,5397.00,"Transit"
"Kepler-835","Kepler-835 b",1,11.41909375000,0.1070000000,2.79000000,0.54000000,-0.29000000,8.20000000,,,"M-R relationship",2.070000,170.3300,1.080000,5954.00,"Transit"
"TIC 150070085","TIC 150070085 b",1,10.47423000000,,3.62000000,0.21000000,-0.20000000,12.80000000,,,"M-R relationship",1.480000,,1.160000,5999.00,"Transit"
"TOI-1883","TOI-1883 b",1,4.50800000000,0.0423000000,5.65000000,0.24000000,-0.24000000,13.70000000,6.80000000,-6.50000000,"Mass",0.400000,14.7000,0.495000,3554.00,"Transit"
"Kepler-146","Kepler-146 c",2,76.73217100000,0.3640000000,3.13000000,0.59000000,-0.59000000,9.96000000,,,"M-R relationship",1.780000,9.8870,1.079000,5948.00,"Transit"
"Kepler-166","Kepler-166 b",3,7.65025400000,0.0720000000,2.27000000,1.17000000,-1.17000000,5.77000000,,,"M-R relationship",2.710000,77.5430,0.811000,5413.00,"Transit"
"HATS-11","HATS-11 b",1,3.61918800000,0.0507000000,18.03000000,0.72000000,-0.72000000,263.79890000,31.78300000,-31.78300000,"Mass",0.315000,1027.2960,1.330000,6563.00,"Transit"
"HD 153950","HD 153950 b",1,499.39999000000,1.2800000000,13.20000000,,,937.59850000,92.17070000,-92.17070000,"Msini",2.240000,1.3550,1.250000,6124.00,"Radial Velocity"
"Kepler-1341","Kepler-1341 b",1,132.99683220000,0.4726700000,2.99000000,0.42000000,-0.37000000,9.22000000,,,"M-R relationship",1.900000,1.1410,0.790000,4662.00,"Transit"
"TOI-5704","TOI-5704 b",1,3.77111600000,,3.22740000,0.18730000,-0.13980000,10.50000000,,,"M-R relationship",1.720000,125.0643,0.730000,4590.00,"Transit"
"TOI-4562","TOI-4562 c",2,3990.00000000000,5.2190000000,12.80000000,,,1833.86990839,117.59651059,-177.98390792,"Mass",4.810000,0.0657,1.192000,6096.00,"Transit Timing Variations"
"Kepler-524","Kepler-524 b",2,7.97419807000,0.0795500000,1.91000000,0.14000000,-0.12000000,4.31000000,,,"M-R relationship",3.400000,434.2370,1.090000,6014.00,"Transit"
"TOI-1859","TOI-1859 b",1,63.48347000000,0.3370000000,9.75181321,0.78462865,-0.78462865,68.60000000,,,"M-R relationship",0.406000,23.7860,1.287000,6341.00,"Transit"
"Kepler-973","Kepler-973 b",1,49.60773310000,0.2489000000,1.96000000,0.08000000,-0.07000000,4.50000000,,,"M-R relationship",3.280000,7.8920,0.860000,5213.00,"Transit"
"Kepler-1451","Kepler-1451 b",1,35.62223300000,0.2101000000,3.35000000,0.62000000,-0.66000000,11.20000000,,,"M-R relationship",1.640000,18.7510,1.000000,5782.00,"Transit"
"Kepler-112","Kepler-112 b",2,8.40887800000,0.0760000000,2.36000000,0.57000000,-0.57000000,6.17000000,,,"M-R relationship",2.580000,123.8180,0.782000,5544.00,"Transit"
"HD 23127","HD 23127 b",1,1211.17000000000,2.3700000000,13.50000000,,,485.32641000,11.75971000,-12.07754000,"Msini",1.080000,0.5038,1.208000,5843.00,"Radial Velocity"
"K2-273","K2-273 b",1,11.71956630000,0.0729000000,3.05000000,0.23000000,-0.12000000,9.53000000,,,"M-R relationship",1.850000,83.5129,0.890000,5161.00,"Transit"
"Kepler-291","Kepler-291 c",2,5.70078600000,0.0650000000,1.88000000,0.82000000,-0.82000000,4.19000000,,,"M-R relationship",3.470000,332.7370,1.023000,6002.00,"Transit"
"EPIC 206215704","EPIC 206215704 b",1,2.25543600000,,1.00000000,0.10000000,-0.09000000,0.97200000,,,"M-R relationship",5.340000,,0.407000,3297.00,"Transit"
"K2-316","K2-316 b",2,1.13300000000,0.0147000000,1.33000000,0.10000000,-0.09000000,2.33000000,,,"M-R relationship",5.440000,68.5057,0.408000,3436.00,"Transit"
"Kepler-613","Kepler-613 b",1,15.77979614000,0.1232000000,2.29000000,0.40000000,-0.17000000,5.86000000,,,"M-R relationship",2.680000,66.2690,0.980000,5723.00,"Transit"
"K2-211","K2-211 b",1,0.66956100000,0.0141900000,1.33162691,0.08743005,-0.07173748,2.33000000,,,"M-R relationship",5.420000,2056.0589,0.851000,5117.00,"Transit"
"TOI-6016","TOI-6016 b",1,4.02368700000,0.0550000000,13.67495645,0.33626942,-0.33626942,371.85923619,28.60455663,-28.60455663,"Mass",0.810000,940.0000,1.310000,6110.00,"Transit"
"HD 106270","HD 106270 b",1,1888.00000000000,3.3400000000,12.40000000,,,3623.24383980,731.00533610,-381.39408840,"Mass",10.400000,0.5110,1.390000,5509.00,"Radial Velocity"
"TOI-4030","TOI-4030 b",1,2.50900199461,,5.84625590,0.41681993,-0.40038434,28.80000000,,,"M-R relationship",0.792000,609.9610,0.980000,5640.37,"Transit"
"Kepler-1920","Kepler-1920 b",1,30.25410080000,0.2043000000,2.95415848,,,9.03000000,,,"M-R relationship",1.920000,44.8700,1.239000,6277.00,"Transit"
"CoRoT-14","CoRoT-14 b",1,1.51214000000,0.0270000000,12.22000000,0.78000000,-0.78000000,2415.40000000,190.70000000,-190.70000000,"Mass",7.300000,1803.4781,1.130000,6035.00,"Transit"
"HD 215497","HD 215497 b",2,3.93404000000,0.0500000000,,,,1588.82420659,,,"Mass",,155.6181,0.670000,5110.00,"Radial Velocity"
"HD 220197","HD 220197 b",1,1728.00000000000,2.7290000000,9.32000000,,,63.56600000,22.24810000,-12.71320000,"Msini",0.431000,0.1332,0.910000,5683.00,"Radial Velocity"
"TOI-5720","TOI-5720 b",1,1.43445550000,0.0182880000,1.09000000,0.07000000,-0.07000000,4.30000000,,,"Mass",,41.7000,0.383000,3325.00,"Transit"
"Kepler-203","Kepler-203 d",3,11.32972000000,0.1000000000,1.44000000,0.28000000,-0.28000000,33.90000000,183.40000000,-33.20000000,"Mass",62.400000,121.8160,1.060000,5821.00,"Transit"
"TIC 161045582","TIC 161045582 b",1,8.85577189959,,2.24566738,0.25949107,-0.22531238,5.67000000,,,"M-R relationship",2.750000,,1.040000,5683.87,"Transit"
"Kepler-1171","Kepler-1171 b",1,1.44259224000,0.0284000000,2.56000000,0.68000000,-0.50000000,7.08000000,,,"M-R relationship",2.320000,10171.0050,1.580000,7044.00,"Transit"
"HD 65216","HD 65216 b",2,577.60000000000,1.3010000000,13.60000000,,,411.58985000,19.70546000,-19.70546000,"Msini",0.899000,0.4185,0.874000,5612.00,"Radial Velocity"
"HD 154345","HD 154345 b",1,3280.00000000000,4.1580000000,13.70000000,,,376.94449070,30.19369866,-18.75187601,"Mass",0.806000,0.0349,0.890000,5468.00,"Radial Velocity"
"Teegarden's Star","Teegarden's Star d",3,26.13000000000,0.0791000000,0.95400000,,,0.82000000,0.17000000,-0.17000000,"Msini",5.190000,0.1200,0.097000,3034.00,"Radial Velocity"
"Qatar-1","Qatar-1 b",1,1.42002420000,0.0233200000,12.81188700,0.29143400,-0.28022500,411.27202000,16.52716000,-15.57367000,"Mass",1.076000,382.3280,0.838000,5013.00,"Transit"
"TOI-908","TOI-908 b",1,3.18379200000,0.0416570000,3.18600000,0.15500000,-0.15500000,16.13700000,4.11200000,-4.03900000,"Mass",2.742000,80.8840,0.950000,5626.00,"Transit"
"HD 185283","HD 185283 b",1,4060.00000000000,4.6000000000,13.60000000,,,413.17692910,95.34852210,-31.78284070,"Mass",0.903000,0.0130,0.800000,4848.00,"Radial Velocity"
"HD 12661","HD 12661 c",2,1708.00000000000,2.8145000000,13.20000000,,,899.45439181,260.61929374,-212.94503269,"Mass",2.150000,0.1459,1.020000,5748.00,"Radial Velocity"
"HD 175167","HD 175167 b",1,1175.00000000000,2.4000000000,12.30000000,,,4703.86042360,572.09113260,-508.52545120,"Mass",13.900000,0.4960,1.090000,5635.00,"Radial Velocity"
"HAT-P-31","HAT-P-31 b",1,5.00542000000,0.0610000000,12.21781000,1.68135000,-1.68135000,721.47410000,266.97720000,-266.97720000,"Mass",2.180000,746.9025,1.310000,6065.00,"Transit"
"Kepler-1475","Kepler-1475 b",1,82.17737400000,0.3730000000,2.92000000,0.99000000,-0.46000000,8.85000000,,,"M-R relationship",1.950000,13.7600,1.180000,6214.00,"Transit"
"K2-133","K2-133 c",4,4.86784000000,0.0434100000,1.60300000,0.09000000,-0.08800000,3.20000000,,,"M-R relationship",4.270000,17.6181,0.461000,3655.00,"Transit"
"Kepler-323","Kepler-323 b",2,1.67832800000,0.0277800000,1.38100000,0.03500000,-0.03500000,3.90000000,,,"Mass",8.200000,1900.0000,1.015000,6004.00,"Transit"
"Kepler-40","Kepler-40 b",1,6.87349000000,0.0800000000,13.11000000,0.45000000,-0.45000000,699.20000000,127.10000000,-127.10000000,"Mass",1.680000,1187.9650,1.480000,6510.00,"Transit"
"GJ 896 A","GJ 896 A b",1,284.39000000000,0.6396500000,13.30000000,,,718.29219982,181.16219199,-181.16219199,"Mass",1.680000,0.0429,0.435990,3345.00,"Astrometry"
"K2-63","K2-63 b",2,20.25700000000,0.1627000000,3.22000000,0.99000000,-0.99000000,10.50000000,,,"M-R relationship",1.730000,188.0000,1.400000,6771.00,"Transit"
"Kepler-10","Kepler-10 c",3,45.29430100000,0.2410000000,2.35500000,0.02200000,-0.02200000,11.29000000,1.24000000,-1.24000000,"Mass",4.750000,18.3000,0.910000,5708.00,"Transit"
"TOI-2498","TOI-2498 b",1,3.73825200000,0.0491000000,6.06000000,0.29000000,-0.27000000,34.62000000,4.10000000,-4.09000000,"Mass",0.860000,790.4759,1.120000,5905.00,"Transit"
"WASP-197","WASP-197 b",1,5.16722800000,0.0650000000,14.44837612,0.54924005,-0.54924005,403.32424848,80.72841538,-80.72841538,"Mass",0.740000,1276.0000,1.360000,6050.00,"Transit"
"HD 177565","HD 177565 b",1,44.50500000000,0.2460000000,4.00000000,,,15.10000000,6.40000000,-6.05000000,"Msini",1.300000,14.5941,1.000000,5627.00,"Radial Velocity"
"TOI-6651","TOI-6651 b",1,5.05697300000,0.0633000000,5.09000000,0.27000000,-0.26000000,61.00000000,7.60000000,-7.90000000,"Mass",2.520000,817.0000,1.323000,5940.00,"Transit"
"KOI-351","KOI-351 g",8,210.73514000000,0.7170400000,7.71800000,0.20600000,-0.20600000,15.00000000,1.30000000,-1.30000000,"Mass",0.272128,3.3870,1.242000,6031.13,"Transit"
"Kepler-1931","Kepler-1931 b",1,38.57609940000,0.2332900000,2.65323514,,,7.53000000,,,"M-R relationship",2.220000,51.7000,1.174000,6167.00,"Transit"
"HIP 74890","HIP 74890 b",1,822.30000000000,2.1000000000,13.30000000,,,762.79200000,95.34900000,-95.34900000,"Msini",1.780000,3.7188,1.740000,4850.00,"Radial Velocity"
"Kepler-287","Kepler-287 c",2,44.85189600000,0.2460000000,3.26000000,1.49000000,-1.49000000,66.00000000,18.00000000,-15.00000000,"Mass",15.400000,12.4570,0.963000,5806.00,"Transit"
"Luhman 16 A","Luhman 16 b",1,9697.00000000000,3.5200000000,11.90000000,,,9344.15516580,63.56568140,-63.56568140,"Mass",30.500000,0.0000,0.033800,,"Imaging"
"GJ 180","GJ 180 b",3,17.13300000000,0.0920000000,2.43000000,,,6.49000000,0.68000000,-0.68000000,"Msini",2.490000,1.5359,0.430000,3371.00,"Radial Velocity"
"Kepler-512","Kepler-512 b",1,34.43587975000,0.2139500000,2.69000000,0.49000000,-0.31000000,7.70000000,,,"M-R relationship",2.170000,32.3290,1.170000,5997.00,"Transit"
"HD 191939","HD 191939 e",6,101.12000000000,0.4070000000,13.00000000,,,112.20000000,4.00000000,-4.00000000,"Msini",0.281000,3.9000,0.810000,5348.00,"Radial Velocity"
"Kepler-1753","Kepler-1753 b",1,16.00460052000,0.1179000000,2.22678077,,,5.59000000,,,"M-R relationship",2.780000,27.4100,0.860000,5180.00,"Transit"
"TOI-178","TOI-178 f",6,15.23335000000,0.1039000000,2.41700000,0.04100000,-0.04800000,5.63000000,0.45000000,-0.41000000,"Mass",2.216474,0.6071,0.647000,4316.00,"Transit"
"GJ 3634","GJ 3634 b",1,2.64561000000,0.0287000000,2.83000000,,,8.40000000,4.00000000,-1.50000000,"Mass",2.040000,24.2793,0.450000,3517.00,"Radial Velocity"
"K2-318","K2-318 b",1,7.01000000000,0.0911000000,1.66000000,0.13000000,-0.13000000,3.39000000,,,"M-R relationship",4.070000,6.3680,0.561000,3851.00,"Transit"
"Kepler-739","Kepler-739 b",1,12.53248465000,0.1054000000,3.32000000,0.49000000,-0.29000000,11.00000000,,,"M-R relationship",1.650000,115.9630,0.930000,5601.00,"Transit"
"Kepler-415","Kepler-415 c",2,8.70800000000,0.0695000000,2.01000000,0.15000000,-0.06000000,4.70000000,,,"M-R relationship",3.180000,26.2370,0.670000,4362.00,"Transit Timing Variations"
"Kepler-893","Kepler-893 b",1,6.33855761000,0.0699000000,3.03000000,0.52000000,-0.37000000,9.43000000,,,"M-R relationship",1.860000,266.2710,1.000000,5820.00,"Transit"
"HD 117207","HD 117207 b",1,2621.75000000000,3.7870000000,13.40000000,,,669.34662514,50.85254512,-28.28672822,"Mass",1.530000,0.0811,1.053000,5732.00,"Radial Velocity"
"HATS-51","HATS-51 b",1,3.34887020000,0.0463900000,15.80469000,2.12971000,-2.12971000,244.09344000,14.30235000,-14.30235000,"Mass",0.340000,740.2246,1.187000,5758.00,"Transit"
"GJ 15 A","GJ 15 A c",2,7600.00000000000,5.4000000000,6.67000000,,,36.00000000,25.00000000,-18.00000000,"Msini",0.667000,0.0008,0.380000,3607.00,"Radial Velocity"
"K2-398","K2-398 b",2,6.39302500000,,2.27400000,0.11300000,-0.11100000,5.79000000,,,"M-R relationship",2.710000,,0.945000,5946.00,"Transit"
"HD 204313","HD 204313 b",3,2041.11539000000,3.1850000000,12.90000000,,,1466.77809830,409.99864503,-97.25549254,"Mass",3.750000,0.1240,1.030000,5767.00,"Radial Velocity"
"Kepler-261","Kepler-261 b",2,10.38122700000,0.0880000000,2.18000000,0.14000000,-0.14000000,5.39000000,,,"M-R relationship",2.860000,45.7790,0.834000,5098.00,"Transit"
"TOI-1782","TOI-1782.02",2,1.82902422700,0.0257390000,1.83900000,0.23400000,-0.18500000,4.04000000,,,"M-R relationship",3.570000,214.1700,0.680000,4336.00,"Transit"
"WASP-119","WASP-119 b",1,2.49979000000,0.0363000000,15.69260000,2.24180000,-2.24180000,390.93090000,25.42640000,-25.42640000,"Mass",0.700000,907.8624,1.020000,5650.00,"Transit"
"Kepler-382","Kepler-382 c",2,12.16270100000,0.0970000000,1.59000000,0.77000000,-0.77000000,3.15000000,,,"M-R relationship",4.310000,124.7430,1.002000,5600.00,"Transit"
"K2-246","K2-246 b",1,5.76918000000,0.0602000000,3.49000000,0.25000000,-0.21000000,12.00000000,,,"M-R relationship",1.550000,194.9508,0.870000,5610.00,"Transit"
"TOI-1453","TOI-1453 b",2,4.31352250000,,1.17300000,0.05900000,-0.05600000,2.32000000,,,"Mass",8.215288,132.6000,0.715000,4975.00,"Transit"
"BD+20 2457","BD+20 2457 b",2,379.63000000000,1.4500000000,12.10000000,,,6807.63000000,,,"Msini",21.100000,703.4998,2.800000,4137.00,"Radial Velocity"
"Kepler-1400","Kepler-1400 b",1,9.06689421000,0.0771000000,1.62000000,0.11000000,-0.11000000,3.26000000,,,"M-R relationship",4.210000,44.5170,0.830000,5044.00,"Transit"
"Kepler-18","Kepler-18 b",3,3.50472500000,0.0447000000,2.00000000,0.10000000,-0.10000000,6.90000000,3.40000000,-3.40000000,"Mass",4.900000,355.7350,0.972000,5345.00,"Transit"
"HD 103949","HD 103949 b",1,120.87800000000,0.4390000000,3.35000000,,,11.20000000,2.30000000,-2.30000000,"Msini",1.640000,1.3983,0.770000,4792.00,"Radial Velocity"
"K2-155","K2-155 b",3,6.34200000000,0.0562000000,1.80000000,0.20000000,-0.10000000,3.89000000,,,"M-R relationship",3.670000,19.9000,0.650000,4258.00,"Transit"
"K2-238","K2-238 b",1,3.20466000000,0.0460000000,14.57170000,1.68135000,-1.56926000,273.33380000,41.31790000,-38.13960000,"Mass",0.560000,1082.6407,1.190000,5630.00,"Transit"
"Kepler-705","Kepler-705 b",1,56.05605380000,0.2320000000,2.11000000,0.10000000,-0.08000000,5.10000000,,,"M-R relationship",2.980000,0.7290,0.530000,3722.00,"Transit"
"TIC 434398831","TIC 434398831 b",2,3.68550400000,0.0464100000,3.51000000,0.22000000,-0.21000000,12.10000000,,,"M-R relationship",1.540000,333.6313,0.992000,5638.00,"Transit"
"TOI-6255","TOI-6255 b",1,0.23818244000,,1.07900000,0.06500000,-0.06500000,1.44000000,0.14000000,-0.14000000,"Mass",6.300000,588.9944,0.353000,3421.00,"Transit"
"K2-276","K2-276 b",1,18.71826900000,0.1291000000,3.77000000,0.21000000,-0.21000000,13.70000000,,,"M-R relationship",1.400000,23.5921,0.820000,5139.00,"Transit"
"Kepler-1363","Kepler-1363 b",1,2.94194094000,0.0363000000,1.25000000,0.09000000,-0.08000000,2.10000000,,,"M-R relationship",5.910000,191.9190,0.760000,4839.00,"Transit"
"Kepler-725","Kepler-725 b",2,39.64372000000,0.2238000000,10.80000000,0.60000000,-0.60000000,81.60000000,,,"M-R relationship",0.356000,12.1000,0.950000,5395.00,"Transit"
"HD 83443","HD 83443 c",2,8241.00000000000,8.0000000000,13.60000000,,,476.74261050,158.91420350,-63.56568140,"Mass",1.040000,0.0123,1.000000,5442.00,"Radial Velocity"
"Kepler-172","Kepler-172 d",4,14.62711900000,0.1180000000,2.25000000,0.40000000,-0.40000000,5.69000000,,,"M-R relationship",2.740000,75.2900,1.081000,5526.00,"Transit"
"Kepler-1204","Kepler-1204 b",1,85.73502850000,0.3877000000,3.05000000,0.87000000,-0.30000000,9.53000000,,,"M-R relationship",1.850000,7.0210,1.030000,5825.00,"Transit"
"GJ 3090","GJ 3090 c",2,15.94070000000,0.0997000000,3.14000000,,,10.00000000,1.30000000,-1.30000000,"Msini",1.770000,4.5800,0.519000,3707.00,"Radial Velocity"
"TOI-6324","TOI-6324 b",1,0.27922100000,,1.05900000,0.04100000,-0.04100000,1.17000000,0.22000000,-0.22000000,"Mass",5.410000,284.2110,0.269000,3247.00,"Transit"
"TOI-2134","TOI-2134 c",2,95.50000000000,0.3710000000,7.27000000,0.42000000,-0.42000000,41.89000000,7.69000000,-7.83000000,"Mass",0.599000,1.4000,0.744000,4580.00,"Transit"
"TOI-5614","TOI-5614 b",1,4.17221328949,,3.21759316,0.36584065,-0.29787539,10.40000000,,,"M-R relationship",1.720000,74.1594,0.674000,4553.00,"Transit"
"Kepler-1903","Kepler-1903 b",1,17.06789970000,0.1321000000,2.28642395,,,5.85000000,,,"M-R relationship",2.690000,82.5600,1.053000,6347.00,"Transit"
"TOI-677","TOI-677 b",1,11.23659850000,0.1041000000,13.11450742,0.32506044,-0.33626942,392.20025424,26.69758619,-26.37975778,"Mass",0.955000,37.6345,1.181000,6295.00,"Transit"
"LP 890-9","LP 890-9 b",2,2.72990250000,0.0187500000,1.32000000,0.05300000,-0.02700000,13.20000000,,,"Mass",,4.0900,0.118000,2850.00,"Transit"
"KOI-94","KOI-94 d",4,22.34298900000,0.1684000000,11.27000000,1.06000000,-1.06000000,106.00000000,11.00000000,-11.00000000,"Mass",0.363000,97.1200,1.277000,6182.00,"Transit"
"K2-68","K2-68 b",1,8.05428000000,0.0708000000,1.58000000,0.23000000,-0.23000000,3.12000000,,,"M-R relationship",4.350000,41.0000,0.730000,4746.00,"Transit"
"Kepler-716","Kepler-716 c",2,3.96999000000,0.0454800000,1.39281536,,,2.52000000,,,"M-R relationship",5.120000,151.8000,0.830000,5012.00,"Transit"
"HD 131496","HD 131496 b",1,896.00000000000,2.0100000000,13.40000000,,,572.09400000,31.78300000,-31.78300000,"Msini",1.310000,2.4257,1.340000,4846.00,"Radial Velocity"
"Kepler-1065","Kepler-1065 b",2,3.60930890700,0.0455000000,3.73000000,0.64000000,-0.36000000,13.40000000,,,"M-R relationship",1.420000,419.9100,0.940000,5635.00,"Transit"
"Kepler-356","Kepler-356 b",2,4.61269600000,0.0570000000,1.57000000,0.29000000,-0.29000000,3.09000000,,,"M-R relationship",4.390000,844.9790,1.163000,6133.00,"Transit"
"Kepler-466","Kepler-466 b",2,51.07926307000,0.2676900000,2.85000000,0.22000000,-0.17000000,8.50000000,,,"M-R relationship",2.020000,12.5000,1.040000,5927.00,"Transit"
"K2-84","K2-84 c",2,27.86000000000,0.1768000000,2.03000000,0.32000000,-0.32000000,4.78000000,,,"M-R relationship",3.140000,25.3000,0.950000,5652.00,"Transit"
"Kepler-1052","Kepler-1052 c",2,180.92172900000,0.6135000000,2.30000000,0.54000000,-0.19000000,5.90000000,,,"M-R relationship",2.660000,1.9600,0.937000,5818.00,"Transit"
"KOI-13","KOI-13 b",1,1.76358800000,0.0364100000,16.94800800,0.39231500,-0.39231500,2949.46240000,50.85280000,-50.85280000,"Mass",3.600000,25339.9010,1.720000,7650.00,"Transit"
"Kepler-23","Kepler-23 c",3,10.74000000000,0.0950100000,3.00500000,0.07400000,-0.07400000,7.81000000,1.32000000,-1.20000000,"Mass",1.576894,257.3900,1.078000,5828.00,"Transit"
"Kepler-511","Kepler-511 b",2,296.63786500000,0.8567200000,6.35000000,1.40000000,-1.02000000,33.10000000,,,"M-R relationship",0.710000,4.2080,1.000000,5770.00,"Transit"
"Kepler-1967","Kepler-1967 b",1,7.28169012100,0.0668600000,0.73022577,,,0.31500000,,,"M-R relationship",4.450000,57.1000,0.996000,4970.00,"Transit"
"Kepler-793","Kepler-793 b",1,4.24153639000,0.0491000000,1.37000000,0.28000000,-0.16000000,2.45000000,,,"M-R relationship",5.240000,617.4070,0.980000,5745.00,"Transit"
"HD 128311","HD 128311 b",2,453.01900000000,1.0840000000,13.50000000,,,562.24127000,7.31009000,-7.31009000,"Msini",1.260000,0.2620,0.828000,4965.00,"Radial Velocity"
"K2-376","K2-376 b",1,5.77647500000,,1.73600000,0.12500000,-0.11900000,3.66000000,,,"M-R relationship",3.840000,,0.908000,5937.00,"Transit"
"HD 216770","HD 216770 b",1,118.45000000000,0.4600000000,14.10000000,,,181.16310000,15.89150000,-15.89150000,"Msini",0.355000,3.7539,0.740000,5399.00,"Radial Velocity"
"HD 112300","HD 112300 b",1,466.63000000000,1.3300000000,12.20000000,,,5031.22368281,740.54018831,-870.84983518,"Msini",15.200000,284.1257,1.400000,3657.00,"Radial Velocity"
"TOI-444","TOI-444 b",1,17.96360000000,0.1330000000,2.77000000,0.20000000,-0.20000000,8.10000000,,,"M-R relationship",2.090000,23.4694,0.960000,5225.00,"Transit"
"K2-164","K2-164 b",1,17.35506600000,,3.24925008,0.51526655,-0.41335659,10.60000000,,,"M-R relationship",1.700000,,1.180894,5791.00,"Transit"
"Kepler-130","Kepler-130 c",3,27.50868000000,0.1780000000,2.90000000,0.25000000,-0.25000000,8.75000000,,,"M-R relationship",1.970000,46.0110,1.000000,5879.00,"Transit"
"NGTS-20","NGTS-20 b",1,54.18915000000,0.3130000000,11.99360935,0.44835923,-0.44835923,947.12865286,50.85254512,-47.67426105,"Mass",3.020000,6.7645,1.470000,5980.00,"Transit"
"Kepler-1717","Kepler-1717 b",1,30.65279961000,0.2014000000,2.98929758,,,9.21000000,,,"M-R relationship",1.890000,87.6900,1.158000,6200.00,"Transit"
"Kepler-579","Kepler-579 b",1,9.66857723000,0.0854000000,2.00000000,0.35000000,-0.18000000,4.66000000,,,"M-R relationship",3.200000,60.6090,0.990000,5636.00,"Transit"
"Kepler-664","Kepler-664 b",1,2.52559331500,0.0374000000,2.66000000,0.68000000,-0.25000000,7.56000000,,,"M-R relationship",2.210000,652.4350,1.010000,5754.00,"Transit"
"Kepler-1417","Kepler-1417 b",1,20.35052130000,0.1406200000,1.00000000,0.20000000,-0.11000000,0.97200000,,,"M-R relationship",5.340000,114.3320,1.020000,5839.00,"Transit"
"TOI-4363","TOI-4363 b",1,2.11867592279,,1.76689273,0.24906585,-0.23329954,3.77000000,,,"M-R relationship",3.760000,144.7854,0.620000,4278.45,"Transit"
"TOI-2373","TOI-2373 b",1,13.33668000000,0.1120000000,10.42435205,0.22417961,-0.22417961,2955.80418510,63.56568140,-63.56568140,"Mass",14.400000,69.8726,1.041000,5651.00,"Transit"
"TOI-5386 A","TOI-5386 A b",1,3.62156552000,0.0485600000,14.70618268,0.32506044,-0.31385146,155.10026262,15.25576354,-14.62010672,"Mass",0.268000,817.0000,1.165000,6094.00,"Transit"
"Kepler-1484","Kepler-1484 b",1,30.45491360000,0.1939000000,2.11000000,0.30000000,-0.22000000,5.10000000,,,"M-R relationship",2.980000,35.9200,0.940000,5730.00,"Transit"
"Kepler-159","Kepler-159 b",2,10.13962300000,0.0820000000,2.38000000,0.18000000,-0.18000000,6.26000000,,,"M-R relationship",2.550000,33.4630,0.628000,4625.00,"Transit"
"Kepler-1712","Kepler-1712 b",1,13.81499958000,0.0903000000,2.28372556,,,5.83000000,,,"M-R relationship",2.690000,5.5200,0.515000,3732.00,"Transit"
"Kepler-660","Kepler-660 b",1,9.27358194000,0.0759000000,2.57000000,0.11000000,-0.17000000,7.13000000,,,"M-R relationship",2.310000,44.0900,0.750000,4779.00,"Transit"
"Kepler-616","Kepler-616 b",3,9.99761851000,0.0927000000,2.43000000,0.33000000,-0.20000000,6.48000000,,,"M-R relationship",2.480000,129.1800,0.980000,5753.00,"Transit"
"Kepler-157","Kepler-157 c",3,13.54050000000,0.1100000000,2.24000000,0.43000000,-0.43000000,5.65000000,,,"M-R relationship",2.760000,101.7540,0.950000,5774.00,"Transit"
"Kepler-166","Kepler-166 c",3,34.26028100000,0.1950000000,2.38000000,1.23000000,-1.23000000,6.26000000,,,"M-R relationship",2.550000,10.5070,0.811000,5413.00,"Transit"
"Kepler-164","Kepler-164 b",4,5.03503000000,0.0580000000,1.41000000,0.28000000,-0.28000000,2.57000000,,,"M-R relationship",5.040000,370.9220,1.036000,5888.00,"Transit"
"Kepler-91","Kepler-91 b",1,6.24658000000,0.0731000000,15.32270300,0.77342100,-0.67254000,257.44230000,57.20940000,-54.03110000,"Mass",0.400000,3273.3240,1.310000,4550.00,"Transit"
"Kepler-331","Kepler-331 b",3,8.45749600000,0.0650000000,1.82000000,0.19000000,-0.19000000,3.97000000,,,"M-R relationship",3.620000,35.9840,0.653000,4347.00,"Transit"
"TOI-1246","TOI-1246 e",4,37.92548000000,0.2120000000,3.51418750,0.26911442,-0.18217943,14.50000000,2.30000000,-2.30000000,"Mass",1.830000,11.0000,0.888900,5213.00,"Transit"
"HD 141399","HD 141399 e",4,5000.00000000000,5.0000000000,14.10000000,,,209.76780000,31.78300000,-31.78300000,"Msini",0.411000,0.0636,1.070000,5600.00,"Radial Velocity"
"HD 208527","HD 208527 b",1,875.50000000000,2.1000000000,12.50000000,,,3146.40000000,540.30000000,-540.30000000,"Msini",8.850000,165.4934,1.600000,4035.00,"Radial Velocity"
"HD 219134","HD 219134 h",6,2247.00000000000,3.1100000000,12.70000000,,,108.06220000,6.35660000,-6.35660000,"Msini",0.290000,0.0321,0.794000,4913.00,"Radial Velocity"
"Kepler-1489","Kepler-1489 c",2,0.68074100000,,0.51000000,0.08000000,-0.08000000,0.08700000,,,"M-R relationship",3.600000,,0.977000,5565.53,"Transit"
"Kepler-254","Kepler-254 b",3,5.82666200000,0.0640000000,3.87000000,1.85000000,-1.85000000,14.30000000,,,"M-R relationship",1.360000,184.3410,0.849000,5957.00,"Transit"
"HD 20782","HD 20782 b",5,597.06430000000,1.3649000000,13.60000000,,,472.83000000,33.22000000,-33.88000000,"Msini",1.030000,0.6863,1.040000,5782.13,"Radial Velocity"
"Kepler-152","Kepler-152 c",2,88.25505500000,0.3560000000,2.39000000,0.16000000,-0.16000000,6.30000000,,,"M-R relationship",2.540000,2.5700,0.779000,5088.00,"Transit"
"HD 160691","HD 160691 e",4,307.90000000000,0.9600000000,,,,2224.79884900,,,"Mass",,2.0603,1.130000,5773.00,"Radial Velocity"
"K2-353","K2-353 b",1,15.46680500000,,5.55000000,0.22000000,-0.20000000,26.30000000,,,"M-R relationship",0.845000,33.0649,0.870000,5698.00,"Transit"
"CoRoT-16","CoRoT-16 b",1,5.35227000000,0.0618000000,13.11000000,1.79000000,-1.57000000,170.03200000,27.01400000,-26.37900000,"Mass",0.440000,96.1756,1.098000,5650.00,"Transit"
"WASP-116","WASP-116 b",1,6.61320000000,0.0650000000,13.67495645,0.67253884,-0.67253884,203.41018048,44.49597698,-44.49597698,"Mass",0.430000,663.0000,1.250000,6250.00,"Transit"
"Kepler-1113","Kepler-1113 b",1,42.30049540000,0.2415000000,2.81000000,1.13000000,-0.36000000,8.30000000,,,"M-R relationship",2.060000,22.8490,1.120000,5931.00,"Transit"
"Kepler-1466","Kepler-1466 b",1,31.17504480000,0.1798100000,1.55000000,0.27000000,-0.17000000,3.02000000,,,"M-R relationship",4.460000,21.8750,1.010000,5884.00,"Transit"
"Gliese 12","Gliese 12 b",1,12.76141800000,0.0670000000,0.93000000,0.06000000,-0.06000000,0.95000000,0.29000000,-0.30000000,"Mass",6.400000,1.6200,0.255000,3328.00,"Transit"
"Kepler-326","Kepler-326 b",3,2.24832900000,0.0320000000,1.52000000,0.16000000,-0.16000000,44.60000000,47.70000000,-33.30000000,"Mass",69.800000,783.4490,0.910000,5105.00,"Transit"
"HIP 8152","HIP 8152 b",2,10.75101400000,0.0930000000,2.53625843,0.15691518,-0.13542085,8.90000000,1.70000000,-1.70000000,"Mass",2.970000,88.9000,0.937300,5618.00,"Transit"
"Kepler-25","Kepler-25 d",3,122.40000000000,0.4164221832,10.00000000,,,71.90000000,9.80000000,-9.80000000,"Mass",0.395000,15.2243,1.165000,6354.00,"Radial Velocity"
"GJ 581","GJ 581 b",3,5.36860000000,0.0399000000,4.79000000,,,20.50000000,6.20000000,-3.50000000,"Mass",1.020000,7.7669,0.295000,3500.00,"Radial Velocity"
"HD 153557","HD 153557 d",3,40654.64809000000,21.4490000000,11.90000000,,,8725.66108578,1130.19781529,-1111.12811087,"Mass",28.500000,0.0006,0.790000,4837.00,"Radial Velocity"
"GJ 3998","GJ 3998 d",3,41.78000000000,0.1890000000,2.34000000,,,6.07000000,1.00000000,-0.96000000,"Msini",2.600000,1.2000,0.520000,3726.00,"Radial Velocity"
"Kepler-1415","Kepler-1415 b",1,0.63642408000,0.0141600000,1.29000000,0.12000000,-0.08000000,2.21000000,,,"M-R relationship",5.660000,2138.0790,0.890000,5267.00,"Transit"
"Kepler-501","Kepler-501 b",2,5.64067757200,0.0627000000,4.30000000,0.69000000,-0.46000000,17.10000000,,,"M-R relationship",1.180000,324.8560,1.030000,5904.00,"Transit"
"HAT-P-69","HAT-P-69 b",1,4.78694910000,0.0655500000,18.78628400,0.57165900,-0.36989700,1137.83140000,184.34140000,-184.34140000,"Mass",1.020000,2320.1800,1.648000,7394.00,"Transit"
"HD 205158","HD 205158 b",1,25.33798000000,0.1770000000,13.90000000,,,124.58873554,12.39530787,-14.30227832,"Msini",0.255000,143.4540,1.160000,6133.55,"Radial Velocity"
"KOI-7913 A","KOI-7913 b",1,24.27855300000,0.1456000000,2.34000000,0.18000000,-0.18000000,6.08000000,,,"M-R relationship",2.610000,8.2700,0.760000,4324.00,"Transit"
"Kepler-1177","Kepler-1177 b",1,106.24754700000,0.4301000000,1.90000000,0.16000000,-0.12000000,4.27000000,,,"M-R relationship",3.420000,11.8620,0.980000,5712.00,"Transit"
"HD 221287","HD 221287 b",1,456.10000000000,1.2500000000,13.10000000,,,982.05000000,251.08000000,-251.08000000,"Msini",2.400000,1.0624,1.250000,6304.00,"Radial Velocity"
"TOI-1203","TOI-1203 c",4,13.07660000000,,2.20000000,,,5.46000000,0.51000000,-0.50000000,"Msini",2.820000,,0.886000,5737.00,"Radial Velocity"
"HIP 38594","HIP 38594 b",2,60.72200000000,0.2560000000,2.77000000,,,8.10000000,1.70000000,-1.70000000,"Msini",2.090000,1.3216,0.610000,4086.30,"Radial Velocity"
"Kepler-961","Kepler-961 b",1,16.87727414000,0.1258500000,2.55000000,0.11000000,-0.08000000,7.04000000,,,"M-R relationship",2.330000,40.4000,0.960000,5582.00,"Transit"
"TOI-5153","TOI-5153 b",1,20.33003000000,0.1580000000,11.88151954,0.44835923,-0.44835923,1036.12060682,57.20911326,-54.03082919,"Mass",3.390000,49.5559,1.240000,6300.00,"Transit"
"Kepler-226","Kepler-226 b",3,3.94099700000,0.0470000000,1.55000000,0.62000000,-0.62000000,24.00000000,11.80000000,-10.10000000,"Mass",35.400000,270.4020,0.904000,5571.00,"Transit"
"Kepler-1485","Kepler-1485 b",1,19.91577250000,0.1473200000,1.47000000,0.24000000,-0.14000000,2.76000000,,,"M-R relationship",4.770000,85.1760,1.110000,6087.00,"Transit"
"Kepler-389","Kepler-389 c",2,14.51143000000,0.1100000000,1.46000000,0.75000000,-0.75000000,2.73000000,,,"M-R relationship",4.820000,22.7350,0.765000,5376.00,"Transit"
"Kepler-241","Kepler-241 b",2,12.71809200000,0.0940000000,2.33000000,1.03000000,-1.03000000,6.04000000,,,"M-R relationship",2.620000,23.6000,0.671000,4699.00,"Transit"
"Kepler-1239","Kepler-1239 b",1,5.19104016000,0.0625000000,2.90000000,0.37000000,-0.31000000,8.75000000,,,"M-R relationship",1.970000,462.9100,1.400000,6564.00,"Transit"
"Kepler-937","Kepler-937 c",2,153.34336400000,0.5545000000,2.67000000,0.91000000,-0.39000000,7.61000000,,,"M-R relationship",2.200000,6.9300,1.150000,6095.00,"Transit"
"Kepler-487","Kepler-487 b",3,15.35876840300,0.1181900000,11.42000000,0.69000000,-0.53000000,,,,"Msini",,51.4920,0.910000,5444.00,"Transit"
"HD 208487","HD 208487 b",1,129.36000000000,0.5300000000,14.30000000,,,146.20106722,3.17828407,0.00000000,"Msini",0.275000,6.0876,1.150000,6134.00,"Radial Velocity"
"KIC 5437945","Kepler-460 c",2,220.13033570000,0.7531800000,5.52000000,2.07000000,-0.73000000,26.10000000,,,"M-R relationship",0.853000,7.4000,1.170000,6146.00,"Transit"
"OGLE-TR-111","OGLE-TR-111 b",1,4.01444630000,0.0473000000,11.42197100,0.29143400,-0.29143400,174.79900000,31.78200000,-31.78200000,"Mass",0.650000,204.9529,0.820000,5040.00,"Transit"
"TOI-5926","TOI-5926 b",1,3.81122794237,,7.56807148,0.99612024,-0.72897990,44.60000000,,,"M-R relationship",0.565000,157.6440,0.946000,5388.92,"Transit"
"Kepler-1696","Kepler-1696 b",1,65.94090000000,0.3244000000,2.80982017,,,8.29000000,,,"M-R relationship",2.050000,10.0400,1.020000,5712.00,"Transit"
"Kepler-1965","Kepler-1965 b",1,41.86869812000,0.2297100000,1.35415138,,,2.40000000,,,"M-R relationship",5.310000,13.8000,0.928000,5852.00,"Transit"
"Kepler-58","Kepler-58 e",4,4.45814897000,0.0533000000,1.61000000,0.52000000,-0.22000000,597.79600000,,,"Mass",131.000000,511.6000,1.017000,6100.00,"Transit"
"Kepler-1266","Kepler-1266 c",2,4.86631012000,0.0506000000,1.68023962,,,3.46000000,,,"M-R relationship",4.010000,110.4000,0.791000,4996.00,"Transit"
"HD 159243","HD 159243 b",2,12.62000000000,0.1100000000,13.70000000,,,359.13000000,15.89000000,-15.89000000,"Msini",0.767000,107.4520,1.125000,6123.00,"Radial Velocity"
"Kepler-949","Kepler-949 b",2,8.68930729600,0.0773900000,2.91000000,0.36000000,-0.23000000,8.80000000,,,"M-R relationship",1.960000,58.4420,0.890000,5403.00,"Transit"
"Kepler-1622","Kepler-1622 b",1,10.81187370000,0.1013600000,1.47000000,0.68000000,-0.27000000,2.76000000,,,"M-R relationship",4.770000,236.0050,1.310000,6436.00,"Transit"
"TOI-4010","TOI-4010 b",4,1.34833500000,0.0229000000,3.02000000,0.08000000,-0.08000000,11.00000000,1.29000000,-1.27000000,"Mass",2.200000,714.0000,0.880000,4960.00,"Transit"
"Kepler-1725","Kepler-1725 b",1,16.71990013000,0.1326300000,2.81251770,,,8.31000000,,,"M-R relationship",2.050000,84.1000,1.049000,6020.00,"Transit"
"Kepler-1826","Kepler-1826 b",1,1.61536002200,0.0213000000,1.47519116,,,2.78000000,,,"M-R relationship",4.760000,99.3200,0.490000,3821.00,"Transit"
"Kepler-1847","Kepler-1847 b",1,11.12969971000,0.0989000000,2.74516914,,,7.97000000,,,"M-R relationship",2.120000,119.4400,1.041000,6122.00,"Transit"
"Kepler-1401","Kepler-1401 b",1,11.20066445000,0.0975000000,1.68000000,0.37000000,-0.18000000,3.46000000,,,"M-R relationship",4.010000,100.9100,1.070000,5964.00,"Transit"
"GJ 581","GJ 581 e",3,3.14810000000,0.0279900000,1.38000000,,,2.48000000,0.70000000,-0.42000000,"Mass",5.190000,15.7830,0.295000,3500.00,"Radial Velocity"
"Kepler-1853","Kepler-1853 b",1,48.88819885000,0.2395000000,1.51862272,,,2.92000000,,,"M-R relationship",4.580000,5.2300,0.765000,4821.00,"Transit"
"Kepler-155","Kepler-155 c",2,52.66179300000,0.2420000000,2.24000000,0.15000000,-0.15000000,5.65000000,,,"M-R relationship",2.760000,1.2800,0.635000,4508.00,"Transit"
"Kepler-770","Kepler-770 d",3,4.15244722000,0.0616000000,1.40000000,0.19000000,-0.11000000,2.54000000,,,"M-R relationship",5.090000,209.7520,0.940000,5598.00,"Transit"
"Kepler-913","Kepler-913 c",2,5.93911981600,0.0699000000,3.85807090,,,14.20000000,,,"M-R relationship",1.360000,122.8200,1.294000,6068.00,"Transit"
"HD 73256","HD 73256 c",1,2690.00000000000,3.8000000000,12.20000000,,,5085.25451200,317.82840700,-317.82840700,"Mass",15.400000,0.0511,1.000000,5570.00,"Radial Velocity"
"Kepler-445","Kepler-445 d",3,8.15275000000,0.0439000000,1.25000000,0.19000000,-0.19000000,2.10000000,,,"M-R relationship",5.910000,4.3140,0.180000,3157.00,"Transit"
"Kepler-163","Kepler-163 c",2,21.34726200000,0.1520000000,2.26000000,0.94000000,-0.94000000,5.73000000,,,"M-R relationship",2.730000,30.2380,0.882000,5776.00,"Transit"
"Kepler-1491","Kepler-1491 c",2,61.56976500000,0.3045000000,2.44000000,0.39000000,-0.53000000,6.53000000,,,"M-R relationship",2.470000,18.6600,0.991000,5626.00,"Transit"
"Kepler-46","Kepler-46 c",3,57.01100000000,0.2799000000,13.50000000,,,119.49900000,6.67400000,-6.03900000,"Mass",0.267000,7.0957,0.902000,5155.00,"Transit Timing Variations"
"K2-190","K2-190 c",2,21.57402300000,,1.09308317,0.15187251,-0.09223049,1.34000000,,,"M-R relationship",5.640000,,0.904597,5631.00,"Transit"
"WASP-48","WASP-48 b",1,2.14363000000,0.0344400000,16.81350000,2.24180000,-2.24180000,254.26400000,73.10090000,-73.10090000,"Mass",0.415000,3410.2601,0.880000,5920.00,"Transit"
"Kepler-56","Kepler-56 b",3,10.50160000000,0.1028000000,6.51000000,0.29000000,-0.28000000,22.10000000,3.90000000,-3.60000000,"Mass",0.442000,819.2450,1.320000,4840.00,"Transit"
"Kepler-312","Kepler-312 b",2,1.77241900000,0.0310000000,1.29000000,0.25000000,-0.25000000,2.21000000,,,"M-R relationship",5.660000,4124.0220,1.314000,6115.00,"Transit"
"Kepler-1530","Kepler-1530 d",3,9.20761013000,0.0827600000,3.27870115,,,10.80000000,,,"M-R relationship",1.680000,69.2000,1.015000,5678.00,"Transit"
"Kepler-450","Kepler-450 b",3,28.45485100000,0.2009200000,6.14000000,0.33000000,-0.33000000,19.40000000,11.10000000,-6.80000000,"Mass",0.750000,94.3250,1.190000,6197.21,"Transit"
"HIP 75092","HIP 75092 b",1,926.40000000000,2.0200000000,13.50000000,,,568.91284853,47.67426105,-47.67426105,"Msini",1.270000,2.5659,1.280000,4891.00,"Radial Velocity"
"Kepler-1749","Kepler-1749 b",1,14.53409958000,0.0956000000,1.61301783,,,3.23000000,,,"M-R relationship",4.230000,7.3400,0.551000,3957.00,"Transit"
"Kepler-1815","Kepler-1815 b",1,12.19139957000,0.0984000000,2.74892620,,,7.99000000,,,"M-R relationship",2.110000,80.0100,0.856000,5516.00,"Transit"
"K2-111","K2-111 c",2,15.67480000000,0.1156500000,3.34000000,,,11.10000000,1.10000000,-1.00000000,"Msini",1.640000,142.0569,0.840000,5775.00,"Radial Velocity"
"Kepler-717","Kepler-717 b",1,4.40840023000,0.0520000000,2.42000000,0.25000000,-0.35000000,6.44000000,,,"M-R relationship",2.500000,398.0000,0.880000,5485.00,"Transit"
"K2-188","K2-188 c",2,7.81025300000,0.0785000000,2.83000000,0.15000000,-0.15000000,8.40000000,,,"M-R relationship",2.040000,230.6280,1.060000,5977.00,"Transit"
"Kepler-304","Kepler-304 c",4,5.31594600000,0.0540000000,2.17000000,0.15000000,-0.15000000,5.35000000,,,"M-R relationship",2.880000,73.5980,0.737000,4731.00,"Transit"
"HAT-P-43","HAT-P-43 b",1,3.33264140000,0.0444000000,13.63000000,0.64000000,-0.63000000,210.39500000,19.06900000,-19.06900000,"Mass",0.390000,521.8770,1.030000,5693.00,"Transit"
"TOI-375","TOI-375 c",3,115.50000000000,0.5240000000,13.40000000,,,669.34662514,70.87573476,-67.37962228,"Msini",1.530000,21.0700,1.441000,5259.90,"Radial Velocity"
"Kepler-560","Kepler-560 b",1,18.47764449000,0.0899000000,1.72000000,0.09000000,-0.09000000,3.61000000,,,"M-R relationship",3.900000,2.4600,0.340000,3556.00,"Transit"
"Kepler-1972","Kepler-1972 c",2,11.32950000000,0.1049300000,0.86800000,0.05100000,-0.05000000,2.11000000,0.59000000,-0.65000000,"Mass",18.400000,198.4000,1.120000,5818.00,"Transit"
"Kepler-1566","Kepler-1566 b",1,0.53991523800,0.0119800000,0.79000000,0.08000000,-0.05000000,0.41800000,,,"M-R relationship",4.660000,2340.9840,0.840000,5254.00,"Transit"
"Kepler-1432","Kepler-1432 b",1,23.91090110000,0.1696000000,2.22000000,0.69000000,-0.30000000,5.56000000,,,"M-R relationship",2.790000,119.2370,1.090000,6031.00,"Transit"
"PZ Tel","PZ Tel b",1,44000.00000000000,27.0000000000,11.90000000,,,8581.36698900,7945.71017500,-2860.45566300,"Mass",28.000000,0.0014,1.360000,5169.00,"Imaging"
"GJ 667 C","GJ 667 C b",5,7.20300000000,0.0504310000,2.25000000,,,5.68000000,0.23000000,-0.23000000,"Msini",2.740000,5.3902,0.330000,3350.00,"Radial Velocity"
"Kepler-1840","Kepler-1840 b",1,131.19000240000,0.4620600000,2.77771129,,,8.13000000,,,"M-R relationship",2.080000,1.3000,0.774000,4898.00,"Transit"
"Kepler-704","Kepler-704 b",1,3.76182115000,0.0470000000,2.61000000,0.60000000,-0.43000000,7.32000000,,,"M-R relationship",2.260000,514.1240,0.970000,5616.00,"Transit"
"TOI-172","TOI-172 b",1,9.47725000000,0.0914000000,10.81668500,0.35868800,-0.32506100,1722.63860000,69.92260000,-63.56600000,"Mass",7.530000,299.0000,1.128000,5645.00,"Transit"
"HD 82943","HD 82943 c",2,220.07800000000,0.7434500000,13.40000000,,,622.60300000,14.93700000,-14.93700000,"Mass",1.420000,2.8285,1.080000,5935.00,"Radial Velocity"
"EPIC 206042996","EPIC 206042996 c",2,0.35488400000,,1.20000000,0.20000000,-0.10000000,1.87000000,,,"M-R relationship",5.950000,,0.565000,4114.00,"Transit"
"HD 68475","HD 68475 b",1,7832.00000000000,7.2700000000,12.80000000,,,1639.99458012,168.44905571,-149.37935129,"Mass",4.300000,0.0068,0.830000,5022.00,"Radial Velocity"
"Kepler-671","Kepler-671 b",1,4.28095858800,0.0503000000,2.69000000,0.49000000,-0.20000000,7.70000000,,,"M-R relationship",2.170000,331.4380,0.970000,5624.00,"Transit"
"Kepler-1806","Kepler-1806 b",1,9.03332042700,0.0813000000,2.35560189,,,6.15000000,,,"M-R relationship",2.590000,66.8900,0.884000,5311.00,"Transit"
"Kepler-1388","Kepler-1388 c",4,5.53608151000,0.0519000000,2.26000000,0.14000000,-0.11000000,5.73000000,,,"M-R relationship",2.730000,51.0440,0.630000,4098.00,"Transit"
"CoRoT-11","CoRoT-11 b",1,2.99433000000,0.0436000000,16.03000000,0.34000000,-0.34000000,740.51000000,108.06000000,-108.06000000,"Mass",0.990000,1890.6490,1.270000,6440.00,"Transit"
"TOI-1235","TOI-1235 b",1,3.44471400000,0.0384500000,1.69000000,0.08000000,-0.08000000,6.69000000,0.67000000,-0.69000000,"Mass",7.250000,60.3000,0.630000,3997.00,"Transit"
"HD 1397","HD 1397 b",1,11.53533000000,0.1097000000,11.50043400,0.28022500,-0.30264300,131.89945000,6.35660000,-6.35660000,"Mass",0.477000,356.0000,1.324000,5521.00,"Transit"
"Kepler-1519","Kepler-1519 b",1,240.79893970000,0.7655000000,7.06000000,0.81000000,-0.54000000,39.60000000,,,"M-R relationship",0.618000,3.9440,0.940000,5644.00,"Transit"
"Kepler-121","Kepler-121 c",2,41.00801100000,0.2160000000,2.27000000,1.25000000,-1.25000000,5.77000000,,,"M-R relationship",2.710000,7.2960,0.859000,5311.00,"Transit"
"Kepler-1801","Kepler-1801 c",2,116.58318300000,0.4572000000,2.91000000,0.83000000,-0.42000000,8.80000000,,,"M-R relationship",1.960000,4.4700,0.936000,5738.00,"Transit"
"TOI-2000","TOI-2000 c",2,9.12705500000,0.0878000000,8.14000000,0.31000000,-0.30000000,81.70000000,4.70000000,-4.60000000,"Mass",0.829000,149.0000,1.082000,5611.00,"Transit"
"Kepler-1726","Kepler-1726 b",1,18.39629936000,0.1279400000,2.50861954,,,6.84000000,,,"M-R relationship",2.380000,24.0000,0.876000,5316.00,"Transit"
"K2-154","K2-154 c",2,7.95486000000,0.0677000000,2.07000000,0.18000000,-0.13000000,4.94000000,,,"M-R relationship",3.060000,20.5000,0.650000,4097.00,"Transit"
"WASP-11","WASP-11 b",1,3.72247000000,0.0435000000,12.44199000,1.12090000,-1.12090000,251.08570000,54.03110000,-54.03110000,"Mass",0.632000,184.9880,1.420000,4800.00,"Transit"
"Kepler-286","Kepler-286 e",4,29.22128900000,0.1760000000,1.77000000,0.43000000,-0.43000000,3.78000000,,,"M-R relationship",3.750000,20.6000,0.830000,5580.00,"Transit"
"HD 82886","HD 82886 b",1,705.00000000000,1.5800000000,13.30000000,,,740.54390000,104.88390000,-104.88390000,"Msini",1.730000,5.5680,2.530000,4953.00,"Radial Velocity"
"Kepler-275","Kepler-275 c",3,16.08813400000,0.1320000000,3.38000000,0.64000000,-0.64000000,11.40000000,,,"M-R relationship",1.620000,146.5000,1.189000,6165.00,"Transit"
"K2-183","K2-183 c",3,10.78799200000,0.0932000000,2.30000000,0.20000000,-0.10000000,5.90000000,,,"M-R relationship",2.660000,84.9927,0.942219,5482.00,"Transit"
"NGTS-21","NGTS-21 b",1,1.54338970000,0.0236000000,14.90794433,0.33626942,-0.33626942,750.07504052,66.74396547,-66.74396547,"Mass",1.250000,514.2853,0.720000,4660.00,"Transit"
"HD 108202","HD 108202 b",1,2990.00000000000,3.7000000000,13.10000000,,,953.48522100,222.47988490,-158.91420350,"Mass",2.330000,0.0125,0.740000,4556.03,"Radial Velocity"
"BD-210397","BD-210397 c",2,6240.00000000000,5.9000000000,12.90000000,,,1525.57635360,190.69704420,-190.69704420,"Mass",3.910000,0.0039,0.690000,4051.00,"Radial Velocity"
"TOI-1739","TOI-1739 b",1,8.30334140600,0.0738720000,1.94600000,0.22600000,-0.16900000,4.45000000,,,"M-R relationship",3.320000,53.9100,0.780000,4814.00,"Transit"
"Kepler-648","Kepler-648 b",1,17.42117490000,0.1332400000,3.22000000,0.12000000,-0.24000000,10.50000000,,,"M-R relationship",1.730000,47.3360,1.050000,5741.00,"Transit"
"Kepler-1462","Kepler-1462 b",1,65.64883410000,0.3094000000,3.82000000,0.82000000,-0.39000000,14.00000000,,,"M-R relationship",1.380000,4.7040,1.000000,5756.00,"Transit"
"TOI-2518","TOI-2518 b",1,6.89797425216,,2.26838675,0.26231558,-0.20960264,5.77000000,,,"M-R relationship",2.720000,239.1330,1.110000,5751.20,"Transit"
"Kepler-124","Kepler-124 b",3,3.41049300000,0.0390000000,0.73000000,0.05000000,-0.05000000,0.31500000,,,"M-R relationship",4.450000,198.8430,0.706000,4984.00,"Transit"
"Kepler-428","Kepler-428 b",1,3.52563254000,0.0433000000,12.11000000,0.34000000,-0.34000000,403.63000000,60.39000000,-60.39000000,"Mass",1.020000,195.0880,0.870000,5150.00,"Transit"
"GJ 674","GJ 674 b",1,4.69380000000,0.0390000000,3.33000000,,,11.09000000,,,"Msini",1.650000,10.5165,0.350000,3600.00,"Radial Velocity"
"TOI-5800","TOI-5800 b",1,2.62788380000,0.0344000000,2.46000000,0.18000000,-0.16000000,9.50000000,1.70000000,-1.90000000,"Mass",3.460000,274.1630,0.778000,4850.00,"Transit"
"HAT-P-50","HAT-P-50 b",1,3.12201090000,0.0453000000,14.43719200,0.71737600,-0.71737600,429.07050000,23.20159000,-23.20159000,"Mass",0.780000,2108.4362,1.273000,6280.00,"Transit"
"K2-233","K2-233 c",3,7.06024000000,0.0664000000,1.27200000,0.03800000,-0.03800000,4.60000000,1.80000000,-1.70000000,"Mass",12.400000,66.2000,0.790000,4796.00,"Transit"
"Kepler-1937","Kepler-1937 b",1,9.68859958600,0.0915000000,3.02291330,,,9.39000000,,,"M-R relationship",1.870000,163.1000,1.190000,6457.00,"Transit"
"Kepler-1946","Kepler-1946 b",1,3.03519010500,0.0394000000,2.48812698,,,6.75000000,,,"M-R relationship",2.410000,403.5300,0.887000,5505.00,"Transit"
"TOI-4465","TOI-4465 b",1,101.94054000000,0.4160000000,14.01122587,0.89671846,-0.78462865,1872.00931723,82.63538582,-82.63538582,"Mass",3.730000,130.5280,0.930000,5545.00,"Transit"
"TOI-2274","TOI-2274 b",1,2.67963000000,0.0500000000,2.45000000,0.23000000,-0.13000000,6.57000000,,,"M-R relationship",2.450000,83.7078,0.612000,3943.00,"Transit"
"K2-73","K2-73 b",2,7.49556000000,0.0761900000,2.58000000,0.13000000,-0.06000000,9.20000000,3.80000000,-3.70000000,"Mass",2.800000,209.0000,1.020000,5867.00,"Transit"
"TOI-2420","TOI-2420 b",1,5.84264100000,0.0684000000,15.02003414,0.82946457,-0.80704661,294.62693329,27.01541459,-25.10844415,"Mass",0.477000,1017.0000,1.158000,5707.00,"Transit"
"TOI-3540 A","TOI-3540 A b",1,3.11999900000,0.0428900000,23.53885947,,,375.03752026,44.49597698,-44.49597698,"Mass",0.065000,841.3000,1.081000,5810.00,"Transit"
"CoRoT-29","CoRoT-29 b",1,2.85057000000,0.0386000000,10.08810000,1.79344000,-1.79344000,270.15550000,63.56600000,-63.56600000,"Mass",1.450000,540.3673,0.970000,5260.00,"Transit"
"Kepler-328","Kepler-328 c",2,71.31200000000,0.3540000000,5.40000000,2.24000000,-0.54000000,39.40000000,13.60000000,-12.60000000,"Mass",0.600000,22.0250,1.150000,6064.00,"Transit"
"HD 109286","HD 109286 b",1,520.10000000000,1.2590000000,13.20000000,,,950.30693693,47.67426105,-47.67426105,"Msini",2.270000,0.7090,0.980000,5694.00,"Radial Velocity"
"HD 108874","HD 108874 c",2,1624.00000000000,2.6590000000,13.80000000,,,314.64000000,19.07000000,-19.07000000,"Msini",0.658000,0.1412,0.950000,5551.00,"Radial Velocity"
"HD 285968","HD 285968 b",1,8.78360000000,0.0660000000,2.83000000,,,8.40000000,,,"Msini",2.040000,5.0456,0.500000,3703.49,"Radial Velocity"
"WASP-50","WASP-50 b",1,1.95510000000,0.0293000000,13.06969400,0.48198700,-0.48198700,466.82870400,29.24036000,-29.24036000,"Mass",1.325000,690.3398,0.892000,5400.00,"Transit"
"Kepler-285","Kepler-285 b",2,2.63386700000,0.0360000000,1.34000000,0.58000000,-0.58000000,2.36000000,,,"M-R relationship",5.390000,428.4070,0.915000,5411.00,"Transit"
"K2-398","K2-398 c",2,18.78783900000,,5.09800000,0.15400000,-0.14600000,22.80000000,,,"M-R relationship",0.946000,,0.945000,5946.00,"Transit"
"Kepler-1607","Kepler-1607 b",1,13.64736760000,0.1197800000,0.92000000,0.33000000,-0.14000000,0.72100000,,,"M-R relationship",5.090000,449.6320,1.140000,6116.00,"Transit"
"HD 134606","HD 134606 e",5,4.32030000000,0.0527000000,1.33000000,,,2.34000000,0.35000000,-0.34000000,"Msini",5.470000,418.0334,1.046000,5576.00,"Radial Velocity"
"Kepler-1050","Kepler-1050 b",2,15.37875460000,0.1235300000,1.60000000,0.48000000,-0.18000000,3.19000000,,,"M-R relationship",4.280000,62.0250,1.090000,6010.00,"Transit"
"Kepler-1145","Kepler-1145 b",1,3.97076766000,0.0443000000,1.40000000,0.11000000,-0.11000000,2.54000000,,,"M-R relationship",5.090000,198.4300,0.790000,5064.00,"Transit"
"Kepler-957","Kepler-957 b",1,5.90741353700,0.0559000000,5.50000000,0.29000000,-0.32000000,25.90000000,,,"M-R relationship",0.855000,124.9110,0.810000,4963.00,"Transit"
"TOI-3856","TOI-3856 b",1,2.04360352000,0.0325000000,13.59649359,0.28022452,-0.26901554,171.62733978,31.78284070,-31.78284070,"Mass",0.371000,949.0000,1.096000,5622.00,"Transit"
"CoRoT-3","CoRoT-3 b",1,4.25680000000,0.0578300000,11.32000000,0.78000000,-0.78000000,6883.91000000,317.80000000,-317.80000000,"Mass",26.400000,735.4472,1.370000,6740.00,"Transit"
"Kepler-562","Kepler-562 b",1,18.00931443600,0.1333000000,5.21000000,0.64000000,-0.40000000,23.70000000,,,"M-R relationship",0.921000,67.4350,0.930000,5575.00,"Transit"
"K2-294","K2-294 b",1,2.50387000000,,1.66000000,0.21000000,-0.19000000,3.39000000,,,"M-R relationship",4.070000,,0.987000,5612.00,"Transit"
"HD 93351","HD 93351 b",2,2.45946000000,0.0350000000,1.69000000,,,3.49611248,0.63565681,-0.95348522,"Msini",3.980000,522.5845,0.940000,5408.00,"Radial Velocity"
"XO-7","XO-7 b",1,2.86414240000,0.0442100000,15.38995700,0.29143400,-0.29143400,225.34147000,10.80622000,-10.80622000,"Mass",0.340000,1540.0000,1.405000,6250.00,"Transit"
"TOI-5734","TOI-5734 b",1,6.18418760000,0.0592100000,2.10000000,0.12000000,-0.12000000,9.10000000,2.60000000,-2.60000000,"Mass",5.403344,56.3778,0.724000,4750.00,"Transit"
"Kepler-1740","Kepler-1740 b",1,8.17240047500,0.0779000000,3.32321414,,,11.00000000,,,"M-R relationship",1.650000,127.9500,0.943000,5705.00,"Transit"
"HIP 34222","HIP 34222 b",1,159.98600000000,0.4920000000,13.90000000,,,263.79757781,,,"Msini",0.540000,0.3832,0.620000,4050.00,"Radial Velocity"
"Kepler-1852","Kepler-1852 b",1,7.97094011300,0.0762000000,1.88610592,,,4.22000000,,,"M-R relationship",3.460000,79.1000,0.927000,5237.00,"Transit"
"Kepler-1774","Kepler-1774 b",1,59.77080154000,0.2949600000,3.18179549,,,10.20000000,,,"M-R relationship",1.740000,16.4000,1.101000,6214.00,"Transit"
"Kepler-1277","Kepler-1277 b",1,40.83650120000,0.2185700000,1.60000000,0.29000000,-0.11000000,3.19000000,,,"M-R relationship",4.280000,12.1100,0.940000,5578.00,"Transit"
"Kepler-249","Kepler-249 c",3,7.11370200000,0.0580000000,1.51000000,0.09000000,-0.09000000,2.89000000,,,"M-R relationship",4.610000,12.5290,0.510238,3568.00,"Transit"
"HATS-24","HATS-24 b",1,1.34849780000,0.0238000000,15.63655500,0.63891300,-0.63891300,718.29580000,54.03110000,-54.03110000,"Mass",1.030000,2706.9606,1.070000,6125.00,"Transit"
"HD 67087","HD 67087 c",2,2374.00000000000,3.8600000000,12.90000000,,,1540.00000000,3180.00000000,-1150.00000000,"Msini",3.940000,0.2327,1.360000,6330.00,"Radial Velocity"
"Kepler-185","Kepler-185 b",2,1.63290000000,0.0260000000,1.17000000,0.67000000,-0.67000000,1.71000000,,,"M-R relationship",5.870000,475.5070,0.763000,5208.00,"Transit"
"Kepler-1294","Kepler-1294 b",1,115.68622580000,0.4684000000,3.19000000,0.54000000,-0.31000000,10.30000000,,,"M-R relationship",1.740000,12.3620,0.990000,5776.00,"Transit"
"Kepler-401","Kepler-401 d",3,184.25640500000,0.6688600000,2.27000000,0.40000000,-0.26000000,5.77000000,,,"M-R relationship",2.710000,8.4850,1.170000,6184.00,"Transit"
"K2-290","K2-290 b",2,9.21165000000,0.0923000000,3.06000000,0.16000000,-0.16000000,10.90000000,,,"Mass",4.100000,308.9946,1.194000,6302.00,"Transit"
"Kepler-1362","Kepler-1362 b",1,136.20562600000,0.4626000000,2.60000000,0.12000000,-0.19000000,7.27000000,,,"M-R relationship",2.270000,1.0110,0.800000,4857.00,"Transit"
"Kepler-49","Kepler-49 e",4,18.59610800000,0.1160000000,1.56000000,0.08000000,-0.08000000,1.03815000,,,"Mass",0.046000,6.0630,0.549000,4252.00,"Transit"
"WASP-154","WASP-154 b",1,3.81167800000,0.0440000000,10.76062147,0.67253884,-0.67253884,198.96058278,40.99986450,-40.99986450,"Mass",0.880000,162.0000,0.800000,4774.00,"Transit"
"Kepler-490","Kepler-490 b",1,3.26869515400,0.0453000000,11.65000000,3.29000000,-1.38000000,,,,"Msini",,1059.5220,1.080000,6045.00,"Transit"
"HD 2952","HD 2952 b",1,312.08000000000,1.1170000000,13.90000000,,,284.77425267,42.27117813,-39.72855088,"Msini",0.583000,46.9588,1.910000,4853.00,"Radial Velocity"
"Kepler-774","Kepler-774 b",1,11.08957230000,0.1082000000,3.17000000,0.46000000,-0.54000000,10.20000000,,,"M-R relationship",1.760000,451.1770,1.570000,6403.00,"Transit"
"Kepler-77","Kepler-77 b",1,3.57878087000,0.0450100000,10.76100000,0.17900000,-0.17900000,136.66100000,10.17000000,-10.17000000,"Mass",0.603000,432.8710,0.950000,5520.00,"Transit"
"TOI-756","TOI-756 b",2,1.23924950000,0.0180000000,2.81000000,0.10000000,-0.10000000,9.83000000,1.80000000,-1.60000000,"Mass",2.420000,127.0000,0.505000,3657.00,"Transit"
"Qatar-3","Qatar-3 b",1,2.50792040000,0.0378300000,12.28506400,1.56926000,-1.56926000,1369.84730000,149.38010000,-149.38010000,"Mass",4.000000,1330.0000,1.145000,6007.00,"Transit"
"L 98-59","L 98-59 b",5,2.25311400000,0.0223000000,0.83700000,0.01900000,-0.01900000,0.46000000,0.11000000,-0.11000000,"Mass",4.300000,24.5000,0.292300,3415.00,"Transit"
"Kepler-1567","Kepler-1567 b",1,153.97957800000,0.5520000000,2.73000000,0.40000000,-0.23000000,7.90000000,,,"M-R relationship",2.130000,2.7230,0.950000,5655.00,"Transit"
"Kepler-1406","Kepler-1406 b",1,11.62905828000,0.0987000000,1.10000000,0.18000000,-0.13000000,1.37000000,,,"M-R relationship",5.660000,125.8900,1.050000,5892.00,"Transit"
"Kepler-758","Kepler-758 e",4,8.19347190000,0.0829000000,1.53000000,0.32000000,-0.25000000,2.96000000,,,"M-R relationship",4.540000,588.4020,1.160000,6228.00,"Transit"
"Kepler-293","Kepler-293 b",2,19.25419600000,0.1440000000,3.07000000,1.30000000,-1.30000000,9.64000000,,,"M-R relationship",1.830000,28.9440,0.934000,5804.00,"Transit"
"HD 135625","HD 135625 b",1,4055.00000000000,5.4000000000,13.30000000,,,731.00533610,254.26272560,-95.34852210,"Mass",1.710000,0.0758,1.280000,6040.64,"Radial Velocity"
"HD 153557","HD 153557 b",3,7.29903000000,0.0680000000,4.77000000,,,20.34101805,1.90697044,-2.22479885,"Msini",1.030000,59.2234,0.790000,4837.00,"Radial Velocity"
"GJ 2030","GJ 2030 c",2,25533.11353000000,16.7610000000,12.30000000,,,4069.15709482,742.12933034,-678.88147735,"Mass",12.000000,0.0146,0.960000,5485.00,"Radial Velocity"
"Kepler-1212","Kepler-1212 b",1,12.94130146000,0.1082000000,2.14000000,0.58000000,-0.27000000,5.22000000,,,"M-R relationship",2.930000,142.0960,1.100000,6051.00,"Transit"
"Kepler-679","Kepler-679 b",1,12.39358604000,0.0983000000,3.01000000,0.32000000,-0.39000000,9.32000000,,,"M-R relationship",1.880000,56.0020,0.870000,5403.00,"Transit"
"TOI-4794","TOI-4794 b",1,3.56581160000,0.0492000000,14.35870428,0.49319515,-0.43715025,308.29355479,76.27881768,-73.10053361,"Mass",0.570000,1310.0000,1.250000,6390.00,"Transit"
"Kepler-1170","Kepler-1170 b",1,9.98969327000,0.0880000000,2.41000000,0.19000000,-0.17000000,6.39000000,,,"M-R relationship",2.510000,69.5370,0.800000,5069.00,"Transit"
"Kepler-245","Kepler-245 e",4,3.21982105600,0.0405300000,1.75000000,0.08000000,-0.06000000,1806.36000000,,,"Mass",902.000000,240.1510,0.860000,5174.00,"Transit"
"TOI-1836","TOI-1836 c",2,1.77274710000,0.0308900000,2.59987579,0.22132646,-0.14409651,8.00000000,,,"Mass",3.000000,2981.9800,1.251800,6237.00,"Transit"
"HD 219828","HD 219828 c",2,4789.87297000000,5.6570000000,12.20000000,,,5102.41724598,1118.75599264,-403.64207689,"Mass",15.400000,0.0822,1.040000,5891.00,"Radial Velocity"
"Kepler-487","Kepler-487 c",3,38.65199760000,0.2186400000,2.68000000,0.18000000,-0.49000000,7.65000000,,,"M-R relationship",2.180000,15.0380,0.910000,5444.00,"Transit"
"HD 162020","HD 162020 b",1,8.42820000000,0.0800000000,12.50000000,,,3127.44720000,874.03250000,-874.03250000,"Msini",8.800000,39.0625,0.420000,4723.00,"Radial Velocity"
"TOI-2322","TOI-2322 b",2,11.30717000000,0.0924000000,0.99400000,0.05700000,-0.05900000,2.31000000,2.67000000,-1.54000000,"Mass",12.750000,22.0400,0.703000,4664.00,"Transit"
"K2-85","K2-85 b",1,0.68453862616,0.0130000000,1.40000000,0.20000000,-0.20000000,3.20000000,1.30000000,-1.30000000,"Mass",5.900000,800.0000,0.700000,4232.00,"Transit"
"Kepler-473","Kepler-473 b",1,14.55731705000,0.1204800000,4.08000000,0.79000000,-0.67000000,15.60000000,,,"M-R relationship",1.260000,243.3760,1.060000,5816.00,"Transit"
"TOI-2133","TOI-2133 b",1,3.82664720000,0.0410000000,2.37000000,0.09000000,-0.09000000,6.21000000,,,"M-R relationship",2.560000,81.1072,0.644000,4250.00,"Transit"
"Kepler-7","Kepler-7 b",1,4.88548920000,0.0606700000,18.18099800,0.14571700,-0.14571700,140.16303000,13.66669000,-13.34886000,"Mass",0.140000,1375.1100,1.359000,5933.00,"Transit"
"Kepler-1360","Kepler-1360 b",1,40.52864130000,0.2866000000,3.40000000,1.17000000,-0.76000000,11.50000000,,,"M-R relationship",1.610000,82.5640,1.510000,6778.00,"Transit"
"TOI-4406","TOI-4406 b",1,30.08364000000,0.2010000000,11.20898070,0.22417961,-0.22417961,95.34852210,9.53485221,-9.53485221,"Mass",0.372000,58.0054,1.190000,6219.00,"Transit"
"HD 108147","HD 108147 b",1,10.89850000000,0.1020000000,10.90000000,,,82.95000000,12.71300000,-12.71300000,"Msini",0.352000,193.0925,1.220000,6255.73,"Radial Velocity"
"Kepler-611","Kepler-611 b",1,2.43703330200,0.0351000000,1.65000000,0.51000000,-0.15000000,3.36000000,,,"M-R relationship",4.110000,1825.3010,1.010000,5761.00,"Transit"
"Kepler-1635","Kepler-1635 b",1,469.63111000000,1.1266400000,3.64000000,0.33000000,-0.67000000,12.90000000,,,"M-R relationship",1.470000,0.4000,0.890000,5347.00,"Transit"
"11 Com","11 Com b",1,323.21000000000,1.1780000000,12.20000000,,,4914.89848585,39.09289406,-39.72855088,"Msini",14.900000,68.5387,2.090000,4874.00,"Radial Velocity"
"HD 136352","HD 136352 b",3,11.57797000000,0.0964000000,1.66400000,0.04300000,-0.04300000,4.72000000,0.42000000,-0.42000000,"Mass",5.623888,111.6000,0.870000,5664.00,"Radial Velocity"
"Kepler-1388","Kepler-1388 e",4,37.63270840000,0.1861000000,2.46000000,0.14000000,-0.15000000,6.62000000,,,"M-R relationship",2.440000,3.9700,0.630000,4098.00,"Transit"
"CoRoT-6","CoRoT-6 b",1,8.88659300000,0.0855000000,13.06800000,0.39200000,-0.39200000,940.74000000,108.06000000,-108.06000000,"Mass",2.320000,145.1436,1.050000,6090.00,"Transit"
"TOI-1173","TOI-1173 b",1,7.06466000000,0.0696000000,9.19000000,0.18000000,-0.18000000,27.40000000,1.70000000,-1.70000000,"Mass",0.195000,132.0000,0.911000,5350.00,"Transit"
"WASP-127","WASP-127 b",1,4.17806203000,0.0484000000,14.69499900,0.28022500,-0.32506100,52.34660100,6.80156200,-5.46667600,"Mass",0.097000,703.9710,0.950000,5620.00,"Transit"
"Kepler-1162","Kepler-1162 c",2,59.28406400000,0.2832000000,1.81000000,0.13000000,-0.11000000,3.93000000,,,"M-R relationship",3.640000,6.1400,0.861000,5225.00,"Transit"
"HD 134606","HD 134606 f",5,26.91500000000,0.1784000000,2.24000000,,,5.63000000,0.72000000,-0.69000000,"Msini",2.750000,36.4790,1.046000,5576.00,"Radial Velocity"
"Kepler-1991","Kepler-1991 c",2,22.79020351000,0.1528000000,2.57000000,0.36000000,-0.36000000,7.13000000,,,"M-R relationship",2.310000,38.2700,0.914000,5478.00,"Transit"
"HD 40307","HD 40307 b",5,4.31230000000,0.0468000000,,,,1188.99607059,,,"Mass",,104.8355,0.770000,4956.00,"Radial Velocity"
"Kepler-316","Kepler-316 b",2,2.24050800000,0.0270000000,1.06000000,0.11000000,-0.11000000,1.20000000,,,"M-R relationship",5.540000,164.7760,0.587000,4204.00,"Transit"
"Kepler-1560","Kepler-1560 b",1,3.03195744000,0.0417500000,0.89000000,0.18000000,-0.09000000,0.64000000,,,"M-R relationship",4.990000,593.9190,1.020000,5815.00,"Transit"
"Kepler-1440","Kepler-1440 b",1,39.85948400000,0.2343100000,1.26000000,0.23000000,-0.14000000,2.13000000,,,"M-R relationship",5.850000,44.7280,0.980000,5698.00,"Transit"
"Kepler-220","Kepler-220 d",4,28.12239700000,0.1630000000,0.98000000,0.06000000,-0.06000000,0.90400000,,,"M-R relationship",5.280000,8.2080,0.729000,4632.00,"Transit"
"HD 191939","HD 191939 b",6,8.88032560000,0.0804000000,3.41000000,0.07500000,-0.07500000,10.00000000,0.70000000,-0.70000000,"Mass",1.400000,100.0000,0.810000,5348.00,"Transit"
"Kepler-1068","Kepler-1068 b",1,16.92344113000,0.1303800000,3.63000000,0.89000000,-0.37000000,12.80000000,,,"M-R relationship",1.470000,55.9330,1.010000,5806.00,"Transit"
"TOI-1273","TOI-1273 b",1,4.63129600000,0.0549000000,11.09689089,2.46597575,-2.46597575,70.55790635,4.76742611,-4.76742611,"Mass",0.280000,225.0130,1.060000,5690.00,"Transit"
"Kepler-1317","Kepler-1317 b",1,0.56887442700,0.0128000000,1.56000000,0.09000000,-0.08000000,3.05000000,,,"M-R relationship",4.410000,2413.2610,0.830000,5144.00,"Transit"
"HAT-P-56","HAT-P-56 b",1,2.79083000000,0.0423000000,16.92559000,1.23299000,-1.23299000,734.18730000,139.84520000,-139.84520000,"Mass",0.750000,3515.0000,1.420000,6566.00,"Transit"
"Kepler-462","Kepler-462 b",2,84.68660000000,0.4172000000,3.00000000,0.20000000,-0.10000000,53.90000000,104.60000000,-23.80000000,"Mass",9.300000,31.2690,1.590000,7500.00,"Transit"
"TOI-1107","TOI-1107 b",1,4.07823870000,0.0561000000,14.57167491,0.56044903,-0.56044903,1064.72516345,57.20911326,-57.20911326,"Mass",1.890000,532.0000,1.350000,6311.00,"Transit"
"Kepler-1728","Kepler-1728 b",1,4.78299999200,0.0535000000,2.95501875,,,9.04000000,,,"M-R relationship",1.930000,145.4800,0.891000,5170.00,"Transit"
"Kepler-32","Kepler-32 c",5,8.75220000000,0.0900000000,2.00000000,0.20000000,-0.20000000,158.90000000,,,"Mass",0.330000,10.6800,0.580000,3900.00,"Transit"
"HD 8574","HD 8574 b",1,227.00000000000,0.7600000000,13.40000000,,,645.19490000,44.49620000,-44.49620000,"Msini",1.470000,4.1197,1.340000,6064.00,"Radial Velocity"
"Kepler-62","Kepler-62 e",5,122.38740000000,0.4270000000,1.61000000,0.05000000,-0.05000000,36.00000000,,,"Mass",,1.3520,0.690000,4925.00,"Transit"
"TOI-6002","TOI-6002 b",1,10.90482100000,0.0572200000,1.65000000,0.22000000,-0.19000000,3.36000000,,,"M-R relationship",4.110000,1.6823,0.210100,3229.00,"Transit"
"51 Eri","51 Eri b",1,9100.00000000000,10.4000000000,,,,3464.32963630,,,"Mass",,0.0529,1.750000,7422.00,"Imaging"
"Kepler-1370","Kepler-1370 c",2,7.44142113000,0.0808400000,1.27000000,0.56000000,-0.18000000,2.15000000,,,"M-R relationship",5.770000,503.7220,1.190000,6202.00,"Transit"
"KELT-2 A","KELT-2 A b",1,4.11379000000,0.0549700000,15.13215000,0.89672000,-0.89672000,540.31100000,69.92260000,-69.92260000,"Mass",0.910000,3108.4500,1.540000,6327.00,"Transit"
"HATS-71","HATS-71 b",1,3.79552020000,0.0374500000,11.47801600,0.20176200,-0.20176200,117.59710000,76.27920000,-76.27920000,"Mass",0.420000,18.0832,0.486100,3405.00,"Transit"
"HATS-47","HATS-47 b",1,3.92280380000,0.0426900000,12.52045300,0.15692600,-0.15692600,117.27927000,9.85273000,-6.67443000,"Mass",0.331000,87.7300,0.674000,4512.00,"Transit"
"Kepler-1619","Kepler-1619 b",1,23.62259130000,0.1541300000,0.76000000,0.15000000,-0.08000000,0.36300000,,,"M-R relationship",4.540000,74.6350,1.000000,5852.00,"Transit"
"Kepler-591","Kepler-591 b",1,81.16942990000,0.3554000000,3.39000000,0.55000000,-0.25000000,11.40000000,,,"M-R relationship",1.610000,5.6150,0.970000,5677.00,"Transit"
"K2-372","K2-372 b",1,9.84407700000,,2.94500000,0.07700000,-0.07500000,8.98000000,,,"M-R relationship",1.930000,,0.847000,5479.00,"Transit"
"Kepler-145","Kepler-145 b",2,22.95100000000,0.1730800000,2.65000000,0.08000000,-0.08000000,37.10000000,11.60000000,-11.60000000,"Mass",13.000000,154.7050,1.320000,6022.00,"Transit"
"PH1","PH1 b",1,138.31700000000,0.6520000000,6.18000000,0.17000000,-0.17000000,169.00000000,,,"Mass",,10.7524,1.528000,6407.00,"Transit"
"K2-72","K2-72 c",4,15.18903400000,0.0780000000,1.16000000,0.13000000,-0.13000000,1.65000000,,,"M-R relationship",5.810000,2.2000,0.271365,3360.47,"Transit"
"KELT-6","KELT-6 b",2,7.84570000000,0.0793900000,14.57170000,1.00881000,-1.00881000,165.27160000,38.13960000,-38.13960000,"Mass",0.270000,718.1880,1.420000,6102.00,"Transit"
"BD-13 2130","BD-13 2130 b",1,714.29999000000,1.6600000000,12.50000000,,,3108.37740000,1449.30480000,-1449.30480000,"Msini",8.750000,40.0372,2.120000,4545.00,"Radial Velocity"
"Kepler-1746","Kepler-1746 b",1,321.21200560000,0.9408200000,8.93504475,,,59.10000000,,,"M-R relationship",0.455000,3.4000,1.090000,6018.00,"Transit"
"Kepler-269","Kepler-269 c",2,8.12789900000,0.0810000000,1.69000000,0.80000000,-0.80000000,3.50000000,,,"M-R relationship",3.980000,342.6000,0.920000,5847.00,"Transit"
"Kepler-206","Kepler-206 d",3,23.44281000000,0.1630000000,1.19000000,0.24000000,-0.24000000,1.81000000,,,"M-R relationship",5.900000,44.1700,0.957000,5764.00,"Transit"
"HD 89307","HD 89307 b",1,2166.00000000000,3.2700000000,13.40000000,,,642.01338214,85.81366989,-47.67426105,"Mass",1.470000,0.1265,1.270000,5955.00,"Radial Velocity"
"HD 14787","HD 14787 b",1,676.60000000000,1.7000000000,13.70000000,,,356.28743000,21.93027000,-21.93027000,"Msini",0.761000,4.5099,1.430000,4946.00,"Radial Velocity"
"TOI-2524","TOI-2524 b",1,7.18585000000,0.0730000000,11.20898070,0.22417961,-0.33626942,203.41018048,12.71313628,-12.71313628,"Mass",0.790000,210.6090,1.007000,5831.00,"Transit"
"Kepler-297","Kepler-297 d",3,150.01895110000,0.5230000000,32.60000000,3.60000000,-2.94000000,,,,"Msini",,2.6200,0.846000,5618.00,"Transit"
"HD 2638","HD 2638 b",1,3.44420000000,0.0400000000,14.30000000,,,133.48860000,9.53490000,-9.53490000,"Msini",0.251000,292.3345,0.770000,5186.00,"Radial Velocity"
"Kepler-995","Kepler-995 b",1,28.26731672000,0.1701000000,2.70000000,0.19000000,-0.17000000,7.75000000,,,"M-R relationship",2.160000,11.9200,0.830000,5206.00,"Transit"
"Kepler-236","Kepler-236 c",2,23.96812700000,0.1320000000,2.00000000,0.17000000,-0.17000000,4.66000000,,,"M-R relationship",3.200000,3.8020,0.596005,3750.00,"Transit"
"TOI-2328","TOI-2328 b",1,17.10197000000,0.1270000000,9.97599282,0.33626942,-0.44835923,50.85254512,6.35656814,-6.35656814,"Mass",0.290000,20.0982,0.950000,5525.00,"Transit"
"HIP 67537","HIP 67537 b",1,2523.64713000000,4.8070000000,12.30000000,,,4309.11754211,1608.84739623,-757.70292229,"Mass",12.700000,1.7903,2.316000,4985.00,"Radial Velocity"
"Kepler-305","Kepler-305 c",4,8.29100000000,0.0756800000,3.30000000,0.82000000,-0.33000000,6.00000000,2.40000000,-2.20000000,"Mass",0.917000,65.1000,0.760000,5080.00,"Transit"
"HD 77338","HD 77338 b",1,5.73610000000,0.0600000000,4.12000000,,,15.90000000,4.70000000,-5.30000000,"Mass",1.250000,152.7909,1.370000,5341.00,"Radial Velocity"
"KOI-3503","KOI-3503 c",2,31.82800000000,0.1868800000,1.21000000,0.28000000,-0.09000000,10.36000000,,,"Mass",10.000000,52.5000,0.858000,6001.00,"Transit"
"TOI-2152","TOI-2152 A b",1,3.37735120000,0.0506400000,14.35870428,0.56044903,-0.51561311,899.45439181,120.77479466,-117.59651059,"Mass",1.670000,2195.7879,1.516000,6630.00,"Transit"
"HD 83443","HD 83443 b",2,2.98562800000,0.0406000000,14.10000000,,,127.76701961,2.54262726,-2.54262726,"Msini",0.250000,477.4442,1.000000,5442.00,"Radial Velocity"
"HD 133131 A","HD 133131 A b",3,649.00000000000,1.4400000000,13.60000000,,,451.31860000,12.71320000,-12.71320000,"Msini",0.986000,0.4642,0.950000,5799.00,"Radial Velocity"
"HD 66428","HD 66428 c",2,10478.84437000000,9.4080000000,13.50000000,,,560.64930995,1081.88789743,-13.03096469,"Mass",1.250000,0.0141,1.010000,5716.00,"Radial Velocity"
"Kepler-607","Kepler-607 b",2,0.63816320400,0.0137000000,0.87000000,0.06000000,-0.07000000,0.59000000,,,"M-R relationship",4.920000,2302.6130,0.840000,5196.00,"Transit"
"Kepler-860","Kepler-860 b",1,5.10137945400,0.0580000000,3.24000000,0.81000000,-0.33000000,10.60000000,,,"M-R relationship",1.710000,233.6210,1.040000,5836.00,"Transit"
"HD 196067","HD 196067 b",2,3413.70000000000,4.7100000000,12.40000000,,,3623.24383980,508.52545120,-508.52545120,"Mass",10.400000,0.1596,1.160000,6072.00,"Radial Velocity"
"Kepler-1039","Kepler-1039 b",1,0.93488424200,0.0171400000,1.46000000,0.09000000,-0.22000000,2.73000000,,,"M-R relationship",4.820000,668.1280,0.790000,4870.00,"Transit"
"Kepler-228","Kepler-228 c",3,4.13444400000,0.0520000000,2.70000000,1.24000000,-1.24000000,7.75000000,,,"M-R relationship",2.160000,457.3180,1.006000,6043.00,"Transit"
"TIC 178172313","TIC 178172313 b",1,4.37318161360,,2.80405322,0.87657907,-0.42159846,8.27000000,,,"M-R relationship",2.060000,,0.910000,5405.59,"Transit"
"Kepler-378","Kepler-378 b",2,16.09236100000,0.1120000000,0.75000000,0.15000000,-0.15000000,0.34700000,,,"M-R relationship",4.520000,17.8190,0.780000,4661.00,"Transit"
"HD 4208","HD 4208 b",1,832.97000000000,1.6620000000,13.90000000,,,257.44230000,4.44962000,-4.76745000,"Msini",0.527000,0.2878,0.883000,5717.00,"Radial Velocity"
"HD 148156","HD 148156 b",1,1027.00000000000,2.4500000000,13.90000000,,,270.14400000,212.93700000,-15.89080000,"Msini",0.553000,0.2965,1.220000,6308.00,"Radial Velocity"
"HD 168746","HD 168746 b",1,6.40400000000,0.0700000000,11.10000000,,,85.81410000,6.35660000,-6.35660000,"Msini",0.345000,224.4898,1.070000,5570.00,"Radial Velocity"
"HD 20781","HD 20781 c",5,13.89050000000,0.1004000000,2.17000000,,,5.33000000,0.70000000,-0.67000000,"Msini",2.870000,48.6103,0.700000,5256.00,"Radial Velocity"
"Kepler-1779","Kepler-1779 b",1,16.34359932000,0.1264000000,3.03295685,,,9.44000000,,,"M-R relationship",1.860000,67.3400,1.008000,5730.00,"Transit"
"K2-32","K2-32 d",4,31.71701000000,0.1842200000,3.48400000,0.11200000,-0.12900000,6.70000000,2.50000000,-2.50000000,"Mass",0.870000,14.8000,0.830000,5271.00,"Transit"
"HD 100508","HD 100508 b",1,5681.00000000000,6.1100000000,13.70000000,,,381.39408840,95.34852210,-57.20911326,"Mass",0.815000,0.0216,0.940000,5419.00,"Radial Velocity"
"HD 184010","HD 184010 b",3,286.60000000000,0.9400000000,12.10000000,,,98.52680617,9.53485221,-12.71313628,"Msini",0.306000,14.8144,1.350000,4971.00,"Radial Velocity"
"Kepler-1220","Kepler-1220 b",1,7.42693741000,0.0734000000,1.52000000,0.33000000,-0.19000000,2.92000000,,,"M-R relationship",4.570000,177.8420,1.000000,5842.00,"Transit"
"Kepler-1119","Kepler-1119 b",1,8.32651530000,0.0812000000,1.92000000,0.63000000,-0.30000000,4.35000000,,,"M-R relationship",3.380000,182.6900,1.110000,6083.00,"Transit"
"Kepler-146","Kepler-146 b",2,31.15879900000,0.2000000000,3.71000000,0.70000000,-0.70000000,13.30000000,,,"M-R relationship",1.430000,32.8900,1.079000,5948.00,"Transit"
"HD 82943","HD 82943 b",2,441.47000000000,1.1830600000,13.50000000,,,534.25000000,8.89900000,-8.89900000,"Mass",1.190000,1.1170,1.080000,5935.00,"Radial Velocity"
"TOI-2084","TOI-2084 b",1,6.07842470000,0.0500600000,2.47000000,0.13000000,-0.13000000,6.66000000,,,"M-R relationship",2.430000,12.8000,0.453000,3551.00,"Transit"
"HD 109749","HD 109749 b",1,5.23989100000,0.0615000000,11.10000000,,,85.81410000,14.30235000,-14.30235000,"Msini",0.345000,409.4961,1.130000,5824.00,"Radial Velocity"
"HD 4760","HD 4760 b",1,434.00000000000,1.1400000000,12.30000000,,,4417.83700000,762.79200000,-762.79200000,"Msini",13.000000,654.9231,1.050000,4076.00,"Radial Velocity"
"TOI-2093","TOI-2093 c",2,53.81149000000,0.2570000000,2.30000000,0.12000000,-0.12000000,15.80000000,3.60000000,-3.80000000,"Mass",7.000000,3.0647,0.745000,4426.00,"Transit"
"HAT-P-7","HAT-P-7 b",1,2.20474000000,0.0380900000,16.92559000,2.35389000,-2.35389000,584.80720000,168.44990000,-168.44990000,"Mass",0.712000,4353.4080,1.560000,6389.00,"Transit"
"TOI-2015","TOI-2015 c",2,5.58279600000,0.0412320000,2.93000000,,,8.91000000,0.38000000,-0.40000000,"Mass",1.950000,6.6800,0.304100,3297.00,"Transit Timing Variations"
"HD 10180","HD 10180 g",6,604.67000000000,1.4270000000,,,,3375.33768234,,,"Mass",,0.7317,1.060000,5911.00,"Radial Velocity"
"HIP 113103","HIP 113103 c",2,14.24564800000,0.1047900000,2.40000000,0.10000000,-0.08000000,6.35000000,,,"M-R relationship",2.520000,180.4870,0.761000,4930.00,"Transit"
"Kepler-1254","Kepler-1254 b",3,9.99113313000,0.0833000000,1.55000000,0.09000000,-0.12000000,3.02000000,,,"M-R relationship",4.460000,33.9780,0.780000,4985.00,"Transit"
"TOI-5788","TOI-5788 c",2,16.21336200000,0.1197000000,2.27200000,0.03900000,-0.03900000,6.40000000,1.20000000,-1.20000000,"Mass",3.032489,49.8000,0.870000,5615.00,"Transit"
"Kepler-30","Kepler-30 b",3,29.33434000000,0.1800000000,3.90000000,0.20000000,-0.20000000,11.30000000,1.40000000,-1.40000000,"Mass",1.020000,16.3790,0.990000,5498.00,"Transit"
"Kepler-909","Kepler-909 b",1,13.93290318000,0.1187300000,1.47000000,0.16000000,-0.11000000,2.76000000,,,"M-R relationship",4.770000,127.2400,1.170000,6154.00,"Transit"
"Kepler-1488","Kepler-1488 b",2,39.81899320000,0.2415300000,1.86000000,0.42000000,-0.37000000,4.12000000,,,"M-R relationship",3.520000,73.3350,1.050000,5820.00,"Transit"
"Kepler-557","Kepler-557 b",1,3.70598955100,0.0469000000,2.67000000,0.80000000,-0.38000000,7.61000000,,,"M-R relationship",2.200000,2885.6630,1.110000,6068.00,"Transit"
"K2-342","K2-342 b",1,11.56105200000,,2.03000000,0.13000000,-0.09000000,4.78000000,,,"M-R relationship",3.140000,,1.010000,5920.00,"Transit"
"K2-195","K2-195 b",2,15.85297500000,0.1208000000,3.13000000,0.12000000,-0.12000000,9.96000000,,,"M-R relationship",1.780000,66.6667,0.940000,5713.00,"Transit"
"Kepler-842","Kepler-842 b",1,1.21956827000,0.0204000000,1.60000000,0.08000000,-0.09000000,3.19000000,,,"M-R relationship",4.280000,588.9500,0.780000,4848.00,"Transit"
"TOI-5292 A","TOI-5292 A b",1,2.02191000000,0.0279000000,12.64373023,0.43715025,-0.41473229,412.85910069,25.74410097,-23.51930212,"Mass",1.120000,102.0000,0.596000,3919.00,"Transit"
"Kepler-81","Kepler-81 c",3,12.04000000000,0.0834700000,2.37000000,0.37000000,-0.37000000,4.30000000,2.70000000,-1.80000000,"Mass",1.770000,15.6200,0.640000,4385.00,"Transit"
"Kepler-196","Kepler-196 b",3,20.73988600000,0.1380000000,1.90000000,0.15000000,-0.15000000,4.27000000,,,"M-R relationship",3.420000,20.7350,0.839000,5128.00,"Transit"
"Kepler-179","Kepler-179 b",2,2.73592600000,0.0360000000,1.64000000,0.68000000,-0.68000000,3.33000000,,,"M-R relationship",4.150000,360.2620,0.893000,5302.00,"Transit"
"TIC 365102760","TIC 365102760 b",1,4.21285367000,0.0622000000,6.21000000,0.76000000,-0.76000000,19.20000000,4.20000000,-4.20000000,"Mass",0.437000,1316.4951,1.170000,4900.00,"Transit"
"K2-146","K2-146 b",2,2.64460000000,0.0248000000,2.05000000,0.06000000,-0.06000000,5.77000000,0.18000000,-0.18000000,"Mass",3.690000,20.7000,0.331000,3385.00,"Transit"
"WASP-158","WASP-158 b",1,3.65633300000,0.0517000000,11.99363000,1.68135000,-1.68135000,886.74570000,73.10090000,-73.10090000,"Mass",3.100000,903.0130,1.380000,6350.00,"Transit"
"KIC 3526061","KIC 3526061 b",1,3552.00000000000,5.1400000000,12.10000000,,,5768.58558705,139.84449908,-139.84449908,"Msini",17.900000,0.6208,1.420000,4829.00,"Radial Velocity"
"Kepler-711","Kepler-711 b",1,23.58914398000,0.1429000000,3.41000000,0.34000000,-0.63000000,11.50000000,,,"M-R relationship",1.590000,15.5690,0.840000,5222.00,"Transit"
"TOI-1347","TOI-1347 b",2,0.84742346000,0.0171000000,1.80000000,0.10000000,-0.10000000,11.10000000,1.20000000,-1.20000000,"Mass",9.900000,1876.1315,0.913000,5464.00,"Transit"
"Kepler-738","Kepler-738 b",1,24.58721573000,0.1552000000,2.50000000,0.20000000,-0.17000000,6.80000000,,,"M-R relationship",2.390000,27.6440,0.860000,5327.00,"Transit"
"Kepler-131","Kepler-131 b",2,16.09200000000,0.1278900000,2.41000000,0.20000000,-0.20000000,16.13000000,3.50000000,-3.50000000,"Mass",6.000000,66.1220,1.020000,5685.00,"Transit"
"TOI-469","HIP 29442 d",3,6.42957500000,0.0673000000,1.53800000,0.04900000,-0.04900000,5.14000000,0.41000000,-0.41000000,"Mass",11.000000,203.0000,0.901000,5289.00,"Radial Velocity"
"Kepler-1941","Kepler-1941 b",1,31.33510017000,0.2054000000,2.64976949,,,7.51000000,,,"M-R relationship",2.220000,46.5300,1.175000,6404.00,"Transit"
"Kepler-1850","Kepler-1850 b",1,1.38580000400,0.0206000000,0.72909663,,,0.31300000,,,"M-R relationship",4.440000,245.1500,0.611000,4239.00,"Transit"
"K2-28","K2-28 b",1,2.26045500000,0.0214000000,2.32000000,0.24000000,-0.24000000,5.99000000,,,"M-R relationship",2.640000,30.1000,0.257000,3214.00,"Transit"
"HD 34445","HD 34445 b",6,1049.00000000000,2.0700000000,13.90000000,,,260.62060000,28.60470000,-28.60470000,"Msini",0.533000,0.4691,1.140000,5879.00,"Radial Velocity"
"TOI-2796","TOI-2796 b",1,4.80849830000,0.0569000000,17.26183028,,,139.84449908,31.78284070,-34.96112477,"Mass",0.150000,352.0000,1.063000,5764.00,"Transit"
"TOI-6054","TOI-6054.02",2,12.56363600000,0.1079000000,2.82000000,0.17000000,-0.16000000,9.30000000,1.90000000,-1.90000000,"Mass",2.250000,285.0000,1.107000,6047.00,"Transit"
"TOI-2184","TOI-2184 b",1,6.90683000000,,11.39953337,0.57165802,-0.57165802,206.58846455,50.85254512,-50.85254512,"Mass",0.760000,1429.0000,1.530000,5966.00,"Transit"
"WASP-26","WASP-26 b",1,2.75660000000,0.0400000000,13.56289000,1.68135000,-1.68135000,270.15550000,73.10090000,-73.10090000,"Mass",0.703000,1225.5264,0.860000,6034.00,"Transit"
"Kepler-92","Kepler-92 d",3,49.35680000000,0.2868200000,2.06700000,0.05600000,-0.05600000,11.86668060,11.28149826,-11.28149826,"Msini",7.457871,46.8440,1.070000,5904.34,"Transit"
"TOI-2005","TOI-2005 b",1,17.30590400000,0.1600000000,11.99360935,0.67253884,-1.23298788,2034.10180480,,,"Mass",,525.9409,1.590000,7130.00,"Transit"
"K2-199","K2-199 c",2,7.37448970000,0.0662000000,2.85000000,0.10000000,-0.09000000,12.40000000,2.30000000,-2.30000000,"Mass",2.900000,38.6000,0.711000,4491.00,"Transit"
"HD 215152","HD 215152 e",4,25.19670000000,0.1541700000,,,,975.41538108,,,"Mass",,12.6318,0.770000,4935.00,"Radial Velocity"
"Kepler-341","Kepler-341 b",4,5.19552800000,0.0600000000,1.18000000,0.62000000,-0.62000000,1.76000000,,,"M-R relationship",5.890000,422.0970,0.976000,6012.00,"Transit"
"Kepler-197","Kepler-197 e",4,25.20971500000,0.1640000000,0.91000000,0.04000000,-0.04000000,0.69300000,,,"M-R relationship",5.050000,57.9410,0.857000,6004.00,"Transit"
"TOI-1260","TOI-1260 d",3,16.60816400000,0.1116000000,3.12000000,0.08000000,-0.08000000,11.84000000,7.79000000,-7.79000000,"Mass",2.140000,10.3200,0.679000,4227.00,"Transit"
"K2-402","K2-402 b",1,17.27474000000,,2.67800000,0.21300000,-0.19500000,7.65000000,,,"M-R relationship",2.190000,,0.944000,5716.00,"Transit"
"Kepler-194","Kepler-194 d",3,52.81497300000,0.2750000000,2.40000000,1.26000000,-1.26000000,6.35000000,,,"M-R relationship",2.520000,12.8630,0.940000,6089.00,"Transit"
"K2-160","K2-160 b",1,3.70587100000,,3.17824034,0.21418014,-0.14547330,10.20000000,,,"M-R relationship",1.750000,,0.982829,5649.00,"Transit"
"K2-239","K2-239 c",3,7.77500000000,0.0576000000,1.00000000,0.10000000,-0.10000000,0.97200000,,,"M-R relationship",5.340000,4.8225,0.400000,3420.00,"Transit"
"KIC 9663113","KIC 9663113 b",2,572.38470000000,1.5534600000,4.60000000,0.60000000,-0.70000000,19.20000000,,,"M-R relationship",1.080000,3.3560,0.980000,6065.00,"Transit"
"HAT-P-58","HAT-P-58 b",1,4.01383790000,0.0499400000,14.93036229,0.48198617,-0.48198617,118.23216740,9.53485221,-9.53485221,"Mass",0.194000,1146.0000,1.031000,6078.00,"Transit"
"Kepler-1879","Kepler-1879 b",1,10.61340046000,0.0957000000,2.06512018,,,4.92000000,,,"M-R relationship",3.070000,242.6000,1.023000,5865.00,"Transit"
"WASP-58","WASP-58 b",1,5.01718000000,0.0562000000,16.02887000,1.56926000,-1.56926000,308.29510000,88.99240000,-88.99240000,"Mass",0.450000,404.7112,1.060000,5800.00,"Transit"
"Kepler-723","Kepler-723 b",1,4.08227506800,0.0479000000,12.19000000,1.58000000,-0.79000000,,,,"Msini",,251.4800,0.920000,5539.00,"Transit"
"HD 88986","HD 88986 b",1,146.05000000000,0.5800000000,2.49000000,0.18000000,-0.18000000,17.20000000,4.00000000,-3.80000000,"Mass",6.100000,7.3543,1.250000,5861.00,"Radial Velocity"
"Kepler-1694","Kepler-1694 b",1,3.89526000000,0.0449000000,1.17986031,,,1.76000000,,,"M-R relationship",5.890000,197.6600,0.820000,4954.00,"Transit"
"Kepler-20","Kepler-20 c",6,10.85407740000,0.0936000000,2.89400000,0.03600000,-0.03300000,11.10000000,2.10000000,-2.10000000,"Mass",2.510000,78.7000,0.929000,5495.00,"Transit"
"Kepler-114","Kepler-114 c",3,8.04100000000,0.0648200000,1.60000000,0.18000000,-0.18000000,2.80000000,0.60000000,-0.60000000,"Mass",1.180000,51.6230,0.560000,4660.00,"Transit"
"K2-79","K2-79 b",1,10.99503900000,0.0987000000,4.15000000,0.19000000,-0.18000000,5.90000000,2.60000000,-2.60000000,"Mass",0.476928,180.0000,1.060000,5897.00,"Transit"
"GJ 1061","GJ 1061 b",3,3.20730000000,0.0210000000,1.04000000,,,1.11000000,0.11000000,-0.09000000,"Mass",5.420000,3.8000,0.120000,2953.00,"Radial Velocity"
"HD 18143","HD 18143 c",2,28982.41764000000,17.5300000000,12.50000000,,,3177.64841319,623.26150613,-594.65694950,"Mass",8.940000,0.0016,0.850000,5078.00,"Radial Velocity"
"Kepler-392","Kepler-392 b",2,5.34185300000,0.0590000000,1.00000000,0.21000000,-0.21000000,0.97200000,,,"M-R relationship",5.340000,450.6540,0.874000,5938.00,"Transit"
"HD 213519","HD 213519 b",1,11.12214000000,0.0990000000,2.99000000,,,9.21702380,2.86045566,-1.27131363,"Msini",1.890000,125.3797,1.050000,5840.00,"Radial Velocity"
"24 Boo","24 Boo b",1,30.33000000000,0.1940000000,13.90000000,,,280.64248338,11.44182265,-13.66662150,"Msini",0.574000,2001.2754,1.050000,4816.00,"Radial Velocity"
"TOI-4930","TOI-4930 b",1,6.78130241498,,6.93277225,0.56664636,-0.53497392,38.40000000,,,"M-R relationship",0.633000,310.0790,1.040000,5624.72,"Transit"
"Kepler-411","Kepler-411 b",4,3.00515600000,0.0375000000,2.40100000,0.05300000,-0.05300000,25.60000000,2.60000000,-2.60000000,"Mass",10.300000,201.3000,0.870000,4974.00,"Transit"
"TOI-954","TOI-954 b",1,3.68497290000,0.0496300000,9.55006800,0.59407700,-0.69495800,55.30242000,5.72094000,-5.40311000,"Mass",0.350000,1393.0000,1.201000,5710.00,"Transit"
"Kepler-347","Kepler-347 b",3,12.79836000000,0.1100000000,1.97000000,0.94000000,-0.94000000,4.54000000,,,"M-R relationship",3.260000,180.5490,0.922000,6088.00,"Transit"
"TOI-4559","TOI-4559 b",1,3.96599100000,0.0359000000,1.41500000,0.12600000,-0.11200000,2.59000000,,,"M-R relationship",5.020000,15.7700,0.392000,3558.00,"Transit"
"TOI-5319","TOI-5319 b",1,4.07853000000,0.0506000000,2.83000000,0.57000000,-0.59000000,8.40000000,,,"M-R relationship",2.040000,38.7885,0.500000,3580.00,"Transit"
"Kepler-1721","Kepler-1721 b",1,4.59238004700,0.0519000000,3.11856756,,,9.90000000,,,"M-R relationship",1.790000,172.6000,0.890000,5351.00,"Transit"
"KOI-4978","KOI-4978 b",1,0.94196700000,,0.70000000,0.10000000,-0.10000000,0.27100000,,,"M-R relationship",4.340000,,0.859000,5050.28,"Transit"
"HD 224538","HD 224538 b",1,1202.05199000000,2.3750000000,12.70000000,,,2075.73732612,583.53295525,-110.92211404,"Mass",5.570000,0.5230,1.230000,6097.00,"Radial Velocity"
"Kepler-819","Kepler-819 b",1,33.19956480000,0.1894000000,2.76000000,0.25000000,-0.17000000,8.05000000,,,"M-R relationship",2.100000,9.9130,0.860000,5279.00,"Transit"
"HAT-P-20","HAT-P-20 b",1,2.87531700000,0.0361000000,9.71800000,0.37000000,-0.37000000,2302.89900000,59.43200000,-59.43200000,"Mass",13.780000,85.1168,0.756000,4595.00,"Transit"
"Kepler-749","Kepler-749 b",1,17.31716585000,0.1054000000,3.10000000,0.23000000,-0.26000000,9.80000000,,,"M-R relationship",1.810000,24.6310,0.790000,5009.00,"Transit"
"Kepler-1446","Kepler-1446 b",1,0.68996783200,0.0140500000,0.82000000,0.04000000,-0.02000000,0.47700000,,,"M-R relationship",4.750000,1213.3330,0.810000,4865.00,"Transit"
"HATS-66","HATS-66 b",1,3.14143910000,0.0471400000,15.81589900,0.94155600,-0.94155600,1694.03390000,216.12440000,-216.12440000,"Mass",2.340000,2637.0000,1.411000,6626.00,"Transit"
"GJ 238","GJ 238 b",1,1.74469990000,0.0212300000,0.56600000,0.01400000,-0.01400000,0.12600000,,,"M-R relationship",3.820000,229.4579,0.419300,3485.00,"Transit"
"HIP 4845","HIP 4845 b",1,34.15000000000,0.1760000000,3.89000000,,,14.40000000,3.00000000,-3.00000000,"Msini",1.340000,2.9859,0.620000,4010.00,"Radial Velocity"
"HATS-53","HATS-53 b",1,3.85377680000,0.0475300000,15.02006000,0.62770400,-0.62770400,189.10885000,28.28687000,-28.28687000,"Mass",0.303000,471.6100,0.964000,5644.00,"Transit"
"HAT-P-22","HAT-P-22 b",1,3.21222000000,0.0414000000,12.89035000,2.12971000,-2.12971000,785.04010000,101.70560000,-101.70560000,"Mass",2.140000,325.5690,1.130000,5302.00,"Transit"
"K2-381","K2-381 c",3,16.03465600000,,2.00000000,0.18400000,-0.14800000,4.66000000,,,"M-R relationship",3.200000,,0.754000,4473.00,"Transit"
"TOI-700","TOI-700 d",4,37.42396000000,0.1633000000,1.07300000,0.05900000,-0.05400000,1.25000000,,,"M-R relationship",5.560000,0.8500,0.415000,3459.00,"Transit"
"Qatar-5","Qatar-5 b",1,2.87923190000,0.0412700000,12.40836300,0.71737600,-0.71737600,1373.02560000,57.20940000,-57.20940000,"Mass",3.950000,669.0000,1.128000,5747.00,"Transit"
"Kepler-1354","Kepler-1354 b",1,76.61337700000,0.3521000000,2.97000000,1.22000000,-0.50000000,9.11000000,,,"M-R relationship",1.910000,18.8600,1.160000,6168.00,"Transit"
"TOI-5422","TOI-5422 b",1,5.37721900000,0.0619000000,9.10169233,0.34747840,-0.28022452,8899.19539600,508.52545120,-381.39408840,"Mass",65.800000,580.0000,1.066000,5820.00,"Transit"
"Kepler-607","Kepler-607 c",2,39.67679977000,0.2150700000,2.76001201,,,8.05000000,,,"M-R relationship",2.100000,8.8000,0.808000,5244.00,"Transit"
"GJ 9689","GJ 9689 b",1,18.27000000000,0.1139000000,3.07000000,,,9.65000000,1.41000000,-1.41000000,"Msini",1.830000,4.8635,0.590000,3836.00,"Radial Velocity"
"Kepler-1715","Kepler-1715 b",1,35.59730148000,0.2242900000,4.14042267,,,16.00000000,,,"M-R relationship",1.240000,53.0000,1.082000,6212.00,"Transit"
"K2-16","K2-16 b",3,7.61880000000,0.0667000000,2.02000000,0.24000000,-0.24000000,4.74000000,,,"M-R relationship",3.160000,44.5000,0.680000,4742.00,"Transit"
"WASP-161","WASP-161 b",1,5.40604250000,0.0673000000,12.81188700,0.72858500,-0.65012200,791.39670000,66.74430000,-66.74430000,"Mass",2.200000,990.0000,1.390000,6400.00,"Transit"
"Kepler-259","Kepler-259 b",2,8.11531700000,0.0790000000,2.80000000,1.37000000,-1.37000000,8.25000000,,,"M-R relationship",2.070000,113.4510,0.867000,5938.00,"Transit"
"Kepler-823","Kepler-823 b",1,4.16809082000,0.0507000000,1.57000000,0.31000000,-0.14000000,3.09000000,,,"M-R relationship",4.390000,803.3530,0.980000,5643.00,"Transit"
"Kepler-1727","Kepler-1727 b",1,9.02929973600,0.0796000000,3.17321625,,,10.20000000,,,"M-R relationship",1.750000,77.7500,0.824000,5349.00,"Transit"
"HD 79181","HD 79181 b",1,273.10000000000,0.9000000000,14.10000000,,,203.41018048,19.06970442,-50.85254512,"Msini",0.399000,76.0617,1.280000,4862.00,"Radial Velocity"
"Kepler-197","Kepler-197 d",4,15.67756300000,0.1190000000,1.22000000,0.10000000,-0.10000000,1.98000000,,,"M-R relationship",5.990000,109.0910,0.857000,6004.00,"Transit"
"GJ 3323","GJ 3323 c",2,40.54000000000,0.1264000000,1.32000000,,,2.31000000,0.50000000,-0.49000000,"Msini",5.520000,0.1700,0.164000,3159.00,"Radial Velocity"
"Kepler-1092","Kepler-1092 b",1,58.60179250000,0.2996000000,2.07000000,0.37000000,-0.24000000,4.94000000,,,"M-R relationship",3.060000,17.0160,0.990000,5862.00,"Transit"
"Kepler-184","Kepler-184 d",3,29.02235800000,0.1790000000,2.49000000,1.41000000,-1.41000000,6.76000000,,,"M-R relationship",2.410000,18.5570,0.872000,5788.00,"Transit"
"K2-90","K2-90 c",2,2.90070600000,0.0350000000,1.30000000,0.13000000,-0.11000000,2.24000000,,,"M-R relationship",5.600000,80.8000,0.704613,4421.98,"Transit"
"Kepler-601","Kepler-601 b",1,5.37886844100,0.0549400000,1.90000000,0.27000000,-0.18000000,4.27000000,,,"M-R relationship",3.420000,110.6190,0.850000,5160.00,"Transit"
"Kepler-781","Kepler-781 b",1,13.21407320000,0.1019000000,2.89000000,0.49000000,-0.24000000,8.70000000,,,"M-R relationship",1.980000,44.3970,0.810000,5162.00,"Transit"
"Kepler-1150","Kepler-1150 b",1,2.78786838600,0.0382000000,1.02000000,0.06000000,-0.06000000,1.04000000,,,"M-R relationship",5.390000,153.7410,0.760000,4754.00,"Transit"
"Kepler-390","Kepler-390 c",2,13.06002200000,0.1010000000,0.79000000,0.08000000,-0.08000000,0.41800000,,,"M-R relationship",4.660000,41.3510,0.787000,5166.00,"Transit"
"Kepler-1513","Kepler-1513 c",2,841.40000000000,,11.00000000,,,84.54235626,31.14718389,-20.02318964,"Mass",0.349000,,0.943000,5491.00,"Transit Timing Variations"
"K2-62","K2-62 c",2,16.19697000000,0.1148000000,1.99000000,0.19000000,-0.07000000,4.62000000,,,"M-R relationship",3.220000,14.3000,0.670000,4455.00,"Transit"
"TOI-178","TOI-178 d",6,6.55756900000,0.0592000000,2.69500000,0.04100000,-0.04600000,5.20000000,0.39000000,-0.43000000,"Mass",1.461108,24.9125,0.647000,4316.00,"Transit"
"HD 189733","HD 189733 b",1,2.21857567000,0.0312600000,12.66617000,0.11209000,-0.11209000,359.14790000,25.42640000,-25.42640000,"Mass",0.943000,356.0000,0.790000,5052.00,"Radial Velocity"
"K2-72","K2-72 b",4,5.57721200000,0.0400000000,1.08000000,0.11000000,-0.11000000,1.28000000,,,"M-R relationship",5.580000,8.5000,0.271365,3360.47,"Transit"
"HD 155358","HD 155358 b",2,194.30000000000,0.6300000000,13.80000000,,,314.65170000,25.42640000,-25.42640000,"Msini",0.658000,5.0212,1.150000,5905.00,"Radial Velocity"
"TOI-2104","TOI-2104 b",1,5.90437045700,,1.52898127,0.13889258,-0.12285756,2.95000000,,,"M-R relationship",4.540000,85.3357,0.800000,4856.13,"Transit"
"DS Tuc A","DS Tuc A b",1,8.13826800000,,5.70000000,0.17000000,-0.17000000,413.17900000,,,"Mass",,115.8276,1.010000,5428.00,"Transit"
"Kepler-222","Kepler-222 d",3,28.08191200000,0.1800000000,3.69000000,1.63000000,-1.63000000,13.20000000,,,"M-R relationship",1.440000,15.0870,0.933000,5433.00,"Transit"
"TOI-2257","TOI-2257 b",1,35.18934600000,0.1450000000,2.19400000,0.11300000,-0.11100000,5.45000000,,,"M-R relationship",2.840000,0.6703,0.328000,3430.00,"Transit"
"K2-285","K2-285 d",4,10.45582000000,0.1178000000,2.48000000,0.06000000,-0.06000000,6.50000000,,,"Mass",,24.6100,0.830000,4975.00,"Transit"
"HD 175607","HD 175607 b",1,29.01000000000,,,,,2456.17792930,,,"Mass",,,0.710000,5392.00,"Radial Velocity"
"HD 140901","HD 140901 c",2,14386.00000000000,11.8000000000,13.40000000,,,572.09113260,158.91420350,-158.91420350,"Mass",1.310000,0.0057,1.060000,5610.00,"Radial Velocity"
"Kepler-104","Kepler-104 d",3,51.75539400000,0.2570000000,3.58000000,0.61000000,-0.61000000,5.54022107,4.62828103,-4.62828103,"Msini",1.668541,16.0120,0.818000,5711.00,"Transit"
"GJ 3293","GJ 3293 c",4,122.61960000000,0.3617500000,4.87000000,,,21.09000000,1.24000000,-1.26000000,"Msini",1.000000,0.1700,0.420000,3466.00,"Radial Velocity"
"Kepler-38","Kepler-38 b",1,105.59900000000,0.4632000000,4.30000000,0.11000000,-0.11000000,122.00000000,,,"Mass",,14.4568,0.941000,5623.00,"Transit"
"Kepler-1918","Kepler-1918 b",1,47.05640030000,0.2524000000,2.29763023,,,5.89000000,,,"M-R relationship",2.670000,14.4300,0.967000,5889.00,"Transit"
"Kepler-20","Kepler-20 e",6,6.09848820000,0.0637000000,0.82100000,0.02200000,-0.02200000,0.76000000,,,"Mass",7.500000,169.8000,0.929000,5495.00,"Transit"
"TOI-1438","TOI-1438 c",2,9.42808900000,0.0830000000,2.75000000,0.14000000,-0.14000000,10.60000000,2.10000000,-2.10000000,"Mass",2.900000,65.0000,0.876000,5230.00,"Transit"
"HIP 97233","HIP 97233 b",1,1062.26506000000,2.4910000000,12.10000000,,,6098.17364511,1157.84888670,-102.97640387,"Mass",18.900000,2.5778,1.810000,5020.00,"Radial Velocity"
"Kepler-247","Kepler-247 d",3,20.47791200000,0.1400000000,3.94000000,1.10000000,-1.10000000,14.70000000,,,"M-R relationship",1.320000,19.2100,0.887000,5100.00,"Transit"
"K2-114","K2-114 b",1,11.39093100000,0.0944000000,10.59248676,0.32506044,-0.31385146,638.83509807,38.13940884,-38.13940884,"Mass",2.960000,40.0000,0.863000,4899.00,"Transit"
"TOI-1518","TOI-1518 b",1,1.90261131000,0.0371200000,21.05046575,0.47077719,-0.47077719,581.62598481,149.37935129,-149.37935129,"Mass",0.343000,7010.0000,1.880000,7299.00,"Transit"
"Kepler-85","Kepler-85 d",4,17.91323000000,0.1300000000,1.20000000,0.19000000,-0.19000000,8.69679000,,,"Mass",4.400000,38.3900,0.947000,5436.00,"Transit"
"NGTS-25","NGTS-25 b",1,2.82309300000,0.0388000000,11.46678726,0.39231432,-0.58286700,203.09235207,18.43404761,-16.52707716,"Mass",0.740000,339.4356,0.910000,5321.00,"Transit"
"Kepler-813","Kepler-813 b",1,19.12947337000,0.1439000000,2.14000000,0.42000000,-0.19000000,5.22000000,,,"M-R relationship",2.930000,56.0400,0.950000,5743.00,"Transit"
"GJ 649","GJ 649 b",1,600.10000000000,1.1120000000,10.80000000,,,81.99972901,7.31005336,-6.99222495,"Msini",0.358000,0.0352,0.510000,3734.00,"Radial Velocity"
"K2-282","EPIC 220554210 c",2,0.70531000000,,1.60000000,0.10000000,-0.10000000,3.19000000,,,"M-R relationship",4.280000,,0.940000,5499.00,"Transit"
"NN Ser","NN Ser c",2,6987.00000000000,5.3500000000,12.60000000,,,2329.60000000,98.52000000,-98.52000000,"Mass",6.400000,,0.535000,57000.00,"Eclipse Timing Variations"
"MASCARA-1","MASCARA-1 b",1,2.14877381000,0.0403520000,17.90074218,0.20176165,-0.21297063,1175.97100000,286.04700000,-286.04700000,"Mass",1.500000,38711.5000,1.900000,7490.00,"Transit"
"TOI-277","TOI-277 b",1,3.99400000000,0.0269000000,2.65000000,0.18000000,-0.18000000,7.51000000,,,"M-R relationship",2.220000,28.2360,0.160000,4031.00,"Transit"
"TOI-2525","TOI-2525 c",2,49.25190000000,0.2490000000,10.13291855,0.11208981,-0.11208981,208.81326340,9.85268062,-10.17050902,"Mass",1.110000,6.0478,0.849000,5096.00,"Transit"
"Kepler-438","Kepler-438 b",1,35.23319000000,0.1660000000,1.12000000,0.16000000,-0.17000000,1.46000000,,,"M-R relationship",5.710000,1.4000,0.544000,3748.00,"Transit"
"ZTF J1828+2308","ZTF J1828+2308 b",1,0.11200670000,,11.13051784,0.21297063,-0.21297063,6356.56814000,317.82840700,-317.82840700,"Mass",25.300000,,0.610000,15900.00,"Transit"
"Kepler-693","Kepler-693 b",1,15.37563332000,0.1121000000,10.18000000,0.50000000,-0.77000000,73.80000000,,,"M-R relationship",0.384000,31.6410,0.760000,4881.00,"Transit"
"TOI-2025","TOI-2025 b",1,8.87209820000,0.0892000000,11.89272852,0.36989636,-0.34747840,1144.18226520,104.88337431,-104.88337431,"Mass",3.740000,343.7178,1.199000,5977.00,"Transit"
"TOI-1248","TOI-1248 b",1,4.36015610000,0.0510000000,6.80848590,0.11671600,-0.12027714,27.40000000,3.60000000,-3.50000000,"Mass",0.470000,202.0739,0.904200,5205.00,"Transit"
"TIC 139270665","TIC 139270665 c",2,1010.00000000000,2.0000000000,12.90000000,,,1554.18091023,209.76674862,-117.59651059,"Msini",3.980000,0.2100,1.035000,5844.00,"Radial Velocity"
"Kepler-387","Kepler-387 b",2,6.79163600000,0.0680000000,1.03000000,0.24000000,-0.24000000,1.08000000,,,"M-R relationship",5.430000,304.0810,0.850000,5774.00,"Transit"
"K2-263","K2-263 b",1,50.81917200000,0.2573000000,2.51300000,0.11000000,-0.09500000,15.40000000,2.40000000,-2.50000000,"Mass",5.650354,8.1700,0.880000,5368.00,"Transit"
"HD 192310","HD 192310 c",2,525.80000000000,1.1800000000,5.25000000,,,24.00000000,5.00000000,-5.00000000,"Msin(i)/sin(i)",0.911000,0.2765,0.800000,5166.00,"Radial Velocity"
"WASP-110","WASP-110 b",1,3.77840220000,,13.19297028,0.31385146,-0.26901554,154.78243421,16.52707716,-17.16273398,"Mass",0.396533,279.0000,0.814000,5392.00,"Transit"
"Kepler-1423","Kepler-1423 b",1,23.95537800000,0.1586000000,1.06000000,0.09000000,-0.07000000,1.20000000,,,"M-R relationship",5.540000,71.1600,0.790000,4939.00,"Transit"
"Kepler-1869","Kepler-1869 b",2,8.16736030600,0.0797600000,1.11955354,,,1.46000000,,,"M-R relationship",5.720000,138.5000,0.987000,5808.00,"Transit"
"Kepler-8","Kepler-8 b",1,3.52249910000,0.0474000000,15.87194400,0.59407700,-0.69495800,187.51970000,41.31790000,-38.13960000,"Mass",0.270000,1444.8810,1.213000,6213.00,"Transit"
"KOI-142","KOI-142 b",3,10.91647000000,0.0958600000,3.43800000,0.07500000,-0.07500000,9.50000000,1.10000000,-1.10000000,"Mass",1.290000,68.5630,0.990000,5466.00,"Transit"
"Kepler-1998","Kepler-1998 b",1,3.03267135000,0.0405000000,0.60000000,0.08000000,-0.04000000,0.15600000,,,"M-R relationship",3.970000,468.3100,0.962000,5640.00,"Transit"
"TOI-6695","TOI-6695 c",2,242.40000000000,0.8380000000,13.60000000,,,460.85119015,9.53485221,-9.53485221,"Msini",1.010000,4.9413,1.338000,6400.00,"Radial Velocity"
"EPIC 206317286","EPIC 206317286 b",2,1.58252000000,,0.96000000,0.11000000,-0.15000000,0.84000000,,,"M-R relationship",5.220000,,0.711000,4752.00,"Transit"
"Kepler-80","Kepler-80 c",6,9.52355000000,0.0792000000,2.74000000,0.12000000,-0.10000000,6.74000000,1.23000000,-0.86000000,"Mass",1.220000,36.4820,0.730000,4540.00,"Transit"
"HD 73267","HD 73267 b",2,1257.99159000000,2.2290000000,13.00000000,,,1321.53051631,216.44114517,-164.95294323,"Mass",3.310000,0.1577,0.930000,5387.00,"Radial Velocity"
"EPIC 211822797","EPIC 211822797 b",1,21.17019630000,0.1195000000,1.92000000,0.12000000,-0.07000000,4.35000000,,,"M-R relationship",3.380000,3.5000,0.620000,4057.00,"Transit"
"Kepler-307","Kepler-307 b",2,10.42080000000,0.0935900000,2.43000000,0.09000000,-0.09000000,7.44000000,0.91000000,-0.87000000,"Mass",2.620000,59.7000,0.907000,5367.00,"Transit"
"K2-285","K2-285 e",4,14.76289000000,0.1804100000,1.95000000,0.05000000,-0.05000000,10.70000000,,,"Mass",,10.5000,0.830000,4975.00,"Transit"
"Kepler-19","Kepler-19 d",3,62.95000000000,,5.06000000,,,22.50000000,1.20000000,-5.60000000,"Mass",0.954000,,0.936000,5544.00,"Radial Velocity"
"HD 18742","HD 18742 b",1,766.00000000000,1.8200000000,13.10000000,,,1080.62200000,381.39600000,-381.39600000,"Msini",2.640000,4.1964,1.360000,4940.00,"Radial Velocity"
"Kepler-731","Kepler-731 b",1,3.85560355100,0.0505000000,13.88000000,3.18000000,-1.52000000,,,,"Msini",,456.7030,1.030000,5849.00,"Transit"
"KOI-351","KOI-351 e",8,91.93913000000,0.4200000000,2.66000000,0.29000000,-0.29000000,7.56000000,,,"M-R relationship",2.210000,10.2280,1.200000,6080.00,"Transit"
"TOI-4640","TOI-4640 b",1,2.68566015238,,2.84326517,0.26912040,-0.25931352,8.46000000,,,"M-R relationship",2.020000,854.2741,1.100000,5743.01,"Transit"
"Kepler-432","Kepler-432 b",2,52.50112900000,0.3010000000,12.83430500,0.40352400,-0.43715100,1719.46030000,101.70560000,-57.20940000,"Mass",4.460000,97.8460,1.320000,4995.00,"Transit"
"Kepler-1213","Kepler-1213 b",1,5.34982412000,0.0602600000,1.19000000,0.13000000,-0.10000000,1.81000000,,,"M-R relationship",5.900000,595.4240,1.140000,6050.00,"Transit"
"K2-8","K2-8 c",2,5.06416000000,0.0532000000,2.41000000,0.33000000,-0.33000000,6.39000000,,,"M-R relationship",2.510000,97.8000,0.780000,4870.00,"Transit"
"K2-268","K2-268 d",5,4.52859800000,,1.49000000,0.14000000,-0.07000000,2.83000000,,,"M-R relationship",4.700000,,0.840000,5106.00,"Transit"
"Kepler-1655","Kepler-1655 b",1,11.87287870000,0.1029000000,2.21300000,0.08200000,-0.08200000,5.40000000,1.70000000,-1.70000000,"Mass",2.720000,129.1000,1.030000,6148.00,"Transit"
"WASP-53","WASP-53 c",2,2840.00000000000,3.7300000000,,,,5196.52050000,270.15550000,-260.62060000,"Msini",,0.0247,0.839000,4953.00,"Radial Velocity"
"HD 191939","HD 191939 g",6,284.00000000000,0.8120000000,3.74000000,,,13.50000000,2.00000000,-2.00000000,"Msini",1.420000,0.9900,0.810000,5348.00,"Radial Velocity"
"K2-87","K2-87 b",1,9.72661800000,0.0940000000,7.60000000,0.40000000,-0.40000000,44.90000000,,,"M-R relationship",0.562000,85.0000,1.164000,5747.00,"Transit"
"TOI-1438","TOI-1438 b",2,5.13967000000,0.0553000000,3.04000000,0.19000000,-0.19000000,9.40000000,1.80000000,-1.80000000,"Mass",1.800000,145.0000,0.876000,5230.00,"Transit"
"Kepler-849","Kepler-849 b",1,394.62508000000,1.1370000000,8.08167508,0.30264248,-0.32506044,298.75870258,63.56568140,-63.56568140,"Mass",3.090000,2.8600,1.259000,5950.00,"Transit"
"Kepler-1938","Kepler-1938 b",1,13.06260014000,0.0938000000,1.82828927,,,4.00000000,,,"M-R relationship",3.600000,18.2500,0.646000,4522.00,"Transit"
"K2-220","K2-220 b",1,13.68186000000,0.1104000000,2.37000000,0.14000000,-0.07000000,6.21000000,,,"M-R relationship",2.560000,79.7000,0.910000,5612.00,"Transit"
"TOI-1453","TOI-1453 c",2,6.58869820000,,2.22400000,0.09500000,-0.09500000,2.95000000,0.83000000,-0.84000000,"Mass",1.472135,75.3000,0.715000,4975.00,"Transit"
"TOI-3919","TOI-3919 b",1,7.43323400000,0.0795000000,12.31866979,0.58286700,-0.56044903,1233.17421916,73.10053361,-73.10053361,"Mass",3.630000,184.3220,1.208000,6100.00,"Transit"
"K2-223","K2-223 b",2,0.50557000000,0.0127000000,0.89000000,0.10000000,-0.09000000,0.64000000,,,"M-R relationship",4.990000,5714.3505,1.060000,5859.00,"Transit"
"TOI-6086","TOI-6086 b",1,1.38887250000,0.0154100000,1.18000000,0.07000000,-0.07000000,1.76000000,,,"M-R relationship",5.890000,26.8000,0.254000,3200.00,"Transit"
"TOI-2322","TOI-2322 c",2,20.22552800000,0.1362000000,1.87400000,0.06600000,-0.05700000,18.10000000,4.34000000,-5.36000000,"Mass",14.690000,10.1500,0.703000,4664.00,"Transit"
"Kepler-1237","Kepler-1237 b",1,84.57332260000,0.3778000000,2.86000000,0.39000000,-0.21000000,8.55000000,,,"M-R relationship",2.010000,4.0420,0.940000,5472.00,"Transit"
"HD 178911 B","HD 178911 B b",1,71.48400000000,0.3400000000,12.60000000,,,2552.17490000,797.75330000,-797.75330000,"Msini",7.010000,7.8319,1.240000,5588.00,"Radial Velocity"
"Kepler-260","Kepler-260 b",2,8.18739900000,0.0750000000,2.01000000,0.55000000,-0.55000000,4.70000000,,,"M-R relationship",3.180000,132.1340,1.013000,5250.00,"Transit"
"TOI-1683","TOI-1683.01",1,3.05753560000,0.0365075930,2.63820000,0.27638700,-0.27638700,7.45000000,,,"M-R relationship",2.230000,163.0560,0.694661,4402.00,"Transit"
"TOI-6281","TOI-6281 b",1,1.05426244177,,1.92416074,0.18572931,-0.16416748,4.36000000,,,"M-R relationship",3.360000,4181.0200,0.650000,4533.23,"Transit"
"TYC 4282-00605-1","TYC 4282-00605-1 b",1,101.54000000000,0.4220000000,12.40000000,,,3426.20740000,38.13960000,-38.13960000,"Msini",9.870000,456.4310,0.970000,4300.00,"Radial Velocity"
"TOI-2136","TOI-2136 b",1,7.85192800000,0.0570000000,2.19000000,0.17000000,-0.17000000,6.37000000,2.45000000,-2.29000000,"Mass",3.340000,4.0000,0.340000,3342.00,"Transit"
"HD 1690","HD 1690 b",1,533.00000000000,1.3600000000,12.50000000,,,2793.72570000,1153.72290000,-1153.72290000,"Msini",7.860000,17.8958,1.860000,4374.00,"Radial Velocity"
"Kepler-196","Kepler-196 d",3,122.08000180000,0.4545000000,2.66065673,,,7.56000000,,,"M-R relationship",2.210000,1.8000,0.805000,5132.00,"Transit"
"Kepler-251","Kepler-251 e",4,99.64016100000,0.4040000000,2.77000000,0.49000000,-0.49000000,8.10000000,,,"M-R relationship",2.090000,3.5480,0.891000,5526.00,"Transit"
"K2-357","K2-357 b",1,16.34886370000,0.1450000000,3.72000000,0.23000000,-0.21000000,13.40000000,,,"M-R relationship",1.430000,40.8918,0.980000,5794.00,"Transit"
"HD 13167","HD 13167 b",1,2613.00000000000,4.1000000000,13.10000000,,,1052.01730000,50.85280000,-50.85280000,"Msini",2.570000,0.5428,1.350000,5671.00,"Radial Velocity"
"Kepler-175","Kepler-175 c",2,34.03525700000,0.2130000000,3.10000000,1.56000000,-1.56000000,9.80000000,,,"M-R relationship",1.810000,31.9500,0.969000,6064.00,"Transit"
"HD 4732","HD 4732 b",2,371.74000000000,1.1290000000,13.40000000,,,631.20721630,49.58123149,-48.94557468,"Msini",1.440000,10.3009,1.390000,4898.00,"Radial Velocity"
"TOI-406","TOI-406.01",2,13.17568200000,0.0809000000,2.08000000,0.16000000,-0.15000000,6.57000000,1.00000000,-0.90000000,"Mass",4.100000,3.0000,0.408000,3392.00,"Transit"
"Kepler-27","Kepler-27 d",3,6.54628992100,0.0657800000,2.70619460,,,7.78000000,,,"M-R relationship",2.160000,88.2000,0.926000,5251.00,"Transit"
"BD+55 362","BD+55 362 b",1,265.59000000000,0.7800000000,14.00000000,,,228.83645304,25.42627256,-25.42627256,"Msini",0.458000,0.7996,0.909000,5012.00,"Radial Velocity"
"TOI-663","TOI-663 c",3,4.69555070000,0.0437000000,2.26000000,0.10000000,-0.10000000,3.65000000,0.97000000,-0.97000000,"Mass",1.730000,22.3000,0.514000,3681.00,"Transit"
"K2-403","K2-403 b",1,33.58997900000,,5.33300000,0.35700000,-0.38700000,24.60000000,,,"M-R relationship",0.891000,134.8830,0.784000,5511.00,"Transit"
"Kepler-58","Kepler-58 c",4,15.57415680000,0.1230700000,2.86000000,,,53.00000000,,,"Mass",10.000000,64.3890,0.950000,5843.00,"Transit"
"Kepler-235","Kepler-235 e",4,46.18366900000,0.2130000000,2.22000000,0.29000000,-0.29000000,5.56000000,,,"M-R relationship",2.790000,1.3300,0.581000,4255.00,"Transit"
"HD 40307","HD 40307 c",5,9.61840000000,0.0799000000,,,,1868.51320475,,,"Mass",,35.9672,0.770000,4956.00,"Radial Velocity"
"Kepler-1325","Kepler-1325 b",1,33.87868380000,0.2004000000,2.86000000,0.40000000,-0.47000000,8.55000000,,,"M-R relationship",2.010000,18.1530,0.930000,5550.00,"Transit"
"Kepler-1143","Kepler-1143 b",2,2.88890484900,0.0371000000,1.67000000,0.13000000,-0.11000000,3.43000000,,,"M-R relationship",4.050000,173.0560,0.810000,5053.00,"Transit"
"TOI-3693","TOI-3693 b",1,9.08851600000,0.0813000000,12.59889431,0.32506044,-0.25780656,324.18497514,76.27881768,-69.92224954,"Mass",0.890000,68.6000,0.867000,5321.00,"Transit"
"Kepler-221","Kepler-221 c",4,5.69058600000,0.0590000000,2.93000000,0.27000000,-0.27000000,9.30000000,2.40000000,-1.70000000,"Mass",1.940000,119.8360,0.854000,5243.00,"Transit"
"HD 163607","HD 163607 b",2,75.22030000000,0.3620000000,13.90000000,,,249.05158800,3.11473400,-3.11473400,"Msini",0.510000,20.0716,1.120000,5522.00,"Radial Velocity"
"TOI-2081","TOI-2081 b",1,10.50534000000,0.0752000000,2.04000000,0.50000000,-0.54000000,4.82000000,,,"M-R relationship",3.120000,8.1000,0.540000,3800.00,"Transit"
"Kepler-1660 A","Kepler-1660 AB b",1,239.50440000000,0.8000000000,12.90000000,,,1586.59940774,73.10053361,-73.10053361,"Mass",4.060000,7.2787,1.136600,6305.24,"Eclipse Timing Variations"
"TOI-2158","TOI-2158 b",1,8.60077000000,0.0750000000,10.76062147,0.13450777,-0.13450777,260.61929374,25.42627256,-25.42627256,"Mass",1.140000,81.4989,1.120000,5673.00,"Transit"
"K2-158","K2-158 b",2,10.06049000000,0.0887000000,2.64000000,0.16000000,-0.10000000,7.46000000,,,"M-R relationship",2.230000,87.3327,0.920000,5503.00,"Transit"
"Kepler-1323","Kepler-1323 b",1,0.92990667800,0.0191100000,1.52000000,0.33000000,-0.24000000,2.92000000,,,"M-R relationship",4.570000,5067.6030,1.180000,6169.00,"Transit"
"K2-389","K2-389 b",2,8.58289000000,,2.33000000,0.12000000,-0.06000000,6.04000000,,,"M-R relationship",2.620000,179.0000,0.990000,5773.00,"Transit"
"K2-184","K2-184 b",1,16.97801020000,0.1685000000,1.47000000,0.11000000,-0.05000000,2.76000000,,,"M-R relationship",4.770000,14.0501,0.840000,5245.00,"Transit"
"7 CMa","7 CMa c",2,996.00000000000,2.1530000000,13.90000000,,,276.51210000,19.06980000,-19.06980000,"Msin(i)/sin(i)",0.566000,2.4917,1.340000,4826.00,"Radial Velocity"
"Kepler-217","Kepler-217 b",3,5.37494300000,0.0650000000,2.23000000,0.32000000,-0.32000000,5.60000000,,,"M-R relationship",2.770000,1366.4770,1.342000,6171.00,"Transit"
"Kepler-1132","Kepler-1132 b",1,62.89162280000,0.2881000000,2.35000000,0.19000000,-0.17000000,6.12000000,,,"M-R relationship",2.590000,4.5470,0.870000,5298.00,"Transit"
"Kepler-1447","Kepler-1447 b",1,56.67472850000,0.2836000000,2.90000000,0.50000000,-0.24000000,8.75000000,,,"M-R relationship",1.970000,10.3490,0.970000,5722.00,"Transit"
"Kepler-1878","Kepler-1878 b",1,4.44587993600,0.0521000000,2.92019781,,,8.86000000,,,"M-R relationship",1.960000,302.6000,0.956000,5918.00,"Transit"
"Kepler-341","Kepler-341 e",4,42.47326900000,0.2420000000,1.99000000,1.03000000,-1.03000000,4.62000000,,,"M-R relationship",3.220000,25.6670,0.976000,6012.00,"Transit"
"K2-176","K2-176 b",1,5.32943900000,,1.49090097,0.12341971,-0.09253438,2.83000000,,,"M-R relationship",4.690000,,0.938545,5428.00,"Transit"
"Kepler-107","Kepler-107 e",4,14.74914300000,0.1263800000,2.90300000,0.03500000,-0.03500000,14.10000000,3.30000000,-3.30000000,"Mass",3.180000,138.7000,1.238000,5854.00,"Transit"
"Kepler-1452","Kepler-1452 b",1,42.91375100000,0.2576400000,2.70000000,0.39000000,-0.35000000,7.75000000,,,"M-R relationship",2.160000,73.5010,1.410000,6101.00,"Transit"
"NGTS-4","NGTS-4 b",1,1.33735080000,0.0190000000,3.18000000,0.26000000,-0.26000000,20.60000000,3.00000000,-3.00000000,"Mass",3.450000,886.9841,0.750000,5143.00,"Transit"
"K2-38","K2-38 b",2,4.01593000000,0.0499400000,1.54000000,0.14000000,-0.14000000,7.30000000,1.10000000,-1.00000000,"Mass",11.000000,426.0000,1.030000,5731.00,"Transit"
"TOI-2443","TOI-2443 b",1,15.66858000000,0.1050000000,2.36300000,0.06600000,-0.06600000,4.80000000,1.10000000,-1.10000000,"Mass",2.000000,13.2931,0.642000,4375.00,"Transit"
"Kepler-1020","Kepler-1020 b",1,96.91514960000,0.3759400000,2.28000000,0.08000000,-0.09000000,5.82000000,,,"M-R relationship",2.700000,2.3390,0.870000,5227.00,"Transit"
"HD 1666","HD 1666 b",1,270.00000000000,0.9400000000,12.70000000,,,2040.00000000,99.00000000,-70.00000000,"Msini",5.470000,6.0778,1.500000,6317.00,"Radial Velocity"
"GJ 685","GJ 685 b",1,24.16000000000,0.1344000000,2.95000000,,,9.00000000,1.70000000,-1.80000000,"Msini",1.930000,3.0917,0.550000,3816.00,"Radial Velocity"
"TOI-2453","TOI-2453 b",1,4.44143463188,,3.24380341,0.29909721,-0.25885686,10.60000000,,,"M-R relationship",1.710000,21.7490,0.500519,3720.23,"Transit"
"L 363-38","L 363-38 b",1,8.78100000000,0.0480000000,2.00000000,,,4.67000000,0.43000000,-0.43000000,"Msini",3.210000,5.6424,0.210000,3129.00,"Radial Velocity"
"TOI-1648","TOI-1648 b",1,7.33160200000,0.0694000000,2.54000000,0.14000000,-0.12000000,7.40000000,1.10000000,-1.30000000,"Mass",2.490000,27.4026,0.830000,4850.00,"Transit"
"TOI-1470","TOI-1470 c",2,18.08816000000,0.1060000000,2.47000000,0.02000000,-0.02000000,7.24000000,2.87000000,-2.77000000,"Mass",2.660000,3.3500,0.471000,3709.00,"Transit"
"HD 187123","HD 187123 b",2,3.09658280000,0.0426000000,14.20000000,,,166.21800000,13.66600000,-13.66600000,"Msini",0.319000,738.4255,1.040000,5790.00,"Radial Velocity"
"NGTS-13","NGTS-13 b",1,4.11902700000,0.0549000000,12.80067800,0.51561400,-0.51561400,1538.29720000,139.84520000,-139.84520000,"Mass",4.020000,1096.0000,1.300000,5819.00,"Transit"
"HD 130322","HD 130322 b",1,10.70871000000,0.0925000000,13.70000000,,,365.49000000,,,"Msini",0.781000,67.9633,0.920000,5387.00,"Radial Velocity"
"K2-38","K2-38 c",2,10.56103000000,0.0951400000,2.29000000,0.26000000,-0.26000000,8.30000000,1.30000000,-1.30000000,"Mass",3.800000,117.0000,1.030000,5731.00,"Transit"
"TOI-3261","TOI-3261 b",1,0.88313310000,0.0171400000,3.82000000,0.42000000,-0.35000000,30.30000000,2.20000000,-2.40000000,"Mass",3.000000,1466.0000,0.861000,5068.00,"Transit"
"Kepler-915","Kepler-915 b",1,4.59489604000,0.0565500000,1.50000000,0.33000000,-0.19000000,2.86000000,,,"M-R relationship",4.660000,844.7510,1.210000,6173.00,"Transit"
"OGLE-TR-10","OGLE-TR-10 b",1,3.10127800000,0.0434000000,14.01100000,1.56900000,-1.34500000,197.04600000,44.49400000,-44.49400000,"Mass",0.400000,818.5035,1.140000,5950.00,"Transit"
"K2-77","K2-77 b",1,8.20008440000,0.0753000000,2.49960270,0.16813471,-0.12329879,603.87700000,,,"Mass",,58.0000,0.847000,5160.00,"Transit"
"K2-123","K2-123 b",1,30.95152400000,0.1649000000,2.76000000,0.16000000,-0.16000000,8.05000000,,,"M-R relationship",2.100000,2.9000,0.620000,4035.00,"Transit"
"TOI-1693","TOI-1693 b",1,1.76669570000,0.0226000000,1.41000000,0.10000000,-0.10000000,2.57000000,,,"M-R relationship",5.040000,57.0208,0.490000,3499.00,"Transit"
"eps Eri","eps Eri b",1,2680.00000000000,3.5300000000,13.80000000,,,317.82840700,31.78284070,-31.78284070,"Mass",0.665000,0.0306,0.820000,5020.38,"Radial Velocity"
"Kepler-224","Kepler-224 c",4,5.92500300000,0.0580000000,3.12000000,0.26000000,-0.26000000,9.91000000,,,"M-R relationship",1.790000,86.3320,0.777000,5018.00,"Transit"
"Kepler-956","Kepler-956 b",1,5.24867263100,0.0601700000,3.00000000,0.78000000,-0.38000000,9.27000000,,,"M-R relationship",1.890000,307.0580,1.100000,6040.00,"Transit"
"Kepler-361","Kepler-361 c",2,55.18802300000,0.3000000000,2.52000000,0.48000000,-0.48000000,6.90000000,,,"M-R relationship",2.370000,33.9480,1.191000,6169.00,"Transit"
"Kepler-1778","Kepler-1778 b",1,10.08740044000,0.0956000000,3.01665969,,,9.36000000,,,"M-R relationship",1.870000,186.1400,1.143000,6310.00,"Transit"
"Kepler-339","Kepler-339 d",3,10.55834500000,0.0910000000,1.17000000,0.53000000,-0.53000000,14.70000000,14.10000000,-10.00000000,"Mass",50.400000,58.6510,0.870000,5631.00,"Transit"
"Kepler-825","Kepler-825 b",2,3.77360059000,0.0453000000,1.53000000,0.39000000,-0.22000000,2.96000000,,,"M-R relationship",4.540000,734.4640,1.030000,5976.00,"Transit"
"WASP-132","WASP-132 c",3,1.01153624000,0.0183300000,1.84100000,0.09400000,-0.09300000,6.26000000,1.84000000,-1.83000000,"Mass",5.470000,791.0000,0.789000,4686.00,"Transit"
"GJ 676 A","GJ 676 A d",4,3.60076000000,0.0390000000,1.78000000,,,3.81394088,0.31782841,-0.31782841,"Msini",3.720000,59.6154,0.626000,3734.00,"Radial Velocity"
"Kepler-1052","Kepler-1052 b",2,34.85382760000,0.2098800000,2.93000000,0.54000000,-0.31000000,8.91000000,,,"M-R relationship",1.950000,20.9760,1.030000,5888.00,"Transit"
"HATS-63","HATS-63 b",1,3.05665270000,0.0402600000,13.52926300,0.43715100,-0.43715100,305.11680000,38.13960000,-38.13960000,"Mass",0.670000,634.1000,0.931000,5627.00,"Transit"
"Kepler-346","Kepler-346 b",2,6.51112700000,0.0710000000,2.66000000,1.24000000,-1.24000000,7.56000000,,,"M-R relationship",2.210000,134.3570,0.943000,6033.00,"Transit"
"Kepler-688","Kepler-688 b",1,3.89593684400,0.0460000000,9.76000000,1.76000000,-0.97000000,68.70000000,,,"M-R relationship",0.406000,458.9120,0.980000,5715.00,"Transit"
"Kepler-1838","Kepler-1838 b",1,12.14680004000,0.1108200000,1.66049425,,,3.40000000,,,"M-R relationship",4.080000,271.6000,1.187000,5877.00,"Transit"
"Kepler-1481","Kepler-1481 b",1,5.94220998000,0.0590000000,1.23000000,0.08000000,-0.06000000,2.04000000,,,"M-R relationship",6.020000,71.9400,0.800000,4908.00,"Transit"
"Kepler-1571","Kepler-1571 b",1,3.38555488000,0.0428700000,1.52000000,0.68000000,-0.34000000,2.92000000,,,"M-R relationship",4.570000,757.1320,1.230000,6297.00,"Transit"
"TOI-1052","TOI-1052 b",2,9.13970300000,0.0910300000,2.87000000,0.29000000,-0.24000000,16.90000000,1.70000000,-1.70000000,"Mass",3.930000,246.0000,1.204000,6146.00,"Transit"
"Kepler-614","Kepler-614 b",1,14.03491514000,0.1027000000,2.39000000,0.20000000,-0.17000000,6.30000000,,,"M-R relationship",2.540000,37.2000,0.850000,5268.00,"Transit"
"Kepler-257","Kepler-257 c",3,6.58148400000,0.0660000000,5.41000000,2.72000000,-2.72000000,25.20000000,,,"M-R relationship",0.875000,88.6000,0.916000,5180.00,"Transit"
"HD 76920","HD 76920 b",1,415.89100000000,1.0910000000,13.10000000,,,994.80291391,130.30964687,-136.66621501,"Msini",2.430000,24.7841,1.000000,4664.00,"Radial Velocity"
"Kepler-178","Kepler-178 c",3,20.55280200000,0.1420000000,2.88000000,1.23000000,-1.23000000,8.65000000,,,"M-R relationship",1.990000,30.5460,0.852000,5676.00,"Transit"
"Kepler-1612","Kepler-1612 b",1,3.91795101000,0.0482000000,1.03000000,0.18000000,-0.11000000,1.08000000,,,"M-R relationship",5.430000,269.2480,0.960000,5643.00,"Transit"
"K2-295","K2-295 b",1,4.02486700000,0.0451000000,10.05447300,0.12329900,-0.05604500,106.47305000,19.70546000,-19.70546000,"Mass",0.612000,97.8595,0.740000,4444.00,"Transit"
"HAT-P-55","HAT-P-55 b",1,3.58523130000,0.0462800000,14.84069045,0.25780656,-0.24659758,189.42573057,23.20147371,-22.88364530,"Mass",0.318000,583.0000,1.028000,5804.00,"Transit"
"TOI-5398","TOI-5398 b",2,10.59054700000,0.0980000000,10.30000000,0.40000000,-0.40000000,58.70000000,5.70000000,-5.60000000,"Mass",0.290000,118.4130,1.146000,6000.00,"Transit"
"HD 147018","HD 147018 b",2,44.23600000000,0.2388000000,13.40000000,,,674.00000000,20.00000000,-20.00000000,"Msini",1.540000,12.4842,0.927000,5441.00,"Radial Velocity"
"K2-348","K2-348 b",2,4.68841800000,,3.26000000,0.22000000,-0.11000000,10.70000000,,,"M-R relationship",1.700000,133.0830,0.830000,5077.00,"Transit"
"TOI-3457","TOI-3457 b",1,32.60026800000,0.2001000000,10.64000000,0.25000000,-0.25000000,797.74930157,,,"Mass",,17.4858,1.040000,6300.00,"Transit"
"K2-19","K2-19 c",3,11.90600000000,0.0982000000,4.10000000,0.20000000,-0.20000000,11.00000000,0.50000000,-0.40000000,"Mass",0.877000,51.0000,0.880000,5322.00,"Transit"
"GJ 1289","GJ 1289 b",1,111.74000000000,0.2700000000,2.38000000,,,6.27000000,1.23000000,-1.25000000,"Msini",2.560000,0.0754,0.210000,3296.00,"Radial Velocity"
"HD 200964","HD 200964 c",2,852.50000000000,1.9600000000,13.70000000,,,385.84562000,22.88376000,-22.88376000,"Msini",0.825000,3.0164,1.390000,4982.00,"Radial Velocity"
"Kepler-1271","Kepler-1271 b",1,3.02559550000,0.0423300000,1.48000000,0.23000000,-0.16000000,2.79000000,,,"M-R relationship",4.730000,975.1810,1.130000,6143.00,"Transit"
"Kepler-1314","Kepler-1314 b",1,5.42474928100,0.0504000000,5.11000000,0.19000000,-0.19000000,22.90000000,,,"M-R relationship",0.943000,36.0500,0.600000,4188.00,"Transit"
"HD 176986","HD 176986 d",3,61.37600000000,0.2814900000,2.49000000,,,6.76000000,0.91000000,-0.92000000,"Msini",2.410000,4.0900,0.789000,4931.00,"Radial Velocity"
"Kepler-805","Kepler-805 b",1,30.86389310000,0.1985200000,2.89000000,0.13000000,-0.25000000,8.70000000,,,"M-R relationship",1.980000,86.4730,1.190000,6112.00,"Transit"
"Kepler-300","Kepler-300 b",2,10.44634700000,0.0940000000,1.67000000,0.76000000,-0.76000000,3.43000000,,,"M-R relationship",4.050000,265.1860,1.070000,5986.00,"Transit"
"TIC 245076932","TIC 245076932 b",1,21.61389000000,0.1570000000,10.87271128,0.53803107,-0.53803107,162.09248757,12.71313628,-15.89142035,"Mass",0.746600,85.6018,1.117000,6130.00,"Transit"
"Kepler-425","Kepler-425 b",1,3.79701816000,0.0464000000,10.96200000,0.24700000,-0.24700000,79.45000000,25.43000000,-25.43000000,"Mass",0.270000,229.0360,0.930000,5170.00,"Transit"
"Kepler-187","Kepler-187 b",2,4.93886400000,0.0590000000,1.41000000,0.28000000,-0.28000000,2.57000000,,,"M-R relationship",5.040000,902.2390,1.081000,6105.00,"Transit"
"HIP 66074","HIP 66074 b",1,310.90000000000,0.7990000000,12.90000000,,,1589.14203500,635.65681400,-635.65681400,"Mass",4.070000,0.2381,0.705000,4300.00,"Astrometry"
"17 Sco","17 Sco b",1,578.38000000000,1.4500000000,12.90000000,,,1373.01871824,47.67426105,-38.13940884,"Msini",3.510000,85.4316,1.220000,4157.00,"Radial Velocity"
"K2-253","K2-253 b",1,4.00167000000,0.0506000000,12.67000000,0.69000000,-0.61000000,,,,"Msini",,365.8185,1.080000,6027.00,"Transit"
"Kepler-395","Kepler-395 b",2,7.05434600000,0.0610000000,1.03000000,0.08000000,-0.08000000,1.08000000,,,"M-R relationship",5.430000,17.8000,0.622827,4262.00,"Transit"
"TOI-1011","TOI-1011 b",1,2.47049800000,,1.45000000,0.05000000,-0.05000000,4.04000000,0.59000000,-0.59000000,"Mass",7.280000,575.5970,0.910000,5475.00,"Transit"
"Kepler-1295","Kepler-1295 b",1,3.81371974000,0.0464000000,1.55000000,0.20000000,-0.12000000,3.02000000,,,"M-R relationship",4.460000,279.9410,0.920000,5486.00,"Transit"
"HD 158259","HD 158259 e",5,7.95100000000,,2.34000000,,,6.08000000,0.94000000,-1.03000000,"Msini",2.610000,,1.080000,5801.89,"Radial Velocity"
"TOI-763","TOI-763 b",2,5.60570000000,0.0600000000,2.28000000,0.11000000,-0.11000000,9.79000000,0.78000000,-0.78000000,"Mass",4.510000,182.9350,0.917000,5450.00,"Transit"
"rho CrB","rho CrB e",3,12.90400000000,0.1061000000,1.75000000,,,3.71000000,0.59800000,-0.59800000,"Msini",3.800000,151.5473,1.000000,5817.00,"Radial Velocity"
"K2-180","K2-180 b",1,8.86566300000,0.0756000000,2.46597575,0.10984801,-0.09639723,11.41003981,2.38371305,-2.16123317,"Mass",4.160000,48.3000,0.735000,5365.00,"Transit"
"K2-98","K2-98 b",1,10.13673490000,0.0986000000,5.06645928,0.31385146,-0.28022452,34.00763955,13.98444991,-14.62010672,"Mass",1.400000,339.0000,1.246000,6260.00,"Transit"
"Kepler-1313","Kepler-1313 b",1,3.83309117800,0.0461900000,1.76000000,0.06000000,-0.08000000,3.75000000,,,"M-R relationship",3.780000,227.1980,0.920000,5453.00,"Transit"
"HD 93351","HD 93351 c",2,14010.29410000000,11.1540000000,12.30000000,,,4154.01727949,633.43201515,-432.56446193,"Mass",12.300000,0.0051,0.940000,5408.00,"Radial Velocity"
"Kepler-1807","Kepler-1807 b",1,10.86060047000,0.0988000000,2.70393215,,,7.77000000,,,"M-R relationship",2.160000,356.2400,1.087000,6455.00,"Transit"
"Kepler-1320","Kepler-1320 b",1,0.86838652800,0.0163000000,1.70000000,0.07000000,-0.11000000,3.53000000,,,"M-R relationship",3.950000,672.1130,0.800000,4817.00,"Transit"
"HD 141004","HD 141004 b",1,15.50830000000,0.1238000000,3.77000000,,,13.63483866,1.46201067,-1.46201067,"Msini",1.400000,144.7300,1.051904,5885.38,"Radial Velocity"
"TOI-1450 A","TOI-1450 A c",2,5.06880000000,,1.13000000,,,1.52700000,0.18100000,-0.18100000,"Msini",5.820000,,0.480000,3437.00,"Transit"
"HD 216520","HD 216520 b",2,35.45000000000,0.1980000000,3.18000000,,,10.26000000,0.99000000,-0.99000000,"Msini",1.750000,9.0089,0.820000,5103.00,"Radial Velocity"
"Kepler-975","Kepler-975 b",2,1.97034245700,0.0289800000,1.48000000,0.06000000,-0.09000000,2.79000000,,,"M-R relationship",4.730000,328.6980,0.800000,4897.00,"Transit"
"HD 20794","HD 20794 b",4,18.31400000000,0.1257000000,1.45000000,,,2.70000000,0.30000000,-0.30000000,"Msin(i)/sin(i)",4.870000,43.4733,0.790000,5368.00,"Radial Velocity"
"K2-47","K2-47 b",1,31.63720000000,0.1779000000,1.89000000,0.26000000,-0.26000000,4.23000000,,,"M-R relationship",3.440000,10.7000,0.750000,5054.00,"Transit"
"Kepler-209","Kepler-209 b",2,16.08784500000,0.1220000000,2.26000000,0.34000000,-0.34000000,5.73000000,,,"M-R relationship",2.730000,48.6620,0.971000,5513.00,"Transit"
"Kepler-1053","Kepler-1053 b",1,2.41435165400,0.0315000000,0.98000000,0.05000000,-0.04000000,0.90400000,,,"M-R relationship",5.280000,139.8180,0.740000,4529.00,"Transit"
"Kepler-219","Kepler-219 b",3,4.58551200000,0.0570000000,2.95000000,0.49000000,-0.49000000,9.01000000,,,"M-R relationship",1.930000,456.7320,1.164000,5786.00,"Transit"
"Kepler-21","Kepler-21 b",1,2.78582120000,0.0434000000,1.63900000,0.01900000,-0.01500000,7.50000000,1.30000000,-1.30000000,"Mass",9.300000,2749.0000,1.408000,6305.00,"Transit"
"Kepler-94","Kepler-94 c",2,820.30000000000,1.5968066210,12.50000000,,,3126.00000000,200.00000000,-200.00000000,"Mass",8.790000,0.0955,0.810000,4781.00,"Radial Velocity"
"Kepler-257","Kepler-257 d",3,24.66455100000,0.1600000000,4.95000000,2.48000000,-2.48000000,21.70000000,,,"M-R relationship",0.983000,15.2000,0.916000,5180.00,"Transit"
"TOI-5788","TOI-5788 b",2,6.34075800000,0.0640000000,1.52800000,0.07500000,-0.07500000,3.72000000,0.94000000,-0.94000000,"Mass",5.734161,175.1000,0.870000,5615.00,"Transit"
"TOI-329","TOI-329 b",1,5.70439000000,0.0638000000,4.94057819,0.29202617,-0.25614214,40.40000000,3.80000000,-3.70000000,"Mass",1.840000,576.8749,1.067800,5614.00,"Transit"
"HD 154857","HD 154857 c",2,3452.00000000000,5.3600000000,13.20000000,,,819.97000000,50.85000000,-50.85000000,"Msini",1.960000,0.1601,1.718000,5605.00,"Radial Velocity"
"TIC 139270665","TIC 139270665 b",2,23.62400000000,0.1630000000,7.22979255,0.26901554,-0.24659758,147.15455244,14.62010672,-14.62010672,"Mass",2.130000,40.3000,1.035000,5844.00,"Transit"
"TOI-1408","TOI-1408 b",2,4.42587000000,0.0577800000,25.00000000,4.00000000,-4.00000000,593.00000000,4.00000000,-4.00000000,"Mass",0.180000,465.1790,1.312000,6117.00,"Transit"
"TOI-5502","TOI-5502 b",1,11.62592988285,,4.12873780,0.39975161,-0.33665264,15.90000000,,,"M-R relationship",1.240000,95.1955,1.244000,6088.71,"Transit"
"Kepler-629","Kepler-629 b",1,7.23858540000,0.0710700000,1.38000000,0.06000000,-0.04000000,2.48000000,,,"M-R relationship",5.190000,103.1470,0.930000,5444.00,"Transit"
"Kepler-224","Kepler-224 b",4,3.13292400000,0.0380000000,1.39000000,0.09000000,-0.09000000,2.51000000,,,"M-R relationship",5.140000,201.4890,0.777000,5018.00,"Transit"
"Kepler-941","Kepler-941 b",1,17.42395198000,0.1311000000,3.08000000,0.35000000,-0.61000000,9.69000000,,,"M-R relationship",1.820000,47.0320,0.890000,5539.00,"Transit"
"Kepler-1507","Kepler-1507 b",1,16.05062130000,0.1194600000,0.84000000,0.09000000,-0.09000000,0.52000000,,,"M-R relationship",4.820000,30.4760,0.890000,5410.00,"Transit"
"CD Cet","CD Cet b",1,2.29070000000,0.0185000000,1.82000000,,,3.95000000,0.42000000,-0.43000000,"Msini",3.600000,8.6000,0.161000,3130.00,"Radial Velocity"
"Kepler-125","Kepler-125 b",2,4.16438900000,0.0410000000,2.37000000,0.10000000,-0.10000000,6.21000000,,,"M-R relationship",2.560000,33.1840,0.542101,3810.00,"Transit"
"Proxima Cen","Proxima Cen d",2,5.12338000000,0.0288100000,0.69200000,,,0.26000000,0.03800000,-0.03800000,"Msini",4.310000,1.8140,0.122100,2900.00,"Radial Velocity"
"ups And","ups And b",3,4.61703300000,0.0592216600,14.00000000,,,218.53100000,1.39839000,-1.39839000,"Msini",0.438000,955.9835,1.300000,6156.77,"Radial Velocity"
"Kepler-1832","Kepler-1832 b",1,3.13878989200,0.0370000000,1.22719556,,,2.02000000,,,"M-R relationship",6.010000,257.3200,0.684000,5242.00,"Transit"
"K2-417","K2-417 b",1,6.53500000000,0.0630000000,3.31000000,0.14000000,-0.12000000,699.22249540,,,"Mass",,15.8226,0.569000,3861.00,"Transit"
"HAT-P-16","HAT-P-16 b",1,2.77596727000,0.0413000000,14.68376472,0.67253884,-0.67253884,1341.56043000,29.24036000,-29.24036000,"Mass",2.479989,1597.5900,1.218000,6140.00,"Transit"
"Kepler-335","Kepler-335 c",2,67.84446900000,0.3560000000,3.07000000,0.66000000,-0.66000000,9.64000000,,,"M-R relationship",1.830000,32.0350,1.367000,5877.00,"Transit"
"Kepler-31","Kepler-31 d",3,87.64510000000,0.4000000000,3.90000000,0.80000000,-0.80000000,2161.24400000,,,"Mass",0.077000,11.8000,1.210000,6340.00,"Transit"
"Kepler-305","Kepler-305 b",4,5.48700000000,0.0574600000,3.60000000,0.90000000,-0.36000000,10.50000000,2.60000000,-2.00000000,"Mass",1.240000,112.9140,0.760000,5080.00,"Transit"
"Kepler-370","Kepler-370 b",2,4.57953000000,0.0540000000,1.59000000,0.78000000,-0.78000000,3.15000000,,,"M-R relationship",4.310000,361.5140,0.982000,5852.00,"Transit"
"HD 16760","HD 16760 b",1,466.08000000000,1.1560000000,12.10000000,,,6833.31075050,1589.14203500,-1430.22783150,"Mass",21.200000,0.5388,0.930000,5518.00,"Radial Velocity"
"Kepler-605","Kepler-605 c",2,2.35895151500,0.0333600000,0.86000000,0.11000000,-0.06000000,0.56600000,,,"M-R relationship",4.890000,513.0300,0.910000,5462.00,"Transit"
"K2-60","K2-60 b",1,3.00265000000,0.0450000000,7.65574700,0.41473300,-0.41473300,135.39558000,11.75971000,-11.75971000,"Mass",1.700000,1212.0000,0.970000,5500.00,"Transit"
"Kepler-299","Kepler-299 c",4,6.88587500000,0.0700000000,2.65000000,0.63000000,-0.63000000,7.51000000,,,"M-R relationship",2.220000,198.5540,1.004000,5617.00,"Transit"
"K2-266","K2-266 d",4,14.69700000000,0.1035000000,2.93000000,0.14000000,-0.12000000,8.90000000,5.70000000,-3.80000000,"Mass",2.030000,13.9500,0.686000,4285.00,"Transit"
"K2-286","K2-286 b",1,27.35900000000,0.1768000000,2.10000000,0.20000000,-0.20000000,5.06000000,,,"M-R relationship",3.000000,2.8792,0.640000,3926.00,"Transit"
"TOI-3837","TOI-3837 b",1,11.88865000000,0.0990000000,10.87271128,0.56044903,-0.67253884,187.51876013,15.89142035,-15.89142035,"Mass",0.820000,138.0650,0.890000,5905.00,"Transit"
"Kepler-245","Kepler-245 c",4,17.46081200000,0.1240000000,2.18000000,0.17000000,-0.17000000,26.70000000,7.00000000,-5.10000000,"Mass",9.400000,25.1520,0.856000,5100.00,"Transit"
"TOI-1181","TOI-1181 b",1,2.10318900000,0.0364000000,17.02644168,0.66132986,-0.66132986,374.71969185,7.31005336,-7.31005336,"Mass",0.490000,14140.0000,1.467000,6054.00,"Transit"
"HD 183579","HD 183579 b",1,17.47129100000,0.1322000000,3.49000000,0.07000000,-0.06400000,20.40000000,2.60000000,-2.50000000,"Mass",2.650000,58.1000,0.996000,5784.00,"Transit"
"HIP 10090","HIP 10090 b",2,2960.00000000000,3.8700000000,13.00000000,,,1229.99593509,206.58846455,-190.69704420,"Mass",3.080000,0.1074,0.940000,5661.00,"Radial Velocity"
"TOI-1659","TOI-1659.01",1,5.87755632800,0.0657570000,2.25500000,0.25400000,-0.15700000,5.71000000,,,"M-R relationship",2.740000,268.4400,1.100000,5977.00,"Transit"
"K2-170","K2-170 c",2,12.40004700000,,1.80176470,0.24523316,-0.15822636,3.90000000,,,"M-R relationship",3.660000,,0.963657,5748.00,"Transit"
"Kepler-240","Kepler-240 c",2,7.95352800000,0.0740000000,2.20000000,0.89000000,-0.89000000,102.30000000,43.30000000,-39.40000000,"Mass",52.800000,59.8380,0.868000,4985.00,"Transit"
"GJ 3293","GJ 3293 b",4,30.59870000000,0.1433900000,5.19000000,,,23.54000000,0.88000000,-0.89000000,"Msini",0.925000,1.0700,0.420000,3466.00,"Radial Velocity"
"Kepler-256","Kepler-256 d",4,5.83917200000,0.0640000000,2.48000000,0.63000000,-0.63000000,6.71000000,,,"M-R relationship",2.420000,221.1000,1.037000,5551.00,"Transit"
"HD 14067","HD 14067 b",1,2744.00000000000,5.1500000000,12.20000000,,,4862.77462710,1970.53612340,-1430.22783150,"Mass",14.700000,2.9812,2.400000,4815.00,"Radial Velocity"
"TOI-837","TOI-837 b",1,8.32491130000,0.0888000000,9.16894621,0.38110534,-0.26901554,120.45696625,18.43404761,-19.38753283,"Mass",0.890000,164.0000,1.142000,5995.00,"Transit"
"Kepler-782","Kepler-782 b",1,158.68533080000,0.5449400000,3.21000000,0.47000000,-0.30000000,10.40000000,,,"M-R relationship",1.730000,3.9870,0.980000,5867.00,"Transit"
"TOI-833","TOI-833 b",1,1.04187770000,0.0171000000,1.27000000,0.07000000,-0.07000000,2.15000000,,,"M-R relationship",5.770000,270.0682,0.610000,3920.00,"Transit"
"Kepler-1465","Kepler-1465 b",1,31.82771110000,0.1939000000,1.77000000,0.35000000,-0.19000000,3.78000000,,,"M-R relationship",3.750000,6.2460,0.750000,4726.00,"Transit"
"Kepler-362","Kepler-362 b",2,10.32718600000,0.0870000000,0.88000000,0.38000000,-0.38000000,0.61500000,,,"M-R relationship",4.960000,207.3360,0.904000,5788.00,"Transit"
"Kepler-769","Kepler-769 b",2,7.42608998000,0.0778000000,2.92000000,1.30000000,-0.46000000,8.85000000,,,"M-R relationship",1.950000,241.1280,1.190000,6186.00,"Transit"
"TOI-905","TOI-905 b",1,3.73949400000,0.0466600000,13.12573900,0.59407700,-0.57165900,211.99261000,13.34886000,-13.03103000,"Mass",0.515000,337.0000,0.968000,5570.00,"Transit"
"TOI-470","TOI-470 b",1,12.19148000000,0.1190000000,4.34000000,0.29000000,-0.29000000,17.40000000,,,"M-R relationship",1.170000,44.7551,0.870000,5190.00,"Transit"
"K2-83","K2-83 c",2,9.99767000000,0.0713100000,1.48300000,0.09900000,-0.09900000,2.80000000,,,"M-R relationship",4.720000,7.4200,0.484000,3910.00,"Transit"
"Kepler-1377","Kepler-1377 b",1,0.74092842200,0.0153000000,1.25000000,0.09000000,-0.08000000,2.10000000,,,"M-R relationship",5.910000,2909.2100,0.860000,5218.00,"Transit"
"Kepler-1331","Kepler-1331 b",1,0.78916165300,0.0142000000,1.05000000,0.09000000,-0.08000000,1.16000000,,,"M-R relationship",5.510000,547.2940,0.720000,4508.00,"Transit"
"TOI-2545","TOI-2545 b",1,7.99403700000,,2.75000000,,,8.00000000,,,"M-R relationship",2.110000,258.8217,1.055000,5846.29,"Transit"
"TOI-1294","TOI-1294 c",2,159.90000000000,0.6100000000,14.30000000,,,147.00000000,15.00000000,-14.00000000,"Msini",0.276000,6.2779,1.157800,5718.00,"Radial Velocity"
"Kepler-1158","Kepler-1158 b",1,13.53962930000,0.1264300000,2.34000000,0.46000000,-0.46000000,6.08000000,,,"M-R relationship",2.610000,449.6990,1.410000,6203.00,"Transit"
"K2-335","K2-335 b",1,12.28321100000,,2.21000000,0.18000000,-0.14000000,5.52000000,,,"M-R relationship",2.810000,,1.230000,6222.00,"Transit"
"HD 219666","HD 219666 b",1,6.03446800000,0.0635600000,4.89800000,0.06000000,-0.06000000,17.60000000,1.20000000,-1.20000000,"Mass",0.870000,598.4408,1.020000,5540.00,"Transit"
"K2-8","K2-8 b",2,10.35239000000,0.0856000000,3.58000000,0.71000000,-0.71000000,12.50000000,,,"M-R relationship",1.500000,37.7000,0.780000,4870.00,"Transit"
"K2-5","K2-5 c",2,10.93241000000,0.0818000000,2.26000000,0.62000000,-0.62000000,5.73000000,,,"M-R relationship",2.730000,10.2000,0.610000,3930.00,"Transit"
"Kepler-238","Kepler-238 e",5,23.65400000000,0.1728600000,5.60000000,2.37000000,-0.46000000,169.70000000,71.70000000,-69.10000000,"Mass",0.540000,98.4610,1.060000,5800.00,"Transit"
"HD 197037","HD 197037 b",1,1035.70000000000,2.0700000000,13.90000000,,,251.00000000,16.00000000,-16.00000000,"Msini",0.514000,0.4042,1.110000,6150.00,"Radial Velocity"
"HD 140901","HD 140901 b",2,9.02378000000,0.0850000000,4.07000000,,,15.57359194,0.63565681,-2.54262726,"Msini",1.270000,109.3426,0.990000,5610.00,"Radial Velocity"
"Kepler-1614","Kepler-1614 b",1,3.94661410000,0.0471000000,1.49000000,0.12000000,-0.15000000,2.83000000,,,"M-R relationship",4.700000,276.3730,0.790000,5121.00,"Transit"
"Kepler-809","Kepler-809 b",1,55.63934000000,0.2901000000,3.01000000,0.67000000,-0.25000000,9.32000000,,,"M-R relationship",1.880000,13.1550,0.990000,5734.00,"Transit"
"Kepler-1018","Kepler-1018 b",1,49.10135140000,0.2530000000,2.58000000,0.30000000,-0.19000000,7.18000000,,,"M-R relationship",2.300000,12.0980,0.910000,5518.00,"Transit"
"HD 69123","HD 69123 b",1,1193.30000000000,2.4820000000,13.10000000,,,982.08977763,197.05361234,-92.17023803,"Mass",2.400000,4.7903,1.680000,4842.00,"Radial Velocity"
"HIP 111909","HIP 111909 c",2,893.63000000000,1.9700000000,13.90000000,,,257.44100967,25.42627256,-25.42627256,"Msini",0.527000,2.6982,1.280000,4891.00,"Radial Velocity"
"Kepler-896","Kepler-896 b",2,144.54739600000,0.5637800000,2.53000000,0.18000000,-0.19000000,6.94000000,,,"M-R relationship",2.350000,1.9900,0.840000,5262.00,"Transit"
"Kepler-568","Kepler-568 b",1,11.02347475000,0.0794000000,2.26000000,0.08000000,-0.08000000,5.73000000,,,"M-R relationship",2.730000,8.3700,0.550000,3768.00,"Transit"
"TOI-209","TOI-209 b",1,4.37943587445,,2.39472090,0.22229568,-0.19618434,6.32000000,,,"M-R relationship",2.530000,120.9360,0.810000,4806.66,"Transit"
"TOI-4734","TOI-4734 b",1,6.23563300000,0.0740000000,10.91754720,0.28022452,-0.25780656,61.65871096,10.48833743,-10.17050902,"Mass",0.260000,775.0000,1.391000,6070.00,"Transit"
"HD 114386","HD 114386 c",2,444.00000000000,1.0500000000,13.40000000,,,117.59651059,9.53485221,-9.53485221,"Msini",0.269000,0.2616,0.800000,4895.00,"Radial Velocity"
"Kepler-1606","Kepler-1606 b",1,196.43522400000,0.6421000000,2.07000000,0.23000000,-0.15000000,4.94000000,,,"M-R relationship",3.060000,1.2900,0.900000,5422.00,"Transit"
"Kepler-1923","Kepler-1923 b",1,52.60969925000,0.2846000000,1.95958179,,,4.50000000,,,"M-R relationship",3.290000,8.6300,1.109000,5881.00,"Transit"
"Kepler-1757","Kepler-1757 b",1,19.65640068000,0.1335000000,2.94660251,,,8.99000000,,,"M-R relationship",1.930000,21.5000,0.828000,5288.00,"Transit"
"WASP-21","WASP-21 b",1,4.32248200000,0.0520000000,11.99000000,0.56000000,-0.56000000,95.34500000,3.49600000,-3.49600000,"Mass",0.320000,705.0438,1.010000,5800.00,"Transit"
"Kepler-1181","Kepler-1181 c",2,8.93484887000,0.0928000000,1.83000000,0.64000000,-0.23000000,4.01000000,,,"M-R relationship",3.600000,377.2500,1.336000,6688.00,"Transit"
"HD 33564","HD 33564 b",1,388.00000000000,1.1000000000,12.50000000,,,2892.10000000,,,"Msini",8.140000,2.8331,1.250000,6250.00,"Radial Velocity"
"TOI-2886","TOI-2886 b",1,1.60200105000,0.0287100000,18.64053490,0.45956821,-0.39231432,444.95976980,73.10053361,-73.10053361,"Mass",0.377000,2560.0000,1.229000,6240.00,"Transit"
"HD 62549","HD 62549 b",1,14306.88519000000,11.8420000000,12.60000000,,,2707.58019923,665.21485585,-330.54154328,"Mass",7.440000,0.0121,1.080000,5930.46,"Radial Velocity"
"Kepler-499","Kepler-499 b",1,5.63252845300,0.0598000000,2.17000000,0.25000000,-0.16000000,5.35000000,,,"M-R relationship",2.880000,148.4560,0.870000,5312.00,"Transit"
"Kepler-210","Kepler-210 b",2,2.45323400000,0.0320000000,2.94000000,0.21000000,-0.21000000,8.96000000,,,"M-R relationship",1.940000,122.1390,0.770000,4559.00,"Transit"
"Kepler-785","Kepler-785 b",1,1.97376092600,0.0250000000,13.02000000,0.44000000,-0.53000000,,,,"Msini",,163.8620,0.770000,4739.00,"Transit"
"BD-210397","BD-210397 b",2,1891.00000000000,2.6300000000,14.00000000,,,214.00000000,31.00000000,-32.00000000,"Msini",0.429000,0.0200,0.679000,4051.00,"Radial Velocity"
"WASP-159","WASP-159 b",1,3.84040100000,0.0538000000,15.46842000,1.00881000,-1.00881000,174.80650000,25.42640000,-25.42640000,"Mass",0.280000,1599.9200,1.410000,6120.00,"Transit"
"HD 125612","HD 125612 c",3,4.15466000000,0.0510000000,4.07000000,,,15.57359194,2.54262726,-2.86045566,"Msini",1.270000,441.4278,1.050000,5900.00,"Radial Velocity"
"Wolf 1061","Wolf 1061 d",3,217.21000000000,0.4700000000,2.69000000,,,7.70000000,1.12000000,-1.06000000,"Msini",2.170000,0.0600,0.294000,3342.00,"Radial Velocity"
"HD 111591","HD 111591 b",1,1056.40000000000,2.5000000000,12.90000000,,,1398.45200000,127.13200000,-127.13200000,"Msini",3.580000,6.0912,1.940000,4884.00,"Radial Velocity"
"ups And","ups And c",3,241.25800000000,0.8277740000,12.30000000,,,4443.24112986,731.00533610,-1684.49055710,"Mass",13.100000,4.8931,1.300000,6156.77,"Radial Velocity"
"BD+03 2562","BD+03 2562 b",1,481.90000000000,1.3000000000,12.70000000,,,2034.11200000,413.17900000,-413.17900000,"Msini",5.460000,296.5605,1.140000,4095.00,"Radial Velocity"
"HATS-36","HATS-36 b",1,4.17518600000,0.0523000000,12.92000000,0.38000000,-0.38000000,1022.14128000,19.70546000,-19.70546000,"Mass",2.120000,561.0000,1.100000,5950.00,"Transit"
"K2-26","K2-26 b",1,14.56650000000,0.0962000000,2.67000000,0.46000000,-0.42000000,7.61000000,,,"M-R relationship",2.200000,5.8000,0.560000,3785.00,"Transit"
"Kepler-401","Kepler-401 b",3,14.38303500000,0.1220000000,1.71000000,0.40000000,-0.40000000,3.57000000,,,"M-R relationship",3.920000,254.2500,1.173000,6117.00,"Transit"
"Kepler-1082","Kepler-1082 b",1,1.54320660400,0.0257100000,1.12000000,0.18000000,-0.13000000,1.46000000,,,"M-R relationship",5.710000,2949.5570,1.030000,5923.00,"Transit"
"Kepler-1288","Kepler-1288 b",1,2.76122421000,0.0413500000,1.12000000,0.47000000,-0.16000000,1.46000000,,,"M-R relationship",5.710000,1342.5000,1.200000,6132.00,"Transit"
"Kepler-1163","Kepler-1163 b",1,6.11786898000,0.0686800000,1.03000000,0.17000000,-0.11000000,1.08000000,,,"M-R relationship",5.430000,511.7570,1.220000,6302.00,"Transit"
"CoRoT-24","CoRoT-24 b",2,5.11340000000,0.0560000000,3.70000000,0.40000000,-0.40000000,5.70000000,,,"Mass",0.900000,79.8260,0.910000,4950.00,"Transit"
"HIP 948","HIP 948 b",1,24955.45756000000,15.0370000000,12.10000000,,,6547.26518420,3132.51677939,-2705.67322879,"Mass",20.300000,0.0008,0.710000,4497.00,"Radial Velocity"
"HD 28185","HD 28185 c",2,9090.00000000000,8.5000000000,12.80000000,,,1906.97044200,190.69704420,-190.69704420,"Mass",5.000000,0.0134,0.974000,5602.00,"Radial Velocity"
"HAT-P-19","HAT-P-19 b",1,4.00878322000,0.0459900000,11.29865255,0.15692573,-0.14571675,88.03846874,5.40308292,-5.08525451,"Mass",0.335000,154.0000,0.807000,4962.00,"Transit"
"KIC 3558849","KIC 3558849 b",1,1322.30000000000,,6.90000000,1.00000000,-0.90000000,38.10000000,,,"M-R relationship",0.637000,,0.980000,6175.00,"Transit"
"K2-387","K2-387 b",1,28.73532700000,,7.32200000,0.26800000,-0.26400000,42.20000000,,,"M-R relationship",0.591000,,0.570000,3572.00,"Transit"
"GJ 1151","GJ 1151 c",1,389.70000000000,0.5714000000,3.25000000,,,10.62000000,1.31000000,-1.47000000,"Msini",1.700000,0.0102,0.163900,3280.00,"Radial Velocity"
"WASP-195","WASP-195 b",1,5.05192800000,0.0630000000,10.31226224,0.56044903,-0.56044903,33.05415433,9.53485221,-9.85268062,"Mass",0.160000,890.0000,1.300000,6300.00,"Transit"
"Kepler-574","Kepler-574 b",1,7.65880414000,0.0723000000,2.39000000,0.33000000,-0.16000000,6.30000000,,,"M-R relationship",2.540000,120.4700,0.950000,5612.00,"Transit"
"Kepler-82","Kepler-82 b",5,26.44000000000,0.1683000000,4.07000000,0.24000000,-0.10000000,12.15000000,0.96000000,-0.87000000,"Mass",0.980000,19.5580,0.910000,5401.00,"Transit"
"K2-239","K2-239 b",3,5.24000000000,0.0441000000,1.10000000,0.10000000,-0.10000000,1.37000000,,,"M-R relationship",5.660000,8.2270,0.400000,3420.00,"Transit"
"WASP-170","WASP-170 b",1,2.34478022000,0.0337000000,12.28506400,0.95276500,-0.95276500,508.52800000,63.56600000,-63.56600000,"Mass",1.600000,680.0000,0.930000,5600.00,"Transit"
"Kepler-830","Kepler-830 b",1,11.29695137000,0.1033000000,1.70000000,0.61000000,-0.25000000,3.53000000,,,"M-R relationship",3.950000,160.1800,1.070000,6037.00,"Transit"
"Kepler-1162","Kepler-1162 b",2,32.56370690000,0.1900000000,2.21000000,0.50000000,-0.21000000,5.52000000,,,"M-R relationship",2.810000,12.2450,0.890000,5390.00,"Transit"
"Kepler-1650","Kepler-1650 b",1,1.53818001000,0.0167000000,0.96000000,0.11000000,-0.10000000,0.84000000,,,"M-R relationship",5.220000,54.5620,0.326000,3410.00,"Transit"
"TOI-1269","TOI-1269 b",2,4.25299130000,0.0496000000,2.40144286,0.15036543,-0.07395390,6.40000000,3.00000000,-2.90000000,"Mass",2.530000,231.2034,0.902700,5499.00,"Transit"
"HATS-9","HATS-9 b",1,1.91529100000,0.0312000000,13.85000000,0.35000000,-0.35000000,266.02371000,9.21707000,-9.21707000,"Mass",0.626000,2292.0839,1.100000,5599.00,"Transit"
"HD 457","HD 457 b",1,20324.58153000000,15.3690000000,11.90000000,,,8445.33643080,5952.29040630,-3798.68512046,"Mass",27.500000,0.0088,1.150000,6114.04,"Radial Velocity"
"Kepler-100","Kepler-100 e",4,60.88858800000,0.3123915860,5.27000000,,,24.14271827,3.33214569,-3.33214569,"Msini",0.906000,25.4128,1.097000,5884.00,"Radial Velocity"
"Kepler-1439","Kepler-1439 b",1,8.07392849000,0.0594000000,1.46000000,0.14000000,-0.21000000,2.73000000,,,"M-R relationship",4.820000,9.0810,0.460000,3578.00,"Transit"
"Kepler-1352","Kepler-1352 b",1,1.87788274800,0.0288300000,0.89000000,0.25000000,-0.11000000,0.64000000,,,"M-R relationship",4.990000,1892.5860,1.110000,6118.00,"Transit"
"K2-346","K2-346 b",1,26.20144600000,,2.26000000,0.19000000,-0.10000000,5.73000000,,,"M-R relationship",2.730000,8.8138,0.710000,4801.00,"Transit"
"Kepler-1800","Kepler-1800 b",1,4.56202983900,0.0509800000,0.99679734,,,0.96100000,,,"M-R relationship",5.330000,242.0000,1.330000,5343.00,"Transit"
"TOI-5143","TOI-5143 c",1,5.20971180000,0.0560200000,16.25302201,2.01761653,-1.34507768,,,,"Msini",,158.1646,0.864000,5183.00,"Transit"
"HD 77946","HD 77946 b",1,6.52736300000,0.0730000000,2.89646124,0.18675590,-0.14235529,10.90000000,1.80000000,-1.70000000,"Mass",2.440000,413.1008,1.197300,6007.00,"Transit"
"TIC 67686059","TIC 67686059 b",1,3.52163529551,,2.59125922,0.41949600,-0.31487958,7.23000000,,,"M-R relationship",2.280000,,0.860000,5090.09,"Transit"
"Kepler-1202","Kepler-1202 b",1,28.68513240000,0.1790000000,2.94000000,0.91000000,-0.31000000,8.96000000,,,"M-R relationship",1.940000,23.8760,1.030000,5834.00,"Transit"
"K2-32","K2-32 b",4,8.99200000000,0.0795000000,5.29900000,0.19100000,-0.19100000,15.00000000,1.80000000,-1.70000000,"Mass",0.550000,79.5000,0.830000,5271.00,"Transit"
"Wolf 1061","Wolf 1061 c",3,17.87190000000,0.0890000000,1.66000000,,,3.41000000,0.43000000,-0.41000000,"Msini",4.100000,1.3000,0.294000,3342.00,"Radial Velocity"
"HD 111232","HD 111232 c",2,26472.44623000000,17.2500000000,12.20000000,,,5740.93451564,1337.73976506,-512.33939208,"Mass",17.400000,0.0023,0.960000,5512.00,"Radial Velocity"
"K2-393","K2-393 b",1,10.41318100000,,2.35200000,0.17500000,-0.16700000,6.13000000,,,"M-R relationship",2.590000,,0.881000,5678.00,"Transit"
"70 Vir","70 Vir b",1,116.68800000000,0.4810000000,12.60000000,,,2380.45000000,193.87000000,-193.87000000,"Mass",6.540000,12.2183,1.090000,5495.00,"Radial Velocity"
"HD 69830","HD 69830 b",3,8.66700000000,0.0785000000,3.17000000,,,10.20000000,,,"Msini",1.760000,97.7824,0.860000,5385.00,"Radial Velocity"
"TOI-4379","TOI-4379 b",1,3.25352000000,,16.69017226,0.88550948,-0.88550948,353.74301699,22.56581690,-22.56581690,"Mass",0.418000,2886.0903,1.372000,6020.00,"Transit"
"HIP 8541","HIP 8541 b",2,1852.14387000000,3.7290000000,12.60000000,,,2451.72833160,602.28483126,-32.73632592,"Mass",6.730000,1.4683,2.009000,4672.00,"Radial Velocity"
"TIC 34085383","TIC 34085383 b",1,3.47793368523,,3.91982296,0.40942416,-0.33426205,14.60000000,,,"M-R relationship",1.330000,,0.733000,4694.84,"Transit"
"Kepler-1995","Kepler-1995 b",1,73.75788750000,0.3259000000,4.28000000,2.21000000,-0.66000000,16.90000000,,,"M-R relationship",1.180000,4.6600,0.847000,5029.00,"Transit"
"TOI-1268","TOI-1268 b",1,8.15770940000,0.0711000000,9.10000000,0.60000000,-0.60000000,96.40000000,8.20000000,-8.30000000,"Mass",0.710000,91.0972,0.960000,5300.00,"Transit"
"HD 210277","HD 210277 b",1,442.19000000000,1.1300000000,13.60000000,,,410.00070000,15.89150000,-15.89150000,"Msini",0.896000,0.7275,1.010000,5538.00,"Radial Velocity"
"WASP-73","WASP-73 b",1,4.08722000000,0.0551200000,15.91678000,2.46598000,-2.46598000,908.99380000,292.40360000,-292.40360000,"Mass",1.596000,2242.3605,2.520000,6030.00,"Transit"
"Kepler-365","Kepler-365 b",2,10.66490300000,0.0980000000,2.04000000,0.97000000,-0.97000000,4.82000000,,,"M-R relationship",3.120000,132.1500,1.020000,6012.00,"Transit"
"Kepler-25","Kepler-25 c",3,12.72070000000,0.1117000000,5.21700000,0.07000000,-0.06500000,15.20000000,1.30000000,-1.60000000,"Mass",0.588000,210.1720,1.165000,6354.00,"Transit"
"Kepler-1258","Kepler-1258 b",1,0.98494016700,0.0182400000,0.86000000,0.13000000,-0.08000000,0.56600000,,,"M-R relationship",4.890000,2775.0000,0.990000,5839.00,"Transit"
"HD 99492","HD 99492 c",2,95.23300000000,,4.42000000,,,17.90000000,1.30000000,-1.30000000,"Msini",1.140000,,0.850000,4929.00,"Radial Velocity"
"Qatar-9","Qatar-9 b",1,1.54073100000,0.0234000000,11.30988100,0.15692600,-0.15692600,378.21770000,50.85280000,-50.85280000,"Mass",1.430000,210.6690,0.719000,4309.00,"Transit"
"WASP-132","WASP-132 d",3,1816.60000000000,2.7100000000,12.80000000,,,1639.99458012,165.27077164,-165.27077164,"Msini",4.300000,0.0363,0.789000,4686.00,"Radial Velocity"
"K2-385","K2-385 b",1,2.38086700000,,1.53900000,0.14500000,-0.12600000,2.98000000,,,"M-R relationship",4.490000,,0.927000,4844.00,"Transit"
"Kepler-33","Kepler-33 f",5,41.02902000000,0.2535000000,4.46000000,0.41000000,-0.41000000,9.60000000,1.70000000,-1.80000000,"Mass",0.900000,53.1830,1.291000,5904.00,"Transit"
"Kepler-19","Kepler-19 b",3,9.28699000000,0.0846000000,2.20900000,0.04800000,-0.04800000,6.10000000,2.80000000,-2.70000000,"Mass",3.100000,87.6000,0.936000,5541.00,"Transit"
"TOI-3364","TOI-3364 b",1,5.87689180000,0.0675000000,12.22899794,0.42594127,-0.35868738,530.77343969,38.13940884,-41.31769291,"Mass",1.600000,425.0000,1.186000,5706.00,"Transit"
"Kepler-129","Kepler-129 b",3,15.79000000000,0.1300000000,2.40000000,0.04000000,-0.04000000,20.00000000,,,"Msini",8.100000,158.3060,1.178000,5770.00,"Transit"
"Kepler-1633","Kepler-1633 b",1,186.40427100000,0.3875000000,1.58000000,0.65000000,-0.25000000,3.12000000,,,"M-R relationship",4.350000,26.2580,1.200000,6256.00,"Transit"
"K2-348","K2-348 c",2,12.55017100000,,2.67000000,0.23000000,-0.11000000,7.61000000,,,"M-R relationship",2.200000,,0.830000,5077.00,"Transit"
"Kepler-446","Kepler-446 b",3,1.56540900000,0.0182000000,1.50000000,0.25000000,-0.25000000,2.86000000,,,"M-R relationship",4.660000,16.2130,0.220000,3359.00,"Transit"
"Kepler-1772","Kepler-1772 b",1,3.21509003600,0.0439100000,2.68609988,,,7.68000000,,,"M-R relationship",2.180000,1485.0000,0.942000,5541.00,"Transit"
"K2-330","K2-330 b",1,13.77479800000,,2.77000000,0.14000000,-0.09000000,8.10000000,,,"M-R relationship",2.090000,114.9290,1.230000,6232.00,"Transit"
"HD 6718","HD 6718 b",1,2476.00000000000,3.5300000000,13.30000000,,,762.78817680,95.34852210,-63.56568140,"Mass",1.780000,0.0907,0.960000,5746.00,"Radial Velocity"
"HAT-P-53","HAT-P-53 b",1,1.96162410000,0.0315900000,14.77346200,1.02001900,-1.02001900,471.65972000,17.79848000,-17.79848000,"Mass",0.800000,1400.0226,1.093000,5956.00,"Transit"
"Kepler-399","Kepler-399 c",3,26.67569000000,0.1550000000,1.43000000,0.77000000,-0.77000000,2.63000000,,,"M-R relationship",4.940000,15.6900,0.902000,5502.00,"Transit"
"Kepler-984","Kepler-984 b",1,43.03422720000,0.2368800000,2.12000000,0.13000000,-0.11000000,5.14000000,,,"M-R relationship",2.960000,13.9910,0.960000,5610.00,"Transit"
"Kepler-665","Kepler-665 b",1,16.01310205000,0.1148000000,2.60000000,0.15000000,-0.15000000,7.27000000,,,"M-R relationship",2.270000,20.7190,0.790000,4913.00,"Transit"
"Kepler-789","Kepler-789 b",1,8.63847725000,0.0951000000,2.12000000,0.42000000,-0.23000000,5.14000000,,,"M-R relationship",2.960000,312.3400,1.010000,5870.00,"Transit"
"Kepler-188","Kepler-188 c",2,5.99655300000,0.0660000000,3.19000000,1.45000000,-1.45000000,10.30000000,,,"M-R relationship",1.740000,257.3480,1.021000,6021.00,"Transit"
"HD 110113","HD 110113 b",2,2.54100000000,0.0350000000,2.05000000,0.12000000,-0.12000000,4.55000000,0.62000000,-0.62000000,"Mass",2.900000,735.4900,0.997000,5732.00,"Transit"
"K2-118","K2-118 b",1,50.92092000000,0.2450000000,2.54000000,0.23000000,-0.20000000,6.99000000,,,"M-R relationship",2.340000,4.3000,0.756446,4726.29,"Transit"
"HD 86950","HD 86950 b",1,1270.00000000000,2.7200000000,13.00000000,,,1144.18800000,222.48100000,-222.48100000,"Msini",2.860000,4.9065,1.660000,4805.00,"Radial Velocity"
"HD 12484","HD 12484 b",1,58.83000000000,0.2970000000,13.20000000,,,947.13340000,44.49620000,-44.49620000,"Msini",2.260000,11.9305,1.010000,5920.00,"Radial Velocity"
"Kepler-1073","Kepler-1073 d",3,2.50476002700,0.0352000000,1.48770949,,,2.82000000,,,"M-R relationship",4.710000,828.5900,0.924000,5509.00,"Transit"
"GJ 3942","GJ 3942 b",1,6.90500000000,0.0608000000,2.57000000,,,7.14000000,0.59000000,-0.59000000,"Msini",2.310000,20.5207,0.630000,3867.00,"Radial Velocity"
"Kepler-324","KOI-1831 d",4,34.16900000000,0.1992400000,1.13000000,0.05000000,-0.05000000,2.23000000,0.50000000,-0.84000000,"Mass",9.950000,11.8000,0.901000,5233.00,"Transit"
"HD 41004 B","HD 41004 B b",2,1.32830000000,,12.10000000,,,5838.29000000,69.92000000,-69.92000000,"Msini",18.100000,,0.400000,5036.00,"Radial Velocity"
"GJ 1002","GJ 1002 c",2,21.20200000000,0.0738000000,1.10000000,,,1.36000000,0.17000000,-0.17000000,"Msini",5.610000,0.2570,0.120000,3024.00,"Radial Velocity"
"Kepler-1089","Kepler-1089 b",1,5.13248561800,0.0497000000,1.83000000,0.10000000,-0.34000000,4.01000000,,,"M-R relationship",3.600000,26.2660,0.520000,3753.00,"Transit"
"TOI-1799","TOI-1799 b",1,7.09457086500,0.0725020000,1.64200000,0.22700000,-0.16800000,4.00000000,1.70000000,-1.80000000,"Mass",7.510000,164.2600,1.010000,5690.00,"Transit"
"HD 151450","HD 151450 b",2,21.89288000000,0.1600000000,6.94000000,,,38.45723725,6.03873973,-7.94571018,"Msini",0.632000,66.5618,1.140000,6091.98,"Radial Velocity"
"HD 37124","HD 37124 c",3,885.50000000000,1.7100000000,14.10000000,,,207.22516000,16.52716000,-16.52716000,"Msini",0.406000,0.2641,0.850000,5698.64,"Radial Velocity"
"K2-116","K2-116 b",1,4.65541100000,0.0480000000,0.69000000,0.04000000,-0.04000000,0.25700000,,,"M-R relationship",4.300000,78.6000,0.694512,4348.35,"Transit"
"Kepler-1589","Kepler-1589 b",1,0.99166527400,0.0205000000,1.09000000,0.44000000,-0.17000000,1.32000000,,,"M-R relationship",5.600000,5228.7850,1.180000,6166.00,"Transit"
"GJ 328","GJ 328 c",2,241.80000000000,0.6570000000,4.91000000,,,21.40000000,3.40000000,-3.20000000,"Msini",0.993000,0.1927,0.650000,3897.00,"Radial Velocity"
"HD 47366","HD 47366 c",2,677.53000000000,1.8400000000,13.50000000,,,483.73483545,22.88364530,-22.24798849,"Msini",1.080000,7.7091,1.810000,4866.00,"Radial Velocity"
"HD 136418","HD 136418 b",1,464.29999000000,1.2900000000,13.30000000,,,680.15620000,47.67450000,-47.67450000,"Msini",1.590000,4.0863,1.480000,4989.00,"Radial Velocity"
"Kepler-118","Kepler-118 b",2,7.51849600000,0.0730000000,1.96000000,0.94000000,-0.94000000,4.50000000,,,"M-R relationship",3.280000,79.7530,0.811000,5274.00,"Transit"
"WASP-3","WASP-3 b",1,1.84683000000,0.0315000000,15.91678000,1.90553000,-1.90553000,772.32690000,168.44990000,-168.44990000,"Mass",0.890000,1845.3000,1.620000,6400.00,"Transit"
"Kepler-741","Kepler-741 b",1,7.03902374000,0.0744000000,2.97000000,1.01000000,-0.35000000,9.11000000,,,"M-R relationship",1.910000,461.9930,1.160000,6129.00,"Transit"
"Kepler-355","Kepler-355 c",2,25.76229400000,0.1790000000,2.71000000,1.22000000,-1.22000000,7.80000000,,,"M-R relationship",2.150000,49.9730,0.933000,6184.00,"Transit"
"Kepler-1078","Kepler-1078 b",1,3.00725242000,0.0388000000,1.90000000,0.30000000,-0.33000000,4.27000000,,,"M-R relationship",3.420000,373.9900,0.940000,5612.00,"Transit"
"HD 16417","HD 16417 b",1,17.24000000000,0.1400000000,5.00000000,,,22.10000000,2.00000000,-2.00000000,"Msini",0.972000,141.5514,1.200000,5841.00,"Radial Velocity"
"Kepler-353","Kepler-353 c",2,8.41089400000,0.0650000000,1.38000000,0.07000000,-0.07000000,2.48000000,,,"M-R relationship",5.190000,16.5610,0.553000,3903.00,"Transit"
"Kepler-1259","Kepler-1259 b",1,0.66308525800,0.0141000000,1.43000000,0.07000000,-0.10000000,2.63000000,,,"M-R relationship",4.940000,2460.5820,0.800000,5053.00,"Transit"
"K2-5","K2-5 b",2,5.73594000000,0.0532000000,1.91000000,0.44000000,-0.44000000,4.31000000,,,"M-R relationship",3.400000,24.1000,0.610000,3930.00,"Transit"
"Kepler-771","Kepler-771 b",1,8.73485836000,0.0843000000,1.82000000,0.31000000,-0.21000000,3.97000000,,,"M-R relationship",3.620000,339.2960,1.030000,5906.00,"Transit"
"HAT-P-66","HAT-P-66 b",1,2.97208600000,0.0436300000,17.82231000,1.79344000,-1.12090000,248.86089000,18.11631000,-18.11631000,"Mass",0.242000,1939.5100,1.255000,6002.00,"Transit"
"Kepler-827","Kepler-827 b",1,51.92927591000,0.2742000000,5.63000000,0.70000000,-0.46000000,27.00000000,,,"M-R relationship",0.831000,23.6020,0.930000,5602.00,"Transit"
"K2-315","K2-315 b",1,3.14431890000,,0.95000000,0.05800000,-0.05800000,0.80900000,,,"M-R relationship",5.180000,7.4500,0.174000,3300.00,"Transit"
"K2-174","K2-174 b",1,19.56230700000,0.1260000000,2.60000000,0.10000000,-0.10000000,7.27000000,,,"M-R relationship",2.270000,10.9555,0.700000,4455.00,"Transit"
"TOI-756","TOI-756 c",2,149.40000000000,0.4390000000,13.00000000,,,1287.20504835,34.96112477,-34.96112477,"Msini",3.220000,0.2400,0.505000,3657.00,"Radial Velocity"
"HD 176986","HD 176986 c",3,16.81240000000,0.1187300000,,,,2097.98531461,,,"Mass",,22.9000,0.789000,4931.00,"Radial Velocity"
"Kepler-1359","Kepler-1359 b",1,59.49709520000,0.2665700000,2.83000000,0.45000000,-0.32000000,8.40000000,,,"M-R relationship",2.040000,2.4510,0.780000,4709.00,"Transit"
"Kepler-750","Kepler-750 c",2,4.08899022000,0.0500900000,1.62000000,0.65000000,-0.22000000,3.26000000,,,"M-R relationship",4.210000,778.5920,1.150000,6160.00,"Transit"
"Kepler-108","Kepler-108 c",2,190.32349400000,0.7210000000,8.18000000,0.51000000,-0.51000000,50.90000000,,,"M-R relationship",0.511000,7.8000,1.247000,5854.00,"Transit"
"TOI-3593","TOI-3593 b",1,3.82128670000,0.0481000000,11.02963701,0.31385146,-0.29143350,565.73456446,28.60455663,-41.31769291,"Mass",2.310000,308.0000,1.015000,5550.00,"Transit"
"HD 238090","HD 238090 b",1,13.67100000000,0.0932000000,2.52000000,,,6.89000000,0.92000000,-0.95000000,"Msini",2.370000,8.1000,0.578000,3933.00,"Radial Velocity"
"Kepler-1621","Kepler-1621 b",1,92.26371400000,0.4204000000,2.16000000,0.80000000,-0.37000000,5.31000000,,,"M-R relationship",2.900000,14.0550,1.150000,6158.00,"Transit"
"Kepler-278","Kepler-278 c",2,51.11100000000,0.2870000000,3.26800000,0.06700000,-0.06700000,34.90000000,9.90000000,-21.00000000,"Mass",5.500000,54.3000,1.227000,4965.00,"Transit"
"Kepler-1784","Kepler-1784 b",1,13.59049988000,0.1072000000,2.79936489,,,8.24000000,,,"M-R relationship",2.060000,64.8000,0.887000,5442.00,"Transit"
"HD 75898","HD 75898 b",2,422.82000000000,1.2025000000,13.20000000,,,810.46243785,12.71313628,-12.71313628,"Msini",1.940000,1.9945,1.295000,6122.00,"Radial Velocity"
"Kepler-1459","Kepler-1459 b",1,62.86916110000,0.2829000000,1.36000000,0.10000000,-0.08000000,2.42000000,,,"M-R relationship",5.290000,3.5110,0.780000,4828.00,"Transit"
"TOI-2267 A","TOI-2267 c",3,3.49504120000,0.0263000000,1.14000000,0.13000000,-0.13000000,1.55000000,,,"M-R relationship",5.750000,4.7000,0.171000,3030.00,"Transit"
"Kepler-450","Kepler-450 c",3,15.41313500000,0.1335100000,2.62000000,0.14000000,-0.14000000,12.50000000,3.20000000,-2.60000000,"Mass",8.800000,213.7310,1.190000,6197.21,"Transit"
"GJ 687","GJ 687 c",2,727.56200000000,1.1650000000,4.14000000,,,16.00000000,4.10000000,-4.10000000,"Msini",1.240000,0.0157,0.400000,3413.00,"Radial Velocity"
"Kepler-380","Kepler-380 c",2,7.63000400000,0.0780000000,1.27000000,0.28000000,-0.28000000,2.15000000,,,"M-R relationship",5.770000,333.5650,0.990000,6045.00,"Transit"
"HATS-39","HATS-39 b",1,4.57763480000,0.0600700000,17.59813000,1.34508000,-1.34508000,200.23290000,41.31790000,-41.31790000,"Mass",0.202000,1547.1014,1.379000,6572.00,"Transit"
"TOI-4507","TOI-4507 b",1,104.61611000000,0.4560000000,8.20000000,0.10000000,-0.10000000,20.00000000,,,"Mass",0.200000,23.5778,1.110000,6260.00,"Transit"
"K2-151","K2-151 b",1,3.83547600000,0.0373000000,1.49000000,0.08000000,-0.08000000,2.83000000,,,"M-R relationship",4.700000,20.8000,0.470000,3695.00,"Transit"
"TOI-707","TOI-707 b",1,52.79918000000,0.2750000000,2.41600000,0.09800000,-0.09800000,6.42000000,,,"M-R relationship",2.500000,10.9718,0.990000,5424.00,"Transit"
"TOI-205","TOI-205 b",1,4.25300773815,,2.50121142,0.23968778,-0.21681012,6.81000000,,,"M-R relationship",2.390000,1740.9224,1.200000,6302.74,"Transit"
"Kepler-286","Kepler-286 b",4,1.79630200000,0.0270000000,1.24000000,0.25000000,-0.25000000,2.07000000,,,"M-R relationship",5.970000,850.1000,0.830000,5580.00,"Transit"
"K2-284","K2-284 b",1,4.79506900000,0.0477100000,2.78000000,0.14000000,-0.12000000,8.15000000,,,"M-R relationship",2.080000,42.6000,0.630000,4140.00,"Transit"
"HIP 109384","HIP 109384 b",1,499.48000000000,1.1340000000,13.50000000,,,495.81480000,25.42640000,-25.42640000,"Msini",1.110000,0.3732,0.780000,5180.00,"Radial Velocity"
"Kepler-65","Kepler-65 e",4,258.80000000000,0.8539307544,13.90000000,,,260.00000000,200.00000000,-50.00000000,"Mass",0.532000,4.0231,1.248000,6220.00,"Radial Velocity"
"Kepler-803","Kepler-803 b",1,50.28638192000,0.2672100000,3.79000000,0.55000000,-0.38000000,13.80000000,,,"M-R relationship",1.390000,20.8820,1.050000,5919.00,"Transit"
"Kepler-418","Kepler-418 c",2,12.21829987000,0.1063200000,5.22108654,,,23.70000000,,,"M-R relationship",0.915000,107.6000,0.957000,5822.00,"Transit"
"BD+37 3172","BD+37 3172 b",1,1887.76000000000,4.6500000000,12.40000000,,,3368.98111420,,,"Msini",9.710000,31.9959,3.750000,4500.00,"Radial Velocity"
"Kepler-1895","Kepler-1895 b",1,6.07029008900,0.0615000000,2.11934728,,,5.14000000,,,"M-R relationship",2.970000,91.4500,0.860000,5076.00,"Transit"
"Kepler-1384","Kepler-1384 b",1,15.36262753000,0.1126000000,1.94000000,0.43000000,-0.20000000,4.42000000,,,"M-R relationship",3.330000,32.2300,0.780000,4919.00,"Transit"
"Kepler-1042","Kepler-1042 b",1,10.13202575000,0.0756000000,2.19000000,0.11000000,-0.16000000,5.43000000,,,"M-R relationship",2.840000,25.6600,0.750000,4815.00,"Transit"
"Kepler-1695","Kepler-1695 b",1,4.73290000000,0.0529000000,1.11948901,,,1.46000000,,,"M-R relationship",5.720000,198.5700,0.960000,5473.19,"Transit"
"TOI-1431","TOI-1431 b",1,2.65023700000,0.0460000000,16.70138124,0.56044903,-0.56044903,991.62462984,57.20911326,-57.20911326,"Mass",1.170000,5300.0000,1.900000,7690.00,"Transit"
"Kepler-333","Kepler-333 c",2,24.08821000000,0.1350000000,1.11000000,0.20000000,-0.20000000,1.41000000,,,"M-R relationship",5.670000,7.0490,0.601000,4259.00,"Transit"
"HD 153557","HD 153557 c",3,15.27018000000,0.1110000000,4.36000000,,,17.48056238,1.58914204,-1.90697044,"Msini",1.160000,22.2262,0.790000,4837.00,"Radial Velocity"
"Kepler-422","Kepler-422 b",1,7.89144830000,0.0820000000,12.89000000,1.23000000,-1.23000000,136.66000000,41.32000000,-41.32000000,"Mass",0.380000,264.9830,1.150000,5972.00,"Transit"
"Kepler-65","Kepler-65 d",4,8.13123000000,0.0840000000,1.52000000,0.04000000,-0.04000000,4.14000000,0.79000000,-0.80000000,"Mass",5.700000,394.5490,1.250000,6211.00,"Transit"
"K2-136","K2-136 b",3,7.97525000000,0.0707000000,1.01400000,0.05000000,-0.04900000,4.30000000,,,"Mass",24.000000,33.5000,0.742000,4500.00,"Transit"
"KELT-16","KELT-16 b",1,0.96899510000,0.0204400000,15.86073500,0.94155600,-0.75100300,874.03250000,50.85280000,-47.67450000,"Mass",1.200000,6992.0328,1.211000,6236.00,"Transit"
"Kepler-329","Kepler-329 b",2,7.41639700000,0.0610000000,1.40000000,0.25000000,-0.25000000,2.54000000,,,"M-R relationship",5.090000,40.6890,0.602000,4257.00,"Transit"
"K2-198","K2-198 d",3,7.45001770000,,2.43800000,0.13000000,-0.05600000,6.52000000,,,"M-R relationship",2.470000,,0.799000,5212.90,"Transit"
"HATS-15","HATS-15 b",1,1.74748753000,0.0271200000,12.38594500,0.44836000,-0.44836000,689.69110000,47.67450000,-47.67450000,"Mass",1.970000,2201.3363,0.871000,5311.00,"Transit"
"TOI-5349","TOI-5349 b",1,3.31792100000,0.0369000000,10.20000000,0.30000000,-0.30000000,127.40000000,5.80000000,-5.50000000,"Mass",0.660000,44.5000,0.610000,3751.00,"Transit"
"Kepler-1094","Kepler-1094 b",1,78.10002310000,0.3625000000,3.18000000,1.20000000,-0.46000000,10.20000000,,,"M-R relationship",1.740000,10.3360,1.140000,6112.00,"Transit"
"KOI-12","Kepler-448 c",2,2500.00000000000,4.2000000000,12.00000000,,,6992.26000000,2224.81000000,-1589.15000000,"Mass",22.200000,0.2399,1.500000,6635.00,"Transit Timing Variations"
"Kepler-48","Kepler-48 b",5,4.77800000000,0.0539400000,1.88000000,0.10000000,-0.10000000,3.94000000,2.10000000,-2.10000000,"Mass",3.230000,173.1200,0.880000,5194.00,"Transit"
"Pr0211","Pr0211 c",2,4850.00000000000,5.5000000000,12.60000000,,,2475.89570000,104.88390000,-104.88390000,"Msini",6.800000,0.0152,0.935000,5300.00,"Radial Velocity"
"Kepler-1856","Kepler-1856 b",1,1.30200004600,0.0215000000,1.73447868,,,3.66000000,,,"M-R relationship",3.850000,772.7300,0.782000,4948.00,"Transit"
"HD 12235","HD 12235 c",2,36336.70679000000,22.2100000000,12.50000000,,,3135.69506346,1013.87261833,-566.05239287,"Mass",8.820000,0.0076,1.100000,5986.00,"Radial Velocity"
"HD 75784","HD 75784 b",2,341.20000000000,1.0320000000,13.80000000,,,317.83000000,44.49620000,-44.49620000,"Msini",0.665000,5.3535,1.260000,4867.00,"Radial Velocity"
"Kepler-1187","Kepler-1187 b",1,18.87064068000,0.1401000000,2.61000000,0.51000000,-0.28000000,7.32000000,,,"M-R relationship",2.260000,72.9570,1.060000,5975.00,"Transit"
"Kepler-164","Kepler-164 e",4,94.88690200000,0.4025000000,4.24000000,0.69000000,-0.56000000,16.70000000,,,"M-R relationship",1.200000,7.9900,0.966000,5888.00,"Transit"
"TOI-2981","TOI-2981 b",1,3.60150100000,0.0480000000,13.40000000,0.42000000,-0.42000000,638.00000000,33.00000000,-33.00000000,"Mass",1.460000,556.6160,1.030000,5940.00,"Transit"
"GJ 3512","GJ 3512 b",2,203.10900000000,0.3376000000,14.30000000,,,146.51889563,7.31005336,-7.31005336,"Msini",0.275000,0.0138,0.123000,3141.00,"Radial Velocity"
"GJ 876","GJ 876 c",4,30.08810000000,0.1295900000,14.00000000,,,226.98460000,1.23950000,-1.23950000,"Mass",0.455000,0.7384,0.320000,3293.74,"Radial Velocity"
"Kepler-266","Kepler-266 b",2,6.61833000000,0.0710000000,2.48000000,1.20000000,-1.20000000,6.71000000,,,"M-R relationship",2.420000,230.4030,0.947000,5885.00,"Transit"
"K2-133","K2-133 e",4,26.58410000000,0.1346000000,1.73000000,0.14000000,-0.13000000,3.64000000,,,"M-R relationship",3.860000,1.8000,0.461000,3655.00,"Transit"
"Kepler-604","Kepler-604 b",1,25.85501786000,0.1735000000,2.59000000,0.49000000,-0.27000000,7.22000000,,,"M-R relationship",2.280000,46.9820,1.020000,5890.00,"Transit"
"HD 332231","HD 332231 b",1,18.71202400000,0.1450000000,9.07303305,0.18720815,-0.17534239,74.10000000,5.60000000,-5.40000000,"Mass",0.550000,98.0900,1.164200,6128.00,"Transit"
"NGTS-9","NGTS-9 b",1,4.43527000000,0.0580000000,11.99363000,0.67254000,-0.67254000,921.70700000,54.03110000,-54.03110000,"Mass",2.930000,729.0000,1.340000,6330.00,"Transit"
"Kepler-1569","Kepler-1569 b",1,5.79180156000,0.0666900000,1.68000000,0.73000000,-0.31000000,3.46000000,,,"M-R relationship",4.010000,495.6520,1.250000,6319.00,"Transit"
"Kepler-1100","Kepler-1100 b",1,6.42200058000,0.0674500000,1.75000000,0.82000000,-0.29000000,3.71000000,,,"M-R relationship",3.800000,238.5080,1.210000,6247.00,"Transit"
"Kepler-1121","Kepler-1121 b",1,13.15141081000,0.1181800000,1.91000000,0.48000000,-0.46000000,4.31000000,,,"M-R relationship",3.400000,205.2720,1.290000,6231.00,"Transit"
"Kepler-303","Kepler-303 b",2,1.93705500000,0.0240000000,0.89000000,0.05000000,-0.05000000,0.64000000,,,"M-R relationship",4.990000,145.4360,0.575000,3944.00,"Transit"
"TOI-4603","TOI-4603 b",1,7.24599000000,0.0888000000,11.67975789,0.42594127,-0.39231432,4096.80816623,184.34047606,-181.16219199,"Mass",14.100000,1192.0000,1.765000,6264.00,"Transit"
"TOI-1224","TOI-1224 b",2,4.17827450000,0.0355000000,2.10400000,0.09400000,-0.09100000,5.08000000,,,"M-R relationship",3.000000,13.9295,0.400000,3326.00,"Transit"
"Kepler-1373","Kepler-1373 b",1,1.29123275000,0.0259800000,1.16000000,0.54000000,-0.19000000,1.65000000,,,"M-R relationship",5.810000,8385.9000,1.220000,6299.00,"Transit"
"HAT-P-46","HAT-P-46 b",1,4.46312900000,0.0577000000,14.39200000,3.03800000,-1.49100000,156.68400000,26.06100000,-16.52600000,"Mass",0.280000,1405.4798,1.284000,6120.00,"Transit"
"HD 39855","HD 39855 b",1,3.24980000000,0.0410000000,2.85000000,,,8.50000000,1.50000000,-1.50000000,"Msini",2.020000,287.2000,0.870000,5576.00,"Radial Velocity"
"Kepler-1626","Kepler-1626 b",1,4.13962966000,0.0537000000,2.02000000,0.66000000,-0.43000000,4.74000000,,,"M-R relationship",3.160000,1328.6540,1.510000,6826.00,"Transit"
"Kepler-1845","Kepler-1845 b",1,11.60649967000,0.0885000000,2.43836702,,,6.52000000,,,"M-R relationship",2.470000,27.4700,0.686000,4703.00,"Transit"
"TOI-5938","TOI-5938 b",1,2.26042400000,0.0308000000,3.82000000,0.11000000,-0.11000000,14.00000000,,,"M-R relationship",1.380000,249.2730,0.744000,4650.00,"Transit"
"K2-188","K2-188 b",2,1.74216900000,0.0289000000,1.35000000,0.11000000,-0.11000000,2.39000000,,,"M-R relationship",5.340000,1945.6975,1.060000,5977.00,"Transit"
"Kepler-1107","Kepler-1107 b",1,0.57103851800,0.0128500000,1.34000000,0.10000000,-0.08000000,2.36000000,,,"M-R relationship",5.390000,2387.2610,0.860000,5268.00,"Transit"
"Kepler-1472","Kepler-1472 b",1,38.13128310000,0.2322000000,1.90000000,0.76000000,-0.36000000,4.27000000,,,"M-R relationship",3.420000,57.0790,1.160000,6159.00,"Transit"
"Kepler-631","Kepler-631 b",1,17.97979059000,0.1401700000,2.90000000,0.32000000,-0.23000000,8.75000000,,,"M-R relationship",1.970000,94.1370,1.240000,6185.00,"Transit"
"Kepler-1656","Kepler-1656 b",2,31.56200000000,0.1974000000,4.57400000,0.10600000,-0.10600000,47.80000000,6.20000000,-3.30000000,"Mass",2.130000,24.6000,1.030000,5569.00,"Transit"
"K2-182","K2-182 b",1,4.73696960000,0.0517400000,2.71257333,0.11096891,-0.09079274,20.97667486,5.40308292,-5.08525451,"Mass",5.700000,146.9000,0.823000,5128.00,"Transit"
"Kepler-1286","Kepler-1286 b",1,11.25402929000,0.0991000000,2.15000000,0.45000000,-0.18000000,5.27000000,,,"M-R relationship",2.910000,151.7700,1.000000,5753.00,"Transit"
"Kepler-603","Kepler-603 b",3,21.05358596000,0.1605200000,2.65000000,0.59000000,-0.26000000,7.51000000,,,"M-R relationship",2.220000,97.8000,1.010000,5808.00,"Transit"
"TOI-1811","TOI-1811 b",1,3.71307650000,0.0438900000,11.14172682,0.28022452,-0.25780656,308.92921160,24.15495893,-24.79061575,"Mass",1.230000,55.9743,0.817000,4766.00,"Transit"
"Kepler-1270","Kepler-1270 b",1,6.03356196000,0.0704500000,3.32000000,0.30000000,-0.65000000,11.00000000,,,"M-R relationship",1.650000,1217.3950,1.280000,5047.00,"Transit"
"TOI-2345","TOI-2345 c",2,21.06430200000,0.1257000000,2.45100000,0.04500000,-0.04600000,7.27000000,2.27000000,-2.45000000,"Mass",2.710000,14.5700,0.727000,4687.00,"Transit"
"TOI-2818","TOI-2818 b",1,4.03970900000,0.0493000000,15.27784069,0.51561311,-0.50440413,225.65816897,82.63538582,-82.63538582,"Mass",0.340000,598.0000,0.977000,5721.00,"Transit"
"VHS J125601.92-125723.9","VHS J125601.92-125723.9 b",1,5800000.00000000000,350.0000000000,13.67495645,,,5085.25451200,317.82840700,-317.82840700,"Mass",10.900000,0.0000,0.070000,2620.00,"Imaging"
"K2-252","K2-252 b",1,13.81513000000,0.1041000000,1.74000000,0.17000000,-0.12000000,3.68000000,,,"M-R relationship",3.840000,36.0315,0.790000,5152.00,"Transit"
"Kepler-356","Kepler-356 c",2,13.12163200000,0.1150000000,1.81000000,0.33000000,-0.33000000,3.93000000,,,"M-R relationship",3.640000,209.3680,1.163000,6133.00,"Transit"
"PSR J1719-1438","PSR J1719-1438 b",1,0.09070629300,0.0044000000,,,,382.80000000,,,"Mass",23.000000,,1.400000,4500.00,"Pulsar Timing"
"HD 47536","HD 47536 b",1,712.13000000000,1.9300000000,12.60000000,,,2330.00000000,750.00000000,-750.00000000,"Msini",6.400000,47.5699,2.100000,4380.00,"Radial Velocity"
"Kepler-1149","Kepler-1149 b",1,3.73089898000,0.0473000000,1.44000000,0.26000000,-0.17000000,2.67000000,,,"M-R relationship",4.910000,653.8310,1.020000,5833.00,"Transit"
"TOI-1756","TOI-1756 b",1,2.78301736297,,1.94225664,0.34679104,-0.20376951,4.43000000,,,"M-R relationship",3.320000,55.5824,0.556454,3891.86,"Transit"
"HD 156098","HD 156098 b",2,21.85849000000,0.1670000000,4.12000000,,,15.89142035,3.49611248,-1.27131363,"Msini",1.250000,416.9726,1.290000,6419.19,"Radial Velocity"
"HD 6434","HD 6434 b",1,21.99800000000,0.1400000000,14.20000000,,,155.73670000,12.71320000,-12.71320000,"Msini",0.299000,57.2458,1.100000,5769.00,"Radial Velocity"
"TOI-2095","TOI-2095 c",2,28.17232000000,0.1370000000,1.33000000,0.08000000,-0.08000000,7.40000000,,,"Mass",,1.8400,0.440000,3759.00,"Transit"
"Kepler-847","Kepler-847 b",1,2.34323189500,0.0315000000,1.18000000,0.09000000,-0.05000000,1.76000000,,,"M-R relationship",5.890000,292.3100,0.830000,4940.00,"Transit"
"DMPP-9","DMPP-9 b",1,12.73300000000,0.1097000000,3.89000000,,,14.43000000,2.57000000,-2.36000000,"Msini",1.350000,176.6011,1.100000,6092.00,"Radial Velocity"
"Kepler-122","Kepler-122 c",5,12.46598800000,0.1080000000,5.87000000,1.16000000,-1.16000000,29.00000000,,,"M-R relationship",0.788000,160.4990,0.982000,6050.00,"Transit"
"TIC 87422071","TIC 87422071 b",1,11.36492900000,0.1060000000,10.86150230,0.97518132,-0.94155438,409.99864503,31.78284070,-34.96112477,"Mass",1.878500,140.9250,1.239000,6150.00,"Transit"
"HD 32963","HD 32963 b",1,2372.00000000000,3.4100000000,13.40000000,,,657.90480249,263.79757781,-203.41018048,"Mass",1.500000,0.0996,0.940000,5727.00,"Radial Velocity"
"Kepler-1516","Kepler-1516 b",1,7.25931979000,0.0718000000,1.75000000,0.49000000,-0.19000000,3.71000000,,,"M-R relationship",3.800000,615.2530,1.040000,5904.00,"Transit"
"HD 73344","HD 73344 c",3,65.94000000000,0.3388000000,13.50000000,,,118.54999581,6.99222495,-6.67439655,"Msini",0.265000,15.9205,1.190000,6148.00,"Radial Velocity"
"GJ 163","GJ 163 c",3,25.63058000000,0.1254000000,2.50000000,,,6.80000000,0.90000000,-0.90000000,"Msini",2.390000,1.2457,0.400000,3500.00,"Radial Velocity"
"WTS-2","WTS-2 b",1,1.01870680000,0.0185500000,15.27786700,0.68374900,-0.68374900,355.96960000,50.85280000,-50.85280000,"Mass",0.540000,2544.6509,0.820000,5000.00,"Transit"
"HD 93963 A","HD 93963 A c",2,3.64513890000,0.0472600000,3.11976057,0.13502367,-0.10446158,18.40000000,3.20000000,-3.10000000,"Mass",3.310000,543.8000,1.084400,5908.00,"Transit"
"HD 211970","HD 211970 b",1,25.20100000000,0.1430000000,3.66000000,,,13.00000000,2.50000000,-2.50000000,"Msini",1.460000,4.2125,0.610000,4127.00,"Radial Velocity"
"HD 139357","HD 139357 b",1,1124.79139000000,2.9490000000,12.10000000,,,6315.56827550,1403.53024531,-1093.01189167,"Mass",19.600000,7.6490,2.690000,4700.00,"Radial Velocity"
"CoRoT-25","CoRoT-25 b",1,4.86069000000,0.0578000000,12.11000000,3.40000000,-1.12000000,85.81000000,12.71000000,-12.71000000,"Mass",0.150000,414.1434,1.090000,6040.00,"Transit"
"HATS-18","HATS-18 b",1,0.83784000000,0.0174000000,14.89676100,0.84067500,-0.84067500,629.14448500,24.15508000,-24.15508000,"Mass",1.116900,2990.0000,1.037000,5600.00,"Transit"
"Kepler-567","Kepler-567 b",1,16.54297375000,0.1229000000,2.25000000,0.15000000,-0.12000000,5.69000000,,,"M-R relationship",2.740000,26.1370,0.840000,5148.00,"Transit"
"Kepler-1457","Kepler-1457 b",1,51.11102430000,0.2639100000,1.99000000,0.31000000,-0.20000000,4.62000000,,,"M-R relationship",3.220000,23.4680,1.010000,5866.00,"Transit"
"TOI-5789","TOI-5789 e",4,62.98000000000,0.2901000000,3.43000000,,,11.61000000,0.97000000,-0.97000000,"Msini",1.580000,5.5729,0.821000,5185.00,"Radial Velocity"
"HD 30177","HD 30177 c",2,11320.00000000000,9.9000000000,12.90000000,,,1484.25866069,139.84449908,-136.66621501,"Mass",3.800000,0.0124,0.980000,5680.00,"Radial Velocity"
"CoRoT-2","CoRoT-2 b",1,1.74299350000,0.0279800000,16.43200000,0.47100000,-0.49300000,1102.82000000,69.92000000,-69.92000000,"Mass",1.470000,932.9076,0.960000,5625.00,"Transit"
"K2-175","K2-175 b",1,9.52598800000,,2.03803688,0.35536293,-0.27066826,4.81000000,,,"M-R relationship",3.120000,,1.094693,5909.00,"Transit"
"tau Boo","tau Boo b",1,3.31245680000,0.0490000000,12.80000000,,,1891.00000000,89.00000000,-89.00000000,"Mass",4.950000,1333.7826,1.320000,6466.27,"Radial Velocity"
"Kepler-1682","Kepler-1682 b",1,14.83340000000,0.1134000000,2.88940836,,,8.70000000,,,"M-R relationship",1.980000,54.7400,0.990000,5619.12,"Transit"
"GJ 3293","GJ 3293 d",4,48.13450000000,0.1939400000,2.67000000,,,7.60000000,1.05000000,-1.05000000,"Msini",2.190000,0.5900,0.420000,3466.00,"Radial Velocity"
"HD 103774","HD 103774 b",1,5.88810000000,0.0700000000,13.30000000,,,116.00000000,7.00000000,-7.00000000,"Msini",0.271000,714.1738,1.335000,6489.00,"Radial Velocity"
"Kepler-1389","Kepler-1389 b",1,99.25309510000,0.3824900000,1.77000000,0.05000000,-0.14000000,3.78000000,,,"M-R relationship",3.750000,1.8710,0.810000,5078.00,"Transit"
"Kepler-251","Kepler-251 d",4,30.13300100000,0.1820000000,2.77000000,0.49000000,-0.49000000,8.10000000,,,"M-R relationship",2.090000,17.4770,0.891000,5526.00,"Transit"
"K2-275","K2-275 c",2,8.43883850000,0.0881000000,2.21000000,0.08000000,-0.06000000,5.52000000,,,"M-R relationship",2.810000,45.7572,0.770000,4841.00,"Transit"
"HD 9446","HD 9446 c",2,192.90000000000,0.6540000000,13.40000000,,,578.42600000,54.02880000,-54.02880000,"Msini",1.320000,2.5718,1.000000,5793.00,"Radial Velocity"
"Kepler-758","Kepler-758 d",4,20.49661970000,0.1527000000,2.12000000,0.47000000,-0.33000000,5.14000000,,,"M-R relationship",2.960000,173.1710,1.160000,6228.00,"Transit"
"HD 25912","HD 25912 c",2,26308.65619000000,17.8480000000,12.20000000,,,5252.75008249,437.33188803,-444.64194139,"Mass",15.900000,0.0034,1.080000,5920.58,"Radial Velocity"
"Kepler-444","Kepler-444 e",5,7.74349300000,0.0696000000,0.54600000,0.01700000,-0.01500000,0.10000000,0.20000000,-0.10000000,"Mass",4.800000,81.3440,0.758000,5046.00,"Transit"
"Kepler-822","Kepler-822 b",1,3.22296927300,0.0407800000,1.77000000,0.41000000,-0.21000000,3.78000000,,,"M-R relationship",3.750000,535.1880,1.060000,5928.00,"Transit"
"HD 220842","HD 220842 b",1,218.47000000000,0.7400000000,13.10000000,,,1010.69940000,47.67450000,-47.67450000,"Msini",2.470000,4.1550,1.130000,5960.00,"Radial Velocity"
"TOI-1749","TOI-1749 d",3,9.04970000000,0.0707000000,2.52000000,0.15000000,-0.15000000,15.00000000,,,"Mass",,14.2074,0.580000,3985.00,"Transit"
"DMPP-1","DMPP-1 e",4,5.51600000000,0.0651000000,1.86000000,,,4.13000000,0.66000000,-1.14000000,"Msini",3.530000,492.4756,1.210000,6196.00,"Radial Velocity"
"Kepler-1476","Kepler-1476 b",1,10.35863224000,0.0932000000,1.67000000,0.37000000,-0.13000000,3.43000000,,,"M-R relationship",4.050000,75.6410,0.980000,5663.00,"Transit"
"TOI-1820","TOI-1820 b",1,4.86067400000,0.0610000000,12.77823800,0.22417961,-0.22417961,731.00533610,63.56568140,-63.56568140,"Mass",2.000000,292.2450,1.040000,5734.00,"Transit"
"HD 167768","HD 167768 b",1,20.65320000000,0.1512000000,13.90000000,,,270.15414595,38.13940884,-34.96112477,"Msini",0.553000,2042.7410,1.080000,4851.00,"Radial Velocity"
"K2-29","K2-29 b",1,3.25883210000,0.0421700000,13.33871000,0.22418000,-0.22418000,232.01590000,12.71320000,-12.71320000,"Mass",0.530000,293.0000,0.940000,5358.00,"Transit"
"Kepler-206","Kepler-206 c",3,13.13747100000,0.1110000000,1.77000000,0.34000000,-0.34000000,3.78000000,,,"M-R relationship",3.750000,95.5100,0.957000,5764.00,"Transit"
"HD 128356","HD 128356 b",1,298.20000000000,0.8700000000,13.90000000,,,282.86870000,22.24810000,-22.24810000,"Msini",0.579000,0.4756,0.650000,4875.00,"Radial Velocity"
"TOI-157","TOI-157 b",1,2.08454350000,0.0313800000,14.41477400,0.25780700,-0.22418000,375.03940000,41.31790000,-38.13960000,"Mass",0.686000,1062.0000,0.948000,5404.00,"Transit"
"Kepler-1438","Kepler-1438 b",1,2.31942009000,0.0346000000,0.94000000,0.19000000,-0.10000000,0.77900000,,,"M-R relationship",5.150000,561.1200,0.970000,5530.00,"Transit"
"HD 108236","HD 108236 c",5,6.20344900000,0.0620000000,2.07100000,0.05200000,-0.05200000,4.94000000,,,"M-R relationship",3.060000,162.1675,0.869000,5660.00,"Transit"
"Kepler-169","Kepler-169 b",5,3.25061900000,0.0400000000,1.13000000,0.08000000,-0.08000000,1.51000000,,,"M-R relationship",5.750000,195.2210,0.825000,4997.00,"Transit"
"xi Aql","xi Aql b",1,136.97000000000,0.6250000000,13.40000000,,,616.90493799,28.92238504,-56.89128485,"Msini",1.410000,149.8624,1.740000,4841.00,"Radial Velocity"
"HD 69830","HD 69830 d",3,197.00000000000,0.6300000000,4.45000000,,,18.10000000,,,"Msini",1.130000,1.5182,0.860000,5385.00,"Radial Velocity"
"Kepler-374","Kepler-374 b",3,1.89780600000,0.0290000000,1.03000000,0.54000000,-0.54000000,1.08000000,,,"M-R relationship",5.430000,2014.6610,1.033000,5977.00,"Transit"
"Kepler-1761","Kepler-1761 b",1,4.04354000100,0.0413000000,1.39109603,,,2.51000000,,,"M-R relationship",5.120000,33.3400,0.573000,3871.00,"Transit"
"Kepler-334","Kepler-334 c",3,12.75800500000,0.1070000000,1.43000000,0.26000000,-0.26000000,2.63000000,,,"M-R relationship",4.940000,97.2100,1.022000,5828.00,"Transit"
"TOI-5489","TOI-5489 c",2,4.92126000000,,1.28000000,0.07000000,-0.07000000,2.18000000,,,"M-R relationship",5.710000,13.8663,0.410000,3547.00,"Transit"
"Kepler-1668","Kepler-1668 b",1,15.43400000000,0.1240000000,4.34764405,,,17.40000000,,,"M-R relationship",1.160000,63.7900,0.980000,5542.00,"Transit"
"GJ 143","HD 21749 c",2,7.78993000000,0.0695000000,0.89200000,0.06400000,-0.05800000,3.70000000,,,"Mass",31.930000,305.9425,0.730000,4640.00,"Transit"
"Kepler-216","Kepler-216 b",2,7.69364100000,0.0790000000,2.35000000,0.46000000,-0.46000000,6.12000000,,,"M-R relationship",2.590000,540.0340,1.126000,6091.00,"Transit"
"Kepler-829","Kepler-829 b",1,6.88337562000,0.0678000000,2.11000000,0.44000000,-0.18000000,5.10000000,,,"M-R relationship",2.980000,247.4700,0.980000,5698.00,"Transit"
"Kepler-1873","Kepler-1873 b",1,0.55884200300,0.0128000000,1.62573811,,,3.28000000,,,"M-R relationship",4.190000,2412.1500,0.903000,5151.00,"Transit"
"HATS-22","HATS-22 b",1,4.72281240000,0.0502500000,10.68217700,0.53803200,-0.32506100,870.85420000,34.96130000,-34.96130000,"Mass",3.890000,111.2990,0.759000,4803.00,"Transit"
"TOI-1723","TOI-1723 b",1,13.72701264300,0.1134960000,3.43500000,0.24400000,-0.19300000,10.40000000,5.20000000,-4.80000000,"Mass",1.600000,92.3600,1.040000,5777.00,"Transit"
"TOI-6038 A","TOI-6038 A b",1,5.82673110000,0.0690000000,6.41000000,0.20000000,-0.16000000,78.50000000,9.50000000,-9.90000000,"Mass",1.620000,716.0000,1.291000,6110.00,"Transit"
"HIP 18606","HIP 18606 b",1,674.94000000000,1.6100000000,14.00000000,,,244.72787339,22.24798849,-22.24798849,"Msini",0.490000,4.4294,1.210000,4860.00,"Radial Velocity"
"TIC 434398831","TIC 434398831 c",2,6.21029100000,0.0657200000,5.63000000,0.29000000,-0.28000000,27.00000000,,,"M-R relationship",0.831000,166.3776,0.992000,5638.00,"Transit"
"TOI-2202","TOI-2202 c",2,24.67440000000,0.1554400000,13.40000000,,,117.27868218,32.73632592,-26.57045483,"Mass",0.268000,16.4310,0.823000,5144.00,"Transit Timing Variations"
"Kepler-33","Kepler-33 d",5,21.77596000000,0.1662000000,5.35000000,0.49000000,-0.49000000,3.91000000,1.87000000,-1.80000000,"Mass",0.250000,123.6910,1.291000,5904.00,"Transit"
"TOI-1722","TOI-1722 b",1,9.60523206943,,4.38298108,0.59298530,-0.48069428,17.60000000,,,"M-R relationship",1.150000,136.8600,1.162000,5999.55,"Transit"
"Kepler-525","Kepler-525 b",1,18.68404933000,0.1438600000,2.63000000,0.38000000,-0.52000000,7.41000000,,,"M-R relationship",2.240000,176.2320,0.950000,5573.00,"Transit"
"HD 164604","HD 164604 b",2,653.90000000000,1.3620000000,12.30000000,,,4195.33497240,572.09113260,-476.74261050,"Mass",12.400000,0.1402,0.770000,4663.00,"Radial Velocity"
"WASP-132","WASP-132 b",3,7.13351640000,0.0674000000,10.09929161,0.42594127,-0.42594127,136.03055820,4.76742611,-4.76742611,"Mass",0.730000,58.5000,0.789000,4686.00,"Transit"
"HD 28254","HD 28254 b",1,1333.00000000000,2.4500000000,13.00000000,,,1207.74794660,953.48522100,-699.22249540,"Mass",3.020000,0.3645,1.100000,5664.00,"Radial Velocity"
"Kepler-1486","Kepler-1486 b",1,54.64957590000,0.2846000000,2.32000000,0.58000000,-0.29000000,5.99000000,,,"M-R relationship",2.640000,22.3720,1.080000,5965.00,"Transit"
"Kepler-634","Kepler-634 b",1,5.16950177000,0.0576500000,1.89000000,0.30000000,-0.25000000,4.23000000,,,"M-R relationship",3.440000,808.8440,1.030000,6075.00,"Transit"
"Kepler-251","Kepler-251 c",4,16.51404300000,0.1220000000,2.77000000,0.49000000,-0.49000000,8.10000000,,,"M-R relationship",2.090000,38.9530,0.891000,5526.00,"Transit"
"HD 202696","HD 202696 b",2,517.80000000000,1.5660000000,,,,634.38868000,69.92260000,-31.78300000,"Mass",,9.5418,1.910000,5040.00,"Radial Velocity"
"HD 129445","HD 129445 b",1,1840.00000000000,2.9000000000,13.30000000,,,797.74930157,349.61124770,-171.62733978,"Mass",1.860000,0.1462,0.990000,5646.00,"Radial Velocity"
"K2-213","K2-213 b",1,8.13087000000,,1.51398464,0.29814572,-0.20976135,2.90000000,,,"M-R relationship",4.590000,,1.069596,5794.00,"Transit"
"Kepler-724","Kepler-724 b",1,3.31494633800,0.0433000000,3.29000000,0.40000000,-0.23000000,10.80000000,,,"M-R relationship",1.670000,339.4010,0.900000,5437.00,"Transit"
"DMPP-2","DMPP-2 b",3,5.20300000000,0.0663800000,14.20000000,,,171.48000000,10.99000000,-8.34000000,"Msini",0.329000,288.2234,1.410000,6500.00,"Radial Velocity"
"NGTS-11","NGTS-11 b",1,35.45533000000,0.2010000000,9.15775300,0.31385200,-0.35868800,109.33352000,29.24036000,-23.20159000,"Mass",0.780000,9.2420,0.862000,5050.00,"Transit"
"Kepler-34","Kepler-34 b",1,288.82200000000,1.0896000000,8.56400000,0.13500000,-0.15700000,69.92000000,3.49600000,-3.17800000,"Mass",0.613000,1.2545,1.047900,5913.00,"Transit"
"Kepler-1016","Kepler-1016 b",2,1.95452434200,0.0304400000,2.18000000,0.37000000,-0.28000000,5.39000000,,,"M-R relationship",2.860000,1445.2040,0.990000,5821.00,"Transit"
"TIC 32032563","TIC 32032563 b",1,13.83460487791,,3.47739942,0.41441263,-0.34948645,11.90000000,,,"M-R relationship",1.560000,,1.050000,5567.93,"Transit"
"Kepler-1859","Kepler-1859 c",2,3.59645081000,0.0473000000,1.66000000,0.29000000,-0.23000000,3.39000000,,,"M-R relationship",4.070000,732.8200,1.090000,5887.00,"Transit"
"Kepler-190","Kepler-190 b",2,2.01999900000,0.0300000000,1.56000000,0.11000000,-0.11000000,3.05000000,,,"M-R relationship",4.410000,417.2380,0.834000,5106.00,"Transit"
"HD 95544","HD 95544 b",1,2041.54152000000,3.1660000000,12.80000000,,,1913.64483855,513.61070571,-81.99972901,"Mass",5.010000,0.1000,1.010000,5722.00,"Radial Velocity"
"Kepler-975","Kepler-975 c",2,5.05821338000,0.0567000000,10.69000000,6.94000000,-6.30000000,80.20000000,,,"M-R relationship",0.361000,439.8000,0.951000,4883.00,"Transit"
"Kepler-978","Kepler-978 b",1,49.62215090000,0.2726000000,2.99000000,0.67000000,-0.57000000,9.22000000,,,"M-R relationship",1.900000,20.9900,1.070000,6002.00,"Transit"
"Kepler-1418","Kepler-1418 b",1,22.47644250000,0.1310000000,1.66000000,0.08000000,-0.14000000,3.39000000,,,"M-R relationship",4.070000,7.2900,0.770000,4770.00,"Transit"
"HD 25912","HD 25912 b",2,41.83156000000,0.2420000000,6.90000000,,,38.13940884,4.13176929,-4.13176929,"Msini",0.638000,18.7477,1.080000,5920.58,"Radial Velocity"
"TOI-4914","TOI-4914 b",1,10.60057000000,0.0980000000,12.87000000,0.36000000,-0.36000000,227.00000000,13.00000000,-13.00000000,"Mass",0.590000,18.1082,1.030000,5805.00,"Transit"
"Kepler-444","Kepler-444 c",5,4.54588410000,0.0488100000,0.49700000,0.02100000,-0.01700000,0.07930000,,,"M-R relationship",3.550000,165.7300,0.758000,5046.00,"Transit"
"Kepler-76","Kepler-76 b",1,1.54492980000,0.0274000000,15.24424000,1.34508000,-1.34508000,638.83830000,117.59710000,-111.24050000,"Mass",1.100000,3583.6730,1.200000,6409.00,"Orbital Brightness Modulation"
"K2-386","K2-386 b",1,7.47322300000,,2.32000000,0.07100000,-0.06700000,5.99000000,,,"M-R relationship",2.640000,,0.911000,5749.00,"Transit"
"HD 3167","HD 3167 b",4,0.95964100000,0.0179600000,1.67000000,0.17000000,-0.10000000,4.97000000,0.24000000,-0.23000000,"Mass",5.600000,1650.0000,0.837000,5261.00,"Transit"
"Kepler-714","Kepler-714 b",1,8.09888798600,0.0832000000,9.67000000,2.49000000,-1.01000000,67.60000000,,,"M-R relationship",0.411000,484.0060,1.090000,5995.00,"Transit"
"Kepler-1386","Kepler-1386 b",1,6.73972381000,0.0680000000,1.24000000,0.38000000,-0.13000000,2.07000000,,,"M-R relationship",5.970000,196.5330,1.020000,5733.00,"Transit"
"HIP 57274","HIP 57274 d",3,431.70000000000,1.0100000000,14.20000000,,,167.40000000,8.00000000,-8.00000000,"Msini",0.321000,1.5183,0.730000,4640.00,"Radial Velocity"
"KIC 10001893","KIC 10001893 b",3,0.21970000000,,,,,,,,"Msini",,,0.470000,27500.00,"Orbital Brightness Modulation"
"OGLE-2016-BLG-1190L","OGLE-2016-BLG-1190L b",1,1220.00000000000,2.1700000000,12.30000000,,,4253.00000000,280.00000000,-260.00000000,"Mass",12.600000,,0.880000,,"Microlensing"
"HD 111998","HD 111998 b",1,810.00000000000,1.9100000000,12.90000000,,,1525.57635360,63.56568140,-63.56568140,"Mass",3.910000,0.8918,1.400000,6557.00,"Radial Velocity"
"Kepler-141","Kepler-141 b",2,3.10767500000,0.0390000000,0.69000000,0.05000000,-0.05000000,0.25700000,,,"M-R relationship",4.300000,228.6630,0.878000,4910.00,"Transit"
"Kepler-1112","Kepler-1112 b",1,14.36267939000,0.1239000000,3.02000000,1.28000000,-0.52000000,9.38000000,,,"M-R relationship",1.870000,254.9630,1.340000,6496.00,"Transit"
"K2-268","K2-268 e",5,6.13124300000,,1.33000000,0.11000000,-0.08000000,2.33000000,,,"M-R relationship",5.440000,,0.840000,5106.00,"Transit"
"HD 102888","HD 102888 b",1,252.06000000000,1.0500000000,12.80000000,,,1808.44363583,47.67426105,-47.67426105,"Msini",4.740000,37.4512,2.420000,4990.00,"Radial Velocity"
"WASP-4","WASP-4 b",1,1.33823099400,0.0226100000,15.12091496,0.12329879,-0.13450777,381.39408840,10.17050902,-9.53485221,"Mass",0.647184,1188.6219,0.899000,5436.00,"Transit"
"MXB 1658-298","MXB 1658-298 b",1,760.00000000000,1.6130000000,12.00000000,,,7532.57100000,1017.05600000,-1017.05600000,"Mass",24.000000,,1.980000,,"Eclipse Timing Variations"
"Kepler-1537","Kepler-1537 b",1,1.44445379800,0.0245000000,1.18000000,0.06000000,-0.09000000,1.76000000,,,"M-R relationship",5.890000,713.1680,0.810000,5079.00,"Transit"
"Kepler-151","Kepler-151 b",2,15.22895800000,0.1160000000,3.06000000,1.53000000,-1.53000000,9.59000000,,,"M-R relationship",1.840000,40.7280,0.870000,5460.00,"Transit"
"TOI-4504","TOI-4504 b",3,2.42614000000,0.0339200000,2.69100000,0.19100000,-0.19100000,7.71000000,,,"M-R relationship",2.170000,548.0544,0.890000,5315.00,"Transit"
"Kepler-1445","Kepler-1445 b",1,10.60052251000,0.0958700000,0.96000000,0.20000000,-0.13000000,0.84000000,,,"M-R relationship",5.220000,248.5480,1.130000,6150.00,"Transit"
"TOI-480","TOI-480 b",1,6.86619600000,0.0770000000,2.85372018,0.13233983,-0.10240654,20.80000000,4.40000000,-4.20000000,"Mass",4.910000,531.5210,1.279300,6174.00,"Transit"
"HATS-70","HATS-70 b",1,1.88823780000,0.0363200000,15.51325600,0.88551100,-0.82946600,4100.00700000,572.09400000,-508.52800000,"Mass",6.640000,9110.0000,1.780000,7930.00,"Transit"
"Kepler-366","Kepler-366 b",2,3.28195900000,0.0450000000,1.46000000,0.66000000,-0.66000000,2.73000000,,,"M-R relationship",4.820000,1873.3110,1.088000,6209.00,"Transit"
"HD 187123","HD 187123 c",2,3810.00000000000,4.8900000000,13.20000000,,,912.16752809,127.13136280,-133.48793094,"Mass",2.180000,0.0560,1.040000,5790.00,"Radial Velocity"
"LHS 1678","LHS 1678 b",3,0.86023250000,0.0123900000,0.68500000,0.03700000,-0.03500000,0.35000000,,,"Mass",6.000000,94.3000,0.345000,3490.00,"Transit"
"Kepler-935","Kepler-935 b",1,4.88083852000,0.0527000000,1.35000000,0.08000000,-0.07000000,2.39000000,,,"M-R relationship",5.340000,94.6070,0.780000,4830.00,"Transit"
"HD 224693","HD 224693 b",1,26.69040000000,0.1910000000,14.00000000,,,222.48100000,38.13960000,-38.13960000,"Msini",0.446000,111.6692,1.310000,5894.00,"Radial Velocity"
"mu Leo","mu Leo b",1,357.80000000000,1.1000000000,13.30000000,,,762.80000000,127.10000000,-127.10000000,"Msini",1.780000,51.7863,1.500000,4538.20,"Radial Velocity"
"Kepler-321","Kepler-321 b",2,4.91537900000,0.0570000000,1.77000000,0.34000000,-0.34000000,3.78000000,,,"M-R relationship",3.750000,296.1550,1.024000,5740.00,"Transit"
"HD 10975","HD 10975 b",1,283.80000000000,0.9500000000,14.30000000,,,143.02278315,19.06970442,-47.67426105,"Msini",0.269000,68.2992,1.410000,4840.00,"Radial Velocity"
"Kepler-109","Kepler-109 b",2,6.48163070000,0.0701000000,2.49000000,0.11000000,-0.11000000,4.90000000,,,"Mass",1.700000,442.0000,1.094000,5950.00,"Transit"
"HD 70573","HD 70573 b",1,851.80000000000,1.7600000000,12.80000000,,,1900.00000000,130.00000000,-130.00000000,"Msini",4.980000,0.3222,1.000000,5737.00,"Radial Velocity"
"Kepler-388","Kepler-388 b",2,3.17331500000,0.0360000000,0.81000000,0.10000000,-0.10000000,0.45700000,,,"M-R relationship",4.730000,112.2100,0.635000,4498.00,"Transit"
"Kepler-15","Kepler-15 b",1,4.94278200000,0.0571400000,10.76000000,0.67000000,-0.78000000,209.76000000,25.43000000,-28.60000000,"Mass",0.930000,430.6770,1.018000,5515.00,"Transit"
"HD 202772 A","HD 202772 A b",1,3.30887750000,0.0520800000,18.23701160,0.78462865,-0.72858375,323.54931833,20.97667486,-20.02318964,"Mass",0.293000,3770.0000,1.721000,6442.00,"Transit"
"HD 134606","HD 134606 b",5,12.08900000000,0.1046000000,2.97000000,,,9.09000000,0.64000000,-0.63000000,"Msini",1.910000,106.1131,1.046000,5576.00,"Radial Velocity"
"HIP 98599","HIP 98599 b",1,2656.00000000000,3.9600000000,12.70000000,,,2177.12458795,31.78284070,-69.92224954,"Mass",5.840000,0.1724,1.190000,5978.00,"Radial Velocity"
"TOI-2458","TOI-2458 b",2,3.73659000000,0.0482000000,2.83000000,0.20000000,-0.18000000,13.31000000,0.99000000,-0.96000000,"Mass",3.230000,865.0000,1.050000,6005.00,"Transit"
"UZ For","UZ For b",2,5840.00000000000,5.9000000000,,,,2002.20000000,476.70000000,-476.70000000,"Mass",,,0.700000,5286.90,"Eclipse Timing Variations"
"HD 190360","HD 190360 b",3,2887.50000000000,3.9650000000,13.50000000,,,537.00000000,79.00000000,-46.00000000,"Mass",1.200000,0.0741,0.996000,5560.00,"Radial Velocity"
"TOI-1259 A","TOI-1259 A b",1,3.47797920000,0.0408000000,11.60000000,0.20000000,-0.20000000,141.00000000,13.00000000,-13.00000000,"Mass",0.490000,153.1389,0.746000,4775.00,"Transit"
"Kepler-374","Kepler-374 c",3,3.28280700000,0.0420000000,1.10000000,0.57000000,-0.57000000,1.37000000,,,"M-R relationship",5.660000,966.5910,1.033000,5977.00,"Transit"
"TOI-5300","TOI-5300 b",1,2.26219600000,0.0295000000,9.86390302,0.89671846,-0.89671846,190.69704420,31.78284070,-31.78284070,"Mass",1.100000,198.0000,0.670000,4610.00,"Transit"
"Kepler-402","Kepler-402 b",4,4.02875100000,0.0510000000,1.22000000,0.24000000,-0.24000000,1.98000000,,,"M-R relationship",5.990000,619.8440,1.072000,6090.00,"Transit"
"Kepler-372","Kepler-372 d",3,30.09256800000,0.2010000000,1.69000000,0.73000000,-0.73000000,3.50000000,,,"M-R relationship",3.980000,53.4710,1.202000,6509.00,"Transit"
"TOI-5713","TOI-5713 b",1,10.44198900000,0.0600800000,1.77000000,0.17000000,-0.14000000,3.78000000,,,"M-R relationship",3.750000,2.2554,0.265300,3225.00,"Transit"
"K2-381","K2-381 b",3,7.93893340000,,1.07500000,0.14200000,-0.10400000,1.26000000,,,"M-R relationship",5.570000,,0.754000,4473.00,"Transit"
"HD 11964","HD 11964 c",2,37.91000000000,0.2290000000,5.38000000,,,25.00000000,3.10000000,-3.10000000,"Msini",0.882000,54.8750,0.910000,5303.00,"Radial Velocity"
"WASP-96","WASP-96 b",1,3.42526020000,0.0453000000,13.45000000,0.67000000,-0.67000000,152.55000000,9.53000000,-9.53000000,"Mass",0.370000,517.0000,1.060000,5540.00,"Transit"
"Kepler-351","Kepler-351 c",3,57.24809000000,0.2870000000,3.19000000,1.55000000,-1.55000000,11.10000000,9.90000000,-7.60000000,"Mass",1.880000,6.7120,0.810000,5643.00,"Transit"
"HD 155193","HD 155193 b",1,352.65000000000,1.0400000000,14.00000000,,,238.37130525,19.06970442,-19.06970442,"Msini",0.477000,4.0461,1.221000,6239.00,"Radial Velocity"
"HD 13808","HD 13808 b",2,14.18150000000,0.1051900000,3.35000000,,,11.20000000,1.20000000,-0.66000000,"Msini",1.640000,33.2278,0.771000,5035.00,"Radial Velocity"
"GJ 180","GJ 180 c",3,24.32900000000,0.1290000000,2.41000000,,,6.40000000,3.70000000,-4.10000000,"Msini",2.510000,0.7812,0.430000,3371.00,"Radial Velocity"
"Kepler-1663","Kepler-1663 b",1,17.60460000000,0.1072000000,3.30395896,,,10.90000000,,,"M-R relationship",1.660000,4.0700,0.610816,3844.00,"Transit"
"Kepler-452","Kepler-452 b",1,384.84300000000,1.0460000000,1.63000000,0.23000000,-0.20000000,3.29000000,,,"M-R relationship",4.170000,1.1000,1.037000,5757.00,"Transit"
"Kepler-1768","Kepler-1768 b",1,15.13589954000,0.1286000000,2.23346338,,,5.62000000,,,"M-R relationship",2.770000,179.1600,1.240000,6050.00,"Transit"
"TOI-6041","TOI-6041 c",2,88.00000000000,0.3721000000,10.50000000,,,77.90000000,9.20000000,-8.90000000,"Msini",0.370000,4.4200,0.885000,5445.00,"Radial Velocity"
"HD 109833","HD 109833 c",2,13.90014800000,,2.59000000,0.19600000,-0.17500000,7.22000000,,,"M-R relationship",2.280000,77.4842,1.080000,5881.00,"Transit"
"HAT-P-61","HAT-P-61 b",1,1.90231289000,0.0301000000,10.07687365,0.30264248,-0.30264248,335.94462620,22.24798849,-22.24798849,"Mass",1.800000,849.5000,1.004000,5587.00,"Transit"
"Kepler-1026","Kepler-1026 b",1,36.51560530000,0.1977000000,2.21000000,0.33000000,-0.15000000,5.52000000,,,"M-R relationship",2.810000,5.9880,0.790000,4948.00,"Transit"
"HD 219134","HD 219134 b",6,3.09292600000,0.0387600000,1.60200000,0.05500000,-0.05500000,4.74000000,0.19000000,-0.19000000,"Mass",6.340000,176.2000,0.810000,4699.00,"Radial Velocity"
"Kepler-1223","Kepler-1223 b",1,16.30125900000,0.1186000000,1.22000000,0.06000000,-0.08000000,1.98000000,,,"M-R relationship",5.990000,20.5100,0.800000,4870.00,"Transit"
"Kepler-1834","Kepler-1834 b",2,4.60301017800,0.0491100000,1.45938340,,,2.73000000,,,"M-R relationship",4.830000,105.2000,0.765000,4821.00,"Transit"
"Kepler-1276","Kepler-1276 b",1,12.57200950000,0.1086300000,1.19000000,0.20000000,-0.11000000,1.81000000,,,"M-R relationship",5.900000,139.7700,1.140000,6188.00,"Transit"
"Kepler-1871","Kepler-1871 b",1,1.95270001900,0.0308000000,2.42172881,,,6.44000000,,,"M-R relationship",2.490000,917.1500,1.020000,5741.00,"Transit"
"Kepler-1553","Kepler-1553 b",1,4.24261881000,0.0481000000,1.15000000,0.10000000,-0.09000000,1.60000000,,,"M-R relationship",5.780000,166.1060,0.850000,5288.00,"Transit"
"Kepler-755","Kepler-755 c",2,2.85313364400,0.0370000000,1.26000000,0.05000000,-0.05000000,2.13000000,,,"M-R relationship",5.850000,302.5740,0.820000,5043.00,"Transit"
"LHS 1678","LHS 1678 d",3,4.96522290000,0.0400000000,0.98100000,0.07000000,-0.07200000,0.90700000,,,"M-R relationship",5.280000,9.1000,0.345000,3490.00,"Transit"
"HD 136118","HD 136118 b",1,1187.59765000000,2.3270000000,12.30000000,,,4164.18778851,428.75052104,-402.05293485,"Mass",12.300000,0.6840,1.180000,6097.00,"Radial Velocity"
"HD 25015","HD 25015 b",1,6134.42700000000,6.2480000000,12.50000000,,,2884.92845034,367.72746690,-579.40118596,"Mass",8.120000,0.0106,0.860000,5160.00,"Radial Velocity"
"TIC 241249530","TIC 241249530 b",1,165.77190000000,0.6410000000,13.29385111,0.41473229,-0.44835923,1582.78546686,50.85254512,-57.20911326,"Mass",3.700000,6.2305,1.271000,6166.00,"Transit"
"K2-178","K2-178 b",1,8.74781800000,,3.55790985,0.20414388,-0.13806599,12.40000000,,,"M-R relationship",1.510000,117.8260,0.951090,5525.00,"Transit"
"Kepler-1281","Kepler-1281 b",1,3.11602791000,0.0415000000,1.64000000,0.13000000,-0.14000000,3.33000000,,,"M-R relationship",4.150000,375.5500,0.870000,5353.00,"Transit"
"Kepler-1550","Kepler-1550 b",1,225.58280900000,0.7681000000,3.02000000,0.71000000,-0.38000000,9.38000000,,,"M-R relationship",1.870000,2.3050,1.070000,5991.00,"Transit"
"TOI-5126","TOI-5126 c",2,17.89990000000,0.1439000000,3.86000000,0.17000000,-0.16000000,14.20000000,,,"M-R relationship",1.360000,96.0000,1.240000,6150.00,"Transit"
"HD 181433","HD 181433 b",3,9.37450000000,0.0828000000,,,,1708.64551603,,,"Mass",,51.0227,0.860000,4918.00,"Radial Velocity"
"Kepler-1896","Kepler-1896 b",1,44.87020111000,0.2529000000,3.09935997,,,9.80000000,,,"M-R relationship",1.810000,19.5000,1.070000,6122.00,"Transit"
"HAT-P-59","HAT-P-59 b",1,4.14197710000,0.0506400000,12.58768533,0.14571675,-0.14571675,489.45574678,21.29450327,-21.29450327,"Mass",1.347000,441.4000,1.008000,5678.00,"Transit"
"Kepler-69","Kepler-69 b",2,13.72234100000,0.0940000000,2.24000000,0.44000000,-0.29000000,5.65000000,,,"M-R relationship",2.760000,123.5170,0.810000,5638.00,"Transit"
"Kepler-1483","Kepler-1483 b",1,9.50851560000,0.0958000000,1.52000000,0.66000000,-0.30000000,2.92000000,,,"M-R relationship",4.570000,265.0180,1.250000,6337.00,"Transit"
"Kepler-608","Kepler-608 b",1,6.41251503700,0.0685000000,3.64000000,0.72000000,-0.44000000,12.90000000,,,"M-R relationship",1.470000,270.1620,1.000000,5820.00,"Transit"
"Kepler-318","Kepler-318 c",2,11.81500700000,0.1050000000,3.68000000,0.65000000,-0.65000000,13.10000000,,,"M-R relationship",1.440000,96.5130,1.073000,5746.00,"Transit"
"Kepler-225","Kepler-225 b",2,6.73897500000,0.0560000000,1.20000000,0.07000000,-0.07000000,1.87000000,,,"M-R relationship",5.950000,38.8830,0.593000,3682.00,"Transit"
"K2-57","K2-57 b",1,9.00730000000,0.0752000000,2.30905002,0.16813471,-0.13450777,5.94000000,,,"M-R relationship",2.650000,24.1000,0.699000,4413.00,"Transit"
"Kepler-627","Kepler-627 b",1,40.69944430000,0.2266100000,3.73000000,1.60000000,-0.82000000,13.40000000,,,"M-R relationship",1.420000,39.3030,1.300000,6424.00,"Transit"
"TOI-7333","TOI-7333 b",1,6.26449803661,,2.09469416,0.20576569,-0.17593549,5.04000000,,,"M-R relationship",3.010000,53.9635,0.721000,4586.87,"Transit"
"LHS 1815","LHS 1815 b",1,3.81433400000,0.0404000000,1.08800000,0.06400000,-0.06400000,1.58000000,0.64000000,-0.60000000,"Mass",6.700000,26.3712,0.502000,3643.00,"Transit"
"K2-266","K2-266 e",4,19.48200000000,0.1249000000,2.73000000,0.14000000,-0.11000000,14.30000000,6.40000000,-5.00000000,"Mass",2.210000,9.5810,0.686000,4285.00,"Transit"
"HD 24085","HD 24085 b",1,2.04550000000,0.0340000000,3.46000000,,,11.80000000,3.10000000,-3.10000000,"Msini",1.570000,2061.4187,1.220000,6034.00,"Radial Velocity"
"HD 92788","HD 92788 b",2,325.80300000000,0.9700000000,13.00000000,,,1195.04080000,50.85280000,-47.67450000,"Msini",2.990000,1.1129,1.150000,5744.00,"Radial Velocity"
"CoRoT-28","CoRoT-28 b",1,5.20851000000,0.0603000000,10.70459500,0.73979400,-0.73979400,153.82972000,27.65121000,-27.65121000,"Mass",0.690000,672.7522,1.010000,5150.00,"Transit"
"Kepler-1093","Kepler-1093 b",2,25.08246260000,0.1754300000,1.95000000,0.62000000,-0.25000000,4.46000000,,,"M-R relationship",3.310000,98.8000,1.130000,6166.00,"Transit"
"TOI-1226","TOI-1226 b",1,3.92880881576,,2.41011120,0.24811318,-0.20160482,6.39000000,,,"M-R relationship",2.510000,376.4613,1.010000,5434.91,"Transit"
"HD 164922","HD 164922 e",4,41.76300000000,0.2292000000,3.23000000,,,10.52012027,0.98526806,-0.98526806,"Msini",1.720000,13.3822,0.921146,5393.43,"Radial Velocity"
"Kepler-845","Kepler-845 b",1,0.92785982100,0.0166800000,2.04000000,0.09000000,-0.29000000,4.82000000,,,"M-R relationship",3.120000,772.4980,0.790000,4913.00,"Transit"
"WASP-102","WASP-102 b",1,2.70981300000,0.0410000000,14.90794433,0.56044903,-0.56044903,197.68926915,42.27117813,-42.27117813,"Mass",0.320000,1293.0000,1.080000,5990.00,"Transit"
"K2-247","K2-247 b",2,2.25021000000,0.0304000000,2.12000000,0.19000000,-0.16000000,5.14000000,,,"M-R relationship",2.960000,142.1387,0.740000,4667.00,"Transit"
"HD 96063","HD 96063 b",1,362.50000000000,1.1100000000,13.70000000,,,403.64410000,85.81410000,-85.81410000,"Msini",0.863000,10.3076,1.370000,5020.00,"Radial Velocity"
"HIP 56998","HD 101581 b",2,4.46569000000,0.0460000000,0.95600000,0.06100000,-0.06300000,0.82700000,,,"M-R relationship",5.200000,80.0000,0.653000,4675.00,"Transit"
"HD 13908","HD 13908 c",2,931.00000000000,2.0300000000,12.80000000,,,1630.40000000,79.45000000,-79.45000000,"Msini",4.270000,0.9705,1.290000,6255.00,"Radial Velocity"
"Kepler-888","Kepler-888 b",1,70.69790610000,0.3148100000,1.76000000,0.08000000,-0.06000000,3.75000000,,,"M-R relationship",3.780000,7.8540,0.970000,5875.00,"Transit"
"HD 28471","HD 28471 b",3,3.16490000000,0.0420000000,1.75000000,,,3.72000000,0.40000000,-0.43000000,"Msini",3.810000,653.3957,0.980000,5766.00,"Radial Velocity"
"Kepler-1916","Kepler-1916 b",1,31.25429916000,0.2053000000,2.61757235,,,7.35000000,,,"M-R relationship",2.250000,38.5400,1.180000,6246.00,"Transit"
"TOI-5817","TOI-5817 b",1,15.61031000000,0.1223000000,3.08000000,0.14000000,-0.14000000,10.30000000,1.40000000,-1.30000000,"Mass",1.930000,126.8632,0.970000,5770.00,"Transit"
"Kepler-279","Kepler-279 b",4,12.30968100000,0.1120000000,3.62000000,0.71000000,-0.71000000,4180.93000000,,,"Mass",165.000000,249.0210,1.200000,6363.00,"Transit"
"TOI-1853","TOI-1853 b",1,1.24362580000,0.0213000000,3.46000000,0.08000000,-0.08000000,73.20000000,2.70000000,-2.70000000,"Mass",9.740000,435.3300,0.837000,4985.00,"Transit"
"Kepler-889","Kepler-889 b",1,3.74443900000,0.0497500000,1.09000000,0.19000000,-0.13000000,1.32000000,,,"M-R relationship",5.600000,954.5880,1.140000,5961.00,"Transit"
"HAT-P-27","HAT-P-27 b",1,3.03957700000,0.0400000000,11.43000000,0.78000000,-0.67000000,197.05000000,9.53000000,-9.53000000,"Mass",0.760000,336.0384,0.916000,5316.00,"Transit"
"TOI-6034","TOI-6034 b",1,2.57618400000,0.0294900000,11.92000000,0.48000000,-0.48000000,254.00000000,24.00000000,-24.00000000,"Mass",0.820000,43.0000,0.514000,3635.00,"Transit"
"TOI-1260","TOI-1260 b",3,3.12746300000,0.0367000000,2.41000000,0.05000000,-0.05000000,8.56000000,1.54000000,-1.54000000,"Mass",3.350000,95.5800,0.679000,4227.00,"Transit"
"TOI-216","TOI-216.01",2,34.52552800000,0.2069000000,10.10000000,0.20000000,-0.20000000,177.98390792,6.35656814,-6.35656814,"Mass",0.760000,10.1000,0.770000,5026.00,"Transit"
"Kepler-1620","Kepler-1620 b",1,101.95182900000,0.4322000000,1.61000000,0.64000000,-0.27000000,3.22000000,,,"M-R relationship",4.240000,7.9200,1.150000,6157.00,"Transit"
"HD 4732","HD 4732 c",2,3184.20000000000,4.7250000000,13.10000000,,,1069.49258955,36.86809521,-85.49584148,"Msini",2.610000,0.5881,1.390000,4898.00,"Radial Velocity"
"Kepler-1232","Kepler-1232 b",1,26.78391830000,0.1654500000,1.93000000,0.24000000,-0.16000000,4.38000000,,,"M-R relationship",3.350000,14.6000,0.920000,5471.00,"Transit"
"TOI-3894","TOI-3894 b",1,4.33454000000,0.0535400000,15.27784069,0.61649394,-0.57165802,260.61929374,44.49597698,-44.49597698,"Mass",0.400000,546.9030,1.138000,6000.00,"Transit"
"Kepler-1735","Kepler-1735 b",1,7.71792984000,0.0621000000,1.19429134,,,1.84000000,,,"M-R relationship",5.940000,15.0100,0.535000,3975.00,"Transit"
"K2-43","K2-43 b",2,3.47114900000,0.0378400000,4.51000000,0.44000000,-0.19000000,18.50000000,,,"M-R relationship",1.110000,49.0000,0.571000,3840.60,"Transit"
"GJ 1148","GJ 1148 b",2,41.38000000000,0.1660000000,11.90000000,,,96.70000000,1.41000000,-1.02000000,"Msini",0.315000,0.4906,0.344045,3287.00,"Radial Velocity"
"TOI-1232","TOI-1232 b",2,14.25600000000,0.1170000000,10.92875618,0.59407598,-0.58286700,220.57291446,12.07747947,-12.71313628,"Mass",0.926000,90.0659,1.058000,5823.00,"Transit"
"HD 114729","HD 114729 b",1,1121.79000000000,2.0670000000,13.90000000,,,262.20975000,2.22481000,-2.22481000,"Msini",0.537000,0.6170,0.936000,5844.00,"Radial Velocity"
"TOI-5595","TOI-5595 b",1,5.99002553853,,4.73740402,0.36062543,-0.34675941,20.10000000,,,"M-R relationship",1.040000,24.7628,0.645000,4417.30,"Transit"
"HD 3651","HD 3651 b",1,62.25000000000,0.2950000000,10.10000000,,,72.46524000,3.49613000,-3.49613000,"Msini",0.386000,6.1123,0.799000,5221.00,"Radial Velocity"
"TrES-3","TrES-3 b",1,1.30618581000,0.0228200000,14.97500000,0.34700000,-0.41500000,607.03000000,23.83600000,-25.42500000,"Mass",0.994000,1025.5022,0.928000,5650.00,"Transit"
"BD+20 2457","BD+20 2457 c",2,621.99000000000,2.0100000000,12.40000000,,,3963.17000000,,,"Msini",11.400000,366.1069,2.800000,4137.00,"Radial Velocity"
"HD 88072","HD 88072 b",1,18538.79293000000,13.8950000000,12.60000000,,,2511.79790052,485.32397749,-319.73537744,"Mass",6.900000,0.0056,1.040000,5785.33,"Radial Velocity"
"TOI-6303","TOI-6303 b",1,9.48523600000,0.0761000000,11.59000000,0.61000000,-0.64000000,2493.00000000,99.00000000,-99.00000000,"Mass",8.820000,14.2800,0.644000,3977.00,"Transit"
"eps Tau","eps Tau b",1,585.82000000000,1.8780000000,12.70000000,,,2285.18624633,17.79839079,-17.79839079,"Msini",6.130000,22.1470,2.570000,4877.00,"Radial Velocity"
"Kepler-26","Kepler-26 d",4,3.54391900000,0.0390000000,1.07000000,0.06000000,-0.06000000,1.24000000,,,"M-R relationship",5.560000,31.7900,0.593000,4486.00,"Transit"
"Kepler-496","Kepler-496 b",1,8.30864937000,0.0747000000,2.32000000,0.19000000,-0.14000000,5.99000000,,,"M-R relationship",2.640000,62.9260,0.860000,5293.00,"Transit"
"Kepler-903","Kepler-903 c",2,62.92285570000,0.3024900000,2.53000000,0.40000000,-0.45000000,6.94000000,,,"M-R relationship",2.350000,24.7910,0.980000,5682.00,"Transit"
"Kepler-526","Kepler-526 b",1,5.45849831600,0.0651800000,1.99000000,0.16000000,-0.17000000,4.62000000,,,"M-R relationship",3.220000,584.3540,1.150000,5894.00,"Transit"
"GJ 3473","GJ 3473 c",2,15.50900000000,0.0876000000,2.63000000,,,7.41000000,0.91000000,-0.86000000,"Msini",2.240000,1.9500,0.360000,3347.00,"Radial Velocity"
"Kepler-239","Kepler-239 c",2,56.22809800000,0.2680000000,2.51000000,0.42000000,-0.42000000,6.85000000,,,"M-R relationship",2.380000,4.3150,0.757000,4914.00,"Transit"
"TOI-5007","TOI-5007 b",1,2.54337100000,0.0307000000,11.07447293,0.34747840,-0.34747840,211.03806225,13.66662150,-13.34879309,"Mass",0.850000,85.3000,0.632000,3793.00,"Transit"
"GJ 676 A","GJ 676 A e",4,35.47358000000,0.1810000000,2.47000000,,,6.67439655,0.63565681,-0.63565681,"Msini",2.430000,2.7678,0.626000,3734.00,"Radial Velocity"
"Kepler-1101","Kepler-1101 b",1,81.31510590000,0.3483000000,2.47000000,0.37000000,-0.21000000,6.66000000,,,"M-R relationship",2.430000,3.5770,0.940000,5614.00,"Transit"
"Kepler-1253","Kepler-1253 b",1,68.88619150000,0.3144400000,1.33000000,0.18000000,-0.18000000,2.33000000,,,"M-R relationship",5.440000,21.6240,0.970000,5850.00,"Transit"
"TOI-674","TOI-674 b",1,1.97714300000,0.0250000000,5.25000000,0.17000000,-0.17000000,23.60000000,3.30000000,-3.30000000,"Mass",0.910000,38.4000,0.420000,3514.00,"Transit"
"Kepler-208","Kepler-208 b",4,4.22864000000,0.0540000000,1.63000000,0.30000000,-0.30000000,3.29000000,,,"M-R relationship",4.170000,639.5760,1.082000,6092.00,"Transit"
"GJ 687","GJ 687 b",2,38.14200000000,0.1630000000,4.32000000,,,17.20000000,1.00000000,-1.00000000,"Msini",1.170000,0.8010,0.400000,3413.00,"Radial Velocity"
"HD 208897","HD 208897 b",1,358.27000000000,1.0630000000,13.70000000,,,379.48711796,15.57359194,-13.98444991,"Msini",0.811000,10.8876,1.250000,4860.00,"Radial Velocity"
"HD 67087","HD 67087 b",2,352.20000000000,1.0800000000,13.10000000,,,973.00000000,70.00000000,-64.00000000,"Msini",2.380000,2.9727,1.360000,6330.00,"Radial Velocity"
"Kepler-1854","Kepler-1854 b",1,39.83110046000,0.2089400000,2.58746104,,,7.21000000,,,"M-R relationship",2.290000,7.3300,0.800000,5026.00,"Transit"
"K2-50","EPIC 201833600 c",2,3.96151000000,,1.00000000,0.12000000,-0.11000000,0.97200000,,,"M-R relationship",5.340000,,0.611000,4326.00,"Transit"
"WASP-93","WASP-93 b",1,2.73253210000,0.0421100000,17.90077300,0.86309300,-0.86309300,467.21010000,92.17070000,-92.17070000,"Mass",0.479000,2531.1336,1.334000,6700.00,"Transit"
"Kepler-673","Kepler-673 b",1,3.72873109300,0.0455000000,6.54000000,0.53000000,-0.48000000,34.80000000,,,"M-R relationship",0.684000,253.4560,0.880000,5355.00,"Transit"
"WASP-78","WASP-78 b",1,2.17518000000,0.0348800000,21.63337000,5.04405000,-5.04405000,352.79130000,171.62820000,-171.62820000,"Mass",0.131000,4812.6238,1.870000,6100.00,"Transit"
"TIC 172900988 Aa","TIC 172900988 b",1,200.45200000000,0.9028100000,11.25000000,0.44000000,-0.44000000,942.00000000,5.60000000,-5.60000000,"Mass",3.640000,5.7522,1.238400,6050.00,"Transit"
"Kepler-249","Kepler-249 b",3,3.30653900000,0.0350000000,1.09000000,0.05000000,-0.05000000,1.32000000,,,"M-R relationship",5.600000,24.2600,0.510238,3568.00,"Transit"
"TOI-3071","TOI-3071 b",1,1.26693800000,0.0249000000,7.16000000,0.57000000,-0.51000000,68.20000000,3.50000000,-3.50000000,"Mass",1.020000,2579.6100,1.290000,6177.00,"Transit"
"Kepler-2000","Kepler-2000 b",2,6.38315913500,0.0562000000,2.73000000,0.10000000,-0.17000000,7.90000000,,,"M-R relationship",2.130000,18.7300,0.581000,3757.00,"Transit"
"Kepler-349","Kepler-349 c",2,12.24762900000,0.1050000000,1.96000000,0.74000000,-0.74000000,4.50000000,,,"M-R relationship",3.280000,94.4910,1.083000,5956.00,"Transit"
"TIC 142589416","TIC 142589416 b",1,2.09518466313,,2.67899519,0.37365834,-0.26903649,7.65000000,,,"M-R relationship",2.190000,,0.641000,4396.27,"Transit"
"Kepler-1224","Kepler-1224 b",1,13.32351601000,0.1162500000,1.33000000,0.12000000,-0.08000000,2.33000000,,,"M-R relationship",5.440000,132.6630,1.180000,6155.00,"Transit"
"TYC 1422-614-1","TYC 1422-614-1 c",2,559.30000000000,1.3700000000,12.50000000,,,3178.00000000,318.00000000,-318.00000000,"Msini",8.940000,11.9278,1.150000,4806.00,"Radial Velocity"
"HD 235088","HD 235088 b",1,7.43413250000,0.0706000000,1.98200000,0.07200000,-0.06900000,4.15000000,0.83000000,-0.83000000,"Mass",2.922216,70.0000,0.849000,5075.00,"Transit"
"Kepler-441","Kepler-441 b",1,207.24820000000,0.6400000000,1.64000000,0.22000000,-0.24000000,3.33000000,,,"M-R relationship",4.150000,0.2100,0.572000,4340.00,"Transit"
"Kepler-619","Kepler-619 c",3,1.20846502600,0.0221600000,1.69000000,0.39000000,-0.17000000,3.50000000,,,"M-R relationship",3.980000,1652.9070,1.090000,5980.00,"Transit"
"Kepler-471","Kepler-471 b",1,5.01423457500,0.0626000000,14.96000000,5.42000000,-2.96000000,,,,"Msini",,1146.8780,1.490000,6733.00,"Transit"
"HD 164604","HD 164604 c",2,5387.00000000000,5.5560000000,12.50000000,,,3019.36986650,381.39408840,-381.39408840,"Mass",8.490000,0.0084,0.770000,4663.00,"Radial Velocity"
"OGLE-2007-BLG-349L A","OGLE-2007-BLG-349L AB c",1,2557.00000000000,2.5900000000,10.70000000,,,80.00000000,13.00000000,-13.00000000,"Mass",0.359000,,0.410000,,"Microlensing"
"K2-138","K2-138 f",6,12.75758000000,0.1044700000,2.90400000,0.16400000,-0.11100000,1.63000000,2.12000000,-1.18000000,"Mass",0.400000,51.0000,0.935000,5356.30,"Transit"
"HD 13808","HD 13808 c",2,53.75300000000,0.2554000000,3.13000000,,,9.96000000,1.80000000,-0.96000000,"Msini",1.780000,5.6365,0.771000,5035.00,"Radial Velocity"
"WASP-59","WASP-59 b",1,7.91958500000,0.0697000000,8.68700000,0.76200000,-0.76200000,274.27600000,14.30200000,-14.30200000,"Mass",2.400000,38.0328,0.719000,4650.00,"Transit"
"HD 161178","HD 161178 b",1,279.30000000000,0.8500000000,14.10000000,,,181.16219199,6.35656814,-50.85254512,"Msini",0.355000,78.0069,1.060000,4786.00,"Radial Velocity"
"TOI-712","TOI-712 b",3,9.53136100000,0.0792800000,2.04900000,0.01200000,-0.08000000,4.85000000,,,"M-R relationship",3.100000,22.6000,0.732000,4622.00,"Transit"
"Kepler-776","Kepler-776 b",1,4.89718784000,0.0523000000,1.28000000,0.11000000,-0.07000000,2.18000000,,,"M-R relationship",5.710000,135.0820,0.830000,5071.00,"Transit"
"TOI-3976 A","TOI-3976 A b",1,6.60766200000,0.0743000000,12.27383387,0.40352331,-0.39231432,55.61997123,11.75965106,-11.44182265,"Mass",0.165000,469.0000,1.254000,5975.00,"Transit"
"Kepler-852","Kepler-852 b",1,44.93098040000,0.2796700000,2.54000000,0.45000000,-0.17000000,6.99000000,,,"M-R relationship",2.340000,92.1310,1.190000,6100.00,"Transit"
"HD 33142","HD 33142 c",3,810.20000000000,1.9550000000,13.90000000,,,282.86728223,19.06970442,-15.89142035,"Msini",0.579000,2.6190,1.520000,5025.40,"Radial Velocity"
"HD 5278","HD 5278 c",2,40.87000000000,0.2416000000,4.49000000,,,18.40000000,1.80000000,-1.90000000,"Msini",1.120000,32.6706,1.126000,6203.00,"Radial Velocity"
"TOI-2193 A","TOI-2193 A b",1,2.12257350000,0.0331900000,19.83989584,,,298.75870258,57.20911326,-57.20911326,"Mass",0.060000,1600.0000,1.082000,5966.00,"Transit"
"K2-411","K2-411 b",1,3.21410000000,0.0511000000,0.98980000,0.04980000,-0.04860000,0.93700000,,,"M-R relationship",5.310000,619.0380,1.018000,5711.00,"Transit"
"Kepler-338","Kepler-338 c",4,24.31085600000,0.1720000000,2.34000000,0.12000000,-0.12000000,6.08000000,,,"M-R relationship",2.610000,119.6480,1.105000,5923.00,"Transit"
"GJ 3998","GJ 3998 c",3,13.72700000000,0.0900000000,2.50000000,,,6.82000000,0.78000000,-0.75000000,"Msini",2.400000,5.4000,0.520000,3726.00,"Radial Velocity"
"TOI-5795","TOI-5795 b",1,6.14063250000,0.0640000000,5.62000000,0.11000000,-0.11000000,23.66000000,4.09000000,-4.61000000,"Mass",0.730000,240.6761,0.901000,5715.00,"Transit"
"HD 34445","HD 34445 g",6,5700.00000000000,6.3600000000,13.60000000,,,120.60000000,38.90000000,-38.90000000,"Msini",0.263000,0.0497,1.070000,5836.00,"Radial Velocity"
"Kepler-722","Kepler-722 c",2,105.14474900000,0.4471000000,2.82000000,0.56000000,-0.33000000,8.35000000,,,"M-R relationship",2.050000,5.4800,1.030000,5863.00,"Transit"
"Kepler-186","Kepler-186 c",5,7.26730200000,0.0451000000,1.25000000,0.14000000,-0.14000000,2.10000000,,,"M-R relationship",5.910000,13.9800,0.478000,3788.00,"Transit"
"Kepler-339","Kepler-339 b",3,4.97765600000,0.0550000000,1.42000000,0.66000000,-0.66000000,2.60000000,,,"M-R relationship",4.990000,159.9450,0.870000,5631.00,"Transit"
"Kepler-1673","Kepler-1673 b",1,33.78880000000,0.2136300000,2.93551940,,,8.93000000,,,"M-R relationship",1.940000,30.5000,1.110000,6014.95,"Transit"
"G 192-15","G 192-15 c",2,1219.00000000000,1.1370000000,3.87000000,,,14.30000000,1.60000000,-1.50000000,"Msini",1.360000,0.0016,0.132000,2999.00,"Radial Velocity"
"K2-196","K2-196 b",1,48.32422200000,,3.59970536,0.60292183,-0.50268801,12.60000000,,,"M-R relationship",1.480000,,1.162095,6045.00,"Transit"
"Kepler-123","Kepler-123 c",2,26.69507400000,0.1810000000,1.48000000,0.30000000,-0.30000000,2.79000000,,,"M-R relationship",4.730000,77.3990,1.079000,6089.00,"Transit"
"K2-102","K2-102 b",1,9.91561500000,,1.30000000,0.10000000,-0.10000000,2.24000000,,,"M-R relationship",5.600000,,0.770000,4695.00,"Transit"
"TOI-1201","TOI-1201 b",1,2.49198630000,0.0287000000,2.41500000,0.09100000,-0.09000000,6.28000000,0.84000000,-0.88000000,"Mass",2.450000,40.6000,0.512000,3476.00,"Transit"
"Kepler-870","Kepler-870 b",1,21.35876210000,0.1539000000,2.78000000,0.51000000,-0.29000000,8.15000000,,,"M-R relationship",2.080000,54.8690,1.010000,5857.00,"Transit"
"Kepler-1976","Kepler-1976 b",1,4.95931924400,0.0565000000,12.21000000,1.96000000,-1.46000000,,,,"Msini",,349.4000,0.976000,5712.00,"Transit Timing Variations"
"TOI-1743","TOI-1743 b",1,4.26604600000,0.0358900000,1.83000000,0.11000000,-0.10000000,4.01000000,,,"M-R relationship",3.600000,10.8837,0.339000,3277.00,"Transit"
"HD 107148","HD 107148 b",2,48.05600000000,0.2690000000,9.60000000,,,66.74100000,11.44100000,-11.44100000,"Msini",0.415000,18.2517,1.120000,5797.00,"Radial Velocity"
"HD 3765","HD 3765 b",1,1211.00000000000,2.1080000000,8.56000000,,,54.98431441,4.44959770,-4.13176929,"Msini",0.482000,0.0863,0.851785,5049.80,"Radial Velocity"
"GJ 3378","GJ 3378 b",1,21.45000000000,0.0967300000,1.32000000,,,2.30000000,0.40000000,-0.40000000,"Msini",5.500000,0.9100,0.262000,3340.00,"Radial Velocity"
"HD 135872","HD 135872 b",1,2422.32597000000,4.1720000000,12.80000000,,,1744.56012602,458.62639130,-31.14718389,"Mass",4.570000,0.4969,1.646000,4992.00,"Radial Velocity"
"K2-36","K2-36 b",2,1.42261400000,0.0228800000,1.43000000,0.08000000,-0.08000000,4.30000000,1.40000000,-1.40000000,"Mass",8.000000,519.0000,0.790000,4916.00,"Transit"
"Kepler-1957","Kepler-1957 b",1,2.18661999700,0.0299000000,0.94374867,,,0.79000000,,,"M-R relationship",5.160000,345.0700,0.745000,4904.00,"Transit"
"HS Psc","HS Psc b",1,3.98600000000,0.0435000000,13.60000000,,,464.02947422,177.98390792,-139.84449908,"Msini",1.010000,64.4735,0.690000,4203.00,"Radial Velocity"
"GJ 27.1","GJ 27.1 b",1,15.81900000000,0.1010000000,3.66000000,,,13.00000000,4.10000000,-6.60000000,"Msini",1.460000,2.5488,0.530000,3542.00,"Radial Velocity"
"Kepler-218","Kepler-218 c",3,44.69957600000,0.2480000000,3.14000000,0.26000000,-0.26000000,10.00000000,,,"M-R relationship",1.770000,16.1470,1.019000,5502.00,"Transit"
"HATS-52","HATS-52 b",1,1.36665436000,0.0249800000,15.49083800,0.96397400,-0.96397400,711.93920000,47.67450000,-47.67450000,"Mass",1.060000,1310.2200,1.111000,6010.00,"Transit"
"HD 142","HD 142 c",3,10159.64279000000,9.8110000000,12.40000000,,,3464.64746471,406.18470415,-297.80521736,"Mass",9.990000,0.0310,1.210000,6245.00,"Radial Velocity"
"CoRoT-18","CoRoT-18 b",1,1.90006930000,0.0295000000,14.68000000,2.02000000,-2.02000000,1102.82000000,120.77000000,-120.77000000,"Mass",2.200000,823.7009,0.950000,5440.00,"Transit"
"KOI-351","KOI-351 d",8,59.73667000000,0.3200000000,2.87000000,0.30000000,-0.30000000,8.60000000,,,"M-R relationship",2.000000,18.1680,1.200000,6080.00,"Transit"
"HR 858","HR 858 d",3,11.23051100000,0.1046000000,2.00100000,0.06300000,-0.06400000,7.10000000,1.60000000,-1.60000000,"Mass",4.900000,217.0000,1.204000,6354.00,"Transit"
"TOI-1758","TOI-1758 b",1,20.70507468500,0.1414090000,3.62000000,0.33700000,-0.26900000,6.90000000,6.20000000,-6.30000000,"Mass",0.830000,21.0500,0.880000,5169.00,"Transit"
"HD 56414","HD 56414 b",1,29.04992000000,0.2290000000,3.71000000,0.20000000,-0.20000000,13.30000000,,,"M-R relationship",1.430000,1614.3559,1.890000,8500.00,"Transit"
"HD 63433","HD 63433 c",3,20.54382810000,0.1460000000,2.69200000,0.10800000,-0.08800000,15.53900000,3.86100000,-3.80200000,"Mass",4.630000,35.3582,0.956000,5553.00,"Transit"
"Kepler-1731","Kepler-1731 b",1,21.76129913000,0.1399000000,2.93295657,,,8.92000000,,,"M-R relationship",1.940000,13.3000,0.781000,4859.00,"Transit"
"Kepler-351","Kepler-351 b",3,37.05491900000,0.2140000000,3.06000000,1.55000000,-1.55000000,4.80000000,5.70000000,-4.70000000,"Mass",0.921000,11.9830,0.810000,5643.00,"Transit"
"K2-281","K2-281 b",1,8.68772100000,0.0773000000,8.18000000,0.21000000,-0.21000000,50.90000000,,,"M-R relationship",0.511000,37.7384,0.820000,4812.00,"Transit"
"HD 88133","HD 88133 b",1,3.41488400000,0.0479000000,13.80000000,,,324.18660000,193.87630000,-88.99240000,"Mass",0.678000,1368.0872,1.260000,5392.00,"Radial Velocity"
"HD 80869","HD 80869 b",1,1752.92067000000,2.9050000000,12.80000000,,,1609.80088146,809.82678104,-179.57304995,"Mass",4.220000,0.1420,1.060000,5837.00,"Radial Velocity"
"HATS-59","HATS-59 b",2,5.41608100000,0.0611200000,12.62133400,0.86309300,-0.86309300,256.17098000,21.93027000,-21.93027000,"Mass",0.700000,269.0000,1.038000,5670.00,"Transit"
"Kepler-1788","Kepler-1788 b",1,2.80012011500,0.0343000000,2.37850461,,,6.25000000,,,"M-R relationship",2.550000,197.8100,0.686000,4786.00,"Transit"
"Kepler-352","Kepler-352 d",3,6.88727998700,0.0657400000,0.80628032,,,0.44900000,,,"M-R relationship",4.710000,81.3000,0.796000,5208.00,"Transit"
"HIP 97166","HIP 97166 b",2,10.28891400000,0.0910000000,2.48013380,0.07271432,-0.05203142,19.10000000,1.60000000,-1.50000000,"Mass",6.860000,9.0686,0.934200,5216.00,"Transit"
"HATS-54","HATS-54 b",1,2.54417650000,0.0370000000,11.37711541,0.26901554,-0.26901554,239.32479047,18.11621920,-18.11621920,"Mass",0.770000,476.9650,1.050000,5621.00,"Transit"
"HD 217107","HD 217107 b",2,7.12701660000,0.0735900000,13.60000000,,,459.57987652,57.20911326,-21.29450327,"Mass",1.000000,231.1546,1.045000,5622.00,"Radial Velocity"
"HD 220689","HD 220689 b",1,2266.40000000000,3.3960000000,13.70000000,,,381.39408840,69.92224954,-34.96112477,"Mass",0.815000,0.1074,1.016000,5921.00,"Radial Velocity"
"Kepler-222","Kepler-222 c",3,10.08881000000,0.0910000000,4.64000000,2.07000000,-2.07000000,19.40000000,,,"M-R relationship",1.070000,59.0760,0.933000,5433.00,"Transit"
"Kepler-289","Kepler-289 b",4,34.53830000000,0.2118300000,2.49000000,0.07000000,-0.07000000,3.70000000,3.79000000,-1.96000000,"Mass",1.450000,27.3710,1.080000,5990.00,"Transit"
"Kepler-1444","Kepler-1444 b",1,33.42035034000,0.2090600000,2.18000000,0.41000000,-0.19000000,5.39000000,,,"M-R relationship",2.860000,25.9420,1.030000,5810.00,"Transit"
"Kepler-1763","Kepler-1763 b",1,1.48028004200,0.0257000000,1.14651332,,,1.59000000,,,"M-R relationship",5.800000,2597.2700,1.026000,5897.00,"Transit"
"HD 31253","HD 31253 b",1,466.00000000000,1.2600000000,14.10000000,,,197.05460000,38.13960000,-38.13960000,"Msini",0.386000,2.0698,1.700000,6130.00,"Radial Velocity"
"Kepler-1543","Kepler-1543 b",1,6.96710269000,0.0867000000,2.71000000,1.21000000,-0.51000000,7.80000000,,,"M-R relationship",2.150000,375.6510,1.390000,6561.00,"Transit"
"HD 45184","HD 45184 b",2,5.88540000000,0.0644000000,3.52000000,,,12.19000000,1.06000000,-1.03000000,"Msini",1.540000,272.4625,1.030000,5869.00,"Radial Velocity"
"TOI-1776","TOI-1776 b",1,2.79986800000,0.0378000000,1.21612741,0.08984660,-0.07715788,1.40000000,1.10000000,-1.00000000,"Mass",4.130000,560.3349,0.919600,5785.00,"Transit"
"Barnard's star","Barnard e",4,6.73920000000,0.0381000000,0.63700000,,,0.19300000,0.03300000,-0.03300000,"Msini",4.100000,2.4456,0.162000,3195.00,"Radial Velocity"
"Kepler-1579","Kepler-1579 b",1,0.84990788900,0.0140000000,0.84000000,0.06000000,-0.05000000,0.52000000,,,"M-R relationship",4.820000,396.6400,0.750000,4584.00,"Transit"
"Kepler-108","Kepler-108 b",2,49.18392100000,0.2920000000,8.65000000,0.48000000,-0.48000000,56.00000000,,,"M-R relationship",0.475000,47.4000,1.247000,5854.00,"Transit"
"Kepler-358","Kepler-358 b",2,34.06046700000,0.2100000000,2.72000000,1.36000000,-1.36000000,7.85000000,,,"M-R relationship",2.140000,21.8050,0.940000,5908.00,"Transit"
"TOI-3135","TOI-3135 b",1,3.70655850000,0.0475600000,13.65253849,0.33626942,-0.33626942,327.36325921,95.34852210,-85.81366989,"Mass",0.700000,464.0000,1.044000,5890.00,"Transit"
"Kepler-887","Kepler-887 c",2,7.63846023000,0.0801000000,1.13000000,0.17000000,-0.11000000,1.51000000,,,"M-R relationship",5.750000,407.9770,1.190000,6194.00,"Transit"
"TOI-1194","TOI-1194 b",1,2.31064460000,0.0340000000,8.71664516,0.15541841,-0.14858263,120.00000000,5.60000000,-5.70000000,"Mass",0.990000,203.6850,0.983500,5394.00,"Transit"
"Kepler-1179","Kepler-1179 b",1,2.68505749200,0.0349700000,1.32000000,0.09000000,-0.08000000,2.30000000,,,"M-R relationship",5.500000,288.5700,0.840000,5212.00,"Transit"
"HD 40307","HD 40307 g",5,197.80000000000,0.6000000000,2.56000000,,,7.10000000,2.60000000,-2.60000000,"Msini",2.330000,0.6378,0.770000,4956.00,"Radial Velocity"
"HD 33844","HD 33844 b",2,551.40002000000,1.6000000000,13.40000000,,,638.83830000,98.52730000,-98.52730000,"Msini",1.460000,5.7778,1.840000,4861.00,"Radial Velocity"
"OGLE-TR-113","OGLE-TR-113 b",1,1.43247520000,0.0228900000,12.25100000,0.31400000,-0.21300000,400.44900000,50.85100000,-50.85100000,"Mass",1.200000,528.4147,0.779000,4790.00,"Transit"
"K2-209","K2-209 b",1,2.08061500000,,0.86850263,0.10481089,-0.06222638,0.58600000,,,"M-R relationship",4.920000,,0.744790,4720.00,"Transit"
"14 Her","HD 145675 c",2,15732.45889000000,20.0000000000,12.60000000,,,2510.84441530,508.52545120,-381.39408840,"Mass",6.900000,0.0018,0.970000,5338.00,"Radial Velocity"
"Kepler-1883","Kepler-1883 b",1,103.42700200000,0.4438000000,3.25107395,,,10.60000000,,,"M-R relationship",1.700000,7.0800,1.086000,6208.00,"Transit"
"HD 210702","HD 210702 b",1,355.50000000000,1.0790000000,13.60000000,,,481.51003660,19.70536123,-16.84490557,"Msini",1.050000,9.3194,1.330000,4912.00,"Radial Velocity"
"K2-122","K2-122 b",1,2.21930230000,0.0373000000,1.16000000,0.10000000,-0.05000000,1.65000000,,,"M-R relationship",5.810000,79.9000,0.630000,4009.00,"Transit"
"Kepler-1825","Kepler-1825 b",1,1.02586996600,0.0187000000,1.42200732,,,2.61000000,,,"M-R relationship",4.990000,1264.7000,0.828000,5123.00,"Transit"
"Kepler-1675","Kepler-1675 b",1,63.03820000000,0.3218500000,3.12483349,,,9.93000000,,,"M-R relationship",1.790000,11.8000,1.060000,5853.19,"Transit"
"Kepler-139","Kepler-139 e",5,2047.63537300000,3.2357963900,13.70000000,,,378.00000000,48.00000000,-39.00000000,"Mass",0.808000,0.0991,1.078000,5622.00,"Radial Velocity"
"Kepler-376","Kepler-376 c",2,14.17232700000,0.1150000000,1.79000000,0.36000000,-0.36000000,3.86000000,,,"M-R relationship",3.700000,168.2900,0.968000,5900.00,"Transit"
"TOI-2587 A","TOI-2587 A b",1,5.45664000000,0.0635000000,12.07207221,0.47077719,-0.44835923,69.28659273,17.16273398,-14.62010672,"Mass",0.216000,728.0000,1.150000,5760.00,"Transit"
"HD 147873","HD 147873 b",2,116.59600000000,0.5220000000,12.80000000,,,1633.64620000,108.06220000,-108.06220000,"Msini",4.280000,21.9829,1.380000,5972.00,"Radial Velocity"
"HD 20781","HD 20781 b",5,5.31350000000,0.0529000000,1.21000000,,,1.93000000,0.39000000,-0.36000000,"Msini",5.990000,175.0994,0.700000,5256.00,"Radial Velocity"
"K2-373","K2-373 b",1,11.02066000000,,2.06100000,0.14700000,-0.14000000,4.90000000,,,"M-R relationship",3.080000,,1.158000,6138.00,"Transit"
"HD 222582","HD 222582 b",1,572.38000000000,1.3400000000,12.60000000,,,2660.23710000,127.13200000,-127.13200000,"Msini",7.310000,0.7253,1.120000,5790.00,"Radial Velocity"
"Kepler-69","Kepler-69 c",2,242.46130000000,0.6400000000,1.71000000,0.34000000,-0.23000000,3.57000000,,,"M-R relationship",3.920000,2.6870,0.810000,5638.00,"Transit"
"BD+63 1405","BD+63 1405 b",1,1198.48000000000,2.0600000000,12.40000000,,,3305.41543280,413.17692910,-349.61124770,"Mass",9.530000,0.0911,0.816000,5000.00,"Radial Velocity"
"Teegarden's Star","Teegarden's Star b",3,4.90634000000,0.0259000000,1.05000000,,,1.16000000,0.12000000,-0.11000000,"Msini",5.510000,1.0800,0.097000,3034.00,"Radial Velocity"
"Kepler-164","Kepler-164 d",4,28.98676900000,0.1870000000,2.45000000,0.47000000,-0.47000000,6.57000000,,,"M-R relationship",2.450000,35.8900,1.036000,5888.00,"Transit"
"Kepler-1255","Kepler-1255 b",1,36.29193360000,0.2226000000,2.32000000,0.64000000,-0.29000000,5.99000000,,,"M-R relationship",2.640000,39.6710,1.080000,6018.00,"Transit"
"HD 113538","HD 113538 c",2,1818.00000000000,2.4400000000,13.80000000,,,295.57000000,19.07000000,-19.07000000,"Msini",0.618000,0.0151,0.585000,4462.00,"Radial Velocity"
"Kepler-1165","Kepler-1165 b",2,9.47852200000,0.0914000000,1.55000000,0.50000000,-0.19000000,3.02000000,,,"M-R relationship",4.460000,464.7730,1.130000,6080.00,"Transit"
"Kepler-32","Kepler-32 b",5,5.90124000000,0.0500000000,2.20000000,0.20000000,-0.20000000,1303.00000000,,,"Mass",0.460000,22.0250,0.580000,3900.00,"Transit"
"Kepler-1328","Kepler-1328 b",1,4.52158888000,0.0520000000,0.98000000,0.20000000,-0.09000000,0.90400000,,,"M-R relationship",5.280000,545.6720,1.000000,5780.00,"Transit"
"Kepler-344","Kepler-344 c",2,125.59680900000,0.4880000000,2.95000000,1.38000000,-1.38000000,9.01000000,,,"M-R relationship",1.930000,2.6730,0.931000,5774.00,"Transit"
"Kepler-249","Kepler-249 d",3,15.36845900000,0.0970000000,1.57000000,0.14000000,-0.14000000,3.09000000,,,"M-R relationship",4.390000,4.4740,0.510238,3568.00,"Transit"
"K2-397","K2-397 b",1,3.57232600000,,2.41700000,0.18700000,-0.18300000,6.42000000,,,"M-R relationship",2.500000,,0.937000,5387.00,"Transit"
"Kepler-1930","Kepler-1930 b",1,13.02680016000,0.1023300000,1.52955541,,,2.95000000,,,"M-R relationship",4.530000,31.6000,0.844000,5083.00,"Transit"
"K2-159","K2-159 b",1,12.42205000000,0.1013000000,2.26000000,0.17000000,-0.11000000,5.73000000,,,"M-R relationship",2.730000,49.2934,0.900000,5425.00,"Transit"
"K2-392","K2-392 b",1,15.39872300000,,1.85000000,0.16100000,-0.15400000,4.08000000,,,"M-R relationship",3.540000,,0.841000,5726.00,"Transit"
"Kepler-1812","Kepler-1812 b",1,7.16521978400,0.0765000000,2.32494240,,,6.01000000,,,"M-R relationship",2.630000,270.3400,1.162000,6174.00,"Transit"
"HIP 54515","HIP 54515 b",1,33000.00000000000,24.8000000000,12.20000000,,,5625.56280390,2415.49589320,-1557.35919430,"Mass",17.000000,0.0171,1.900000,8100.00,"Imaging"
"TOI-1224","TOI-1224 c",2,17.94546600000,,2.88400000,0.09800000,-0.09800000,8.67000000,,,"M-R relationship",1.990000,1.9952,0.400000,3326.00,"Transit"
"HD 152843","HD 152843 c",2,19.50210400000,0.1482000000,5.94000000,0.18000000,-0.16000000,9.67000000,1.97000000,-1.92000000,"Mass",0.253000,133.1000,1.150000,6310.00,"Transit"
"Kepler-45","Kepler-45 b",1,2.45523900000,0.0300000000,10.76000000,1.23000000,-1.23000000,160.49700000,28.60400000,-28.60400000,"Mass",0.800000,68.3700,0.590000,3820.00,"Transit"
"Kepler-905","Kepler-905 b",1,5.08274651700,0.0568900000,1.41000000,0.05000000,-0.05000000,2.57000000,,,"M-R relationship",5.040000,185.7710,0.950000,5461.00,"Transit"
"POTS-1","POTS-1 b",1,3.16062960000,0.0373400000,10.54800000,0.40400000,-0.52700000,734.16000000,244.72000000,-244.72000000,"Mass",3.440000,58.7159,0.695000,4400.00,"Transit"
"WASP-156","WASP-156 b",1,3.83616230000,0.0458000000,6.02802815,0.12763915,-0.12019801,41.80000000,2.90000000,-2.90000000,"Mass",1.050000,150.0000,0.871200,4987.00,"Transit"
"HD 49674","HD 49674 b",1,4.94737000000,0.0600000000,6.20000000,,,31.78300000,3.17830000,-3.17830000,"Msini",0.733000,264.2871,1.030000,5602.00,"Radial Velocity"
"Kepler-1683","Kepler-1683 b",1,15.03370000000,0.1182000000,1.87477762,,,4.17000000,,,"M-R relationship",3.480000,47.3200,0.950000,5429.00,"Transit"
"Kepler-339","Kepler-339 c",3,6.98805500000,0.0690000000,1.15000000,0.52000000,-0.52000000,7.30000000,7.80000000,-6.20000000,"Mass",26.400000,101.8410,0.870000,5631.00,"Transit"
"TOI-3464","TOI-3464 b",1,3.65155680000,0.0515000000,13.76462830,0.63891190,-0.59407598,397.28550875,85.81366989,-82.63538582,"Mass",0.830000,1370.0000,1.363000,6370.00,"Transit"
"HD 13908","HD 13908 b",2,19.38200000000,0.1540000000,13.90000000,,,274.91000000,11.12000000,-11.12000000,"Msini",0.562000,168.6392,1.290000,6255.00,"Radial Velocity"
"HD 11112","HD 11112 b",1,17244.90764000000,13.3800000000,12.60000000,,,2598.56505563,199.27841119,-1017.05090240,"Mass",7.140000,0.0133,1.070000,5905.64,"Radial Velocity"
"K2-59","K2-59 b",2,20.69210000000,0.1354000000,2.41000000,0.31000000,-0.31000000,6.39000000,,,"M-R relationship",2.510000,17.1000,0.774000,5055.00,"Transit"
"KELT-24","KELT-24 b",1,5.55149296000,0.0665000000,12.71098411,0.30264248,-0.29143350,1458.83238813,57.20911326,-57.20911326,"Mass",3.900000,624.0000,1.268000,6426.00,"Transit"
"Kepler-1398","Kepler-1398 b",2,2.78815679000,0.0390900000,0.90000000,0.28000000,-0.12000000,0.66600000,,,"M-R relationship",5.020000,1249.4880,1.130000,6126.00,"Transit"
"HATS-37 A","HATS-37 A b",1,4.33153660000,0.0491300000,6.79265400,0.17934400,-0.17934400,31.46517000,13.34886000,-13.34886000,"Mass",0.550000,229.7000,0.843000,5326.00,"Transit"
"Kepler-1563","Kepler-1563 b",1,3.43276598000,0.0442000000,0.75000000,0.12000000,-0.08000000,0.34700000,,,"M-R relationship",4.520000,390.5700,1.000000,5765.00,"Transit"
"Kepler-1474","Kepler-1474 b",1,36.43334520000,0.2108000000,2.16000000,0.44000000,-0.23000000,5.31000000,,,"M-R relationship",2.900000,21.3920,1.040000,5870.00,"Transit"
"TOI-1601","TOI-1601 b",1,5.33175000000,0.0690000000,14.19902343,0.64857111,-0.51121860,387.00000000,16.00000000,-17.00000000,"Mass",0.740000,1071.4200,1.505500,5982.00,"Transit"
"TOI-3819","TOI-3819 b",1,3.24431410000,0.0461100000,13.13692538,0.40352331,-0.39231432,352.78953177,57.20911326,-63.56568140,"Mass",0.850000,1186.0000,1.242000,5859.00,"Transit"
"K2-233","K2-233 b",3,2.46758300000,0.0329300000,1.31500000,0.03600000,-0.03600000,2.40000000,1.50000000,-1.30000000,"Mass",5.700000,269.0000,0.790000,4796.00,"Transit"
"Kepler-171","Kepler-171 d",3,39.59551900000,0.2230000000,1.89000000,0.90000000,-0.90000000,4.23000000,,,"M-R relationship",3.440000,15.1030,0.978000,5642.00,"Transit"
"HD 64114","HD 64114 b",1,45.79100000000,0.2460000000,4.41000000,,,17.80000000,3.50000000,-3.50000000,"Msini",1.140000,12.0441,0.950000,5676.00,"Radial Velocity"
"TOI-2267 A","TOI-2267 b",3,2.28909000000,0.0205000000,1.00000000,0.11000000,-0.11000000,0.97200000,,,"M-R relationship",5.340000,8.4000,0.171000,3030.00,"Transit"
"Kepler-1558","Kepler-1558 b",1,3.50470358000,0.0427800000,0.68000000,0.06000000,-0.04000000,0.24400000,,,"M-R relationship",4.260000,189.8860,0.830000,5101.00,"Transit"
"Kepler-30","Kepler-30 d",3,143.34394000000,0.5000000000,8.80000000,0.50000000,-0.50000000,23.10000000,2.70000000,-2.70000000,"Mass",0.190000,1.9620,0.990000,5498.00,"Transit"
"HD 10647","HD 10647 b",1,989.20000000000,2.0150000000,13.80000000,,,298.75000000,25.43000000,-25.43000000,"Msini",0.625000,0.3471,1.110000,6218.00,"Radial Velocity"
"Kepler-581","Kepler-581 b",1,40.60698210000,0.2259000000,2.63000000,0.56000000,-0.29000000,7.41000000,,,"M-R relationship",2.240000,12.3900,1.000000,5772.00,"Transit"
"HD 27969","HD 27969 b",1,654.50000000000,1.5520000000,12.90000000,,,1525.57635360,76.27881768,-73.10053361,"Msini",3.910000,0.7600,1.160000,5966.00,"Radial Velocity"
"Kepler-1666","Kepler-1666 c",2,40.71570000000,0.2383000000,3.23564749,,,10.50000000,,,"M-R relationship",1.700000,26.3400,1.230000,6293.00,"Transit"
"Kepler-415","Kepler-415 b",2,4.17600000000,0.0426000000,1.21000000,0.13000000,-0.10000000,119.90000000,102.10000000,-87.40000000,"Mass",372.000000,69.8340,0.670000,4362.00,"Transit Timing Variations"
"Kepler-85","Kepler-85 b",4,8.30000000000,0.0788500000,1.77800000,0.05000000,-0.05000000,1.84000000,0.60000000,-0.47000000,"Mass",1.819493,107.0280,0.928000,5505.20,"Transit"
"K2-241","K2-241 b",1,26.81990000000,0.1567000000,2.55000000,0.18000000,-0.10000000,7.04000000,,,"M-R relationship",2.330000,14.5807,0.710000,5262.00,"Transit"
"TOI-771","TOI-771 b",2,2.32601550000,0.0208000000,1.36000000,0.10000000,-0.10000000,2.47000000,0.32000000,-0.31000000,"Mass",5.400000,14.0000,0.220000,3370.00,"Transit"
"K2-381","K2-381 d",3,26.80302300000,,1.68900000,0.18000000,-0.13900000,3.50000000,,,"M-R relationship",3.990000,,0.754000,4473.00,"Transit"
"CoRoT-13","CoRoT-13 b",1,4.03519000000,0.0510000000,9.92000000,0.15700000,-0.15700000,415.70400000,20.97600000,-20.97600000,"Mass",2.340000,546.5339,1.090000,5945.00,"Transit"
"Kepler-363","Kepler-363 c",3,7.54242700000,0.0790000000,1.69000000,0.27000000,-0.27000000,66.40000000,71.90000000,-56.60000000,"Mass",75.600000,376.2900,1.226000,5593.00,"Transit"
"HAT-P-49","HAT-P-49 b",1,2.69155000000,0.0437800000,17.82231000,2.01762000,-2.01762000,699.22600000,187.51970000,-187.51970000,"Mass",0.750000,4392.0300,2.220000,6820.00,"Transit"
"K2-320","K2-320 b",1,1.99500000000,0.0142000000,2.62000000,0.23000000,-0.15000000,7.37000000,,,"M-R relationship",2.250000,37.1662,0.117000,3157.00,"Transit"
"Kepler-767","Kepler-767 b",1,161.52801010000,0.5874000000,6.64000000,0.86000000,-0.55000000,35.70000000,,,"M-R relationship",0.670000,9.3650,0.960000,5694.00,"Transit"
"K2-83","K2-83 b",2,2.74697000000,0.0301400000,1.24400000,0.09800000,-0.09800000,2.08000000,,,"M-R relationship",5.940000,41.5000,0.484000,3910.00,"Transit"
"Kepler-477","Kepler-477 b",1,11.11990653000,0.0911000000,2.07000000,0.18000000,-0.12000000,4.94000000,,,"M-R relationship",3.060000,38.7100,0.870000,5240.00,"Transit"
"Kepler-1737","Kepler-1737 b",1,64.61750031000,0.2970000000,5.39500000,,,25.10000000,,,"M-R relationship",0.878000,5.0900,0.834000,5043.00,"Transit"
"Kepler-1009","Kepler-1009 b",1,11.35011917000,0.0796000000,2.17000000,0.27000000,-0.24000000,5.35000000,,,"M-R relationship",2.880000,11.5610,0.590000,4027.00,"Transit"
"Kepler-946","Kepler-946 b",1,11.79162572000,0.1002000000,1.93000000,0.32000000,-0.20000000,4.38000000,,,"M-R relationship",3.350000,124.0720,0.940000,5665.00,"Transit"
"HD 215497","HD 215497 c",2,566.00000000000,1.3100000000,13.00000000,,,111.23994245,6.35656814,-6.35656814,"Mass",0.278000,0.2267,0.920000,5113.00,"Radial Velocity"
"LP 791-18","LP 791-18 c",3,4.98991000000,0.0296100000,2.48800000,0.09600000,-0.09600000,7.16000000,0.65000000,-0.65000000,"Mass",2.560000,2.6370,0.139000,2960.00,"Transit"
"HATS-27","HATS-27 b",1,4.63703800000,0.0611000000,16.81350000,2.24180000,-1.23299000,168.44990000,41.31790000,-41.31790000,"Mass",0.180000,1342.5733,1.415000,6438.00,"Transit"
"Kepler-1334","Kepler-1334 b",1,15.64591713000,0.1229000000,2.29000000,0.31000000,-0.18000000,5.86000000,,,"M-R relationship",2.680000,78.3550,0.940000,5614.00,"Transit"
"K2-333","K2-333 b",1,14.75928700000,,6.18000000,0.28000000,-0.25000000,31.60000000,,,"M-R relationship",0.736000,102.1266,1.060000,5880.00,"Transit"
"CoRoT-24","CoRoT-24 c",2,11.75900000000,0.0980000000,5.00000000,0.50000000,-0.50000000,28.00000000,11.00000000,-11.00000000,"Mass",1.300000,26.0656,0.910000,4950.00,"Transit"
"Kepler-1704","Kepler-1704 b",1,988.88112000000,2.0270000000,11.94877343,0.49319515,-0.47077719,1322.16617312,92.17023803,-88.99195396,"Mass",4.070000,0.3420,1.132000,5746.00,"Transit"
"Kepler-1846","Kepler-1846 b",1,14.82009983000,0.1105400000,1.76378826,,,3.76000000,,,"M-R relationship",3.770000,24.5000,0.785000,4825.00,"Transit"
"HD 143105","HD 143105 b",1,2.19740000000,0.0379000000,13.70000000,,,384.57430000,19.06980000,-19.06980000,"Msini",0.822000,2502.0025,1.510000,6380.00,"Radial Velocity"
"Kepler-203","Kepler-203 b",3,3.16269700000,0.0430000000,2.57000000,0.52000000,-0.52000000,7.13000000,,,"M-R relationship",2.310000,668.2150,1.060000,5821.00,"Transit"
"Kepler-454","Kepler-454 b",3,10.57375340000,0.0952800000,2.37000000,0.13000000,-0.13000000,5.40000000,1.40000000,-1.40000000,"Mass",2.230000,117.7000,1.030000,5687.00,"Transit"
"TOI-4127","TOI-4127 b",1,56.39870000000,0.3030000000,12.07000000,0.50000000,-0.49000000,743.71847238,60.38739733,-54.03082919,"Mass",2.170000,22.3000,1.230000,6096.00,"Transit"
"Kepler-377","Kepler-377 b",2,12.50952900000,0.1090000000,1.39000000,0.27000000,-0.27000000,2.51000000,,,"M-R relationship",5.140000,139.1120,1.043000,5949.00,"Transit"
"K2-224","K2-224 c",2,10.09489000000,0.0886000000,2.41000000,0.16000000,-0.12000000,6.39000000,,,"M-R relationship",2.510000,73.1328,0.910000,5620.00,"Transit"
"Kepler-35","Kepler-35 b",1,131.45800000000,0.6034700000,8.16000000,0.15700000,-0.15700000,40.36300000,6.35600000,-6.35600000,"Mass",0.410000,2.5804,0.887700,5606.00,"Transit"
"Kepler-1989","Kepler-1989 b",1,10.16102352800,0.0918000000,4.62000000,1.37000000,-0.73000000,19.30000000,,,"M-R relationship",1.080000,157.9700,0.999000,6032.00,"Transit"
"KOI-4777","KOI-4777.01",1,0.41200000000,0.0080000000,0.51000000,0.03000000,-0.03000000,99.20000000,,,"Mass",,320.0000,0.410000,3515.00,"Transit"
"TOI-1062","TOI-1062 c",2,7.97200000000,0.0800000000,3.10000000,,,9.78000000,1.26000000,-1.18000000,"Msini",1.800000,95.0000,0.940000,5328.00,"Radial Velocity"
"Kepler-966","Kepler-966 b",1,99.74762200000,0.3907000000,4.13000000,1.17000000,-0.58000000,16.00000000,,,"M-R relationship",1.250000,10.9720,1.020000,5840.00,"Transit"
"HD 125390","HD 125390 b",1,1757.39151000000,3.4960000000,11.90000000,,,8646.20398403,1311.99566410,-99.48029139,"Mass",28.200000,1.0874,1.820000,4882.00,"Radial Velocity"
"Kepler-678","Kepler-678 b",1,7.27503724000,0.0732000000,5.14000000,0.66000000,-0.35000000,23.10000000,,,"M-R relationship",0.935000,113.6400,0.940000,5520.00,"Transit"
"Kepler-968","Kepler-968 c",3,5.70940491800,0.0520000000,1.69000000,0.08000000,-0.07000000,3.50000000,,,"M-R relationship",3.980000,58.1500,0.760000,4598.00,"Transit"
"HD 215152","HD 215152 d",4,10.86499000000,0.0879900000,,,,770.41605857,,,"Mass",,38.7790,0.770000,4935.00,"Radial Velocity"
"Kepler-507","Kepler-507 b",1,3.56809692600,0.0478100000,1.30000000,0.24000000,-0.17000000,5.69692195,1.46657784,-1.46657784,"Msini",14.828486,877.3270,1.160000,6113.00,"Transit"
"GJ 357","GJ 357 c",3,9.12470000000,0.0610000000,1.66000000,,,3.40000000,0.46000000,-0.46000000,"Msini",4.080000,4.4500,0.342000,3505.00,"Radial Velocity"
"HD 216520","HD 216520 c",2,154.43000000000,0.5280000000,3.03000000,,,9.44000000,1.63000000,-1.63000000,"Msini",1.860000,1.2669,0.820000,5103.00,"Radial Velocity"
"HD 45364","HD 45364 b",2,225.79000000000,0.6793000000,9.03000000,,,60.16491745,1.97053612,-2.00231896,"Msini",0.449000,1.3804,0.820000,5466.00,"Radial Velocity"
"Kepler-1608","Kepler-1608 b",1,16.47356860000,0.1126000000,1.73000000,0.16000000,-0.19000000,3.64000000,,,"M-R relationship",3.860000,33.2200,0.750000,4992.00,"Transit"
"Kepler-1411","Kepler-1411 b",1,86.11508880000,0.4001000000,2.82000000,0.43000000,-0.24000000,8.35000000,,,"M-R relationship",2.050000,8.9270,0.950000,5664.00,"Transit"
"HIP 114933","HIP 114933 b",1,1481.60000000000,2.8400000000,13.40000000,,,616.58710958,63.56568140,-63.56568140,"Msini",1.410000,1.7110,1.390000,4823.00,"Radial Velocity"
"HD 221585","HD 221585 b",1,1173.00000000000,2.3060000000,13.50000000,,,511.70630000,44.49620000,-44.49620000,"Msini",1.140000,0.4965,1.190000,5620.00,"Radial Velocity"
"Kepler-403","Kepler-403 b",3,7.03146200000,0.0760000000,1.25000000,0.22000000,-0.22000000,2.10000000,,,"M-R relationship",5.910000,689.4570,1.299000,6090.00,"Transit"
"Kepler-753","Kepler-753 b",1,5.74772501200,0.0540000000,1.91000000,0.25000000,-0.09000000,4.31000000,,,"M-R relationship",3.400000,41.6740,0.680000,4346.00,"Transit"
"TOI-2180","TOI-2180 b",1,260.79000000000,0.8280000000,11.32107051,0.24659758,-0.21297063,875.61726129,27.65107141,-25.74410097,"Mass",3.320000,2.7100,1.111000,5695.00,"Transit"
"BD-17 63","BD-17 63 b",1,655.57000000000,1.3400000000,12.80000000,,,1639.99458012,63.56568140,-63.56568140,"Mass",4.300000,0.1169,0.741000,4714.00,"Radial Velocity"
"K2-274","K2-274 b",1,14.13303140000,0.0964000000,2.08000000,0.12000000,-0.07000000,4.98000000,,,"M-R relationship",3.040000,33.3287,0.790000,5044.00,"Transit"
"K2-382","K2-382 b",1,21.70015600000,,2.07200000,0.15200000,-0.13300000,4.95000000,,,"M-R relationship",3.060000,,0.922000,5452.00,"Transit"
"GJ 4276","GJ 4276 b",1,13.35200000000,0.0820000000,4.22000000,,,16.57000000,0.94000000,-0.95000000,"Msini",1.210000,2.9298,0.406000,3387.00,"Radial Velocity"
"TOI-1472","TOI-1472 b",2,6.36338574000,0.0640000000,4.05800000,0.09800000,-0.09800000,18.05000000,0.84000000,-0.85000000,"Mass",1.490000,110.0201,0.870000,5100.00,"Transit"
"Kepler-1436","Kepler-1436 b",1,9.70571600000,0.0907000000,1.31000000,0.35000000,-0.18000000,2.27000000,,,"M-R relationship",5.550000,772.0790,1.060000,5972.00,"Transit"
"NGTS-14 A","NGTS-14 A b",1,3.53571730000,0.0403000000,4.97679600,0.33627000,-0.33627000,29.24036000,3.81396000,-3.81396000,"Mass",1.395000,191.7820,0.898000,5187.00,"Transit"
"Kepler-1843","Kepler-1843 b",1,25.54339981000,0.1787100000,2.70909809,,,7.80000000,,,"M-R relationship",2.160000,111.8000,1.020000,5422.00,"Transit"
"HD 199509","HD 199509 b",1,99.62167000000,0.4260000000,7.43000000,,,43.22466335,3.81394088,-5.08525451,"Msini",0.579000,4.5393,1.040000,5796.02,"Radial Velocity"
"HD 219134","HD 219134 c",6,6.76458000000,0.0653000000,1.51100000,0.04700000,-0.04700000,4.36000000,0.22000000,-0.22000000,"Mass",6.950000,62.1000,0.810000,4699.00,"Radial Velocity"
"HR 8799","HR 8799 e",4,20815.60000000000,16.4000000000,13.11453000,1.45717000,-1.23299000,3178.30000000,2224.81000000,-1271.32000000,"Mass",7.740000,0.0201,1.510000,7400.00,"Imaging"
"HD 95089","HD 95089 b",2,464.40000000000,1.3600000000,13.70000000,,,400.46580000,27.01555000,-27.01555000,"Msini",0.856000,7.2989,1.540000,4918.00,"Radial Velocity"
"TOI-1803","TOI-1803 c",2,12.88577900000,0.0970000000,4.29000000,0.08000000,-0.08000000,8.00000000,1.00000000,-2.00000000,"Mass",0.419035,22.0000,0.756000,4687.00,"Transit"
"K2-66","K2-66 b",1,5.06963000000,0.0598300000,2.49000000,0.34000000,-0.24000000,21.30000000,3.60000000,-3.60000000,"Mass",7.800000,840.0000,1.110000,5887.00,"Transit"
"TOI-1203","TOI-1203 e",4,204.59000000000,,7.31000000,,,42.10000000,1.83000000,-1.78000000,"Msini",0.592000,,0.886000,5737.00,"Radial Velocity"
"Kepler-1781","Kepler-1781 b",1,4.88752985000,0.0574000000,2.38091029,,,6.26000000,,,"M-R relationship",2.550000,239.1100,1.053000,5568.00,"Transit"
"K2-384","K2-384 b",5,2.23152700000,,1.07600000,0.23200000,-0.06000000,1.26000000,,,"M-R relationship",5.560000,,0.330000,3623.00,"Transit"
"OGLE2-TR-L9","OGLE2-TR-L9 b",1,2.48553350000,0.0308000000,18.04600000,0.44800000,-0.44800000,1430.17500000,476.72500000,-476.72500000,"Mass",1.250000,4135.4482,1.520000,6933.00,"Transit"
"HD 45350","HD 45350 b",1,963.60000000000,1.9200000000,13.50000000,,,568.89000000,44.49000000,-44.49000000,"Msini",1.270000,0.3750,0.980000,5566.00,"Radial Velocity"
"4 UMa","4 UMa b",1,270.27000000000,0.8770000000,12.60000000,,,2511.48007211,63.24785299,-120.13913785,"Msini",6.900000,150.0929,1.234000,4415.00,"Radial Velocity"
"K2-19","K2-19 d",3,2.50827000000,0.0347800000,1.04400000,0.06400000,-0.06400000,6.20000000,,,"Mass",31.000000,404.0000,0.892000,5350.00,"Transit"
"HAT-P-63","HAT-P-63 b",1,3.37772800000,0.0429400000,12.54284940,0.36989636,-0.36989636,195.14664190,7.62788177,-7.62788177,"Mass",0.540000,387.4000,0.925000,5400.00,"Transit"
"Kepler-1890","Kepler-1890 b",1,4.82059001900,0.0571200000,0.86867375,,,0.58700000,,,"M-R relationship",4.920000,493.0000,1.024000,6046.00,"Transit"
"WASP-133","WASP-133 b",1,2.17642300000,0.0345000000,13.56289000,0.56045000,-0.56045000,368.68280000,28.60470000,-28.60470000,"Mass",0.880000,2054.7956,1.160000,5700.00,"Transit"
"TOI-2015","TOI-2015 b",2,3.34823700000,0.0293220000,3.30900000,0.01300000,-0.01100000,9.20000000,0.32000000,-0.35000000,"Mass",1.400000,13.1850,0.304100,3297.00,"Transit"
"PDS 70","PDS 70 b",2,43500.00000000000,20.8000000000,21.96960217,2.24179614,-1.90552672,1017.05090240,1048.83374310,-508.52545120,"Mass",0.527000,0.0008,0.982000,4109.00,"Imaging"
"HD 43197","HD 43197 c",2,9295.97350000000,8.5400000000,12.60000000,,,2500.67390628,559.37799632,-508.20762279,"Mass",6.870000,0.0100,0.960000,5508.00,"Radial Velocity"
"Kepler-213","Kepler-213 b",2,2.46236000000,0.0360000000,1.62000000,0.31000000,-0.31000000,3.26000000,,,"M-R relationship",4.210000,833.4690,1.070000,5696.00,"Transit"
"Kepler-1867","Kepler-1867 b",1,9.88735961900,0.0872000000,1.15985997,,,1.65000000,,,"M-R relationship",5.810000,82.3200,0.911000,5693.00,"Transit"
"GJ 536","GJ 536 c",2,32.76100000000,0.1617000000,2.30000000,,,5.89000000,0.70000000,-0.70000000,"Msini",2.660000,1.6920,0.528000,3641.00,"Radial Velocity"
"Kepler-1038","Kepler-1038 b",2,148.46033820000,0.5238000000,3.53000000,0.52000000,-0.39000000,12.20000000,,,"M-R relationship",1.520000,1.5120,0.870000,5335.00,"Transit"
"Kepler-934","Kepler-934 b",1,55.67383090000,0.2658000000,2.09000000,0.15000000,-0.11000000,5.02000000,,,"M-R relationship",3.020000,4.7160,0.810000,5001.00,"Transit"
"GJ 15 A","GJ 15 A b",2,11.44070000000,0.0720000000,1.55000000,,,3.03000000,0.46000000,-0.44000000,"Msini",4.470000,4.2691,0.380000,3607.00,"Radial Velocity"
"K2-264","K2-264 b",2,5.84000200000,0.0502300000,2.23100000,0.15100000,-0.14500000,5.61000000,,,"M-R relationship",2.780000,13.0794,0.496000,3660.00,"Transit"
"HIP 14810","HIP 14810 b",3,6.67389200000,0.0696000000,13.00000000,,,1239.53700000,155.73670000,-155.73670000,"Msini",3.100000,201.7351,1.010000,5544.00,"Radial Velocity"
"Kepler-979","Kepler-979 b",1,8.08801350000,0.0753000000,2.72000000,0.42000000,-0.23000000,7.85000000,,,"M-R relationship",2.140000,77.8410,0.870000,5310.00,"Transit"
"K2-130","K2-130 b",1,2.49412000000,0.0320000000,1.25000000,0.20000000,-0.14000000,2.10000000,,,"M-R relationship",5.910000,136.4000,0.695630,4356.47,"Transit"
"HD 47186","HD 47186 c",2,1353.60000000000,2.3950000000,13.00000000,,,111.42000000,,,"Msini",0.279000,0.1925,0.960000,5657.00,"Radial Velocity"
"Kepler-1391","Kepler-1391 b",1,54.40923330000,0.3004500000,1.68000000,0.26000000,-0.18000000,3.46000000,,,"M-R relationship",4.010000,33.3350,1.030000,5840.00,"Transit"
"Kepler-1148","Kepler-1148 b",1,1.10446350900,0.0188000000,1.69000000,0.10000000,-0.09000000,3.50000000,,,"M-R relationship",3.980000,815.4070,0.810000,5054.00,"Transit"
"Kepler-1231","Kepler-1231 b",1,10.41725184000,0.0914000000,1.42000000,0.30000000,-0.12000000,2.60000000,,,"M-R relationship",4.990000,117.5150,1.010000,5778.00,"Transit"
"HD 221420","HD 221420 b",1,10090.00000000000,10.1500000000,12.00000000,,,7278.27052030,699.22249540,-699.22249540,"Mass",23.100000,0.0389,1.351000,5847.00,"Radial Velocity"
"NGC 2682 Sand 978","NGC 2682 Sand 978 b",1,511.21000000000,,13.30000000,,,692.86940000,54.03110000,-54.03110000,"Msini",1.620000,,1.370000,4200.00,"Radial Velocity"
"HU Aqr","HU Aqr AB c",2,4368.00000000000,5.4000000000,12.90000000,,,1430.23500000,158.91500000,-158.91500000,"Msin(i)/sin(i)",3.660000,,0.880000,5952.00,"Eclipse Timing Variations"
"WASP-181","WASP-181 b",1,4.51950640000,0.0542700000,13.27145600,0.79583900,-0.66133100,95.03117000,10.80622000,-10.80622000,"Mass",0.237000,382.4492,1.040000,5839.00,"Transit"
"GJ 887","GJ 887 c",4,21.78400000000,0.1210000000,2.43000000,,,6.50000000,1.00000000,-0.90000000,"Msini",2.490000,2.5000,0.495000,3688.00,"Radial Velocity"
"Kepler-289","Kepler-289 d",4,66.02820000000,0.3300000000,3.03000000,0.08000000,-0.08000000,5.33000000,0.43000000,-0.42000000,"Mass",1.140000,10.5675,1.080000,5990.00,"Transit"
"Kepler-1067","Kepler-1067 b",2,0.76212926100,0.0164000000,0.80000000,0.12000000,-0.06000000,0.43700000,,,"M-R relationship",4.690000,2761.7570,0.950000,5592.00,"Transit"
"TOI-1227","TOI-1227 b",1,27.36397000000,0.0886000000,9.57246952,0.75100171,-0.58286700,66.50000000,,,"M-R relationship",0.417000,3.2100,0.170000,3072.00,"Transit"
"75 Cet","75 Cet c",2,2051.62000000000,3.9290000000,13.90000000,,,289.85950718,27.96889982,-45.44946220,"Msini",0.593000,3.3569,1.920000,4809.00,"Radial Velocity"
"Kepler-279","Kepler-279 e",4,98.35310000000,0.4390000000,4.13000000,0.69000000,-0.92000000,56.00000000,6.00000000,-4.90000000,"Mass",7.300000,21.9600,1.164000,6689.45,"Transit"
"HD 171238","HD 171238 b",1,1515.00000000000,2.5180000000,12.50000000,,,2796.88998160,1144.18226520,-413.17692910,"Mass",7.870000,0.0989,0.920000,5467.00,"Radial Velocity"
"K2-39","K2-39 b",1,4.60543000000,0.0570800000,6.27704000,1.68135000,-1.68135000,28.60470000,15.89150000,-15.89150000,"Mass",0.930000,1356.0000,0.660000,4881.00,"Transit"
"HD 145457","HD 145457 b",1,176.13000000000,0.7620000000,13.20000000,,,888.01256916,41.95334972,-37.18592362,"Msini",2.120000,77.8446,1.900000,4757.00,"Radial Velocity"
"Kepler-1487","Kepler-1487 c",2,35.80071120000,0.2588000000,7.97000000,1.39000000,-2.77000000,48.70000000,,,"M-R relationship",0.529000,227.6800,1.801000,5745.00,"Transit"
"TIC 88692598","TIC 88692598 b",1,2.64909436758,,1.81295951,0.20824409,-0.19567673,3.94000000,,,"M-R relationship",3.630000,,0.529218,3483.17,"Transit"
"Kepler-385","Kepler-385 d",3,56.41590000000,0.2872000000,2.61864480,,,7.36000000,,,"M-R relationship",2.250000,15.0000,1.050000,5829.00,"Transit"
"Kepler-1193","Kepler-1193 b",1,2.83265213400,0.0400400000,1.32000000,0.21000000,-0.17000000,2.30000000,,,"M-R relationship",5.500000,1286.3860,1.080000,5908.00,"Transit"
"Kepler-844","Kepler-844 b",1,2.61302085600,0.0298000000,1.68000000,0.07000000,-0.24000000,3.46000000,,,"M-R relationship",4.010000,89.6520,0.590000,4128.00,"Transit"
"HD 81817","HD 81817 c",2,622.97802000000,2.3250000000,12.00000000,,,7185.78245386,590.84300861,-596.24609153,"Msini",22.900000,337.2228,4.300000,4140.00,"Radial Velocity"
"HD 194490","HD 194490 b",1,13092.18348000000,11.1160000000,12.40000000,,,3561.90295725,560.64930995,-422.39395290,"Mass",10.300000,0.0114,1.060000,5861.32,"Radial Velocity"
"HD 28471","HD 28471 c",3,6.12450000000,0.0650000000,2.26000000,,,5.72000000,0.57000000,-0.72000000,"Msini",2.720000,272.8024,0.980000,5766.00,"Radial Velocity"
"EPIC 201170410","EPIC 201170410.02",1,6.79870000000,0.0349000000,1.04700000,0.27600000,-0.25700000,1.15000000,,,"M-R relationship",5.510000,10.3359,0.287000,3648.00,"Transit"
"47 UMa","47 UMa c",3,2391.00000000000,3.6000000000,14.20000000,,,171.62100000,20.97600000,-23.20100000,"Msini",0.329000,0.1217,1.060000,5872.00,"Radial Velocity"
"HIP 57274","HIP 57274 c",3,32.03000000000,0.1780000000,14.20000000,,,130.00000000,3.00000000,-3.00000000,"Msini",0.249000,48.8832,0.730000,4640.00,"Radial Velocity"
"EPIC 246851721","EPIC 246851721 b",1,6.18023500000,0.0722900000,11.78065900,0.49319600,-0.49319600,953.49000000,349.61300000,-381.39600000,"Mass",3.100000,642.0000,1.317000,6202.00,"Transit"
"HD 158038","HD 158038 b",1,521.00000000000,1.5000000000,13.50000000,,,486.27990000,149.38010000,-149.38010000,"Msini",1.090000,5.2889,1.300000,4860.00,"Radial Velocity"
"HD 166724","HD 166724 b",1,5144.00000000000,5.4200000000,13.00000000,,,1207.74794660,206.58846455,-92.17023803,"Mass",3.020000,0.0105,0.810000,5127.00,"Radial Velocity"
"HD 62509","HD 62509 b",1,589.64000000000,1.6400000000,13.30000000,,,731.00000000,140.00000000,-140.00000000,"Msini",1.710000,15.2164,2.000000,4892.63,"Radial Velocity"
"Kepler-314","Kepler-314 c",2,5.96039200000,0.0640000000,2.90000000,0.43000000,-0.43000000,8.75000000,,,"M-R relationship",1.970000,149.9770,0.990000,5378.00,"Transit"
"HD 11964","HD 11964 b",2,1945.00000000000,3.1600000000,14.10000000,,,198.00000000,18.00000000,-18.00000000,"Msini",0.388000,0.2882,0.910000,5303.00,"Radial Velocity"
"Kepler-232","Kepler-232 b",2,4.43122200000,0.0540000000,3.08000000,1.47000000,-1.47000000,9.69000000,,,"M-R relationship",1.820000,410.5830,0.970000,5847.00,"Transit"
"Kepler-160","Kepler-160 d",3,30.00000000000,0.1700000000,,,,100.00000000,,,"Mass",,34.9481,1.003000,5471.00,"Transit Timing Variations"
"Kepler-786","Kepler-786 b",1,53.52934870000,0.2548300000,2.43000000,0.12000000,-0.07000000,6.48000000,,,"M-R relationship",2.480000,3.6580,0.810000,4838.00,"Transit"
"HD 109271","HD 109271 b",2,7.85430000000,0.0790000000,4.31000000,,,17.16200000,1.27100000,-1.27100000,"Msini",1.180000,320.4393,1.047000,5783.00,"Radial Velocity"
"Kepler-284","Kepler-284 b",2,12.69914900000,0.1040000000,2.24000000,0.98000000,-0.98000000,5.65000000,,,"M-R relationship",2.760000,38.3660,0.766000,5615.00,"Transit"
"Kepler-950","Kepler-950 b",1,98.71804060000,0.3982000000,8.98000000,1.56000000,-0.83000000,59.60000000,,,"M-R relationship",0.452000,3.9700,1.020000,5857.00,"Transit"
"Kepler-1463","Kepler-1463 b",1,25.15864000000,0.1694000000,1.86000000,0.33000000,-0.19000000,4.12000000,,,"M-R relationship",3.520000,57.6340,0.960000,5679.00,"Transit"
"WASP-47","WASP-47 e",4,0.78961000000,0.0167300000,1.83000000,0.02000000,-0.02000000,9.00000000,0.60000000,-0.40000000,"Mass",6.290000,3740.0000,1.058000,5565.00,"Transit"
"TOI-1807","TOI-1807 b",1,0.54937097000,0.0122000000,1.49681583,0.08089145,-0.06779467,2.44000000,0.60000000,-0.57000000,"Mass",3.980000,1407.2200,0.804800,4914.00,"Transit"
"HD 211810","HD 211810 b",1,1558.00000000000,2.6560000000,14.00000000,,,212.94610000,139.84520000,-139.84520000,"Msini",0.426000,0.1665,1.030000,5652.00,"Radial Velocity"
"HATS-62","HATS-62 b",1,3.27688370000,0.0416300000,11.82549500,0.28022500,-0.28022500,56.89157000,,,"Mass",0.076000,387.4000,0.896000,5416.00,"Transit"
"Kepler-102","Kepler-102 d",5,10.31176700000,0.0861800000,1.15400000,0.05800000,-0.05800000,3.00000000,1.30000000,-1.30000000,"Mass",10.700000,36.9000,0.803000,4909.00,"Transit"
"Kepler-42","Kepler-42 c",3,0.45328509000,0.0060000000,0.73000000,0.20000000,-0.20000000,60.33700000,,,"Mass",98.000000,82.1250,0.130000,3068.00,"Transit"
"HD 56957","HD 56957 b",1,5859.08992000000,6.4260000000,12.80000000,,,1880.90851263,915.02798375,-1279.57716658,"Mass",4.930000,0.0750,1.030000,5743.00,"Radial Velocity"
"Kepler-1855","Kepler-1855 b",1,0.72733098300,0.0115000000,1.21620500,,,1.96000000,,,"M-R relationship",5.990000,86.9700,0.385000,3460.00,"Transit"
"Kepler-298","Kepler-298 c",3,22.92881000000,0.1360000000,1.93000000,0.22000000,-0.22000000,4.38000000,,,"M-R relationship",3.350000,8.6960,0.660000,4465.00,"Transit"
"Kepler-84","Kepler-84 d",5,4.22453700000,0.0520000000,1.38000000,0.27000000,-0.27000000,2.48000000,,,"M-R relationship",5.190000,584.2400,1.060000,6031.00,"Transit"
"TOI-1410","TOI-1410.01",2,1.21687000000,0.0207000000,3.10083009,0.22026793,-0.16123620,12.50000000,1.10000000,-1.00000000,"Mass",2.300000,565.5415,0.794100,4635.00,"Transit"
"HD 180902","HD 180902 b",1,510.90000000000,1.4000000000,13.50000000,,,535.54355000,13.03103000,-13.03103000,"Msini",1.200000,4.7959,1.410000,4961.00,"Radial Velocity"
"HD 62364","HD 62364 b",2,5138.00000000000,6.1500000000,12.10000000,,,5965.63919939,209.76674862,-200.23189641,"Mass",18.500000,0.0720,1.157000,6255.00,"Radial Velocity"
"TOI-5238","TOI-5238 b",1,4.87217100000,,5.22000000,,,23.70000000,,,"M-R relationship",0.916000,195.9250,1.000000,5631.00,"Transit"
"Kepler-682","Kepler-682 b",1,12.61190667200,0.1058000000,7.37000000,0.77000000,-0.50000000,42.60000000,,,"M-R relationship",0.585000,306.1020,0.920000,5559.00,"Transit"
"K2-368","K2-368 b",3,5.02559800000,,1.33200000,0.10700000,-0.10000000,2.34000000,,,"M-R relationship",5.440000,,0.746000,4663.00,"Transit"
"TOI-2010","TOI-2010 b",1,141.83402500000,0.5516000000,11.81426566,0.30264248,-0.30264248,408.72733140,17.48056238,-18.11621920,"Mass",1.360000,4.0900,1.112000,5929.00,"Transit"
"HD 149143","HD 149143 b",1,4.07182000000,0.0530000000,13.60000000,,,422.71390000,47.67450000,-47.67450000,"Msini",0.923000,796.9815,1.200000,5856.00,"Radial Velocity"
"Kepler-18","Kepler-18 d",3,14.85888000000,0.1172000000,6.98000000,0.33000000,-0.33000000,16.40000000,1.40000000,-1.40000000,"Mass",0.270000,51.9220,0.972000,5345.00,"Transit"
"Kepler-1988","Kepler-1988 b",1,11.49500229000,0.1038000000,1.53000000,0.30000000,-0.49000000,2.96000000,,,"M-R relationship",4.540000,351.7900,1.127000,6033.00,"Transit"
"Kepler-864","Kepler-864 c",2,2.42150341000,0.0382000000,1.62000000,0.47000000,-0.19000000,3.26000000,,,"M-R relationship",4.210000,1305.0400,1.270000,6213.00,"Transit"
"Kepler-1949","Kepler-1949 b",1,2.20828008700,0.0352000000,2.21964541,,,5.56000000,,,"M-R relationship",2.790000,2016.2500,1.194000,6028.00,"Transit"
"Kepler-27","Kepler-27 c",3,31.33090000000,0.1910000000,4.90000000,,,4385.87000000,,,"Mass",,11.0670,0.650000,5400.00,"Transit"
"TOI-181","TOI-181 b",1,4.53200000000,0.0539000000,6.95590000,0.08700000,-0.10100000,46.16870000,2.71000000,-7.83000000,"Mass",0.756200,102.4300,0.822000,4994.00,"Transit"
"TOI-2076","TOI-2076 d",4,35.12803000000,0.1982000000,3.27000000,0.13000000,-0.13000000,7.30000000,2.70000000,-2.70000000,"Mass",1.120000,16.5000,0.849000,5187.00,"Transit"
"Kepler-754","Kepler-754 b",1,14.55962370000,0.1160000000,2.01000000,0.48000000,-0.26000000,4.70000000,,,"M-R relationship",3.180000,216.4730,1.060000,5935.00,"Transit"
"Kepler-1021","Kepler-1021 b",1,13.47469571000,0.1034000000,2.33000000,0.25000000,-0.18000000,6.04000000,,,"M-R relationship",2.620000,50.3700,0.890000,5431.00,"Transit"
"Kepler-14","Kepler-14 b",1,6.79012300000,0.0771000000,12.73300000,0.81800000,-0.60500000,2669.66000000,111.24000000,-108.06000000,"Mass",7.100000,1029.5100,1.512000,6395.00,"Transit"
"WASP-187","WASP-187 b",1,5.14787800000,0.0653000000,18.38276000,0.56045000,-0.56045000,254.26400000,28.60470000,-28.60470000,"Mass",0.224000,1594.7600,1.540000,6150.00,"Transit"
"K2-191","K2-191 b",1,2.85864600000,,1.57889322,0.26523273,-0.13201754,3.12000000,,,"M-R relationship",4.360000,,0.900994,5176.00,"Transit"
"Kepler-1698","Kepler-1698 b",1,1.21070000000,0.0206500000,1.07315686,,,1.25000000,,,"M-R relationship",5.560000,697.6000,0.822000,4975.03,"Transit"
"K2-218","K2-218 b",1,8.67988500000,,2.56948149,0.27525709,-0.15204146,7.13000000,,,"M-R relationship",2.310000,,1.047488,5757.00,"Transit"
"HIP 56640","HIP 56640 b",1,2675.57603000000,4.5500000000,12.70000000,,,2151.69831539,590.84300861,-385.52585769,"Mass",5.770000,0.5420,1.750000,4769.00,"Radial Velocity"
"tau Cet","tau Cet f",3,636.13000000000,1.3340000000,1.81000000,,,3.93000000,1.05000000,-1.37000000,"Msini",3.640000,0.2782,0.783000,5310.00,"Radial Velocity"
"WASP-169","WASP-169 b",1,5.61141180000,0.0681000000,14.61653600,1.68135000,-0.81825700,178.30263000,19.38763000,-19.38763000,"Mass",0.330000,1486.8579,1.337000,6110.00,"Transit"
"eps CrB","eps CrB b",1,417.90000000000,1.3000000000,12.70000000,,,2129.46100000,95.34900000,-95.34900000,"Msini",5.710000,101.7001,1.700000,4406.00,"Radial Velocity"
"Kepler-1425","Kepler-1425 b",1,14.45413020000,0.1143500000,0.94000000,0.19000000,-0.13000000,0.77900000,,,"M-R relationship",5.150000,216.4050,0.970000,5718.00,"Transit"
"Kepler-1945","Kepler-1945 b",1,6.08003997800,0.0597000000,1.28900000,,,2.21000000,,,"M-R relationship",5.670000,100.7200,0.767000,4991.00,"Transit"
"PSR B1257+12","PSR B1257+12 c",3,66.54190000000,0.3600000000,1.91000000,,,4.30000000,0.20000000,-0.20000000,"Mass",3.390000,,1.400000,,"Pulsar Timing"
"TOI-2141","TOI-2141 d",3,60.45000000000,0.2906000000,3.97000000,,,14.90000000,2.10000000,-2.10000000,"Msini",1.310000,9.8000,0.896000,5635.00,"Radial Velocity"
"WASP-118","WASP-118 b",1,4.04604350000,0.0545300000,16.14096000,0.40352400,-0.40352400,163.36462000,6.35660000,-6.35660000,"Mass",0.233000,6586.4700,1.320000,6410.00,"Transit"
"HD 240210","HD 240210 b",1,501.75000000000,1.1600000000,12.80000000,,,1655.82000000,,,"Msini",4.340000,26.3684,0.820000,4297.00,"Radial Velocity"
"K2-163","K2-163 b",1,6.67311700000,,2.46610713,0.25681072,-0.12408569,6.65000000,,,"M-R relationship",2.440000,,0.826112,4937.00,"Transit"
"Kepler-778","Kepler-778 b",1,3.75574426000,0.0453000000,1.68000000,0.10000000,-0.13000000,3.46000000,,,"M-R relationship",4.010000,216.5680,0.810000,5102.00,"Transit"
"Kepler-1358","Kepler-1358 b",1,7.06317341000,0.0656000000,1.12000000,0.07000000,-0.10000000,1.46000000,,,"M-R relationship",5.710000,98.8340,0.820000,5181.00,"Transit"
"Kepler-242","Kepler-242 b",2,8.20395000000,0.0750000000,2.61000000,1.60000000,-1.60000000,7.32000000,,,"M-R relationship",2.260000,43.7680,0.748000,5020.00,"Transit"
"HD 213240","HD 213240 b",1,882.70001000000,1.8900000000,12.80000000,,,1655.88600047,476.74261050,-155.73591943,"Mass",4.340000,0.7524,1.570000,5979.00,"Radial Velocity"
"UZ For","UZ For c",2,1916.25000000000,2.8000000000,,,,2447.20000000,381.40000000,-381.40000000,"Mass",,,0.700000,5286.90,"Eclipse Timing Variations"
"HD 75302","HD 75302 b",1,4356.00000000000,5.3000000000,12.80000000,,,1716.27339780,158.91420350,-127.13136280,"Mass",4.500000,0.0299,1.060000,5697.46,"Radial Velocity"
"HD 37124","HD 37124 b",3,154.37800000000,0.5336400000,14.00000000,,,214.53525000,5.40311000,-5.40311000,"Msini",0.430000,2.7119,0.850000,5698.64,"Radial Velocity"
"TIC 18942729","TIC 18942729 b",1,0.99817838064,,2.00021315,0.28986198,-0.22039639,4.66000000,,,"M-R relationship",3.200000,,0.652000,4360.11,"Transit"
"HD 10180","HD 10180 d",6,16.35700000000,0.1285900000,,,,3295.88058059,,,"Mass",,90.1098,1.060000,5911.00,"Radial Velocity"
"Wolf 327","Wolf 327 b",1,0.57347450000,0.0100000000,1.24000000,0.06000000,-0.06000000,2.53000000,0.46000000,-0.46000000,"Mass",7.240000,233.9000,0.405000,3542.00,"Transit"
"OGLE-2006-BLG-109L","OGLE-2006-BLG-109L c",2,4927.50000000000,4.5000000000,11.10000000,,,86.00000000,7.00000000,-7.00000000,"Mass",0.346000,,0.510000,,"Microlensing"
"HD 12648","HD 12648 b",1,133.60001000000,0.5400000000,13.40000000,,,622.94680000,69.92260000,-69.92260000,"Msini",1.420000,194.0796,0.670000,4835.00,"Radial Velocity"
"HATS-5","HATS-5 b",1,4.76338700000,0.0542000000,10.22300000,0.28000000,-0.28000000,75.32300000,3.81400000,-3.91400000,"Mass",0.390000,183.2395,0.936000,5304.00,"Transit"
"Kepler-1561","Kepler-1561 b",1,1.00520700700,0.0194000000,1.09000000,0.26000000,-0.18000000,1.32000000,,,"M-R relationship",5.600000,2364.8070,1.070000,5957.00,"Transit"
"PSR B1257+12","PSR B1257+12 b",3,25.26200000000,0.1900000000,0.33800000,,,0.02000000,0.00200000,-0.00200000,"Mass",2.850000,,1.400000,,"Pulsar Timing"
"Kepler-274","Kepler-274 c",2,33.19786100000,0.2040000000,1.84000000,1.00000000,-1.00000000,4.04000000,,,"M-R relationship",3.560000,36.5180,0.883000,6023.00,"Transit"
"HAT-P-25","HAT-P-25 b",1,3.65281514000,0.0466000000,12.72221500,0.53803200,-0.53803200,180.84527000,7.31009000,-6.99226000,"Mass",0.483000,325.0000,1.012000,5519.00,"Transit"
"BD+48 738","BD+48 738 b",1,392.60000000000,1.0000000000,13.90000000,,,289.22530000,,,"Msini",0.592000,48.9779,0.740000,4414.00,"Radial Velocity"
"Kepler-697","Kepler-697 b",1,3.70987064500,0.0471000000,4.13000000,0.55000000,-0.31000000,16.00000000,,,"M-R relationship",1.250000,472.2360,0.920000,5513.00,"Transit"
"HD 70642","HD 70642 b",1,2124.54000000000,3.3180000000,13.00000000,,,1239.53078730,92.17023803,-85.81366989,"Mass",3.100000,0.0934,1.078000,5732.00,"Radial Velocity"
"Kepler-1710","Kepler-1710 b",1,14.91110039000,0.1158300000,3.19744103,,,3.49494179,5.76752021,-5.76752021,"Msini",1.112250,48.9000,0.932000,5650.00,"Transit"
"Kepler-510","Kepler-510 b",1,19.55659418000,0.1352000000,2.47000000,0.23000000,-0.12000000,6.66000000,,,"M-R relationship",2.430000,114.3890,0.910000,5746.00,"Transit"
"Kepler-1477","Kepler-1477 b",1,11.55530021000,0.0911000000,1.18000000,0.09000000,-0.09000000,1.76000000,,,"M-R relationship",5.890000,78.1630,0.810000,5100.00,"Transit"
"HN Lib","HN Lib b",1,36.11600000000,0.1417000000,2.20000000,,,5.46000000,0.75000000,-0.75000000,"Msini",2.820000,0.5030,0.291000,3347.00,"Radial Velocity"
"TOI-672","TOI-672 b",1,3.63358100000,0.0376000000,5.31000000,0.24000000,-0.26000000,50.90000000,4.50000000,-4.40000000,"Mass",1.860000,39.8000,0.540000,3810.00,"Transit"
"TOI-1749","TOI-1749 b",3,2.38839000000,0.0291000000,1.39000000,0.21000000,-0.19000000,57.00000000,,,"Mass",,83.8379,0.580000,3985.00,"Transit"
"TOI-4633","TOI-4633 c",1,271.94450000000,0.8470000000,3.20000000,0.20000000,-0.19000000,123.00000000,,,"Mass",,1.5600,1.100000,5800.00,"Transit"
"Kepler-747","Kepler-747 b",1,35.61760587000,0.1916000000,5.27000000,0.29000000,-0.28000000,24.10000000,,,"M-R relationship",0.905000,10.1900,0.820000,5096.00,"Transit"
"Kepler-297","Kepler-297 b",3,38.87182600000,0.2170000000,2.87000000,0.52000000,-0.52000000,48.50000000,11.20000000,-7.00000000,"Mass",11.300000,16.4640,0.927000,5619.00,"Transit"
"Kepler-308","Kepler-308 b",2,9.69492800000,0.0900000000,2.12000000,1.02000000,-1.02000000,5.14000000,,,"M-R relationship",2.960000,108.6400,0.920000,5895.00,"Transit"
"TOI-1260","TOI-1260 c",3,7.49313400000,0.0657000000,2.76000000,0.07000000,-0.07000000,13.20000000,4.23000000,-4.23000000,"Mass",3.450000,29.8100,0.679000,4227.00,"Transit"
"Kepler-828","Kepler-828 b",1,0.56785713600,0.0122800000,1.51000000,0.08000000,-0.11000000,2.89000000,,,"M-R relationship",4.610000,1835.1590,0.810000,5039.00,"Transit"
"TOI-1291","TOI-1291 b",1,7.16200975510,,5.63826391,0.34804882,-0.34340123,27.10000000,,,"M-R relationship",0.831000,1230.4200,1.200000,6139.95,"Transit"
"Barnard's star","Barnard d",4,2.34020000000,0.0188000000,0.69400000,,,0.26300000,0.02400000,-0.02400000,"Msini",4.320000,10.0441,0.162000,3195.00,"Radial Velocity"
"Kepler-1951","Kepler-1951 b",1,20.65780067000,0.1435000000,2.32107188,,,6.00000000,,,"M-R relationship",2.640000,66.2700,0.923000,5468.00,"Transit"
"Kepler-1839","Kepler-1839 b",1,5.05675983400,0.0583000000,1.94937590,,,4.46000000,,,"M-R relationship",3.310000,286.3200,1.030000,5926.00,"Transit"
"TOI-333","TOI-333 b",1,3.78525030000,0.0490000000,4.26000000,0.11000000,-0.11000000,20.10000000,2.40000000,-2.40000000,"Mass",1.420000,650.4959,1.200000,6241.00,"Transit"
"HD 112640","HD 112640 b",1,613.20000000000,1.7000000000,12.90000000,,,1589.15000000,317.83000000,-317.83000000,"Msini",4.070000,98.0969,1.800000,4155.00,"Radial Velocity"
"Kepler-1722","Kepler-1722 b",1,9.17856979400,0.0819000000,2.86719266,,,8.58000000,,,"M-R relationship",2.000000,76.1400,0.876000,5506.00,"Transit"
"Kepler-1024","Kepler-1024 b",1,66.41621330000,0.3033000000,3.91000000,0.27000000,-0.26000000,14.50000000,,,"M-R relationship",1.330000,5.4460,0.810000,5143.00,"Transit"
"Kepler-200","Kepler-200 b",2,8.59480500000,0.0800000000,2.13000000,0.41000000,-0.41000000,5.18000000,,,"M-R relationship",2.950000,159.0690,0.972000,5678.00,"Transit"
"Kepler-784","Kepler-784 b",2,31.59226460000,0.2211100000,1.58000000,0.34000000,-0.32000000,3.12000000,,,"M-R relationship",4.350000,194.3850,1.000000,5674.00,"Transit"
"K2-395","K2-395 b",2,4.80335200000,,2.59700000,0.19200000,-0.17800000,7.26000000,,,"M-R relationship",2.280000,,0.952000,5007.00,"Transit"
"Kepler-1588","Kepler-1588 b",1,7.84931739000,0.0741900000,0.76000000,0.11000000,-0.07000000,0.36300000,,,"M-R relationship",4.540000,359.7900,0.960000,5817.00,"Transit"
"WISE J033605.05-014350.4","WISE J033605.05-014350.4 b",1,2560.00000000000,0.9700000000,12.60000000,,,2622.08435775,1350.77072975,-1350.77072975,"Mass",7.200000,,0.013100,415.00,"Imaging"
"K2-157","K2-157 b",3,0.36525750000,0.0096200000,0.93500000,0.09000000,-0.09000000,1.14000000,0.41000000,-0.42000000,"Mass",7.700000,6660.0000,0.890000,5334.00,"Transit"
"HU Aqr","HU Aqr AB b",2,2390.00000000000,3.6000000000,12.80000000,,,1875.19700000,190.69800000,-190.69800000,"Msin(i)/sin(i)",4.910000,,0.880000,5952.00,"Eclipse Timing Variations"
"Kepler-1968","Kepler-1968 b",1,7.28109979600,0.0696000000,1.50004034,,,2.86000000,,,"M-R relationship",4.660000,72.1600,0.844000,5008.00,"Transit"
"TOI-6054","TOI-6054.01",2,7.50142800000,0.0763000000,2.64000000,0.15000000,-0.15000000,12.50000000,1.70000000,-1.60000000,"Mass",3.700000,570.0000,1.107000,6047.00,"Transit"
"Kepler-1676","Kepler-1676 b",1,29.92210000000,0.1954000000,3.37695960,,,11.30000000,,,"M-R relationship",1.610000,33.4500,1.070000,5878.30,"Transit"
"Kepler-84","Kepler-84 c",5,12.88300000000,0.1072000000,2.36000000,0.11000000,-0.11000000,20.20000000,13.50000000,-10.20000000,"Mass",8.440000,132.2300,1.000000,6039.00,"Transit"
"NGTS-30","NGTS-30 b",1,98.29838000000,0.4080000000,10.40193409,0.35868738,-0.35868738,305.11527072,17.79839079,-17.79839079,"Mass",1.490000,172.8570,0.940000,5455.00,"Transit"
"Kepler-1653","Kepler-1653 b",1,140.25240000000,0.4706000000,2.17000000,0.16000000,-0.23000000,5.35000000,,,"M-R relationship",2.880000,0.9800,0.719000,4807.00,"Transit"
"Kepler-1079","Kepler-1079 b",1,13.24503188000,0.1092000000,1.63000000,0.33000000,-0.28000000,3.29000000,,,"M-R relationship",4.170000,195.3530,1.080000,5758.00,"Transit"
"SWEEPS-11","SWEEPS-11 b",1,1.79600000000,0.0300000000,12.66600000,2.35400000,-2.35400000,3082.82000000,1779.77000000,-1430.17000000,"Mass",8.340000,,1.100000,,"Transit"
"Kepler-1248","Kepler-1248 b",1,7.46725407000,0.0806000000,1.18000000,0.20000000,-0.11000000,1.76000000,,,"M-R relationship",5.890000,271.2500,1.210000,6149.00,"Transit"
"K2-65","K2-65 b",1,12.64750000000,0.1014000000,1.58000000,0.38000000,-0.38000000,3.12000000,,,"M-R relationship",4.350000,45.0000,0.870000,5213.00,"Transit"
"M62H","M62H b",1,0.13293502800,,,,,785.03616529,,,"Mass",,,1.400000,,"Pulsar Timing"
"TOI-2267 B","TOI-2267 d",3,2.03446710000,0.0145000000,1.77000000,0.43000000,-0.43000000,3.78000000,,,"M-R relationship",3.750000,5.3000,0.098900,3022.00,"Transit"
"TOI-2416","TOI-2416 b",1,8.27547900000,0.0831000000,9.86390302,0.22417961,-0.22417961,953.48522100,31.78284070,-28.60455663,"Mass",5.400000,130.9300,1.118000,5808.00,"Transit"
"CFBDSIR J145829+101343","CFBDSIR J145829+101343 b",1,10037.50000000000,2.6000000000,12.40000000,,,3337.10000000,1430.20000000,-1430.20000000,"Mass",9.620000,,0.021000,580.50,"Imaging"
"Kepler-405","Kepler-405 b",2,10.61383900000,0.0950000000,2.08000000,0.99000000,-0.99000000,4.98000000,,,"M-R relationship",3.040000,55.6230,0.873000,5818.00,"Transit"
"Kepler-636","Kepler-636 b",1,16.08066114700,0.1185000000,4.45000000,0.14000000,-0.13000000,18.10000000,,,"M-R relationship",1.130000,67.5090,0.850000,5203.00,"Transit"
"Kepler-565","Kepler-565 b",1,4.24374722600,0.0501000000,3.64000000,0.51000000,-0.27000000,12.90000000,,,"M-R relationship",1.470000,301.4600,0.980000,5735.00,"Transit"
"Kepler-132","Kepler-132 e",4,110.28693740000,0.4392700000,1.18000000,0.16000000,-0.12000000,1.76000000,,,"M-R relationship",5.890000,6.1000,1.030000,6023.00,"Transit"
"GJ 411","HD 95735 c",2,2946.00000000000,2.9400000000,3.76000000,,,13.60000000,2.40000000,-2.30000000,"Msini",1.410000,0.0023,0.389900,3719.00,"Radial Velocity"
"KOI-984","KOI-984 c",2,21.51200000000,0.1467000000,14.10000000,,,209.80000000,40.00000000,-40.00000000,"Mass",0.411000,22.0364,0.928000,5295.00,"Transit Timing Variations"
"alf Tau","alf Tau b",1,628.96000000000,1.4600000000,12.70000000,,,2056.36010000,168.44990000,-168.44990000,"Msini",5.520000,220.4420,1.130000,4055.00,"Radial Velocity"
"Kepler-138","Kepler-138 e",4,38.23000000000,0.1803000000,0.79700000,,,0.43000000,0.21000000,-0.10000000,"Mass",4.670000,1.7300,0.535000,3841.00,"Transit Timing Variations"
"Kepler-1639","Kepler-1639 b",1,9.87848200000,0.0932000000,2.58000000,0.79000000,-0.34000000,7.18000000,,,"M-R relationship",2.300000,187.8480,1.120000,6150.00,"Transit"
"Kepler-1493","Kepler-1493 b",1,15.02179830000,0.1197000000,1.41000000,0.27000000,-0.23000000,2.57000000,,,"M-R relationship",5.040000,137.9100,1.060000,5863.00,"Transit"
"HIP 86221","HIP 86221 b",1,2.22400000000,0.0310000000,14.00000000,,,225.65816897,,,"Msini",0.452000,,0.790000,,"Radial Velocity"
"Kepler-799","Kepler-799 c",2,15.19419956000,0.1214000000,2.78068551,,,8.15000000,,,"M-R relationship",2.080000,150.2500,1.031000,5588.00,"Transit"
"nu Oct A","nu Oct A b",1,402.40000000000,1.2400000000,13.30000000,,,696.04421133,34.96112477,-34.96112477,"Mass",1.630000,8.5848,1.570000,4910.00,"Radial Velocity"
"Kepler-588","Kepler-588 b",1,4.22162535700,0.0520000000,2.63000000,0.50000000,-0.22000000,7.41000000,,,"M-R relationship",2.240000,718.0750,1.010000,5835.00,"Transit"
"TOI-6954","TOI-6954 b",1,4.02074127419,,3.63524486,0.31255602,-0.28011794,12.80000000,,,"M-R relationship",1.460000,124.5690,0.834000,5170.87,"Transit"
"TIC 260969020","TIC 260969020 b",1,8.48584501953,,2.22686612,0.23860135,-0.19249709,5.59000000,,,"M-R relationship",2.780000,,0.750000,4572.94,"Transit"
"TOI-5218","TOI-5218 b",1,4.29145200000,0.0469000000,9.86000000,0.39000000,-0.39000000,657.00000000,,,"Mass",,62.0000,0.739000,4230.00,"Transit"
"HD 9174","HD 9174 b",1,1179.00000000000,2.2000000000,13.70000000,,,352.79130000,44.49620000,-44.49620000,"Msini",0.754000,0.4979,1.030000,5577.00,"Radial Velocity"
"Kepler-1541","Kepler-1541 b",1,8.40691199000,0.0755500000,1.16000000,0.10000000,-0.08000000,1.65000000,,,"M-R relationship",5.810000,75.5600,0.860000,5282.00,"Transit"
"Kepler-169","Kepler-169 e",5,13.76710200000,0.1050000000,2.20000000,0.29000000,-0.29000000,5.48000000,,,"M-R relationship",2.830000,28.5480,0.825000,4997.00,"Transit"
"Kepler-1844","Kepler-1844 b",1,3.92451000200,0.0478000000,3.03648191,,,9.46000000,,,"M-R relationship",1.860000,314.2500,0.939000,5776.00,"Transit"
"TOI-481","TOI-481 b",1,10.33111000000,0.0970000000,11.09691000,0.11209000,-0.11209000,486.27990000,9.53490000,-9.53490000,"Mass",1.960000,253.1260,1.140000,5735.00,"Transit"
"Kepler-1311","Kepler-1311 d",3,197.51100160000,0.6843400000,9.65837605,,,67.50000000,,,"M-R relationship",0.412000,6.0000,1.032000,5616.00,"Transit"
"Kepler-1669","Kepler-1669 b",3,9.51216000000,0.0745000000,2.78043818,,,8.15000000,,,"M-R relationship",2.080000,18.6600,0.670000,4303.00,"Transit"
"Kepler-537","Kepler-537 b",1,3.24755521900,0.0431700000,1.41000000,0.06000000,-0.04000000,2.57000000,,,"M-R relationship",5.040000,442.5220,1.070000,5763.00,"Transit"
"TOI-2285","TOI-2285 b",1,13.63510900000,0.1363000000,1.77000000,0.12000000,-0.09000000,19.50000000,,,"Mass",,3.9100,0.454000,3491.00,"Transit"
"BD+45 564","BD+45 564 b",1,307.88000000000,0.8300000000,13.60000000,,,432.24663352,38.13940884,-38.13940884,"Msini",0.944000,0.5790,0.810000,5004.00,"Radial Velocity"
"K2-170","K2-170 b",2,7.57654400000,,1.41817537,0.20164964,-0.13107037,2.60000000,,,"M-R relationship",5.010000,,0.963657,5748.00,"Transit"
"Kepler-1069","Kepler-1069 b",1,23.89902960000,0.1658700000,1.60000000,0.31000000,-0.14000000,3.19000000,,,"M-R relationship",4.280000,78.1750,0.990000,5722.00,"Transit"
"Kepler-558","Kepler-558 b",1,29.00790538000,0.1759000000,2.37000000,0.17000000,-0.14000000,6.21000000,,,"M-R relationship",2.560000,15.2270,0.850000,5242.00,"Transit"
"Kepler-315","Kepler-315 c",2,265.46933500000,0.7910000000,4.15000000,0.96000000,-0.96000000,16.10000000,,,"M-R relationship",1.240000,1.7220,0.831000,5796.00,"Transit"
"Kepler-997","Kepler-997 b",1,2.70730671600,0.0402200000,1.36000000,0.33000000,-0.26000000,2.42000000,,,"M-R relationship",5.290000,1900.1310,1.220000,6150.00,"Transit"
"HD 215152","HD 215152 b",4,5.75999000000,0.0576380000,,,,565.41673605,,,"Mass",,90.3745,0.770000,4935.00,"Radial Velocity"
"Kepler-635","Kepler-635 b",1,23.44971004000,0.1833200000,2.64000000,0.36000000,-0.27000000,7.46000000,,,"M-R relationship",2.230000,193.9270,1.330000,6174.00,"Transit"
"Kepler-575","Kepler-575 b",1,9.37891944000,0.0788000000,2.39000000,0.52000000,-0.21000000,6.30000000,,,"M-R relationship",2.540000,141.9870,0.970000,5710.00,"Transit"
"Kepler-1848","Kepler-1848 b",1,5.60402011900,0.0583500000,1.40885390,,,2.57000000,,,"M-R relationship",5.050000,94.3000,0.756000,4847.00,"Transit"
"Kepler-80","Kepler-80 b",6,7.05246000000,0.0648000000,2.67000000,0.10000000,-0.10000000,6.93000000,1.05000000,-0.70000000,"Mass",1.380000,54.3820,0.730000,4540.00,"Transit"
"Kepler-748","Kepler-748 b",1,7.40742793000,0.0745000000,2.52000000,0.65000000,-0.29000000,6.90000000,,,"M-R relationship",2.370000,439.7780,1.070000,5934.00,"Transit"
"K2-266","K2-266 b",4,0.65852400000,0.0130600000,3.30000000,1.80000000,-1.30000000,11.26782377,11.37119830,-11.37119830,"Msin(i)/sin(i)",1.720000,879.5000,0.686000,4285.00,"Transit"
"Kepler-1268","Kepler-1268 b",1,40.99039860000,0.2383000000,2.03000000,0.67000000,-0.23000000,4.78000000,,,"M-R relationship",3.140000,40.6520,1.060000,5904.00,"Transit"
"Kepler-1525","Kepler-1525 b",1,2.41660118300,0.0355700000,0.91000000,0.06000000,-0.04000000,0.69300000,,,"M-R relationship",5.050000,715.1060,1.070000,5748.00,"Transit"
"GJ 163","GJ 163 b",3,8.63182000000,0.0607000000,3.25000000,,,10.60000000,0.60000000,-0.60000000,"Msini",1.700000,5.3165,0.400000,3500.00,"Radial Velocity"
"HAT-P-21","HAT-P-21 b",1,4.12448000000,0.0503700000,12.44199000,1.79344000,-1.79344000,1547.83210000,498.99310000,-498.99310000,"Mass",3.633781,459.5420,1.240000,5588.00,"Transit"
"TOI-1272","TOI-1272 b",1,3.31597650000,0.0410000000,4.26000000,0.10000000,-0.10000000,24.10000000,1.40000000,-1.40000000,"Mass",1.720000,120.5950,0.828000,4985.00,"Transit"
"HD 73526","HD 73526 b",2,188.30000000000,0.6500000000,13.10000000,,,978.91640000,98.52730000,-98.52730000,"Msini",2.390000,5.1529,1.140000,5601.00,"Radial Velocity"
"HD 95127","HD 95127 b",1,482.00000000000,1.2800000000,12.40000000,,,3378.53290000,2561.70980000,-2561.70980000,"Msini",9.740000,116.3001,3.700000,4218.00,"Radial Velocity"
"Kepler-1915","Kepler-1915 b",1,13.83539963000,0.1140000000,3.21798413,,,10.40000000,,,"M-R relationship",1.710000,101.0500,1.030000,6020.00,"Transit"
"Kepler-1198","Kepler-1198 b",1,7.68477160000,0.0732000000,1.47000000,0.18000000,-0.10000000,2.76000000,,,"M-R relationship",4.770000,108.0690,0.930000,5517.00,"Transit"
"Kepler-1576","Kepler-1576 b",1,6.98471973000,0.0721100000,1.04000000,0.29000000,-0.13000000,1.12000000,,,"M-R relationship",5.470000,156.6080,1.050000,5876.00,"Transit"
"Kepler-255","Kepler-255 b",3,5.71460600000,0.0630000000,1.55000000,0.62000000,-0.62000000,3.02000000,,,"M-R relationship",4.460000,174.3950,0.867000,5573.00,"Transit"
"Kepler-1348","Kepler-1348 b",1,27.57227420000,0.1834000000,1.94000000,0.43000000,-0.23000000,4.42000000,,,"M-R relationship",3.330000,49.6650,1.040000,5911.00,"Transit"
"TOI-251","TOI-251 b",1,4.93777000000,0.0574100000,2.74000000,0.18000000,-0.18000000,317.83000000,,,"Mass",,277.7462,1.036000,5875.00,"Transit"
"Kepler-310","Kepler-310 b",3,13.93069800000,0.1110000000,1.19000000,0.56000000,-0.56000000,1.81000000,,,"M-R relationship",5.900000,45.9700,0.854000,5797.00,"Transit"
"KELT-19 A","KELT-19 A b",1,4.61170930000,0.0637000000,21.40919000,1.23299000,-1.23299000,1293.56810000,,,"Mass",0.744000,2340.0000,1.620000,7500.00,"Transit"
"Kepler-337","Kepler-337 b",2,3.29278100000,0.0450000000,1.54000000,0.43000000,-0.43000000,2.99000000,,,"M-R relationship",4.500000,1589.0120,1.081000,5684.00,"Transit"
"Kepler-709","Kepler-709 b",1,16.08524954000,0.1173000000,2.92000000,0.18000000,-0.19000000,8.85000000,,,"M-R relationship",1.950000,28.2160,0.800000,5071.00,"Transit"
"K2-21","K2-21 b",2,9.32503800000,0.0760000000,1.84000000,0.10000000,-0.10000000,4.04000000,,,"M-R relationship",2.700000,10.0000,0.676023,4222.06,"Transit"
"Kepler-1638","Kepler-1638 b",1,259.33683000000,0.7450000000,1.87000000,0.33000000,-0.22000000,4.16000000,,,"M-R relationship",3.500000,2.7600,0.970000,5710.00,"Transit"
"PSR J2322-2650","PSR J2322-2650 b",1,0.32296399700,0.0102000000,13.90000000,,,252.64306700,0.06356600,-0.06356600,"Msini",1.840000,,1.400000,,"Pulsar Timing"
"Kepler-114","Kepler-114 d",3,11.77600000000,0.0835800000,2.53000000,0.28000000,-0.28000000,3.90000000,1.70000000,-1.70000000,"Mass",0.220000,31.0160,0.560000,4660.00,"Transit"
"Kepler-1546","Kepler-1546 b",1,19.59749710000,0.1366000000,3.13000000,0.58000000,-0.34000000,9.96000000,,,"M-R relationship",1.780000,36.3020,0.950000,5623.00,"Transit"
"Kepler-974","KOI-1843.03",2,0.17689130000,0.0050000000,0.61000000,0.12000000,-0.08000000,8.00000000,,,"Mass",,1769.2920,0.460000,3584.00,"Transit"
"EPIC 220674823","EPIC 220674823 b",2,0.57130782000,0.0132000000,1.60600000,0.03400000,-0.03300000,7.54000000,0.65000000,-0.64000000,"Mass",10.684836,4467.0000,0.913000,5578.00,"Transit"
"Kepler-348","Kepler-348 c",2,17.26542700000,0.1380000000,1.33000000,0.25000000,-0.25000000,2.33000000,,,"M-R relationship",5.440000,133.2590,1.189000,6177.00,"Transit"
"Kepler-925","Kepler-925 b",1,33.86785310000,0.1805000000,2.34000000,0.66000000,-0.21000000,6.08000000,,,"M-R relationship",2.610000,5.8330,0.770000,4673.00,"Transit"
"Kepler-1380","Kepler-1380 b",1,10.31082450000,0.0917000000,1.43000000,0.26000000,-0.11000000,2.63000000,,,"M-R relationship",4.940000,90.1000,0.960000,5570.00,"Transit"
"Kepler-311","Kepler-311 b",3,9.17609200000,0.0870000000,1.70000000,0.33000000,-0.33000000,3.53000000,,,"M-R relationship",3.950000,201.3620,0.994000,5905.00,"Transit"
"Kepler-10","Kepler-10 d",3,151.06000000000,0.5379000000,3.49000000,,,12.00000000,2.15000000,-2.15000000,"Msini",1.550000,3.9198,0.910000,5708.00,"Radial Velocity"
"TOI-6008","TOI-6008 b",1,0.85743470000,0.0107770000,1.03000000,0.05000000,-0.05000000,4.00000000,,,"Mass",,41.5000,0.230000,3075.00,"Transit"
"Kepler-916","Kepler-916 b",1,32.29687980000,0.1885000000,1.76000000,0.14000000,-0.13000000,3.75000000,,,"M-R relationship",3.780000,14.6830,0.850000,5248.00,"Transit"
"WASP-68","WASP-68 b",1,5.08430000000,0.0620600000,14.79588000,1.56926000,-1.56926000,343.25640000,79.45750000,-79.45750000,"Mass",0.665000,843.4794,1.490000,5910.00,"Transit"
"Kepler-740","Kepler-740 b",1,3.58410121600,0.0462000000,4.57000000,0.53000000,-0.27000000,18.90000000,,,"M-R relationship",1.090000,432.8660,0.910000,5438.00,"Transit"
"Kepler-1008","Kepler-1008 b",1,12.43931193000,0.0975500000,1.28000000,0.07000000,-0.05000000,2.18000000,,,"M-R relationship",5.710000,35.4080,0.810000,5066.00,"Transit"
"Kepler-757","Kepler-757 b",1,1.02267882100,0.0190000000,1.36000000,0.46000000,-0.22000000,2.42000000,,,"M-R relationship",5.290000,3345.4530,1.080000,6014.00,"Transit"
"WASP-129","WASP-129 b",1,5.74814500000,0.0628000000,10.42437000,0.33627000,-0.33627000,317.83000000,31.78300000,-31.78300000,"Mass",1.600000,345.7201,1.000000,5900.00,"Transit"
"Kepler-954","Kepler-954 b",1,16.78176602000,0.1202000000,2.32000000,0.05000000,-0.11000000,5.99000000,,,"M-R relationship",2.640000,21.5310,0.820000,4990.00,"Transit"
"Kepler-633","Kepler-633 b",2,8.50340718000,0.0818500000,1.63000000,0.31000000,-0.21000000,3.29000000,,,"M-R relationship",4.170000,454.5000,1.020000,5899.00,"Transit"
"Kepler-508","Kepler-508 b",1,25.30889748000,0.1727400000,1.64000000,0.26000000,-0.19000000,3.33000000,,,"M-R relationship",4.150000,60.3720,1.160000,6025.00,"Transit"
"Kepler-1264","Kepler-1264 b",1,0.96852602300,0.0183900000,1.18000000,0.22000000,-0.12000000,1.76000000,,,"M-R relationship",5.890000,2367.8040,0.990000,5791.00,"Transit"
"Kepler-1515","Kepler-1515 b",1,214.31141640000,0.7523500000,9.55000000,0.77000000,-0.64000000,66.20000000,,,"M-R relationship",0.418000,6.0170,1.300000,6511.00,"Transit"
"Kepler-1188","Kepler-1188 b",1,17.13695430000,0.1350000000,2.08000000,0.49000000,-0.22000000,4.98000000,,,"M-R relationship",3.040000,165.5730,1.040000,5913.00,"Transit"
"Kepler-1598","Kepler-1598 b",1,4.34195123000,0.0520700000,0.95000000,0.28000000,-0.10000000,0.80900000,,,"M-R relationship",5.180000,308.4600,1.070000,5940.00,"Transit"
"Kepler-1299","Kepler-1299 b",1,19.94008740000,0.1357000000,2.98000000,0.66000000,-0.42000000,9.17000000,,,"M-R relationship",1.900000,45.1460,0.940000,5609.00,"Transit"
"Kepler-19","Kepler-19 c",3,28.73100000000,0.1765736996,3.68000000,,,13.10000000,2.70000000,-2.70000000,"Mass",1.440000,22.1608,0.936000,5544.00,"Transit Timing Variations"
"Kepler-363","Kepler-363 b",3,3.61456800000,0.0480000000,1.16000000,0.19000000,-0.19000000,1.65000000,,,"M-R relationship",5.810000,1000.2430,1.226000,5593.00,"Transit"
"K2-396","K2-396 b",2,0.67386200000,,1.57900000,0.11400000,-0.10300000,3.12000000,,,"M-R relationship",4.350000,,0.954000,5236.00,"Transit"
"K2-347","K2-347 b",1,7.18725700000,,2.41000000,0.11000000,-0.10000000,6.39000000,,,"M-R relationship",2.510000,,0.660000,4599.00,"Transit"
"Wolf 1069","Wolf 1069 b",1,15.56400000000,0.0672000000,1.08000000,,,1.26000000,0.21000000,-0.21000000,"Msini",5.500000,0.6520,0.167000,3158.00,"Radial Velocity"
"Kepler-1592","Kepler-1592 b",1,3.05710069000,0.0400000000,1.54000000,0.70000000,-0.28000000,2.99000000,,,"M-R relationship",4.500000,1918.3400,1.180000,6213.00,"Transit"
"Kepler-530","Kepler-530 b",1,39.30941904000,0.2149100000,3.01000000,0.17000000,-0.10000000,9.32000000,,,"M-R relationship",1.880000,14.2380,0.970000,5697.00,"Transit"
"Kepler-1514","Kepler-1514 c",2,10.51418100000,0.0997000000,1.17582410,0.05716590,-0.04371510,1.74000000,,,"M-R relationship",5.880000,193.0000,1.196000,6145.00,"Transit"
"HIP 5763","HIP 5763 b",1,30.01400000000,0.1700000000,14.20000000,,,162.09248757,,,"Msini",0.311000,6.2967,0.720000,4352.00,"Radial Velocity"
"Kepler-145","Kepler-145 c",2,42.88200000000,0.2624400000,4.32000000,0.12000000,-0.12000000,79.40000000,16.40000000,-16.40000000,"Mass",2.580000,67.1930,1.320000,6022.00,"Transit"
"Kepler-936","Kepler-936 b",1,10.56134221000,0.0954000000,1.45000000,0.20000000,-0.10000000,2.70000000,,,"M-R relationship",4.870000,133.5600,0.920000,5482.00,"Transit"
"Kepler-445","Kepler-445 b",3,2.98415100000,0.0217000000,1.58000000,0.23000000,-0.23000000,3.12000000,,,"M-R relationship",4.350000,17.6570,0.180000,3157.00,"Transit"
"K2-192","K2-192 b",1,4.16281700000,0.0490000000,1.52000000,0.13000000,-0.13000000,2.92000000,,,"M-R relationship",4.570000,181.7191,0.900000,5222.00,"Transit"
"Kepler-407","Kepler-407 c",2,3000.00000000000,3.2709036900,12.30000000,,,4000.00000000,2000.00000000,-2000.00000000,"Mass",11.800000,0.0854,1.000000,5476.00,"Radial Velocity"
"Kepler-368","Kepler-368 c",2,72.37933400000,0.3600000000,3.88000000,1.08000000,-1.08000000,14.30000000,,,"M-R relationship",1.350000,28.6810,1.165000,5502.00,"Transit"
"TOI-2337","TOI-2337 b",1,2.99432000000,,10.08808263,1.12089807,-1.12089807,508.52545120,47.67426105,-47.67426105,"Mass",2.720000,619.5809,1.325000,4780.00,"Transit"
"Kepler-1834","Kepler-1834 c",2,0.76669151700,0.0150000000,1.22000000,0.05000000,-0.08000000,1.98000000,,,"M-R relationship",5.990000,1334.2200,0.765000,4821.00,"Transit"
"HD 17674","HD 17674 b",1,623.80000000000,1.4200000000,13.90000000,,,276.51210000,22.24810000,-19.06980000,"Msini",0.566000,0.7946,0.980000,5904.00,"Radial Velocity"
"Kepler-616","Kepler-616 d",3,51.06740189000,0.2749000000,2.65300000,,,7.52000000,,,"M-R relationship",2.210000,14.6900,1.061000,6004.00,"Transit"
"TOI-3896","TOI-3896 b",1,4.37730369667,,3.14949237,0.25672878,-0.23600170,10.10000000,,,"M-R relationship",1.780000,144.9880,0.860000,5110.91,"Transit"
"Kepler-1595","Kepler-1595 b",1,4.56380468000,0.0510000000,1.23000000,0.09000000,-0.10000000,2.04000000,,,"M-R relationship",6.020000,185.5680,0.840000,5203.00,"Transit"
"Kepler-871","Kepler-871 b",1,22.04590180000,0.1572000000,3.74000000,1.08000000,-0.55000000,13.50000000,,,"M-R relationship",1.420000,79.7220,1.110000,5993.00,"Transit"
"TOI-1036","TOI-1036 b",1,3.77952125496,,6.28499593,0.40458464,-0.39895686,32.50000000,,,"M-R relationship",0.719000,466.5280,1.030000,5664.68,"Transit"
"Kepler-1478","Kepler-1478 b",1,26.08405940000,0.1681000000,1.73000000,0.47000000,-0.19000000,3.64000000,,,"M-R relationship",3.860000,85.2820,1.040000,5904.00,"Transit"
"Kepler-1966","Kepler-1966 b",1,8.61742973300,0.0763000000,1.10479327,,,1.39000000,,,"M-R relationship",5.660000,68.2800,0.797000,5009.00,"Transit"
"Kepler-1308","Kepler-1308 b",1,2.10433811900,0.0250000000,0.52000000,0.06000000,-0.05000000,0.09330000,,,"M-R relationship",3.650000,58.1080,0.350000,3468.00,"Transit"
"Kepler-1172","Kepler-1172 b",1,26.02044230000,0.1680000000,3.20000000,0.40000000,-0.28000000,10.30000000,,,"M-R relationship",1.730000,26.3560,0.920000,5558.00,"Transit"
"Kepler-1912","Kepler-1912 b",1,6.05921983700,0.0648900000,1.35670508,,,2.41000000,,,"M-R relationship",5.300000,201.8000,0.977000,5734.00,"Transit"
"TOI-1750","TOI-1750 b",1,11.33727129656,,2.78943837,0.34420606,-0.24425703,8.19000000,,,"M-R relationship",2.070000,33.3520,0.767000,4683.75,"Transit"
"Kepler-1964","Kepler-1964 b",1,2.44082999200,0.0322000000,1.78105870,,,3.83000000,,,"M-R relationship",3.730000,223.8000,0.752000,4803.00,"Transit"
"Kepler-143","Kepler-143 b",2,16.00758300000,0.1270000000,2.41000000,0.60000000,-0.60000000,6.39000000,,,"M-R relationship",2.510000,118.3340,0.982000,5848.00,"Transit"
"Kepler-735","Kepler-735 b",1,11.51516988000,0.0965000000,2.95000000,0.16000000,-0.12000000,9.01000000,,,"M-R relationship",1.930000,32.6790,0.850000,5107.00,"Transit"
"Kepler-1067","Kepler-1067 c",2,5.42583990100,0.0606900000,1.74682428,,,3.70000000,,,"M-R relationship",3.810000,190.8000,0.981000,5594.00,"Transit"
"WASP-29","WASP-29 b",1,3.92273000000,0.0457000000,8.63093000,0.78463000,-0.78463000,73.10090000,15.89150000,-15.89150000,"Mass",0.650000,121.7724,0.770000,4800.00,"Transit"
"Kepler-1532","Kepler-1532 b",1,1.09366355900,0.0206000000,1.35000000,0.18000000,-0.12000000,2.39000000,,,"M-R relationship",5.340000,1705.7620,0.910000,5559.00,"Transit"
"Kepler-215","Kepler-215 d",4,30.86442300000,0.1850000000,2.39000000,0.55000000,-0.55000000,23.60000000,17.30000000,-11.90000000,"Mass",9.500000,21.4040,0.788000,5739.00,"Transit"
"CoRoT-21","CoRoT-21 b",1,2.72474000000,0.0417000000,14.57170000,1.56926000,-1.56926000,718.29580000,98.52730000,-98.52730000,"Mass",1.360000,2915.5997,1.290000,6200.00,"Transit"
"Kepler-1586","Kepler-1586 b",1,15.60492120000,0.1220800000,1.52000000,0.65000000,-0.34000000,2.92000000,,,"M-R relationship",4.570000,105.7710,1.450000,6681.00,"Transit"
"Kepler-639","Kepler-639 b",1,10.21420496000,0.0935800000,2.38000000,0.55000000,-0.34000000,6.26000000,,,"M-R relationship",2.550000,295.8260,1.140000,5896.00,"Transit"
"Kepler-1442","Kepler-1442 b",1,81.41629410000,0.4081400000,3.93000000,0.41000000,-0.29000000,14.70000000,,,"M-R relationship",1.330000,25.9720,1.340000,6394.00,"Transit"
"Kepler-1972","Kepler-1972 b",2,7.54425000000,0.0800600000,0.80200000,0.04200000,-0.04100000,2.02000000,0.56000000,-0.62000000,"Mass",22.200000,341.3000,1.120000,5818.00,"Transit"
"Kepler-637","Kepler-637 b",1,23.20584623000,0.1661900000,4.75000000,0.51000000,-0.56000000,20.20000000,,,"M-R relationship",1.040000,63.8050,1.640000,6096.00,"Transit"
"K2-231","K2-231 b",1,13.84190100000,,2.50000000,0.20000000,-0.20000000,6.80000000,,,"M-R relationship",2.390000,,1.010000,5695.00,"Transit"
"Kepler-253","Kepler-253 b",3,3.78398600000,0.0460000000,1.63000000,0.67000000,-0.67000000,3.29000000,,,"M-R relationship",4.170000,194.3460,0.860000,5208.00,"Transit"
"Kepler-210","Kepler-210 c",2,7.97251300000,0.0700000000,3.62000000,0.19000000,-0.19000000,12.80000000,,,"M-R relationship",1.480000,25.4400,0.770000,4559.00,"Transit"
"Kepler-722","Kepler-722 b",2,4.09357325200,0.0514000000,2.63000000,0.71000000,-0.29000000,7.41000000,,,"M-R relationship",2.240000,414.6010,1.030000,5863.00,"Transit"
"HAT-P-64","HAT-P-64 b",1,4.00723200000,0.0538700000,19.08889413,0.78462865,-0.78462865,184.34047606,57.20911326,-41.31769291,"Mass",0.144000,1611.0000,1.298000,6457.00,"Transit"
"Kepler-1555","Kepler-1555 b",1,8.10501635000,0.0805000000,1.61000000,0.46000000,-0.17000000,3.22000000,,,"M-R relationship",4.240000,483.2620,1.040000,5866.00,"Transit"
"TIC 257060897","TIC 257060897 b",1,3.66003639000,0.0492200000,17.26183028,0.48198617,-0.50440413,201.50321004,13.03096469,-10.48833743,"Mass",0.215000,1804.5549,1.187000,5993.00,"Transit"
"TOI-6393","TOI-6393 b",1,9.53176110329,,2.75958542,0.35078393,-0.28229752,8.04000000,,,"M-R relationship",2.100000,39.0679,0.835000,5008.20,"Transit"
"HD 39091","pi Men c",3,6.26783990000,0.0683900000,2.01890000,0.04650000,-0.04480000,3.63000000,0.38000000,-0.38000000,"Mass",2.800000,309.0000,1.070000,5998.00,"Transit"
"TOI-1775","TOI-1775 b",1,10.24055490000,0.0800000000,8.04728896,0.14337937,-0.12772169,96.00000000,15.00000000,-15.00000000,"Mass",1.010000,55.4426,0.921800,5284.00,"Transit"
"HD 181720","HD 181720 b",1,956.00000000000,1.8500000000,14.00000000,,,127.13200000,19.06980000,-19.06980000,"Msini",0.255000,0.5671,1.030000,5736.00,"Radial Velocity"
"Kepler-818","Kepler-818 b",1,10.03538581400,0.0886000000,5.11000000,0.79000000,-0.43000000,22.90000000,,,"M-R relationship",0.943000,100.7790,0.940000,5638.00,"Transit"
"HD 96700","HD 96700 b",3,8.12450000000,0.0777000000,2.93000000,,,8.90000000,0.40000000,-0.40000000,"Msini",1.940000,228.5794,0.890000,5845.00,"Radial Velocity"
"Kepler-401","Kepler-401 c",3,47.31821800000,0.2690000000,2.15000000,0.40000000,-0.40000000,5.27000000,,,"M-R relationship",2.910000,51.9960,1.173000,6117.00,"Transit"
"Kepler-265","Kepler-265 c",4,17.02893700000,0.1270000000,2.63000000,0.55000000,-0.55000000,7.41000000,,,"M-R relationship",2.240000,65.3590,0.970000,5835.00,"Transit"
"Kepler-1168","Kepler-1168 b",1,55.82265390000,0.2663000000,2.50000000,0.18000000,-0.13000000,6.80000000,,,"M-R relationship",2.390000,4.1070,0.870000,5157.00,"Transit"
"Kepler-1960","Kepler-1960 b",1,2.29794001600,0.0354000000,1.30749704,,,2.26000000,,,"M-R relationship",5.560000,1352.1400,1.117000,6371.00,"Transit"
"Kepler-1564","Kepler-1564 b",1,18.05403810000,0.1327000000,1.47000000,0.19000000,-0.13000000,2.76000000,,,"M-R relationship",4.770000,41.5140,0.930000,5528.00,"Transit"
"Kepler-1666","Kepler-1666 b",2,25.84760000000,0.1761000000,2.88273782,,,8.66000000,,,"M-R relationship",1.990000,48.2300,1.230000,6293.00,"Transit"
"Kepler-532","Kepler-532 b",1,12.92491623000,0.1015100000,2.57000000,0.21000000,-0.14000000,7.13000000,,,"M-R relationship",2.310000,34.0890,0.870000,5192.00,"Transit"
"Kepler-713","Kepler-713 b",1,7.41114100000,0.0748000000,2.48000000,0.50000000,-0.29000000,6.71000000,,,"M-R relationship",2.420000,228.2830,0.980000,5785.00,"Transit"
"HD 180053","HD 180053 b",1,213.72000000000,0.8430000000,13.30000000,,,697.31902000,20.34112000,-20.34112000,"Msini",1.630000,17.6730,1.750000,5131.00,"Radial Velocity"
"HD 181342","HD 181342 b",1,564.10000000000,1.5920000000,13.20000000,,,807.28820000,60.38770000,-60.38770000,"Msini",1.930000,5.8360,1.690000,4945.00,"Radial Velocity"
"Kepler-668","Kepler-668 b",1,8.35390639000,0.0768000000,2.70000000,0.23000000,-0.18000000,7.75000000,,,"M-R relationship",2.160000,77.6190,0.870000,5352.00,"Transit"
"TOI-7008","TOI-7008 b",1,0.84069041367,,4.94735276,0.36048908,-0.34445624,21.70000000,,,"M-R relationship",0.985000,1679.3500,0.880000,5116.06,"Transit"
"K2-148","K2-148 b",3,4.38395000000,0.0454000000,1.33000000,0.19000000,-0.18000000,2.33000000,,,"M-R relationship",5.440000,48.8000,0.650000,4079.00,"Transit"
"Kepler-189","Kepler-189 c",2,20.13486600000,0.1370000000,2.38000000,1.19000000,-1.19000000,22.70000000,17.10000000,-10.60000000,"Mass",9.250000,18.8110,0.803000,5235.00,"Transit"
"Kepler-223","Kepler-223 c",4,9.84564000000,0.0911700000,3.44000000,0.20000000,-0.30000000,5.10000000,1.70000000,-1.10000000,"Mass",0.710000,302.4740,1.125000,5803.00,"Transit"
"Kepler-271","Kepler-271 d",3,5.24972541000,0.0555400000,0.66000000,0.05000000,-0.05000000,0.21900000,,,"M-R relationship",4.190000,189.3430,0.900000,5555.00,"Transit"
"Kepler-342","Kepler-342 c",4,26.23413800000,0.1850000000,1.96000000,0.35000000,-0.35000000,4.50000000,,,"M-R relationship",3.280000,77.2900,1.213000,6175.00,"Transit"
"HD 168443","HD 168443 c",2,1753.10960000000,2.8420000000,12.20000000,,,5500.33841154,810.46243785,-287.95253674,"Mass",16.600000,0.2987,0.980000,5491.00,"Radial Velocity"
"K2-71","K2-71 b",1,6.98541000000,0.0559000000,2.15000000,0.33000000,-0.33000000,5.27000000,,,"M-R relationship",2.910000,13.4000,0.477000,4006.00,"Transit"
"Kepler-394","Kepler-394 c",3,12.13068600000,0.1100000000,1.66000000,0.86000000,-0.86000000,3.39000000,,,"M-R relationship",4.070000,94.5280,0.870000,6402.00,"Transit"
"EPIC 212587672","EPIC 212587672 c",2,23.22855500000,,2.32000000,0.19000000,-0.12000000,5.99000000,,,"M-R relationship",2.640000,,0.990000,6004.00,"Transit"
"Kepler-1600","Kepler-1600 c",2,7.29804992700,0.0696100000,1.94206512,,,4.43000000,,,"M-R relationship",3.320000,84.7000,0.818000,5119.00,"Transit"
"Kepler-1344","Kepler-1344 b",1,4.76830490000,0.0550100000,1.84000000,0.50000000,-0.20000000,4.04000000,,,"M-R relationship",3.560000,425.1690,1.090000,5981.00,"Transit"
"GJ 887","GJ 887 b",4,9.26190000000,0.0683000000,1.80000000,,,3.90000000,0.50000000,-0.50000000,"Msini",3.670000,7.8000,0.495000,3688.00,"Radial Velocity"
"TOI-5882","TOI-5882 b",1,7.14897200000,0.0804000000,11.46678726,0.50440413,-0.42594127,6995.40323807,193.87532827,-228.83645304,"Mass",25.400000,4792.5000,1.334000,5920.00,"Transit"
"Kepler-917","Kepler-917 b",1,2.97041437500,0.0378000000,1.91000000,0.24000000,-0.17000000,4.31000000,,,"M-R relationship",3.400000,228.1100,0.800000,5418.00,"Transit"
"HIP 109600","HIP 109600 b",1,232.08000000000,0.7060000000,13.20000000,,,851.78440000,38.13960000,-38.13960000,"Msini",2.040000,1.6736,0.870000,5530.00,"Radial Velocity"
"Kepler-1454","Kepler-1454 b",1,47.03194790000,0.2447000000,1.88000000,0.19000000,-0.17000000,4.19000000,,,"M-R relationship",3.470000,9.0800,0.900000,5448.00,"Transit"
"HD 17092","HD 17092 b",1,359.89999000000,1.3100000000,12.50000000,,,3219.61790000,727.83070000,-727.83070000,"Msini",9.060000,33.1963,6.730000,4326.00,"Radial Velocity"
"HD 113538","HD 113538 b",2,663.20000000000,1.2400000000,13.20000000,,,114.41000000,12.71000000,-12.71000000,"Msini",0.273000,0.0585,0.585000,4462.00,"Radial Velocity"
"Kepler-1798","Kepler-1798 b",1,16.85589981000,0.1082000000,2.30911251,,,5.94000000,,,"M-R relationship",2.650000,6.5200,0.593000,3967.00,"Transit"
"Kepler-500","Kepler-500 b",1,8.50832439800,0.0836100000,2.58000000,0.25000000,-0.17000000,7.18000000,,,"M-R relationship",2.300000,193.6800,1.020000,5813.00,"Transit"
"HD 126614","HD 126614 b",1,1257.25303000000,2.2490000000,12.70000000,,,107.74382997,64.83699503,-6.03873973,"Mass",0.289000,0.2392,0.960000,5568.00,"Radial Velocity"
"NGTS-16","NGTS-16 b",1,4.84532000000,0.0523000000,14.57167491,1.45716749,-1.34507768,211.99154747,49.89905990,-40.99986450,"Mass",0.380000,480.0000,1.002000,5550.00,"Transit"
"Kepler-869","Kepler-869 b",1,40.42877550000,0.2244000000,3.61000000,0.83000000,-0.62000000,12.70000000,,,"M-R relationship",1.480000,17.2340,0.970000,5664.00,"Transit"
"Kepler-331","Kepler-331 c",3,17.28111000000,0.1050000000,1.84000000,0.19000000,-0.19000000,4.04000000,,,"M-R relationship",3.560000,13.8880,0.653000,4347.00,"Transit"
"Kepler-970","Kepler-970 b",1,16.73652500000,0.1390000000,2.60900000,0.26500000,-0.20300000,7.31000000,,,"M-R relationship",2.260000,11.1110,0.670000,4290.00,"Transit"
"HAT-P-70","HAT-P-70 b",1,2.74432452000,0.0473900000,20.96083000,1.68135000,-1.12090000,2154.88740000,,,"Mass",1.540000,5405.6000,1.890000,8450.00,"Transit"
"Kepler-1306","Kepler-1306 b",1,16.29595382000,0.1230000000,1.91000000,0.45000000,-0.18000000,4.31000000,,,"M-R relationship",3.400000,52.1460,0.980000,5727.00,"Transit"
"Kepler-1250","Kepler-1250 b",1,2.60754383400,0.0393000000,1.92000000,0.45000000,-0.17000000,4.35000000,,,"M-R relationship",3.380000,1866.1930,0.990000,5717.00,"Transit"
"HD 98649","HD 98649 b",1,5384.00000000000,5.9700000000,12.50000000,,,3082.93554790,731.00533610,-603.87397330,"Mass",8.670000,0.0272,0.970000,5759.00,"Radial Velocity"
"HD 28471","HD 28471 d",3,11.68100000000,0.1000000000,2.06000000,,,4.91000000,0.82000000,-0.77000000,"Msini",3.090000,115.2590,0.980000,5766.00,"Radial Velocity"
"K2-257","K2-257 b",1,1.60588000000,0.0216000000,0.83000000,0.06000000,-0.05000000,0.49800000,,,"M-R relationship",4.790000,89.1463,0.520000,3725.00,"Transit"
"K2-185","K2-185 b",2,10.61638400000,,1.15000000,0.07000000,-0.07000000,1.60000000,,,"M-R relationship",5.780000,,0.960000,5788.00,"Transit"
"HD 23079","HD 23079 c",2,5.74891300000,,2.80000000,,,8.26000000,0.79000000,-0.79000000,"Msini",2.070000,,1.160000,5994.00,"Radial Velocity"
"Kepler-1617","Kepler-1617 b",1,27.47855720000,0.1770700000,1.20000000,0.37000000,-0.16000000,1.87000000,,,"M-R relationship",5.950000,64.6890,1.150000,6167.00,"Transit"
"Kepler-168","Kepler-168 b",2,4.42539100000,0.0560000000,1.46000000,0.66000000,-0.66000000,2.73000000,,,"M-R relationship",4.820000,725.0640,1.113000,6282.00,"Transit"
"K2-339","K2-339 b",1,19.50742800000,,1.92000000,0.19000000,-0.12000000,4.35000000,,,"M-R relationship",3.380000,,0.740000,4857.00,"Transit"
"HATS-2","HATS-2 b",1,1.35413379000,0.0231700000,12.57647635,0.26901554,-0.26901554,435.42491759,50.85254512,-50.85254512,"Mass",1.206840,950.0563,0.904000,5227.00,"Transit"
"Kepler-256","Kepler-256 b",4,1.62049300000,0.0270000000,1.59000000,0.39000000,-0.39000000,3.15000000,,,"M-R relationship",4.310000,1225.9340,1.037000,5551.00,"Transit"
"HD 113996","HD 113996 b",1,610.20000000000,1.6000000000,12.70000000,,,2002.32900000,317.83000000,-317.83000000,"Msini",5.370000,113.6719,1.490000,4181.00,"Radial Velocity"
"Kepler-85","Kepler-85 c",4,12.51000000000,0.1036300000,1.97800000,0.05600000,-0.05700000,2.15000000,0.73000000,-0.57000000,"Mass",1.527272,61.9290,0.928000,5505.20,"Transit"
"HD 80913","HD 80913 b",1,10839.83341000000,9.9500000000,12.00000000,,,7505.20000290,1142.27529476,-1227.13547943,"Mass",23.900000,0.0326,1.110000,6013.24,"Radial Velocity"
"TOI-1298","TOI-1298 b",1,4.53714300000,0.0570000000,9.65807033,0.19896656,-0.17319735,99.00000000,6.00000000,-6.00000000,"Mass",0.600000,732.0077,1.218700,5752.00,"Transit"
"HD 63433","HD 63433 d",3,4.20907500000,0.0503000000,1.07300000,0.04600000,-0.04400000,1.25000000,,,"M-R relationship",5.560000,296.4321,0.990000,5688.00,"Transit"
"HR 810","HR 810 b",1,302.79999000000,0.9200000000,12.70000000,,,1970.53612340,158.91420350,-158.91420350,"Mass",5.290000,2.1160,1.340000,6167.00,"Radial Velocity"
"HD 94890","HD 94890 b",2,824.61000000000,2.0700000000,13.30000000,,,676.97450691,50.85254512,-54.03082919,"Msini",1.580000,13.5382,1.740000,4867.00,"Radial Velocity"
"Kepler-662","Kepler-662 b",1,21.67697486000,0.1408000000,2.18000000,0.11000000,-0.12000000,5.39000000,,,"M-R relationship",2.860000,23.8240,0.790000,4897.00,"Transit"
"HD 18143","HD 18143 b",2,10.28510000000,0.0880000000,3.28000000,,,10.80616584,1.58914204,-2.22479885,"Msini",1.680000,61.8730,0.850000,5078.00,"Radial Velocity"
"Kepler-231","Kepler-231 c",2,19.27156600000,0.1140000000,1.93000000,0.19000000,-0.19000000,24.10000000,13.50000000,-11.20000000,"Mass",0.970000,6.2670,0.580000,3767.00,"Transit"
"Kepler-214","Kepler-214 b",2,15.66054400000,0.1300000000,2.61000000,0.49000000,-0.49000000,7.32000000,,,"M-R relationship",2.260000,196.4020,1.110000,6169.00,"Transit"
"HD 219139","HD 219139 b",1,275.50000000000,0.9400000000,14.00000000,,,247.90615746,15.89142035,-63.56568140,"Msini",0.496000,70.5297,1.460000,4831.00,"Radial Velocity"
"Kepler-11","Kepler-11 g",6,118.38070000000,0.4660000000,3.33000000,0.06000000,-0.08000000,25.00000000,,,"Mass",4.000000,5.6500,0.961000,5663.00,"Transit"
"Kepler-702","Kepler-702 b",1,10.52629406300,0.0880000000,9.17000000,0.84000000,-0.58000000,61.80000000,,,"M-R relationship",0.440000,88.9060,0.900000,5419.00,"Transit"
"K2-337","K2-337 b",1,16.27356300000,,2.62000000,0.19000000,-0.14000000,7.37000000,,,"M-R relationship",2.250000,,0.940000,5869.00,"Transit"
"Kepler-138","Kepler-138 c",4,13.78150000000,0.0913000000,1.51000000,0.04000000,-0.04000000,2.30000000,0.60000000,-0.50000000,"Mass",3.600000,6.8000,0.535000,3841.00,"Transit"
"DE CVn","DE CVn b",1,4098.10000000000,5.7500000000,12.40000000,,,3823.27330161,955.81832540,-955.81832540,"Msin(i)/sin(i)",11.000000,0.0008,0.510000,3579.00,"Eclipse Timing Variations"
"TOI-4578","TOI-4578 b",1,8.62392630369,,2.26974262,0.28541935,-0.22502724,5.77000000,,,"M-R relationship",2.710000,119.0248,1.077000,5951.32,"Transit"
"TOI-1472","TOI-1472 c",2,15.53817470000,0.1160000000,3.33400000,0.08000000,-0.08000000,21.13000000,0.96000000,-0.99000000,"Mass",3.140000,32.7735,0.870000,5100.00,"Radial Velocity"
"TIC 88785435","TIC 88785435 b",1,10.50884300000,0.0843200000,5.03000000,0.21000000,-0.20000000,22.30000000,,,"M-R relationship",0.963000,28.3253,0.724000,3998.00,"Transit"
"Kepler-1898","Kepler-1898 b",1,4.76562023200,0.0506300000,0.93353523,,,0.76000000,,,"M-R relationship",5.130000,204.6000,0.837000,5702.00,"Transit"
"Kepler-319","Kepler-319 b",3,4.36270500000,0.0510000000,1.63000000,0.23000000,-0.23000000,3.29000000,,,"M-R relationship",4.170000,253.6650,0.933000,5526.00,"Transit"
"HAT-P-60","HAT-P-60 b",1,4.79478130000,0.0627700000,18.28184752,0.26901554,-0.26901554,182.43350562,12.07747947,-12.07747947,"Mass",0.164000,1634.0000,1.435000,6212.00,"Transit"
"Kepler-256","Kepler-256 e",4,10.68157200000,0.0960000000,2.35000000,0.58000000,-0.58000000,6.12000000,,,"M-R relationship",2.590000,98.9000,1.037000,5551.00,"Transit"
"Kepler-1885","Kepler-1885 b",1,2.52255988100,0.0360000000,1.51110555,,,2.89000000,,,"M-R relationship",4.600000,499.0700,0.977000,5591.00,"Transit"
"DMPP-1","DMPP-1 d",4,3.14170000000,0.0446700000,2.02000000,,,4.72000000,0.81000000,-0.73000000,"Msini",3.150000,1045.9594,1.210000,6196.00,"Radial Velocity"
"Kepler-756","Kepler-756 b",1,1.22486632200,0.0219000000,1.12000000,0.09000000,-0.10000000,1.46000000,,,"M-R relationship",5.710000,2174.3300,0.820000,5282.00,"Transit"
"Kepler-606","Kepler-606 b",1,24.31575992000,0.1700000000,3.31000000,1.27000000,-0.51000000,11.00000000,,,"M-R relationship",1.670000,71.8430,1.130000,6161.00,"Transit"
"K2-388","K2-388 b",1,6.33932000000,,3.90000000,0.20000000,-0.10000000,14.50000000,,,"M-R relationship",1.340000,138.0000,0.930000,5310.00,"Transit"
"Kepler-1023","Kepler-1023 b",1,62.13877140000,0.3028400000,2.63000000,0.30000000,-0.18000000,7.41000000,,,"M-R relationship",2.240000,6.9780,0.930000,5494.00,"Transit"
"Kepler-1037","Kepler-1037 b",1,1.06378867300,0.0198000000,1.28000000,0.09000000,-0.07000000,2.18000000,,,"M-R relationship",5.710000,1015.4340,0.820000,5105.00,"Transit"
"Kepler-621","Kepler-621 b",1,2.62811374600,0.0310000000,2.30000000,0.07000000,-0.19000000,5.90000000,,,"M-R relationship",2.660000,69.5600,0.720000,4521.00,"Transit"
"Kepler-243","Kepler-243 b",2,5.71544200000,0.0620000000,2.45000000,1.16000000,-1.16000000,6.57000000,,,"M-R relationship",2.450000,115.5050,0.904000,5228.00,"Transit"
"Kepler-1379","Kepler-1379 b",1,0.88184114600,0.0171000000,1.30000000,0.12000000,-0.09000000,2.24000000,,,"M-R relationship",5.600000,1600.0490,0.830000,5188.00,"Transit"
"Kepler-304","Kepler-304 b",4,3.29570900000,0.0390000000,2.86000000,0.21000000,-0.21000000,8.55000000,,,"M-R relationship",2.010000,139.1460,0.737000,4731.00,"Transit"
"Kepler-643","Kepler-643 b",1,16.33889626000,0.1348500000,10.16000000,0.35000000,-0.27000000,321.00830000,63.56600000,-63.56600000,"Mass",1.680000,211.7110,1.000000,4908.00,"Transit"
"HD 159243","HD 159243 c",2,248.40000000000,0.8000000000,13.40000000,,,603.90000000,41.32000000,-41.32000000,"Msini",1.380000,2.0315,1.125000,6123.00,"Radial Velocity"
"Kepler-331","Kepler-331 d",3,32.13432800000,0.1590000000,1.64000000,0.17000000,-0.17000000,3.33000000,,,"M-R relationship",4.150000,6.0650,0.653000,4347.00,"Transit"
"Kepler-1310","Kepler-1310 b",1,0.67933627200,0.0145200000,1.44000000,0.16000000,-0.12000000,2.67000000,,,"M-R relationship",4.910000,2830.9100,0.910000,5549.00,"Transit"
"Kepler-1245","Kepler-1245 c",2,2.93658468100,0.0372000000,1.44000000,0.13000000,-0.08000000,2.67000000,,,"M-R relationship",4.910000,328.9840,0.860000,5306.00,"Transit"
"Kepler-1482","Kepler-1482 b",1,12.25383217000,0.0996800000,1.01000000,0.10000000,-0.11000000,1.01000000,,,"M-R relationship",5.390000,86.4990,0.880000,5381.00,"Transit"
"Kepler-371","Kepler-371 b",2,34.76327800000,0.2000000000,1.89000000,0.52000000,-0.52000000,4.23000000,,,"M-R relationship",3.440000,41.7370,0.876000,5666.00,"Transit"
"TOI-238","TOI-238 b",2,1.27309900000,0.0212000000,1.55900000,0.04700000,-0.04700000,3.37000000,0.49000000,-0.49000000,"Mass",6.800000,753.1000,0.781000,5059.00,"Transit"
"Kepler-698","Kepler-698 b",1,16.32976218000,0.1255000000,3.68000000,0.45000000,-0.45000000,13.10000000,,,"M-R relationship",1.440000,172.5570,0.940000,5612.00,"Transit"
"TOI-1117","TOI-1117 d",3,8.66500000000,0.0817000000,3.27000000,,,10.71000000,1.59000000,-1.58000000,"Msini",1.680000,152.0000,0.970000,5635.00,"Radial Velocity"
"K2-183","K2-183 b",3,0.46928500000,,1.10000000,0.10000000,-0.08000000,1.37000000,,,"M-R relationship",5.660000,,0.942219,5482.00,"Transit"
"Kepler-417","Kepler-417 c",2,15.94300000000,0.1194000000,2.69000000,0.19000000,-0.14000000,7.70000000,,,"M-R relationship",2.170000,30.9680,0.900000,5177.00,"Transit Timing Variations"
"RR Cae","RR Cae b",1,4343.50000000000,5.3000000000,13.00000000,,,1334.88600000,127.13200000,-127.13200000,"Msini",3.340000,0.0003,0.440000,3904.00,"Eclipse Timing Variations"
"HD 5319","HD 5319 c",2,872.20000000000,1.9300000000,13.80000000,,,334.67499000,22.88376000,-22.88376000,"Msini",0.700000,2.1721,1.270000,4871.00,"Radial Velocity"
"K2-384","K2-384 e",5,9.71504300000,,1.34500000,0.13900000,-0.08200000,2.37000000,,,"M-R relationship",5.350000,,0.330000,3623.00,"Transit"
"Kepler-1610","Kepler-1610 b",2,8.70181574000,0.0777000000,1.61000000,0.19000000,-0.13000000,3.22000000,,,"M-R relationship",4.240000,56.2120,0.910000,5383.00,"Transit"
"HIP 70849","HIP 70849 b",1,3649.00000000000,3.9900000000,12.90000000,,,1430.22783150,127.13136280,-95.34852210,"Mass",3.660000,0.0056,0.650000,4105.00,"Radial Velocity"
"TOI-5789","TOI-5789 c",4,12.92774800000,0.1009000000,2.86000000,0.18000000,-0.15000000,5.00000000,0.50000000,-0.50000000,"Mass",1.160000,8.7194,0.821000,5185.00,"Transit"
"Kepler-416","Kepler-416 b",3,6.31900000000,0.0674000000,2.48000000,0.99000000,-0.33000000,58.20000000,53.40000000,-39.50000000,"Mass",21.000000,224.0890,1.000000,5718.00,"Transit Timing Variations"
"K2-72","K2-72 e",4,24.15886800000,0.1060000000,1.29000000,0.14000000,-0.13000000,2.21000000,,,"M-R relationship",5.660000,1.2000,0.271365,3360.47,"Transit"
"Kepler-1625","Kepler-1625 b",1,287.37894900000,0.8776200000,6.06000000,0.87000000,-0.53000000,30.60000000,,,"M-R relationship",0.756000,3.3000,0.960000,5677.00,"Transit"
"HATS-14","HATS-14 b",1,2.76676410000,0.0381500000,11.64615100,0.35868800,-0.24659800,340.39593000,22.24810000,-22.24810000,"Mass",1.191000,505.8840,0.967000,5346.00,"Transit"
"Kepler-315","Kepler-315 b",2,96.10114100000,0.4020000000,3.77000000,0.78000000,-0.78000000,13.70000000,,,"M-R relationship",1.400000,6.6740,0.831000,5796.00,"Transit"
"Kepler-792","Kepler-792 b",1,11.30119217000,0.0988000000,1.96000000,0.49000000,-0.23000000,4.50000000,,,"M-R relationship",3.280000,176.0320,1.090000,5971.00,"Transit"
"OGLE-TR-211","OGLE-TR-211 b",1,3.67724000000,0.0510000000,15.24400000,2.01800000,-1.00900000,327.35100000,63.56300000,-63.56300000,"Mass",0.420000,710.2804,1.330000,6325.00,"Transit"
"Kepler-475","Kepler-475 b",1,3.10550818900,0.0398900000,2.49000000,0.05000000,-0.18000000,6.76000000,,,"M-R relationship",2.410000,215.4620,0.860000,5009.00,"Transit"
"Kepler-482","Kepler-482 b",1,56.35418576000,0.2578700000,2.36000000,0.37000000,-0.14000000,6.17000000,,,"M-R relationship",2.580000,4.4360,0.750000,4871.00,"Transit"
"Kepler-1449","Kepler-1449 b",1,13.22745280000,0.1176000000,1.68000000,0.37000000,-0.18000000,3.46000000,,,"M-R relationship",4.010000,271.8850,1.080000,5979.00,"Transit"
"HIP 63242","HIP 63242 b",1,124.60000000000,0.5650000000,12.50000000,,,2917.56000000,,,"Msini",8.210000,133.6297,1.540000,4830.00,"Radial Velocity"
"EPIC 212297394","EPIC 212297394 b",2,2.28936300000,,1.48000000,0.13000000,-0.11000000,2.79000000,,,"M-R relationship",4.730000,,0.830000,5171.00,"Transit"
"HD 45652","HD 45652 b",1,44.07300000000,0.2370000000,14.30000000,,,137.62039000,24.15508000,-24.15508000,"Msini",0.259000,11.2332,0.920000,5294.00,"Radial Velocity"
"Kepler-1646","Kepler-1646 b",1,4.48558383000,0.0295000000,1.23000000,0.28000000,-0.24000000,2.04000000,,,"M-R relationship",6.020000,4.2000,0.240000,3299.00,"Transit"
"HD 102843","HD 102843 b",1,3090.94200000000,4.0740000000,13.10000000,,,113.90000000,14.50000000,-14.50000000,"Msini",0.278000,0.0438,0.950000,5436.00,"Radial Velocity"
"HD 192699","HD 192699 b",1,340.94000000000,1.0630000000,13.40000000,,,666.17168000,29.55819000,-29.55819000,"Msini",1.520000,9.0351,1.380000,5041.00,"Radial Velocity"
"TIC 65612701","TIC 65612701 b",1,10.22467974953,,5.07802804,0.33441948,-0.32636933,22.70000000,,,"M-R relationship",0.953000,,1.060000,5692.29,"Transit"
"TOI-4747","TOI-4747 b",1,5.21924158592,,3.95803201,0.35272904,-0.32280843,14.80000000,,,"M-R relationship",1.310000,190.7950,1.010000,5595.08,"Transit"
"K2-201","K2-201 b",2,1.05979000000,,1.40006712,0.13501309,-0.07749730,2.54000000,,,"M-R relationship",5.090000,,0.956055,5507.00,"Transit"
"GJ 876","GJ 876 d",4,1.93778000000,0.0208066500,2.51000000,,,6.83000000,0.40000000,-0.40000000,"Mass",2.370000,28.6429,0.320000,3293.74,"Radial Velocity"
"Kepler-1130","Kepler-1130 c",3,3.26663994800,0.0423800000,0.79239584,,,0.42200000,,,"M-R relationship",4.660000,316.9000,0.944000,5450.00,"Transit"
"K2-24","K2-24 b",2,20.88977000000,0.1540000000,5.40000000,0.20000000,-0.20000000,19.00000000,2.20000000,-2.10000000,"Mass",0.640000,52.0000,1.070000,5625.00,"Transit"
"Kepler-106","Kepler-106 b",4,6.16486000000,0.0649100000,0.82000000,0.11000000,-0.11000000,5.30000000,,,"Mass",,277.2160,1.000000,5858.00,"Transit"
"TOI-469","TOI-469.01",3,13.63082050000,0.1110000000,3.41000000,0.04600000,-0.04600000,9.10000000,0.82000000,-0.79000000,"Mass",1.300000,74.7000,0.901000,5289.00,"Transit"
"Kepler-1705","Kepler-1705 c",2,11.28000000000,,2.05000000,0.14000000,-0.15000000,5.42000000,0.61000000,-0.57000000,"Mass",3.528714,,1.139000,6312.00,"Transit"
"Kepler-1580","Kepler-1580 b",1,56.64492790000,0.3357100000,2.11000000,0.30000000,-0.31000000,5.10000000,,,"M-R relationship",2.980000,83.0880,1.470000,6228.00,"Transit"
"Kepler-1365","Kepler-1365 b",2,7.69993485000,0.0783900000,0.92000000,0.14000000,-0.10000000,0.72100000,,,"M-R relationship",5.090000,456.2500,1.000000,5770.00,"Transit"
"Kepler-1521","Kepler-1521 b",1,47.14840805000,0.2347600000,2.50000000,0.09000000,-0.10000000,6.80000000,,,"M-R relationship",2.390000,5.1220,0.810000,5042.00,"Transit"
"HD 360","HD 360 b",1,273.10000000000,0.9800000000,14.00000000,,,238.37130525,38.13940884,-47.67426105,"Msini",0.477000,57.4344,1.690000,4770.00,"Radial Velocity"
"Kepler-419","Kepler-419 c",2,675.47000000000,1.6800000000,12.60000000,,,2320.10000000,127.10000000,-127.10000000,"Mass",6.370000,1.8888,1.390000,6430.00,"Transit Timing Variations"
"Kepler-1505","Kepler-1505 b",1,30.86093660000,0.1829800000,0.93000000,0.05000000,-0.05000000,0.74900000,,,"M-R relationship",5.120000,36.1210,0.930000,5686.00,"Transit"
"Kepler-367","Kepler-367 b",2,37.81572400000,0.2010000000,1.30000000,0.16000000,-0.16000000,2.24000000,,,"M-R relationship",5.600000,5.9850,0.768000,4710.00,"Transit"
"Kepler-1077","Kepler-1077 b",1,34.35118740000,0.2101000000,2.77000000,0.70000000,-0.33000000,8.10000000,,,"M-R relationship",2.090000,26.9280,1.020000,5816.00,"Transit"
"TOI-519","TOI-519 b",1,1.26523280000,0.0159000000,11.54525012,0.33626942,-0.33626942,147.15455244,26.06192937,-27.96889982,"Mass",0.560000,54.0000,0.335000,3322.00,"Transit"
"HD 74698","HD 74698 b",2,15.01700000000,0.1210000000,5.12000000,,,23.00000000,3.00000000,-3.00000000,"Msini",0.942000,123.0000,1.039000,5783.00,"Radial Velocity"
"HD 163607","HD 163607 c",2,1272.00000000000,2.3900000000,13.30000000,,,699.54383000,11.75971000,-11.75971000,"Msini",1.630000,0.4605,1.120000,5522.00,"Radial Velocity"
"Kepler-106","Kepler-106 c",4,13.57080000000,0.1098700000,2.50000000,0.32000000,-0.32000000,10.44000000,3.20000000,-3.20000000,"Mass",3.280000,96.9050,1.000000,5858.00,"Transit"
"Kepler-890","Kepler-890 b",1,52.75875577000,0.2944000000,8.89000000,2.86000000,-1.06000000,58.60000000,,,"M-R relationship",0.458000,30.2270,1.090000,5954.00,"Transit"
"TOI-6330","TOI-6330 b",1,6.85002460000,0.0576300000,10.89000000,0.37000000,-0.35000000,3179.00000000,100.00000000,-100.00000000,"Mass",13.570000,9.9700,0.531000,3539.00,"Transit"
"Kepler-952","Kepler-952 b",1,130.35469190000,0.5183000000,7.65000000,1.65000000,-0.75000000,45.40000000,,,"M-R relationship",0.557000,5.0460,1.000000,5730.00,"Transit"
"Kepler-268","Kepler-268 b",2,25.93413800000,0.1800000000,2.55000000,0.47000000,-0.47000000,7.04000000,,,"M-R relationship",2.330000,64.9330,1.109000,6081.00,"Transit"
"Kepler-414","Kepler-414 c",2,7.17100000000,0.0719500000,3.01000000,0.54000000,-0.25000000,29.90000000,12.40000000,-10.50000000,"Mass",6.020000,137.0860,0.890000,5536.00,"Transit Timing Variations"
"HD 60292","HD 60292 b",1,495.40000000000,1.5000000000,12.70000000,,,2065.89500000,317.83000000,-317.83000000,"Msini",5.540000,110.1333,1.700000,4348.00,"Radial Velocity"
"Kepler-466","Kepler-466 c",2,3.70921384600,0.0465800000,1.25000000,0.10000000,-0.07000000,2.10000000,,,"M-R relationship",5.910000,410.4000,1.040000,5927.00,"Transit"
"K2-171","K2-171 b",1,5.62846600000,,2.68657205,0.40023833,-0.33153947,7.69000000,,,"M-R relationship",2.180000,,0.891587,5250.00,"Transit"
"K2-352","K2-352 d",3,14.87138700000,,2.23000000,0.13000000,-0.09000000,5.60000000,,,"M-R relationship",2.770000,,0.980000,5791.00,"Transit"
"TOI-938","TOI-938 b",1,8.80733882211,,4.82401567,0.35034925,-0.32939707,20.80000000,,,"M-R relationship",1.020000,220.7350,1.100000,5829.42,"Transit"
"HD 216437","HD 216437 b",1,1359.00000000000,2.5700000000,13.00000000,,,1334.87930940,222.47988490,-222.47988490,"Mass",3.340000,0.3389,1.220000,5909.00,"Radial Velocity"
"Kepler-911","Kepler-911 b",1,20.31050100000,0.1559400000,2.60000000,0.10000000,-0.10000000,7.27000000,,,"M-R relationship",2.270000,198.7250,1.340000,6112.00,"Transit"
"Kepler-1428","Kepler-1428 b",1,10.67607169000,0.1105100000,1.64000000,0.14000000,-0.10000000,3.33000000,,,"M-R relationship",4.150000,817.5790,1.280000,6184.00,"Transit"
"HATS-12","HATS-12 b",1,3.14270200000,0.0441000000,7.76000000,0.47000000,-0.47000000,759.61370000,27.65121000,-27.65121000,"Mass",1.120000,566.4817,1.160000,6357.00,"Transit"
"HD 109833","HD 109833 b",2,9.18852600000,,2.88800000,0.15200000,-0.12700000,8.69000000,,,"M-R relationship",1.980000,63.4589,1.080000,5881.00,"Transit"
"Kepler-286","Kepler-286 c",4,3.46809500000,0.0420000000,1.37000000,0.27000000,-0.27000000,2.45000000,,,"M-R relationship",5.240000,353.0000,0.830000,5580.00,"Transit"
"Kepler-349","Kepler-349 b",2,5.92977800000,0.0650000000,1.90000000,0.72000000,-0.72000000,94.50000000,70.80000000,-60.30000000,"Mass",75.700000,248.2740,1.083000,5956.00,"Transit"
"Kepler-338","Kepler-338 d",4,44.43101400000,0.2570000000,3.00000000,0.28000000,-0.28000000,9.27000000,,,"M-R relationship",1.890000,53.5560,1.105000,5923.00,"Transit"
"Kepler-259","Kepler-259 c",2,36.92493100000,0.2170000000,2.70000000,1.31000000,-1.31000000,7.75000000,,,"M-R relationship",2.160000,15.0540,0.867000,5938.00,"Transit"
"Kepler-265","Kepler-265 e",4,67.83102400000,0.3190000000,2.59000000,0.55000000,-0.55000000,7.22000000,,,"M-R relationship",2.280000,10.3540,0.970000,5835.00,"Transit"
"Kepler-1238","Kepler-1238 b",1,4.14787559000,0.0541000000,1.93000000,0.85000000,-0.42000000,4.38000000,,,"M-R relationship",3.350000,1195.2010,1.300000,6386.00,"Transit"
"HD 33283","HD 33283 b",1,18.19910000000,0.1508000000,12.50000000,,,104.56607000,22.56593000,-22.56593000,"Msini",0.294000,191.9541,1.380000,5935.00,"Radial Velocity"
"Kepler-1992","Kepler-1992 b",1,15.61122380000,0.1169000000,0.91000000,0.09000000,-0.05000000,0.69300000,,,"M-R relationship",5.050000,38.9900,0.874000,5383.00,"Transit"
"Kepler-1990","Kepler-1990 c",2,4.06844957000,0.0504000000,0.98000000,0.17000000,-0.10000000,0.90400000,,,"M-R relationship",5.280000,442.0800,1.028000,5751.00,"Transit"
"Kepler-399","Kepler-399 b",3,14.42528100000,0.1030000000,0.96000000,0.51000000,-0.51000000,0.84000000,,,"M-R relationship",5.220000,35.6300,0.902000,5502.00,"Transit"
"Kepler-1709","Kepler-1709 b",1,65.70459747000,0.3270400000,3.12424875,,,9.93000000,,,"M-R relationship",1.790000,11.7000,1.003000,5918.00,"Transit"
"Kepler-1907","Kepler-1907 c",2,14.86390018000,0.1037100000,1.15547044,,,1.63000000,,,"M-R relationship",5.810000,20.6000,0.752000,5159.00,"Transit"
"Kepler-245","Kepler-245 d",4,36.27710800000,0.2020000000,3.03000000,0.21000000,-0.21000000,21.60000000,16.60000000,-12.10000000,"Mass",0.011100,9.4920,0.856000,5100.00,"Transit"
"Kepler-1321","Kepler-1321 d",3,5.72092008600,0.0501000000,2.62843782,,,7.41000000,,,"M-R relationship",2.240000,15.8400,0.513000,3640.00,"Transit"
"Kepler-983","Kepler-983 b",1,60.08550820000,0.3148000000,2.36000000,0.07000000,-0.18000000,6.17000000,,,"M-R relationship",2.580000,30.9970,1.130000,6052.00,"Transit"
"Kepler-603","Kepler-603 d",3,6.21712920000,0.0711700000,1.32000000,0.25000000,-0.13000000,2.30000000,,,"M-R relationship",5.500000,497.4000,1.010000,5808.00,"Transit"
"Kepler-1578","Kepler-1578 b",1,1.45088690700,0.0252000000,1.04000000,0.11000000,-0.11000000,1.12000000,,,"M-R relationship",5.470000,1486.4380,0.900000,5545.00,"Transit"
"Kepler-439","Kepler-439 b",1,178.13960000000,0.5630000000,2.24000000,0.16000000,-0.45000000,5.65000000,,,"M-R relationship",2.760000,1.8300,0.884000,5431.00,"Transit"
"K2-124","K2-124 b",1,6.41365100000,0.0490000000,2.90000000,0.10000000,-0.10000000,8.75000000,,,"M-R relationship",1.970000,8.7000,0.390000,3570.00,"Transit"
"Kepler-55","Kepler-55 f",5,10.19854500000,0.0810000000,1.59000000,0.10000000,-0.10000000,3.15000000,,,"M-R relationship",4.310000,25.4380,0.631000,4503.00,"Transit"
"HD 113337","HD 113337 b",2,317.58639000000,1.0220000000,13.10000000,,,1035.80277841,119.82130944,-129.99181846,"Msini",2.530000,4.1073,1.410000,6774.00,"Radial Velocity"
"Kepler-1808","Kepler-1808 b",1,23.34040070000,0.1467000000,3.02511302,,,9.40000000,,,"M-R relationship",1.870000,30.9400,0.773000,5530.00,"Transit"
"HD 233832","HD 233832 b",1,2058.00000000000,2.8270000000,13.50000000,,,565.73740000,25.42640000,-19.06980000,"Msini",1.260000,0.0376,0.710000,4981.00,"Radial Velocity"
"HD 102956","HD 102956 b",1,6.49470000000,0.0807000000,13.80000000,,,305.11680000,7.31009000,-7.31009000,"Msini",0.638000,1781.1928,1.660000,4985.00,"Radial Velocity"
"Kepler-279","Kepler-279 c",4,35.73600000000,0.2236000000,4.30000000,1.72000000,-0.41000000,49.40000000,7.20000000,-5.90000000,"Mass",0.300000,60.1570,1.100000,6689.45,"Transit"
"EPIC 212499991","EPIC 212499991 b",1,34.88500000000,,1.60000000,0.13000000,-0.16000000,3.19000000,,,"M-R relationship",4.280000,,0.912000,4982.79,"Transit"
"HD 9446","HD 9446 b",2,30.05200000000,0.1890000000,14.00000000,,,222.47200000,19.06900000,-19.06900000,"Msini",0.446000,30.7942,1.000000,5793.00,"Radial Velocity"
"Kepler-1054","Kepler-1054 b",1,4.30655689000,0.0554200000,2.63000000,1.15000000,-0.53000000,7.41000000,,,"M-R relationship",2.240000,760.5240,1.220000,6209.00,"Transit"
"Kepler-1835","Kepler-1835 b",1,11.96409988000,0.0997000000,3.53387773,,,12.20000000,,,"M-R relationship",1.520000,100.9600,0.922000,5903.00,"Transit"
"Kepler-763","Kepler-763 c",3,4.09667624000,0.0466000000,1.42000000,0.07000000,-0.10000000,2.60000000,,,"M-R relationship",4.990000,182.9000,0.800000,4999.00,"Transit"
"K2-99","K2-99 c",2,522.20000000000,1.4300000000,12.60000000,,,2669.75861880,63.56568140,-63.56568140,"Msini",7.330000,3.8779,1.440000,6069.00,"Radial Velocity"
"K2-30","K2-30 b",1,4.09850300000,0.0483900000,11.64615100,0.56045000,-0.57165900,184.02357000,8.89924000,-8.58141000,"Mass",0.640000,299.0000,0.900000,5425.00,"Transit"
"Kepler-998","Kepler-998 b",1,5.65377733000,0.0626000000,2.32000000,0.61000000,-0.30000000,5.99000000,,,"M-R relationship",2.640000,409.9170,1.120000,6058.00,"Transit"
"Kepler-162","Kepler-162 b",2,6.91979800000,0.0690000000,1.26000000,0.67000000,-0.67000000,2.13000000,,,"M-R relationship",5.850000,305.9460,1.053000,5816.00,"Transit"
"Kepler-1849","Kepler-1849 b",1,57.29290009000,0.2597000000,2.38685349,,,6.29000000,,,"M-R relationship",2.540000,3.7600,0.709000,4806.00,"Transit"
"Kepler-1528","Kepler-1528 b",1,1.79111020500,0.0296000000,1.46000000,0.25000000,-0.13000000,2.73000000,,,"M-R relationship",4.820000,1106.8510,1.030000,5857.00,"Transit"
"Kepler-116","Kepler-116 c",2,13.07163000000,0.1160000000,2.30000000,0.44000000,-0.44000000,5.90000000,,,"M-R relationship",2.660000,208.9820,1.198000,6142.00,"Transit"
"Kepler-712","Kepler-712 c",2,226.89047000000,0.6647900000,4.85000000,0.26000000,-0.41000000,21.00000000,,,"M-R relationship",1.010000,0.6620,0.840000,5148.00,"Transit"
"WASP-165","WASP-165 b",1,3.46550900000,0.0482300000,14.12334000,2.12971000,-1.90553000,209.13214000,30.82951000,-29.24036000,"Mass",0.440000,1373.5324,1.248000,5599.00,"Transit"
"WASP-8","WASP-8 b",2,8.15872000000,0.0801000000,12.66617000,0.56045000,-0.56045000,807.28820000,104.88390000,-104.88390000,"Mass",2.100000,209.1180,1.340000,5600.00,"Transit"
"HD 26161","HD 26161 b",1,10942.29013000000,10.0870000000,11.90000000,,,9045.39646322,6372.14173194,-70.55790635,"Mass",29.500000,0.0243,1.120000,6057.62,"Radial Velocity"
"WASP-55","WASP-55 b",1,4.46563100000,0.0558000000,14.72860064,0.23538859,-0.28022452,186.24744650,10.48833743,-10.17050902,"Mass",0.342159,504.0000,1.071000,6096.00,"Transit"
"Kepler-306","Kepler-306 b",4,4.64618600000,0.0500000000,1.52000000,0.10000000,-0.10000000,2.92000000,,,"M-R relationship",4.570000,127.2550,0.750000,4954.00,"Transit"
"K2-189","K2-189 c",2,6.67932000000,0.0680000000,2.31000000,0.14000000,-0.05000000,5.95000000,,,"M-R relationship",2.650000,140.0000,0.850000,5442.00,"Transit"
"GJ 414 A","GJ 414 A c",2,749.83000000000,1.4000000000,8.40000000,3.60000000,-2.50000000,53.83000000,9.18000000,-8.58000000,"Msini",0.499000,0.0607,0.650000,4120.00,"Radial Velocity"
"HD 39194","HD 39194 c",3,14.03090000000,0.1083000000,2.65000000,,,7.49000000,0.50000000,-0.50000000,"Msini",2.210000,33.2512,0.860000,5205.00,"Radial Velocity"
"24 Sex","24 Sex b",2,452.80000000000,1.3330000000,13.40000000,,,632.46000000,82.63000000,-120.77000000,"Msini",1.440000,8.2099,1.540000,5098.00,"Radial Velocity"
"GJ 720 A","GJ 720 A b",1,19.46600000000,0.1190000000,3.77000000,,,13.64000000,0.78000000,-0.79000000,"Msini",1.400000,4.2846,0.570000,3837.00,"Radial Velocity"
"TOI-1994","TOI-1994 b",1,4.03371420000,0.0613000000,13.67495645,0.91913642,-0.79583763,7024.00779470,826.35385820,-794.57101750,"Mass",15.000000,1910.2600,1.860000,7700.00,"Transit"
"Kepler-195","Kepler-195 b",2,8.30787200000,0.0770000000,2.03000000,0.74000000,-0.74000000,4.78000000,,,"M-R relationship",3.140000,74.1480,0.867000,5329.00,"Transit"
"Kepler-1388","Kepler-1388 d",4,20.95681580000,0.1260000000,2.86000000,0.12000000,-0.19000000,8.55000000,,,"M-R relationship",2.010000,8.6600,0.630000,4098.00,"Transit"
"Kepler-1523","Kepler-1523 b",1,0.93875077000,0.0186700000,1.58000000,0.27000000,-0.15000000,3.12000000,,,"M-R relationship",4.350000,2218.1450,0.970000,5708.00,"Transit"
"Kepler-296","Kepler-296 b",5,10.86438400000,0.0790000000,1.61000000,0.29000000,-0.27000000,3.22000000,,,"M-R relationship",3.000000,6.5000,0.498000,3740.00,"Transit"
"TOI-733","TOI-733 b",1,4.88476500000,0.0618000000,1.99200000,0.08500000,-0.09000000,5.72000000,0.70000000,-0.68000000,"Mass",3.980000,207.1000,0.956000,5585.00,"Transit"
"TOI-6420","TOI-6420 b",1,6.96150800000,0.0753000000,11.93756445,0.72858375,-0.66132986,2606.19293740,114.41822652,-127.13136280,"Mass",8.400000,106.6190,1.165000,6020.00,"Transit"
"Kepler-199","Kepler-199 b",2,23.63760400000,0.1580000000,3.11000000,0.56000000,-0.56000000,9.85000000,,,"M-R relationship",1.800000,31.6790,0.960000,5644.00,"Transit"
"TOI-5486","TOI-5486 b",1,2.02470073205,,3.96824928,0.40461614,-0.33059240,14.90000000,,,"M-R relationship",1.310000,53.3297,0.548138,3750.17,"Transit"
"Kepler-400","Kepler-400 c",2,17.34082400000,0.1340000000,1.49000000,0.28000000,-0.28000000,2.83000000,,,"M-R relationship",4.700000,76.8600,1.080000,5886.00,"Transit"
"Kepler-284","Kepler-284 c",2,37.51445600000,0.2130000000,2.61000000,1.18000000,-1.18000000,7.32000000,,,"M-R relationship",2.260000,9.0420,0.766000,5615.00,"Transit"
"Kepler-87","Kepler-87 b",2,114.73635000000,0.4810000000,13.49000000,0.55000000,-0.55000000,324.20000000,8.80000000,-8.80000000,"Mass",0.729000,9.2030,1.100000,5600.00,"Transit"
"TOI-1768","TOI-1768.01",1,7.33770364900,0.0763810000,3.45300000,0.42300000,-0.28700000,11.80000000,,,"M-R relationship",1.570000,240.8700,1.100000,5994.00,"Transit"
"Kepler-1549","Kepler-1549 b",1,214.88654500000,0.6687000000,2.57000000,0.22000000,-0.20000000,7.13000000,,,"M-R relationship",2.310000,1.1840,0.880000,5324.00,"Transit"
"TOI-1246","TOI-1246 d",4,18.65487400000,0.1320000000,3.43139739,0.14960553,-0.11612674,5.40000000,1.90000000,-1.90000000,"Mass",0.730000,28.0000,0.888900,5213.00,"Transit"
"HD 24040","HD 24040 b",2,3668.00000000000,4.9200000000,12.90000000,,,1589.14203500,114.41822652,-82.63538582,"Mass",4.070000,0.0779,1.110000,5802.00,"Radial Velocity"
"Kepler-78","Kepler-78 b",1,0.35500745000,0.0090100000,1.20100000,0.02800000,-0.02800000,1.68000000,0.27000000,-0.27000000,"Mass",5.330000,4070.0000,0.779000,5058.00,"Transit"
"Kepler-836","Kepler-836 b",1,11.36112327000,0.1013000000,2.73000000,0.64000000,-0.32000000,7.90000000,,,"M-R relationship",2.130000,135.7970,1.030000,5895.00,"Transit"
"WASP-145 A","WASP-145 A b",1,1.76903810000,0.0261000000,10.08810000,4.48360000,-4.48360000,282.86870000,12.71320000,-12.71320000,"Mass",1.600000,313.4012,0.760000,4900.00,"Transit"
"GJ 273","GJ 273 b",2,18.64980000000,0.0911010000,1.51000000,,,2.89000000,0.27000000,-0.26000000,"Msini",4.610000,1.0600,0.290000,3382.00,"Radial Velocity"
"TOI-5388","TOI-5388.01",1,2.59467480000,0.0243358550,0.99000000,0.07000000,-0.06000000,2.20000000,,,"Mass",11.900000,3.3023,0.292000,3440.00,"Transit"
"HD 191939","HD 191939 c",6,28.57974300000,0.1752000000,3.19500000,0.07500000,-0.07500000,8.00000000,1.00000000,-1.00000000,"Mass",1.350000,21.0000,0.810000,5348.00,"Transit"
"HIP 5158","HIP 5158 b",2,345.72000000000,0.8900000000,13.60000000,,,451.00000000,,,"Msini",0.985000,0.1389,0.780000,4962.00,"Radial Velocity"
"TOI-4600","TOI-4600 b",2,82.68690000000,0.3490000000,6.80000000,0.31000000,-0.30000000,959.84178914,,,"Mass",,3.3159,0.890000,5170.00,"Transit"
"TOI-682","TOI-682.01",1,6.83923880000,,3.74186000,0.25183500,-0.25183500,13.50000000,,,"M-R relationship",1.420000,234.4600,0.850000,5085.00,"Transit"
"Kepler-937","Kepler-937 b",2,67.66882700000,0.3214000000,3.72000000,1.29000000,-0.48000000,13.40000000,,,"M-R relationship",1.430000,20.6270,1.150000,6095.00,"Transit"
"Kepler-56","Kepler-56 d",3,1002.00000000000,2.1600000000,12.80000000,,,1784.00000000,120.00000000,-120.00000000,"Msini",4.670000,1.7204,1.290000,4819.44,"Radial Velocity"
"Kepler-1985","Kepler-1985 b",1,3.42064689000,0.0426000000,2.27000000,0.25000000,-0.22000000,5.77000000,,,"M-R relationship",2.710000,382.6800,0.877000,5370.00,"Transit"
"TOI-286","TOI-286 c",2,39.36182600000,0.2130000000,1.88000000,0.12000000,-0.12000000,3.72000000,2.22000000,-2.22000000,"Mass",3.090000,22.4437,0.832000,5152.00,"Transit"
"TOI-2384","TOI-2384 b",1,2.13570304000,0.0279300000,11.48920522,0.23538859,-0.23538859,624.85064816,18.75187601,-18.75187601,"Mass",2.260000,104.3000,0.635000,3943.00,"Transit"
"Kepler-586","Kepler-586 b",1,2.10472218400,0.0331000000,2.79000000,0.36000000,-0.20000000,8.20000000,,,"M-R relationship",2.070000,705.0510,0.940000,5575.00,"Transit"
"HAT-P-36","HAT-P-36 b",1,1.32734683000,0.0241000000,14.31389300,0.22418000,-0.22418000,587.41340600,27.65121000,-27.65121000,"Mass",1.175000,1821.0000,1.030000,5620.00,"Transit"
"HD 11506","HD 11506 d",3,26500.00000000000,18.2000000000,12.30000000,,,4068.20360960,190.69704420,-158.91420350,"Mass",12.000000,0.0066,1.220000,6123.00,"Radial Velocity"
"Kepler-345","Kepler-345 b",2,7.41556300000,0.0660000000,0.74000000,0.06000000,-0.06000000,0.48000000,0.22000000,-0.14000000,"Mass",4.800000,35.3700,0.610000,4504.00,"Transit"
"Kepler-1503","Kepler-1503 b",1,96.16987000000,0.3771000000,2.27000000,0.19000000,-0.23000000,5.77000000,,,"M-R relationship",2.710000,5.6360,0.770000,5069.00,"Transit"
"HD 47186","HD 47186 b",2,4.08450000000,0.0500000000,5.02000000,,,22.24810000,0.00000000,0.00000000,"Msini",0.966000,441.6068,0.960000,5657.00,"Radial Velocity"
"Kepler-520","Kepler-520 c",2,5.21104261000,0.0603500000,1.07000000,0.07000000,-0.05000000,1.24000000,,,"M-R relationship",5.560000,351.6900,1.100000,6112.00,"Transit"
"Kepler-1880","Kepler-1880 b",1,6.30921983700,0.0540000000,2.11686218,,,5.13000000,,,"M-R relationship",2.970000,31.7300,0.524000,4380.00,"Transit"
"Kepler-598","Kepler-598 b",2,3.70175428000,0.0448700000,1.50000000,0.12000000,-0.09000000,2.86000000,,,"M-R relationship",4.660000,265.4070,0.870000,5307.00,"Transit"
"Kepler-1829","Kepler-1829 b",1,5.18671989400,0.0559000000,2.47887001,,,6.71000000,,,"M-R relationship",2.420000,129.3700,0.873000,5230.00,"Transit"
"KOI-12","KOI-12 b",2,17.85518200000,0.1540000000,13.78707000,0.67254000,-0.56045000,349.61300000,1112.40500000,-254.26400000,"Mass",0.733000,196.5070,1.500000,6635.00,"Transit"
"TOI-1752","TOI-1752 c",2,32.71443000000,0.1614000000,2.29000000,0.13000000,-0.14000000,5.86000000,,,"M-R relationship",2.680000,1.6973,0.524000,3762.00,"Transit"
"K2-384","K2-384 f",5,13.62749000000,,2.22200000,0.09100000,-0.08200000,5.57000000,,,"M-R relationship",2.790000,,0.330000,3623.00,"Transit"
"Kepler-80","Kepler-80 e",6,4.64489000000,0.0491000000,1.60000000,0.08000000,-0.07000000,4.13000000,0.81000000,-0.95000000,"Mass",3.750000,94.7810,0.730000,4540.00,"Transit"
"HD 187085","HD 187085 b",1,1019.74000000000,2.1000000000,13.90000000,,,265.70588000,3.49613000,-3.49613000,"Msini",0.544000,30.5887,1.189000,6117.00,"Radial Velocity"
"Kepler-1217","Kepler-1217 b",1,2.03232507200,0.0326000000,1.99000000,0.48000000,-0.19000000,4.62000000,,,"M-R relationship",3.220000,1302.9480,1.060000,5905.00,"Transit"
"Kepler-707","Kepler-707 b",1,2.23749275100,0.0325000000,1.33000000,0.09000000,-0.10000000,2.33000000,,,"M-R relationship",5.440000,336.6730,0.800000,5099.00,"Transit"
"KOI-984","KOI-984 b",2,4.28817850000,0.0504000000,4.30000000,0.05000000,-0.05000000,17.10000000,,,"M-R relationship",1.180000,186.3100,0.928000,5295.00,"Transit"
"Kepler-444","Kepler-444 d",5,6.18939200000,0.0600000000,0.53000000,0.02200000,-0.01900000,0.20000000,0.50000000,-0.10000000,"Mass",7.900000,109.6380,0.758000,5046.00,"Transit"
"Kepler-20","Kepler-20 g",6,34.94000000000,0.2055000000,4.71000000,,,19.96000000,3.08000000,-3.61000000,"Msini",1.050000,16.2132,0.948000,5495.00,"Radial Velocity"
"K2-223","K2-223 c",2,4.56254600000,0.0549000000,1.50000000,0.10000000,-0.10000000,2.86000000,,,"M-R relationship",4.660000,305.7945,1.060000,5859.00,"Transit"
"CoRoT-17","CoRoT-17 b",1,3.76810000000,0.0461000000,11.43000000,0.78000000,-0.78000000,772.29000000,95.34000000,-95.34000000,"Mass",2.820000,640.9232,1.040000,5740.00,"Transit"
"Kepler-1827","Kepler-1827 b",1,3.70061993600,0.0464700000,1.85644292,,,4.10000000,,,"M-R relationship",3.520000,1113.4000,0.915000,5423.00,"Transit"
"HD 108341","HD 108341 b",1,1129.00000000000,2.0000000000,13.30000000,,,715.11391575,225.65816897,-79.45710175,"Mass",1.670000,0.1066,0.843000,5122.00,"Radial Velocity"
"Kepler-59","Kepler-59 b",2,11.86817070000,0.0994300000,1.10000000,,,4.10000000,2.80000000,-1.00000000,"Mass",8.700000,187.5100,1.040000,6074.00,"Transit"
"EPIC 249893012","EPIC 249893012 b",3,3.59510000000,0.0470000000,1.95000000,0.09000000,-0.08000000,8.75000000,1.09000000,-1.08000000,"Mass",6.390000,1037.0000,1.050000,5430.00,"Transit"
"Kepler-1267","Kepler-1267 b",1,13.03139450000,0.1057000000,3.01000000,0.95000000,-0.45000000,9.32000000,,,"M-R relationship",1.880000,86.4690,1.150000,6096.00,"Transit"
"Kepler-1157","Kepler-1157 b",1,4.45743164000,0.0448000000,1.09000000,0.04000000,-0.20000000,1.32000000,,,"M-R relationship",5.600000,95.4430,0.760000,4679.00,"Transit"
"TOI-622","TOI-622 b",1,6.40251300000,0.0708000000,9.23620010,0.31385146,-0.32506044,96.30200732,21.93016008,-22.88364530,"Mass",0.507000,602.0000,1.313000,6400.00,"Transit"
"Kepler-640","Kepler-640 b",1,22.24813967000,0.1541800000,2.56000000,0.08000000,-0.22000000,7.08000000,,,"M-R relationship",2.320000,35.0620,1.010000,5653.00,"Transit"
"HD 141399","HD 141399 d",4,1069.80000000000,2.0900000000,13.70000000,,,375.03940000,25.42640000,-25.42640000,"Msini",0.801000,0.3640,1.070000,5600.00,"Radial Velocity"
"HD 147513","HD 147513 b",1,528.40000000000,1.3200000000,13.70000000,,,385.00000000,,,"Msini",0.823000,0.5609,1.110000,5883.00,"Radial Velocity"
"K2-99","K2-99 b",2,18.24783000000,0.1530000000,11.88151954,0.11208981,-0.11208981,276.51071409,6.35656814,-6.35656814,"Mass",0.900000,357.0000,1.440000,6069.00,"Transit"
"HD 102195","HD 102195 b",1,4.11377000000,0.0500000000,14.20000000,,,130.31030000,6.35660000,-6.35660000,"Msini",0.250000,185.2000,0.760000,5301.00,"Radial Velocity"
"HIP 38594","HIP 38594 c",2,3477.76800000000,3.8050000000,7.94000000,,,48.40000000,7.40000000,-7.40000000,"Msini",0.531000,0.0060,0.610000,4086.30,"Radial Velocity"
"K2-150","K2-150 b",1,10.59357000000,0.0727000000,2.00000000,0.27000000,-0.21000000,4.66000000,,,"M-R relationship",3.200000,4.9000,0.457000,3499.00,"Transit"
"K2-21","K2-21 c",2,15.50192000000,0.1070000000,2.49000000,0.17000000,-0.19000000,6.76000000,,,"M-R relationship",5.400000,5.1000,0.676023,4222.06,"Transit"
"HD 220074","HD 220074 b",1,672.09998000000,1.6000000000,12.20000000,,,5288.69120000,4214.42580000,-4214.42580000,"Msini",16.000000,305.7049,2.200000,3787.00,"Radial Velocity"
"Kepler-394","Kepler-394 b",3,8.00501300000,0.0830000000,1.60000000,0.82000000,-0.82000000,3.19000000,,,"M-R relationship",4.280000,164.7800,0.870000,6402.00,"Transit"
"TOI-4364","TOI-4364 b",1,5.42401900000,0.0475300000,2.01000000,0.10000000,-0.08000000,4.70000000,,,"M-R relationship",3.180000,13.3328,0.487000,3528.00,"Transit"
"HD 120084","HD 120084 b",1,2142.00000000000,4.2100000000,12.70000000,,,2034.10180480,921.70238030,-603.87397330,"Mass",5.460000,3.0851,2.160000,4879.00,"Radial Velocity"
"Kepler-325","Kepler-325 d",3,38.71518500000,0.2200000000,2.79000000,1.39000000,-1.39000000,8.20000000,,,"M-R relationship",2.070000,12.0830,0.914000,5752.00,"Transit"
"Kepler-684","Kepler-684 b",1,6.77030200800,0.0640000000,3.36000000,0.30000000,-0.30000000,11.20000000,,,"M-R relationship",1.620000,102.8700,0.890000,5493.00,"Transit"
"Kepler-1015","Kepler-1015 b",1,16.00494214000,0.1345000000,3.55000000,1.32000000,-0.66000000,12.30000000,,,"M-R relationship",1.510000,172.1120,1.490000,6769.00,"Transit"
"TOI-763","TOI-763 c",2,12.27370000000,0.1011000000,2.63000000,0.12000000,-0.12000000,9.32000000,1.02000000,-1.02000000,"Mass",2.820000,64.3196,0.917000,5450.00,"Transit"
"Kepler-1130","Kepler-1130 d",3,4.27225017500,0.0506800000,0.64472273,,,0.20200000,,,"M-R relationship",4.140000,221.4000,0.944000,5450.00,"Transit"
"TOI-5542","TOI-5542 b",1,75.12375000000,0.3320000000,11.30986153,0.40352331,-0.39231432,419.53349724,31.78284070,-31.78284070,"Mass",1.600000,9.6000,0.890000,5700.00,"Transit"
"Kepler-846","Kepler-846 b",1,19.80792185000,0.1399000000,2.48000000,0.32000000,-0.18000000,6.71000000,,,"M-R relationship",2.420000,35.2760,0.940000,5579.00,"Transit"
"Kepler-1051","Kepler-1051 b",1,25.96200249000,0.1839500000,3.40000000,1.23000000,-0.67000000,11.50000000,,,"M-R relationship",1.610000,87.4570,1.430000,6675.00,"Transit"
"TOI-2068","TOI-2068 b",1,7.76891500000,0.0632000000,1.82100000,0.16200000,-0.14900000,3.97000000,,,"M-R relationship",3.610000,12.2300,0.559000,3710.00,"Transit"
"Kepler-1175","Kepler-1175 b",1,37.94563000000,0.2181000000,2.99000000,0.27000000,-0.23000000,9.22000000,,,"M-R relationship",1.900000,12.9380,0.900000,5453.00,"Transit"
"HD 222237","HD 222237 b",1,14892.00000000000,10.8000000000,12.80000000,,,1649.52943233,184.34047606,-184.34047606,"Mass",4.320000,0.0019,0.760000,4751.00,"Radial Velocity"
"Kepler-1573","Kepler-1573 b",1,2.61575540000,0.0364000000,1.20000000,0.23000000,-0.11000000,1.87000000,,,"M-R relationship",5.950000,1343.1140,1.010000,5808.00,"Transit"
"K2-6","K2-6 b",1,30.94191000000,0.1898000000,2.50000000,0.88000000,-0.88000000,6.80000000,,,"M-R relationship",2.390000,28.6000,0.970000,5850.00,"Transit"
"TOI-4561","TOI-4561 b",1,8.93547936706,,1.77789214,0.26732078,-0.19848508,3.81000000,,,"M-R relationship",3.730000,91.9624,1.000000,5537.93,"Transit"
"Kepler-1983","Kepler-1983 b",1,7.32851947000,0.0689000000,2.33000000,0.13000000,-0.18000000,6.04000000,,,"M-R relationship",2.620000,100.1300,0.812000,5135.00,"Transit"
"HATS-1","HATS-1 b",1,3.44645900000,0.0444000000,14.59400000,1.81600000,-1.09800000,589.55000000,83.26800000,-62.29200000,"Mass",1.030000,489.9461,0.986000,5870.00,"Transit"
"BD-10 3166","BD-10 3166 b",1,3.48777000000,0.0400000000,14.10000000,,,187.51970000,22.24810000,-22.24810000,"Msini",0.368000,402.4216,1.470000,5393.00,"Radial Velocity"
"TOI-1422","TOI-1422 b",2,12.99894000000,0.1070000000,3.83000000,0.11000000,-0.11000000,9.50000000,2.00000000,-1.90000000,"Mass",0.930000,90.5151,0.990300,5840.00,"Transit"
"Kepler-1273","Kepler-1273 b",1,28.62565300000,0.1857000000,2.49000000,0.33000000,-0.19000000,6.76000000,,,"M-R relationship",2.410000,14.8770,0.940000,5566.00,"Transit"
"Kepler-843","Kepler-843 b",1,2.05387982100,0.0313000000,2.59000000,0.61000000,-0.25000000,7.22000000,,,"M-R relationship",2.280000,890.3330,1.020000,5830.00,"Transit"
"Kepler-708","Kepler-708 b",1,3.16789193800,0.0426000000,2.93000000,0.64000000,-0.28000000,8.91000000,,,"M-R relationship",1.950000,684.7650,0.970000,5692.00,"Transit"
"TOI-3486","TOI-3486 b",1,2.21778105000,0.0313800000,10.57006880,0.33626942,-0.32506044,99.16246298,18.11621920,-17.79839079,"Mass",0.460000,334.0000,0.837000,4930.00,"Transit"
"Kepler-540","Kepler-540 b",1,172.70497840000,0.5882200000,2.71000000,0.38000000,-0.26000000,7.80000000,,,"M-R relationship",2.150000,4.5250,1.020000,5946.00,"Transit"
"WASP-160 B","WASP-160 B b",1,3.76849520000,0.0452000000,12.21781000,0.52682300,-0.45956900,88.35674000,13.98452000,-14.30235000,"Mass",0.284000,210.5750,0.870000,5298.00,"Transit"
"Qatar-8","Qatar-8 b",1,3.71495000000,0.0474000000,14.40356500,0.24659800,-0.24659800,117.91493000,19.70546000,-19.70546000,"Mass",0.216000,698.1480,1.029000,5738.00,"Transit"
"TOI-1836","TOI-1836 b",2,20.38079900000,0.1597000000,8.00321222,0.34747840,-0.34747840,38.45723725,9.21702380,-9.21702380,"Mass",0.410000,153.5185,1.307000,6380.00,"Transit"
"K2-172","K2-172 b",2,14.31694100000,,1.66608079,0.15959489,-0.09523043,3.42000000,,,"M-R relationship",4.060000,,0.934356,5569.00,"Transit"
"Kepler-278","Kepler-278 b",2,30.15560000000,0.2020000000,3.95500000,0.08000000,-0.08000000,56.00000000,37.00000000,-13.00000000,"Mass",5.000000,110.0000,1.227000,4965.00,"Transit"
"Kepler-553","Kepler-553 c",2,328.24017000000,0.8980000000,11.57887706,0.35868738,-0.28022452,2129.45032690,139.84449908,-136.66621501,"Mass",7.530000,0.5890,0.889000,5191.00,"Transit"
"TOI-712","TOI-712 c",3,51.69906000000,0.2447000000,2.70100000,0.09200000,-0.08200000,7.76000000,,,"M-R relationship",2.160000,3.0800,0.732000,4622.00,"Transit"
"Kepler-670","Kepler-670 b",1,2.81650485200,0.0383000000,13.18000000,2.94000000,-1.21000000,,,,"Msini",,528.2230,0.990000,5709.00,"Transit"
"Kepler-750","Kepler-750 b",2,9.42887179000,0.0874200000,3.07000000,1.06000000,-0.40000000,9.64000000,,,"M-R relationship",1.830000,255.7400,1.150000,6160.00,"Transit"
"GJ 463","GJ 463 b",1,3459.00000000000,3.5300000000,13.10000000,,,1080.61658380,95.34852210,-95.34852210,"Mass",2.640000,0.0024,0.486000,3563.00,"Radial Velocity"
"Kepler-1677","Kepler-1677 b",1,22.06400000000,0.1599000000,2.70216183,,,7.76000000,,,"M-R relationship",2.160000,59.4000,1.110000,6013.72,"Transit"
"Gl 725 A","Gl 725 A b",1,11.22010000000,0.0680000000,1.48000000,,,2.78000000,0.35000000,-0.35000000,"Msini",4.710000,3.3572,0.330000,3433.00,"Radial Velocity"
"14 Her","14 Her b",2,1766.41000000000,2.8390000000,12.50000000,,,2828.67282230,413.17692910,-540.30829190,"Mass",7.960000,0.0873,0.970000,5338.00,"Radial Velocity"
"Kepler-261","Kepler-261 c",2,24.57085800000,0.1560000000,2.00000000,0.14000000,-0.14000000,4.66000000,,,"M-R relationship",3.200000,14.5120,0.834000,5098.00,"Transit"
"HD 148427","HD 148427 b",1,331.90000000000,1.1100000000,13.70000000,,,381.39408840,63.56568140,-95.34852210,"Mass",0.815000,4.8905,1.640000,5025.00,"Radial Velocity"
"Kepler-1030","Kepler-1030 b",1,19.32952416000,0.1338000000,2.48000000,0.12000000,-0.18000000,6.71000000,,,"M-R relationship",2.420000,16.8810,0.800000,4983.00,"Transit"
"TOI-3688 A","TOI-3688 A b",1,3.24607500000,0.0456000000,13.08088048,0.53803107,-0.49319515,311.47183886,31.78284070,-34.96112477,"Mass",0.760000,924.3000,1.199000,5950.00,"Transit"
"TOI-559","TOI-559 b",1,6.98390950000,0.0723000000,12.22899794,0.31385146,-0.28022452,1910.14872607,76.27881768,-73.10053361,"Mass",5.740000,404.9150,1.026000,5925.00,"Transit"
"HD 10180","HD 10180 c",6,5.75969000000,0.0641200000,,,,2741.58783878,,,"Mass",,362.4092,1.060000,5911.00,"Radial Velocity"
"TOI-2018","TOI-2018 b",1,7.43558300000,,2.26800000,0.06900000,-0.06900000,9.20000000,2.10000000,-2.10000000,"Mass",4.330000,26.0758,0.570000,4174.00,"Transit"
"Kepler-237","Kepler-237 c",2,8.10363600000,0.0710000000,2.08000000,1.10000000,-1.10000000,4.98000000,,,"M-R relationship",3.040000,60.6420,0.696000,4861.00,"Transit"
"K2-64","K2-64 b",1,6.53044000000,0.0619000000,2.07000000,0.26000000,-0.26000000,4.94000000,,,"M-R relationship",3.060000,98.0000,0.741000,5312.00,"Transit"
"Kepler-138","Kepler-138 d",4,23.09230000000,0.1288000000,1.51000000,0.04000000,-0.04000000,2.10000000,0.60000000,-0.70000000,"Mass",3.600000,3.4000,0.535000,3841.00,"Transit"
"GJ 676 A","GJ 676 A c",4,13921.42302000000,9.7260000000,12.30000000,,,4288.14086724,332.44851372,-358.19261469,"Mass",12.700000,0.0010,0.626000,3734.00,"Radial Velocity"
"TOI-5799","TOI-5799 c",2,14.01044900000,0.0782000000,1.76000000,0.11000000,-0.10000000,3.75000000,,,"M-R relationship",3.780000,2.4202,0.325000,3452.00,"Transit"
"NGTS-1","NGTS-1 b",1,2.64729800000,0.0326000000,14.90797000,6.83749000,-3.69897000,258.07796000,20.97678000,-23.83725000,"Mass",0.420000,65.3000,0.617000,3916.00,"Transit"
"Kepler-174","Kepler-174 c",3,44.00052900000,0.2140000000,1.49000000,0.09000000,-0.09000000,2.83000000,,,"M-R relationship",4.700000,5.2960,0.602000,4880.00,"Transit"
"Kepler-1824","Kepler-1824 b",1,95.61100006000,0.4267000000,2.38127597,,,6.26000000,,,"M-R relationship",2.550000,7.4500,1.135000,6002.00,"Transit"
"EPIC 201757695","EPIC 201757695.02",1,2.04780000000,0.0296000000,0.90819000,0.05861000,-0.06401000,0.68800000,,,"M-R relationship",5.050000,494.2020,0.727000,4520.00,"Transit"
"TOI-4666","TOI-4666 b",1,2.90891650000,0.0340000000,12.53164042,0.39231432,-0.39231432,155.41809102,21.29450327,-20.97667486,"Mass",0.430000,55.6000,0.576000,3793.00,"Transit"
"HD 110537","HD 110537 b",1,24469.67342000000,16.7140000000,11.90000000,,,8612.83200129,4053.90133129,-2857.27737893,"Mass",28.100000,0.0047,1.020000,5718.00,"Radial Velocity"
"Kepler-118","Kepler-118 c",2,20.17202000000,0.1410000000,7.68000000,3.43000000,-3.43000000,45.70000000,,,"M-R relationship",0.554000,21.4090,0.811000,5274.00,"Transit"
"18 Del","18 Del b",1,982.85000000000,2.4760000000,12.50000000,,,2926.24614325,50.85254512,-24.47278734,"Msini",8.230000,7.0173,2.100000,4980.00,"Radial Velocity"
"HD 108236","HD 108236 b",5,3.79596300000,0.0452700000,1.61500000,0.05100000,-0.05100000,3.24000000,,,"M-R relationship",4.230000,312.1807,0.869000,5660.00,"Transit"
"Kepler-1500","Kepler-1500 b",1,15.03301050000,0.1236000000,1.20000000,0.22000000,-0.15000000,1.87000000,,,"M-R relationship",5.950000,131.8180,1.000000,5845.00,"Transit"
"HD 212771","HD 212771 b",1,380.70000000000,1.1900000000,13.30000000,,,759.61370000,85.81410000,-85.81410000,"Msini",1.770000,10.8749,1.560000,5003.00,"Radial Velocity"
"HD 5319","HD 5319 b",2,637.10000000000,1.5700000000,13.50000000,,,494.54348000,13.34886000,-13.34886000,"Msini",1.100000,3.2825,1.270000,4871.00,"Radial Velocity"
"HD 16141","HD 16141 b",1,75.52300000000,0.3600000000,10.90000000,,,82.63580000,6.35660000,-6.35660000,"Msini",0.351000,17.9052,1.110000,5757.00,"Radial Velocity"
"TOI-5027","TOI-5027 b",1,10.24368000000,0.0930000000,10.76062147,0.56044903,-0.67253884,642.01338214,41.31769291,-41.31769291,"Mass",2.940000,190.9120,1.020000,5909.00,"Transit"
"Kepler-766","Kepler-766 b",1,6.10027804000,0.0660000000,3.39000000,0.93000000,-0.40000000,11.40000000,,,"M-R relationship",1.610000,227.1500,1.100000,5992.00,"Transit"
"GJ 433","GJ 433 b",3,7.37050000000,0.0620000000,2.33000000,,,6.04300000,0.59700000,-0.59700000,"Msini",2.630000,5.2029,0.480000,3461.00,"Radial Velocity"
"KOI-134","KOI-134 c",2,33.95000000000,0.2305000000,9.86000000,,,69.92224954,5.40308292,-6.67439655,"Mass",0.401000,79.0510,1.407000,6160.00,"Transit Timing Variations"
"K2-185","K2-185 c",2,52.71349400000,,2.39000000,0.09000000,-0.09000000,6.30000000,,,"M-R relationship",2.540000,,0.960000,5788.00,"Transit"
"Kepler-1114","Kepler-1114 b",1,14.97435694000,0.1105600000,1.35000000,0.08000000,-0.07000000,2.39000000,,,"M-R relationship",5.340000,39.3210,0.870000,5374.00,"Transit"
"Kepler-101","Kepler-101 b",2,3.48768120000,0.0474000000,5.77000000,0.85000000,-0.79000000,51.10000000,5.10000000,-4.70000000,"Mass",1.450000,1240.3320,1.170000,5667.00,"Transit"
"Kepler-1346","Kepler-1346 b",1,3.40165668000,0.0440000000,1.58000000,0.56000000,-0.21000000,3.12000000,,,"M-R relationship",4.350000,545.5750,1.140000,6133.00,"Transit"
"HD 93963 A","HD 93963 A b",2,1.03761090000,0.0206100000,1.46954368,0.07347231,-0.06596084,2.80000000,2.30000000,-2.30000000,"Mass",4.810000,2898.0000,1.084400,5908.00,"Transit"
"Kepler-290","Kepler-290 c",3,36.77031000000,0.2050000000,2.70000000,1.39000000,-1.39000000,7.75000000,,,"M-R relationship",2.160000,6.5960,0.756000,5147.00,"Transit"
"HD 18438","HD 18438 b",1,803.00000000000,2.1000000000,12.10000000,,,6674.39654700,317.82840700,-317.82840700,"Msini",20.700000,210.6576,1.840000,3860.00,"Radial Velocity"
"Kepler-250","Kepler-250 c",3,7.15680400000,0.0690000000,2.28000000,1.31000000,-1.31000000,5.82000000,,,"M-R relationship",2.700000,71.4990,0.806000,5160.00,"Transit"
"K2-285","K2-285 c",4,7.13804800000,0.0824000000,3.53000000,0.08000000,-0.08000000,15.68000000,2.28000000,-2.13000000,"Mass",1.950000,50.3500,0.830000,4975.00,"Transit"
"Kepler-42","Kepler-42 d",3,1.86516900000,0.0154000000,0.57000000,0.18000000,-0.18000000,0.35778500,,,"Mass",0.550000,12.5380,0.130000,3068.00,"Transit"
"Kepler-1917","Kepler-1917 b",1,12.90240002000,0.1030000000,1.88971288,,,4.23000000,,,"M-R relationship",3.440000,48.9900,0.882000,5530.00,"Transit"
"Kepler-126","Kepler-126 b",3,10.49571100000,0.0990000000,1.52000000,0.10000000,-0.10000000,4.11726105,7.11859562,-7.11859562,"Msini",5.762535,298.0880,1.108000,6239.00,"Transit"
"K2-375","K2-375 b",1,14.45389500000,,2.24300000,0.18600000,-0.17400000,5.66000000,,,"M-R relationship",2.760000,,1.119000,5822.00,"Transit"
"Kepler-309","Kepler-309 c",2,105.35638300000,0.4010000000,2.51000000,0.18000000,-0.18000000,6.85000000,,,"M-R relationship",2.380000,2.1420,0.816000,4713.00,"Transit"
"K2-280","K2-280 b",1,19.89526000000,0.1461000000,7.50000000,0.44000000,-0.44000000,37.10000000,5.60000000,-5.60000000,"Mass",0.480000,69.5000,1.030000,5500.00,"Transit"
"SPECULOOS-3","SPECULOOS-3 b",1,0.71912603000,0.0073300000,0.97700000,0.02200000,-0.02200000,0.89400000,,,"M-R relationship",5.270000,15.5400,0.100900,2800.00,"Transit"
"TOI-5181 A","TOI-5181 A b",1,3.89222950000,0.0522000000,13.34989601,0.44835923,-0.42594127,330.54154328,54.03082919,-54.03082919,"Mass",0.760000,1053.0000,1.250000,6060.00,"Transit"
"Kepler-615","Kepler-615 b",1,10.35584657000,0.0850000000,1.74000000,0.09000000,-0.10000000,3.68000000,,,"M-R relationship",3.840000,19.1800,0.730000,4655.00,"Transit"
"CoRoT-31","CoRoT-31 b",1,4.62941000000,0.0586000000,16.36514000,3.36270000,-3.36270000,266.97720000,108.06220000,-108.06220000,"Mass",0.330000,727.7611,1.250000,5700.00,"Transit"
"K2-43","K2-43 c",2,2.19888400000,,2.42000000,0.26000000,-0.11000000,6.44000000,,,"M-R relationship",2.500000,,0.571000,3840.60,"Transit"
"TOI-2107","TOI-2107 b",1,2.45454670000,0.0351500000,13.57407563,0.39231432,-0.35868738,263.79757781,34.96112477,-34.96112477,"Mass",0.577000,508.4680,0.961000,5627.00,"Transit"
"K2-157","K2-157 c",3,25.94200000000,0.1650000000,6.08000000,,,30.80000000,1.90000000,-1.90000000,"Msini",0.753000,22.6500,0.890000,5334.00,"Radial Velocity"
"Kepler-1005","Kepler-1005 b",1,6.49801525000,0.0671700000,1.50000000,0.21000000,-0.15000000,2.86000000,,,"M-R relationship",4.660000,301.3290,1.000000,5782.00,"Transit"
"Kepler-600","Kepler-600 b",1,23.67517607000,0.1536000000,2.90000000,0.21000000,-0.39000000,8.75000000,,,"M-R relationship",1.970000,20.1820,0.840000,5279.00,"Transit"
"TOI-1064","TOI-1064 c",2,12.22657400000,0.0942900000,2.65100000,0.04300000,-0.04200000,2.50000000,1.80000000,-2.00000000,"Mass",0.771906,26.8000,0.748000,4734.00,"Transit"
"WASP-163","WASP-163 b",1,1.60968840000,0.0266000000,13.47321800,1.08727300,-1.08727300,594.34210000,66.74430000,-66.74430000,"Mass",1.420000,1200.0000,0.970000,5500.00,"Transit"
"Kepler-4","Kepler-4 b",1,3.21346000000,0.0456000000,4.00200000,0.21300000,-0.21300000,24.47200000,3.81400000,-3.81400000,"Mass",1.910000,1245.4310,1.223000,5857.00,"Transit"
"TOI-913","TOI-913 b",1,11.09864400000,,2.45280000,0.12690000,-0.10090000,6.59000000,,,"M-R relationship",2.450000,35.2422,0.820000,4969.00,"Transit"
"K2-245","K2-245 b",1,11.89307000000,0.0959000000,4.34000000,0.19000000,-0.14000000,17.40000000,,,"M-R relationship",1.170000,83.0000,0.830000,5793.00,"Transit"
"Kepler-1979","Kepler-1979 b",1,18.50845260000,0.1383000000,29.33000000,8.82000000,-2.94000000,,,,"Msini",,51.3200,1.028000,5942.00,"Transit"
"HIP 90988","HIP 90988 b",1,455.73816000000,1.3600000000,13.40000000,,,668.07531151,25.10844415,-27.01541459,"Msini",1.530000,4.1955,1.613000,4883.00,"Radial Velocity"
"K2-27","K2-27 b",1,6.77134700000,0.0670200000,4.74000000,0.13000000,-0.06000000,30.20000000,3.50000000,-3.60000000,"Mass",1.710000,116.0000,0.880000,5246.00,"Transit"
"Kepler-737","Kepler-737 b",1,28.59915399000,0.1422000000,1.96000000,0.11000000,-0.11000000,4.50000000,,,"M-R relationship",3.280000,2.2970,0.510000,3813.00,"Transit"
"HD 95338","HD 95338 b",1,55.08269400000,0.2620000000,4.27174254,0.03923143,-0.03923143,42.90000000,2.20000000,-2.10000000,"Mass",3.980000,7.4200,0.848000,5097.00,"Radial Velocity"
"TOI-5799","TOI-5799 b",2,4.16450700000,0.0348000000,1.73300000,0.09600000,-0.09000000,3.65000000,,,"M-R relationship",3.850000,11.9100,0.325000,3452.00,"Transit"
"Kepler-102","Kepler-102 e",5,16.14569940000,0.1162000000,2.17000000,0.11000000,-0.11000000,4.70000000,1.80000000,-1.80000000,"Mass",2.500000,20.3000,0.803000,4909.00,"Transit"
"K2-243","K2-243 c",2,24.94598000000,0.1817000000,2.01000000,0.15000000,-0.13000000,4.70000000,,,"M-R relationship",3.180000,80.9171,1.290000,6570.00,"Transit"
"Kepler-1315","Kepler-1315 b",2,0.84338011000,0.0161700000,1.38000000,0.08000000,-0.06000000,2.48000000,,,"M-R relationship",5.190000,897.9000,0.800000,4861.00,"Transit"
"K2-219","K2-219 b",3,3.90128700000,,1.34762583,0.20196772,-0.18106070,2.38000000,,,"M-R relationship",5.340000,,1.021545,5753.00,"Transit"
"WASP-42","WASP-42 b",1,4.98168190000,0.0561000000,12.57649800,0.43715100,-0.43715100,167.49641000,8.89924000,-8.89924000,"Mass",0.464000,137.1180,0.951000,5315.00,"Transit"
"TOI-1798","TOI-1798.02",2,0.43781182200,0.0107890000,1.46400000,0.18500000,-0.11300000,5.60000000,0.80000000,-0.70000000,"Mass",11.170000,3345.4400,0.870000,5165.00,"Transit"
"TOI-712","TOI-712 d",3,84.83960000000,0.3405000000,2.47400000,0.09000000,-0.08200000,6.68000000,,,"M-R relationship",2.420000,1.6000,0.732000,4622.00,"Transit"
"K2-215","K2-215 b",1,8.26964800000,,2.12381238,0.25911151,-0.15791736,5.16000000,,,"M-R relationship",2.960000,,0.999987,5704.00,"Transit"
"Kepler-1126","Kepler-1126 c",2,199.66876000000,0.6193000000,1.45000000,0.18000000,-0.18000000,2.70000000,,,"M-R relationship",4.870000,2.0600,0.794000,5678.00,"Transit"
"K2-12","K2-12 b",1,8.28246000000,0.0792000000,2.44000000,0.30000000,-0.14000000,5.20000000,,,"Mass",1.600000,185.0000,0.965000,5672.00,"Transit"
"Kepler-1601","Kepler-1601 b",1,2.20921951000,0.0328100000,0.82000000,0.24000000,-0.11000000,0.47700000,,,"M-R relationship",4.750000,999.7520,1.040000,5869.00,"Transit"
"Kepler-514","Kepler-514 b",1,5.65179605000,0.0655900000,1.72000000,0.28000000,-0.19000000,3.61000000,,,"M-R relationship",3.900000,506.4120,1.280000,6106.00,"Transit"
"HD 127506","HD 127506 b",1,65.78395000000,0.2870000000,5.67000000,,,27.33324300,5.08525451,-7.94571018,"Msini",0.824000,2.6404,0.730000,4595.32,"Radial Velocity"
"TOI-4156","TOI-4156 b",2,4.46189034133,,2.53823825,0.27851908,-0.22332531,6.98000000,,,"M-R relationship",2.350000,459.4950,1.100000,5971.64,"Transit"
"TOI-2207","TOI-2207 b",1,8.00196800000,0.0854000000,11.15293580,0.31385146,-0.30264248,203.41018048,31.78284070,-38.13940884,"Mass",0.800000,406.0000,1.296000,6101.00,"Transit"
"TOI-2382","TOI-2382 b",1,4.66120610000,0.0590000000,12.25141591,0.85188253,-0.57165802,235.19302118,79.45710175,-79.45710175,"Mass",0.680000,689.0000,1.260000,6033.00,"Transit"
"KELT-14","KELT-14 b",1,1.71005660000,0.0300500000,19.53728700,0.52682300,-0.52682300,408.09372000,10.17056000,-10.17056000,"Mass",0.322000,826.1130,1.239000,5720.00,"Transit"
"Kepler-599","Kepler-599 b",1,15.65562652000,0.1128000000,2.84000000,0.15000000,-0.32000000,8.45000000,,,"M-R relationship",2.030000,24.4670,0.830000,5127.00,"Transit"
"HD 206610","HD 206610 b",1,673.20000000000,1.7400000000,13.40000000,,,647.10188000,20.65895000,-20.65895000,"Msini",1.480000,6.2426,1.550000,4842.00,"Radial Velocity"
"TOI-1386","TOI-1386 b",2,25.84010000000,0.1730000000,6.21638650,0.20643815,-0.16956970,45.80000000,5.80000000,-5.70000000,"Mass",1.040000,34.6800,1.036300,5735.00,"Transit"
"Kepler-1139","Kepler-1139 b",1,0.81316671900,0.0166400000,1.19000000,0.17000000,-0.08000000,1.81000000,,,"M-R relationship",5.900000,1717.2760,0.940000,5550.00,"Transit"
"Kepler-1181","Kepler-1181 b",2,4.89337519000,0.0621000000,1.57000000,0.65000000,-0.26000000,3.09000000,,,"M-R relationship",4.390000,831.1430,1.170000,6176.00,"Transit"
"Kepler-1877","Kepler-1877 b",1,2.37756991400,0.0347200000,0.62408600,,,0.17900000,,,"M-R relationship",4.050000,691.1000,1.022000,5615.00,"Transit"
"55 Cnc","55 Cnc e",7,0.73654740000,0.0154400000,1.87500000,0.02900000,-0.02900000,7.99000000,0.32000000,-0.33000000,"Mass",6.660000,2657.8322,0.905000,5172.00,"Radial Velocity"
"WASP-25","WASP-25 b",1,3.76483370000,0.0473000000,13.80946422,0.15692573,-0.19055267,179.25522155,8.26353858,-7.94571018,"Mass",0.399185,341.0000,0.962000,5697.00,"Transit"
"HD 105779","HD 105779 b",1,2412.00000000000,3.3800000000,14.10000000,,,203.41018048,19.06970442,-19.06970442,"Msini",0.399000,0.0683,0.890000,5792.00,"Radial Velocity"
"TOI-2411","TOI-2411 b",1,0.78269420000,0.0144000000,1.68000000,0.11000000,-0.11000000,3.46000000,,,"M-R relationship",4.010000,1051.1379,0.650000,4099.00,"Transit"
"omi CrB","omi CrB b",1,187.01000000000,0.6990000000,13.70000000,,,355.96781584,18.11621920,-22.56581690,"Msini",0.761000,135.8368,1.300000,4769.00,"Radial Velocity"
"Kepler-246","Kepler-246 b",2,4.60182000000,0.0520000000,2.34000000,1.20000000,-1.20000000,6.08000000,,,"M-R relationship",2.610000,141.6130,0.853000,5206.00,"Transit"
"HIP 94235","HIP 94235 b",1,7.71305700000,0.0787000000,3.00000000,0.32000000,-0.28000000,379.00000000,,,"Mass",,219.2841,1.094000,5991.00,"Transit"
"Kepler-1508","Kepler-1508 b",1,20.70565040000,0.1629000000,1.33000000,0.53000000,-0.26000000,2.33000000,,,"M-R relationship",5.440000,116.1450,1.140000,6158.00,"Transit"
"Kepler-134","Kepler-134 b",2,5.31742900000,0.0600000000,2.00000000,0.39000000,-0.39000000,4.66000000,,,"M-R relationship",3.200000,301.3670,0.956000,5983.00,"Transit"
"HD 20794","HD 20794 e",4,147.02000000000,0.5090000000,2.03000000,,,4.77000000,0.96000000,-0.86000000,"Msini",3.130000,2.6513,0.813000,5401.00,"Radial Velocity"
"Kepler-437","Kepler-437 b",1,66.65062000000,0.2880000000,2.14000000,0.22000000,-0.17000000,5.22000000,,,"M-R relationship",2.930000,2.1500,0.707000,4551.00,"Transit"
"Kepler-1199","Kepler-1199 b",1,15.04471980000,0.1130900000,1.15000000,0.21000000,-0.16000000,1.60000000,,,"M-R relationship",5.780000,131.7000,0.940000,5889.00,"Transit"
"Kepler-1693","Kepler-1693 b",2,12.09990000000,0.1011000000,1.28938413,,,2.21000000,,,"M-R relationship",5.670000,100.3700,0.950000,5432.34,"Transit"
"HD 65216","HD 65216 c",2,5370.00000000000,5.7500000000,13.40000000,,,645.19490000,34.96130000,-34.96130000,"Msini",1.470000,0.0214,0.874000,5612.00,"Radial Velocity"
"Kepler-137","Kepler-137 c",2,18.73575300000,0.1300000000,1.88000000,0.14000000,-0.14000000,4.19000000,,,"M-R relationship",3.470000,29.7750,0.850000,5187.00,"Transit"
"Kepler-373","Kepler-373 c",2,16.72594800000,0.1260000000,1.24000000,0.62000000,-0.62000000,2.07000000,,,"M-R relationship",5.970000,103.7560,0.981000,5787.00,"Transit"
"TOI-4405","TOI-4405 b",1,5.92143995316,,2.55505441,0.27294816,-0.21353108,7.06000000,,,"M-R relationship",2.330000,48.1559,0.680000,4467.38,"Transit"
"Kepler-103","Kepler-103 c",2,179.60978000000,0.6679000000,5.45390000,0.17700000,-0.17460000,58.47000000,11.17000000,-11.43000000,"Mass",1.980000,5.9700,1.212000,6047.00,"Transit"
"Kepler-1892","Kepler-1892 b",1,6.33123016400,0.0633000000,1.83707938,,,4.03000000,,,"M-R relationship",3.570000,108.0400,0.851000,5383.00,"Transit"
"HD 21693","HD 21693 c",2,53.73570000000,0.2586000000,4.34000000,,,17.37000000,1.77000000,-1.79000000,"Msini",1.170000,9.2712,0.800000,5430.00,"Radial Velocity"
"Kepler-1693","Kepler-1693 c",2,5.36370992700,0.0588000000,0.97698289,,,0.89400000,,,"M-R relationship",5.270000,296.7300,0.941000,5553.00,"Transit"
"Kepler-1387","Kepler-1387 b",1,2.27952665600,0.0310000000,0.93000000,0.05000000,-0.09000000,0.74900000,,,"M-R relationship",5.120000,300.3120,0.820000,5046.00,"Transit"
"Kepler-1263","Kepler-1263 b",1,4.55139967000,0.0499000000,1.14000000,0.28000000,-0.12000000,1.55000000,,,"M-R relationship",5.750000,144.8130,0.840000,5213.00,"Transit"
"TOI-4562","TOI-4562 b",2,225.10640000000,0.7680000000,12.53000000,0.15000000,-0.15000000,732.00000000,152.00000000,-149.00000000,"Mass",2.060000,3.2011,1.192000,6096.00,"Transit"
"Kepler-1098","Kepler-1098 b",1,2.54307285500,0.0358000000,1.30000000,0.24000000,-0.14000000,2.24000000,,,"M-R relationship",5.600000,995.6700,0.990000,5794.00,"Transit"
"TOI-1279","TOI-1279 b",1,9.61419000000,0.0850000000,2.66146528,0.13795921,-0.10646515,10.60000000,2.50000000,-2.50000000,"Mass",3.050000,74.7359,0.878400,5457.00,"Transit"
"HATS-30","HATS-30 b",1,3.17435160000,0.0435400000,13.17057500,0.58286800,-0.58286800,224.38798000,12.39537000,-12.39537000,"Mass",0.543000,718.9097,1.093000,5943.00,"Transit"
"Kepler-1161","Kepler-1161 b",1,10.71252541000,0.0784000000,2.13000000,0.50000000,-0.13000000,5.18000000,,,"M-R relationship",2.950000,26.2290,0.590000,4253.00,"Transit"
"WASP-105","WASP-105 b",1,7.87288000000,0.0750000000,10.76064000,0.33627000,-0.33627000,572.09400000,31.78300000,-31.78300000,"Mass",2.650000,166.5368,0.890000,5070.00,"Transit"
"HD 66141","HD 66141 b",1,480.50000000000,1.2000000000,12.80000000,,,1906.90000000,95.30000000,-95.30000000,"Msini",5.000000,120.6806,1.100000,4323.00,"Radial Velocity"
"Kepler-1593","Kepler-1593 b",1,174.50983500000,0.5549400000,3.17000000,0.30000000,-0.28000000,10.20000000,,,"M-R relationship",1.760000,0.8890,0.810000,4995.00,"Transit"
"Kepler-980","Kepler-980 b",1,11.55102504000,0.0999300000,2.67000000,0.23000000,-0.45000000,7.61000000,,,"M-R relationship",2.200000,170.1370,1.050000,5935.00,"Transit"
"TOI-521","TOI-521 b",1,1.54285047000,0.0195000000,1.98000000,0.14000000,-0.14000000,5.30000000,1.00000000,-1.00000000,"Mass",3.800000,66.0000,0.420000,3544.00,"Transit"
"HD 99706","HD 99706 c",2,1278.00000000000,,12.80000000,,,1808.45270000,454.49690000,-305.11680000,"Msini",4.740000,,1.720000,4891.00,"Radial Velocity"
"TOI-620","TOI-620 b",1,5.09881790000,0.0482500000,3.76000000,0.15000000,-0.15000000,13.60000000,,,"M-R relationship",1.410000,20.8000,0.577000,3708.00,"Transit"
"HD 20794","HD 20794 f",4,647.60000000000,1.3541000000,2.28000000,,,5.82000000,0.57000000,-0.57000000,"Msini",2.700000,0.3746,0.790000,5368.00,"Radial Velocity"
"Kepler-1570","Kepler-1570 b",1,26.54895500000,0.1669900000,1.07000000,0.19000000,-0.10000000,1.24000000,,,"M-R relationship",5.560000,76.4570,0.920000,5550.00,"Transit"
"Kepler-252","Kepler-252 c",2,10.84846300000,0.0800000000,2.15000000,0.13000000,-0.13000000,5.27000000,,,"M-R relationship",2.910000,20.5070,0.610000,4208.00,"Transit"
"Kepler-1016","Kepler-1016 c",2,105.65513690000,0.4351900000,3.68000000,0.65000000,-0.37000000,13.10000000,,,"M-R relationship",1.440000,7.0710,0.990000,5821.00,"Transit"
"TOI-3785","TOI-3785 b",1,4.67473730000,0.0430000000,5.14000000,0.16000000,-0.16000000,14.95000000,4.10000000,-3.92000000,"Mass",0.610000,19.1000,0.520000,3576.00,"Transit"
"BD-11 4672","BD-11 4672 c",2,74.20000000000,0.3000000000,4.04000000,,,15.37000000,2.97000000,-2.81000000,"Msini",1.280000,1.7444,0.651000,4550.00,"Radial Velocity"
"HD 110014","HD 110014 b",1,835.47700000000,2.1400000000,12.40000000,,,3524.59000000,317.82000000,-317.82000000,"Msini",10.200000,43.9799,2.170000,4445.00,"Radial Velocity"
"Kepler-236","Kepler-236 b",2,8.29561100000,0.0650000000,1.57000000,0.12000000,-0.12000000,3.09000000,,,"M-R relationship",4.390000,15.6320,0.596005,3750.00,"Transit"
"Kepler-1656","Kepler-1656 c",2,1919.00000000000,3.0530000000,14.00000000,,,126.40000000,28.90000000,-28.90000000,"Mass",0.253000,0.1126,1.030000,5569.00,"Radial Velocity"
"Kepler-1641","Kepler-1641 c",2,32.65721200000,0.2065000000,2.95000000,0.98000000,-0.49000000,9.01000000,,,"M-R relationship",1.930000,42.1450,1.120000,6152.00,"Transit"
"HD 89744","HD 89744 b",1,256.78000000000,0.9170000000,12.60000000,,,2653.88050000,57.20940000,-57.20940000,"Msini",7.290000,7.4311,1.860000,6291.00,"Radial Velocity"
"K2-161","K2-161 b",1,9.28318800000,,6.11721229,1.63323815,-0.78261667,31.10000000,,,"M-R relationship",0.747000,,0.986876,4972.00,"Transit"
"HD 169830","HD 169830 c",2,1818.82339000000,3.0750000000,12.60000000,,,2437.42605328,615.63362436,-875.61726129,"Mass",6.700000,0.4856,1.170000,6300.00,"Radial Velocity"
"Kepler-1453","Kepler-1453 b",1,47.16116960000,0.2620000000,2.67000000,0.44000000,-0.21000000,7.61000000,,,"M-R relationship",2.200000,11.8890,0.970000,5665.00,"Transit"
"Kepler-1929","Kepler-1929 b",1,59.36249924000,0.3088300000,3.07250761,,,9.65000000,,,"M-R relationship",1.830000,37.2000,1.006000,5786.00,"Transit"
"HD 118203","HD 118203 c",2,5103.00000000000,6.2800000000,12.40000000,,,3747.19691853,219.30160083,-200.23189641,"Mass",10.800000,0.1122,1.270000,5742.00,"Radial Velocity"
"KOI-142","Kepler-88 d",3,1403.00000000000,2.4663298660,13.10000000,,,965.14699656,44.00670243,-44.00670243,"Msin(i)/sin(i)",2.360000,0.1124,0.990000,5466.00,"Radial Velocity"
"TOI-3877","TOI-3877 b",1,4.12359600000,0.0529000000,11.67975789,0.49319515,-0.48198617,99.79811980,21.93016008,-21.29450327,"Mass",0.342000,729.0000,1.160000,5731.00,"Transit"
"Kepler-597","Kepler-597 b",1,13.02365861000,0.1091600000,2.37000000,0.33000000,-0.13000000,6.21000000,,,"M-R relationship",2.560000,76.3750,0.970000,5683.00,"Transit"
"Kepler-120","Kepler-120 c",2,12.79458500000,0.0880000000,1.53000000,0.09000000,-0.09000000,2.96000000,,,"M-R relationship",4.540000,16.6250,0.654000,4096.00,"Transit"
"Kepler-317","Kepler-317 c",2,8.77501000000,0.0830000000,1.72000000,0.79000000,-0.79000000,3.61000000,,,"M-R relationship",3.900000,81.7610,0.865000,5497.00,"Transit"
"Kepler-1330","Kepler-1330 b",1,10.10769068000,0.0889000000,1.65000000,0.40000000,-0.13000000,3.36000000,,,"M-R relationship",4.110000,322.3990,0.970000,5608.00,"Transit"
"Kepler-497","Kepler-497 b",1,3.57320367100,0.0457000000,6.04000000,1.58000000,-0.66000000,30.40000000,,,"M-R relationship",0.758000,1129.2720,1.090000,5834.00,"Transit"
"TOI-1439","TOI-1439 b",1,27.64400000000,0.1920000000,4.24278610,0.23014642,-0.16769357,38.50000000,5.70000000,-5.60000000,"Mass",2.760000,68.4355,1.231300,5841.00,"Transit"
"V0391 Peg","V0391 Peg b",1,1170.00000000000,1.7000000000,13.10000000,,,1017.05600000,222.48100000,-222.48100000,"Msini",2.490000,9.3750,0.500000,29300.00,"Pulsation Timing Variations"
"TOI-2449","TOI-2449 b",1,106.14468000000,0.4500000000,11.24000000,0.10000000,-0.10000000,222.00000000,13.00000000,-13.00000000,"Mass",0.859000,362.6420,1.079000,6021.00,"Transit"
"Kepler-501","Kepler-501 c",2,3.62276005700,0.0467000000,1.68119739,,,3.47000000,,,"M-R relationship",4.010000,683.8400,1.032000,5794.00,"Transit"
"Kepler-728","Kepler-728 b",1,5.74347726500,0.0625000000,3.34000000,0.45000000,-0.26000000,11.10000000,,,"M-R relationship",1.640000,484.5100,0.950000,5660.00,"Transit"
"Kepler-204","Kepler-204 c",2,25.66059300000,0.1730000000,1.79000000,0.39000000,-0.39000000,3.86000000,,,"M-R relationship",3.700000,36.8860,1.038000,5812.00,"Transit"
"TOI-1782","TOI-1782.01",2,4.98764102800,0.0502400000,2.36800000,0.30700000,-0.24400000,6.20000000,,,"M-R relationship",2.570000,56.2500,0.680000,4336.00,"Transit"
"Kepler-553","Kepler-553 b",2,4.03046700000,0.0476600000,4.74139884,0.17934369,-0.12329879,116.00736855,,,"Mass",,235.0000,0.889000,5191.00,"Transit"
"Kepler-282","Kepler-282 b",4,9.22052400000,0.0820000000,1.01000000,0.25000000,-0.25000000,1.01000000,,,"M-R relationship",5.390000,195.9350,0.860000,5602.00,"Transit"
"Kepler-1468","Kepler-1468 b",3,8.23984869000,0.0817000000,1.73000000,0.41000000,-0.19000000,3.64000000,,,"M-R relationship",3.860000,481.3520,1.040000,5893.00,"Transit"
"Kepler-42","Kepler-42 b",3,1.21376720000,0.0116000000,0.78000000,0.22000000,-0.22000000,0.70594400,,,"Mass",0.150000,22.3880,0.130000,3068.00,"Transit"
"Kepler-1322","Kepler-1322 b",2,0.96286738200,0.0183000000,1.61000000,0.20000000,-0.13000000,3.22000000,,,"M-R relationship",4.240000,2651.4240,0.900000,5488.00,"Transit"
"Wendelstein-2","Wendelstein-2 b",1,1.75222390000,0.0234000000,12.99347280,0.22866360,-0.23538900,232.33373000,171.94603000,-98.84513000,"Mass",0.620000,282.3101,0.730000,4591.00,"Transit"
"HD 142","HD 142 A d",3,108.45299000000,0.4740000000,10.90000000,,,82.63538582,10.17050902,-11.44182265,"Msini",0.351000,13.2625,1.210000,6245.00,"Radial Velocity"
"KOI-2513","KOI-2513.01",1,19.00547000000,0.5000000000,2.80224517,22.41796140,-0.56044903,7310.05336100,635.65681400,-635.65681400,"Mass",2000.000000,78.1900,0.910000,5900.00,"Transit"
"GJ 3779","GJ 3779 b",1,3.02320000000,0.0260000000,2.75000000,,,8.00000000,0.50000000,-0.50000000,"Msini",2.110000,12.8254,0.270000,3324.00,"Radial Velocity"
"GJ 581","GJ 581 c",3,12.92110000000,0.0718000000,2.50000000,,,6.81000000,0.21000000,-1.16000000,"Mass",2.390000,2.3985,0.295000,3500.00,"Radial Velocity"
"TOI-1203","TOI-1203 b",4,4.15728880000,0.0486900000,1.52000000,0.04500000,-0.04600000,3.51000000,0.33000000,-0.32000000,"Mass",5.480000,572.2000,0.886000,5737.00,"Radial Velocity"
"K2-13","K2-13 b",1,39.91488000000,0.2114000000,1.89000000,0.95000000,-0.95000000,4.23000000,,,"M-R relationship",3.440000,22.8000,0.800000,5698.00,"Transit"
"Kepler-359","Kepler-359 c",3,57.68802000000,0.3070000000,4.30000000,2.00000000,-2.00000000,2.90000000,2.40000000,-1.90000000,"Mass",0.100000,8.1000,0.827000,6248.00,"Transit"
"Kepler-1818","Kepler-1818 b",1,4.64490985900,0.0550000000,1.71360684,,,3.58000000,,,"M-R relationship",3.910000,504.2300,1.021000,6047.00,"Transit"
"Kepler-1724","Kepler-1724 b",1,6.45442009000,0.0683000000,2.83677238,,,8.43000000,,,"M-R relationship",2.030000,234.9800,1.016000,6092.00,"Transit"
"TOI-220","TOI-220 b",1,10.69526400000,0.0891100000,3.03000000,0.15000000,-0.15000000,13.80000000,1.00000000,-1.00000000,"Mass",2.730000,137.7252,0.825000,5298.00,"Transit"
"iot Dra","iot Dra c",2,25000.00000000000,19.4000000000,12.20000000,,,4958.12314920,4449.59769800,-1620.92487570,"Msini",15.000000,0.1402,1.540000,4504.00,"Radial Velocity"
"rho CrB","rho CrB c",3,102.03600000000,0.4206000000,5.68000000,,,27.44200000,0.70900000,-0.70900000,"Msini",0.823000,9.8500,1.000000,5817.00,"Radial Velocity"
"Kepler-543","Kepler-543 b",1,13.89961966000,0.1023000000,2.50000000,0.12000000,-0.26000000,6.80000000,,,"M-R relationship",2.390000,23.0810,0.700000,4671.00,"Transit"
"Gaia-5","Gaia-5 b",1,358.62000000000,,12.10000000,,,6633.07885409,168.44905571,-165.27077164,"Mass",20.600000,,0.339000,3447.00,"Astrometry"
"WASP-117","WASP-117 b",1,10.02165000000,0.0945900000,11.88154000,0.78463000,-0.78463000,95.34900000,15.89150000,-15.89150000,"Mass",0.344500,706.3929,1.290000,6040.00,"Transit"
"Kepler-1180","Kepler-1180 b",1,16.86012860000,0.1246000000,1.99000000,0.55000000,-0.27000000,4.62000000,,,"M-R relationship",3.220000,175.8550,1.090000,6077.00,"Transit"
"Kepler-770","Kepler-770 b",3,18.92540274000,0.1694000000,2.30000000,0.32000000,-0.17000000,5.90000000,,,"M-R relationship",2.660000,27.7360,0.940000,5598.00,"Transit"
"Kepler-258","Kepler-258 b",2,13.19722000000,0.1030000000,4.06000000,2.71000000,-2.71000000,15.50000000,,,"M-R relationship",1.270000,27.7910,0.820000,4942.00,"Transit"
"HD 207832","HD 207832 c",2,1155.70000000000,2.1120000000,14.00000000,,,232.01590000,57.20940000,-15.89150000,"Msini",0.465000,0.1732,0.940000,5710.00,"Radial Velocity"
"Kepler-1809","Kepler-1809 b",1,3.75729990000,0.0444400000,1.51300000,,,2.90000000,,,"M-R relationship",4.600000,158.2000,0.807000,4901.00,"Transit"
"K2-249","K2-249 b",1,12.40900000000,0.1151000000,2.79000000,0.27000000,-0.22000000,8.20000000,,,"M-R relationship",2.070000,163.7274,1.320000,6504.00,"Transit"
"Kepler-612","Kepler-612 b",1,3.72215641300,0.0452000000,2.84000000,0.66000000,-0.27000000,8.45000000,,,"M-R relationship",2.030000,997.0890,0.980000,5693.00,"Transit"
"WASP-74","WASP-74 b",1,2.13775000000,0.0344300000,15.24424000,1.12090000,-1.12090000,228.83760000,38.13960000,-38.13960000,"Mass",0.369700,531.1590,0.980000,5990.00,"Transit"
"Kepler-142","Kepler-142 d",3,41.80911800000,0.2420000000,2.16000000,0.47000000,-0.47000000,5.31000000,,,"M-R relationship",2.900000,22.0720,0.978000,5790.00,"Transit"
"HD 188641","HD 188641 b",1,14583.81038000000,12.0270000000,11.90000000,,,9333.03117155,1901.88518749,-1179.77904678,"Mass",30.400000,0.0285,1.070000,5897.32,"Radial Velocity"
"Kepler-1640","Kepler-1640 b",1,7.58441260000,0.0836000000,4.82000000,2.48000000,-0.80000000,20.70000000,,,"M-R relationship",1.020000,537.4000,1.270000,6324.00,"Transit"
"K2-80","K2-80 d",3,28.86725300000,,2.55211506,0.27629060,-0.13953552,7.04000000,,,"M-R relationship",2.330000,,0.913111,5377.00,"Transit"
"TOI-799","TOI-799 b",1,5.54519139676,,2.06631784,0.30545179,-0.22030926,4.92000000,,,"M-R relationship",3.060000,199.6326,1.000000,5662.81,"Transit"
"WASP-153","WASP-153 b",1,3.33260900000,0.0480000000,17.37395000,1.12090000,-0.89672000,123.95370000,6.35660000,-6.35660000,"Mass",0.150000,1400.0000,1.336000,5914.00,"Transit"
"Kepler-1376","Kepler-1376 b",1,5.30880656000,0.0598000000,1.05000000,0.21000000,-0.09000000,1.16000000,,,"M-R relationship",5.510000,278.9020,0.980000,5659.00,"Transit"
"Kepler-1837","Kepler-1837 b",1,5.90608978300,0.0650000000,2.06673842,,,4.92000000,,,"M-R relationship",3.060000,247.8300,1.049000,5966.00,"Transit"
"Kepler-1426","Kepler-1426 b",1,14.25632270000,0.1187000000,1.56000000,0.33000000,-0.17000000,3.05000000,,,"M-R relationship",4.410000,95.2200,1.020000,5831.00,"Transit"
"TOI-3288","TOI-3288 b",1,1.43386470000,0.0228500000,12.24020692,0.36989636,-0.36989636,536.17652261,36.23243840,-34.64329636,"Mass",1.600000,213.8000,0.643000,4072.00,"Transit"
"TIC 356227008","TIC 356227008 b",1,2.96147448702,,2.39024009,0.34361461,-0.27903346,6.30000000,,,"M-R relationship",2.540000,,1.020000,5731.86,"Transit"
"Kepler-1716","Kepler-1716 b",1,35.58100128000,0.1883600000,2.42476850,,,6.46000000,,,"M-R relationship",2.490000,6.3000,0.753000,4894.00,"Transit"
"Kepler-117","Kepler-117 c",2,50.79039100000,0.2804000000,12.34100000,0.39200000,-0.39200000,584.78000000,57.21000000,-57.21000000,"Mass",1.740000,41.8630,1.129000,6150.00,"Transit"
"Kepler-1906","Kepler-1906 b",1,7.36268997200,0.0738000000,2.77615754,,,8.13000000,,,"M-R relationship",2.090000,155.7200,0.987000,5868.00,"Transit"
"Kepler-1141","Kepler-1141 b",1,2.34451194400,0.0349600000,0.82000000,0.12000000,-0.08000000,0.47700000,,,"M-R relationship",4.750000,1146.9530,1.010000,5791.00,"Transit"
"TOI-1203","TOI-1203.01",4,25.50267200000,0.1632000000,2.91800000,0.04600000,-0.04500000,7.39000000,0.62000000,-0.62000000,"Mass",1.630000,51.0000,0.886000,5737.00,"Transit"
"KOI-7892","KIC 8540376 b",3,31.80990000000,,4.10000000,2.20000000,-1.90000000,15.80000000,,,"M-R relationship",1.260000,,1.040000,6474.00,"Transit"
"TrES-2","TrES-2 b",1,2.47063000000,0.0356800000,15.24424000,0.89672000,-0.89672000,473.56670000,69.92260000,-69.92260000,"Mass",0.884000,903.8640,1.360000,5850.00,"Transit"
"TOI-1824","TOI-1824 b",1,22.80853300000,0.1510000000,2.74382690,0.08672208,-0.07211466,16.00000000,2.60000000,-2.60000000,"Mass",4.240000,14.6287,0.880100,5165.00,"Transit"
"TOI-942","TOI-942 b",2,4.32421000000,0.0486600000,3.89000000,0.25000000,-0.23000000,16.00000000,,,"Mass",,261.8580,0.822000,4969.00,"Transit"
"Kepler-770","Kepler-770 c",3,1.47532231400,0.0309000000,1.20000000,0.19000000,-0.10000000,1.87000000,,,"M-R relationship",5.950000,833.5880,0.940000,5598.00,"Transit"
"TIC 188624430","TIC 188624430 b",1,6.21860433132,,3.64811843,0.28823300,-0.26656820,12.90000000,,,"M-R relationship",1.460000,,0.929000,5369.46,"Transit"
"HD 206255","HD 206255 b",1,96.04500000000,0.4610000000,6.47000000,,,34.20000000,7.10000000,-7.10000000,"Msini",0.694000,21.0939,1.420000,5635.00,"Radial Velocity"
"Kepler-464","Kepler-464 b",1,7.25696522400,0.0793100000,3.30000000,0.16000000,-0.13000000,10.90000000,,,"M-R relationship",1.670000,495.0050,1.210000,5933.00,"Transit"
"HD 1461","HD 1461 c",2,13.50520000000,0.1117000000,2.23000000,,,5.59000000,0.73000000,-0.73000000,"Msini",2.770000,99.8365,1.020000,5765.00,"Radial Velocity"
"Kepler-380","Kepler-380 b",2,3.93082100000,0.0500000000,1.19000000,0.24000000,-0.24000000,1.81000000,,,"M-R relationship",5.900000,808.0930,0.990000,6045.00,"Transit"
"Kepler-201","Kepler-201 b",2,25.67208300000,0.1750000000,2.46000000,0.48000000,-0.48000000,6.62000000,,,"M-R relationship",2.440000,64.5490,1.098000,6065.00,"Transit"
"Kepler-423","Kepler-423 b",1,2.68432850000,0.0358500000,13.36100000,0.58300000,-0.58300000,189.10100000,25.74300000,-25.74300000,"Mass",0.459000,649.1480,0.850000,5560.00,"Transit"
"TOI-1728","TOI-1728 b",1,3.49151000000,0.0391000000,5.05000000,0.16000000,-0.17000000,26.78000000,5.43000000,-5.13000000,"Mass",1.140000,57.7800,0.646000,3980.00,"Transit"
"Kepler-1464","Kepler-1464 c",2,5.32786292000,0.0610100000,1.00000000,0.22000000,-0.11000000,0.97200000,,,"M-R relationship",5.340000,968.5550,1.020000,5828.00,"Transit"
"K2-17","K2-17 b",1,17.96753000000,0.1190000000,2.23000000,0.20000000,-0.20000000,5.60000000,,,"M-R relationship",2.770000,4.9100,0.710000,4320.00,"Transit"
"K2-222","K2-222 b",1,15.38892740000,0.1186000000,2.27500000,0.10000000,-0.10000000,7.50000000,1.50000000,-1.50000000,"Mass",3.721139,95.0000,0.940000,5942.00,"Transit"
"WASP-87","WASP-87 b",1,1.68279500000,0.0294600000,15.52446500,0.67254000,-0.67254000,692.86940000,47.67450000,-47.67450000,"Mass",1.020000,4170.0965,1.204000,6450.00,"Transit"
"TOI-3493","TOI-3493 b",1,8.15946670000,,3.22000000,0.08000000,-0.08000000,8.97000000,1.17000000,-1.20000000,"Mass",1.470000,245.0000,1.023000,5844.00,"Transit"
"GJ 433","GJ 433 d",3,36.05900000000,0.1780000000,2.14000000,,,5.22300000,0.92100000,-0.92100000,"Msini",2.930000,0.6312,0.480000,3461.00,"Radial Velocity"
"NGTS-31","NGTS-31 b",1,4.16273400000,0.0640000000,18.04645893,1.79343691,-1.79343691,355.96781584,38.13940884,-38.13940884,"Mass",0.300000,643.0000,0.960000,5710.00,"Transit"
"Kepler-1327","Kepler-1327 b",1,14.88801098000,0.1115100000,1.80000000,0.58000000,-0.20000000,3.89000000,,,"M-R relationship",3.670000,79.9000,1.020000,5885.00,"Transit"
"Kepler-1733","Kepler-1733 b",1,9.22957992600,0.0933000000,3.63582354,,,12.80000000,,,"M-R relationship",1.460000,257.1100,1.273000,6320.00,"Transit"
"EPIC 206032309","EPIC 206032309 b",1,2.87814000000,,1.01000000,0.24000000,-0.13000000,1.01000000,,,"M-R relationship",5.390000,,0.221000,3489.00,"Transit"
"HD 141399","HD 141399 c",4,201.99000000000,0.6890000000,13.60000000,,,422.71390000,25.42640000,-25.42640000,"Msini",0.923000,3.3493,1.070000,5600.00,"Radial Velocity"
"HD 145934","HD 145934 b",1,2751.53433000000,4.8900000000,13.40000000,,,658.54045930,519.33161704,-15.25576354,"Mass",1.500000,0.9461,2.058000,4823.75,"Radial Velocity"
"Kepler-147","Kepler-147 c",2,33.41642300000,0.2160000000,2.43000000,0.49000000,-0.49000000,6.48000000,,,"M-R relationship",2.480000,61.2870,1.145000,6012.00,"Transit"
"HD 90156","HD 90156 b",1,49.77000000000,0.2500000000,4.43000000,,,17.98000000,1.46000000,-1.46000000,"Msini",1.140000,11.5200,0.840000,5599.00,"Radial Velocity"
"HD 22781","HD 22781 b",1,528.07000000000,1.1670000000,12.30000000,,,4338.20000000,308.00000000,-308.00000000,"Msini",12.800000,0.2456,0.750000,5027.00,"Radial Velocity"
"Kepler-519","Kepler-519 b",1,24.30789460000,0.1593200000,2.10000000,0.06000000,-0.04000000,5.06000000,,,"M-R relationship",3.000000,19.8700,0.890000,5260.00,"Transit"
"TOI-880","TOI-880.02",2,2.57571000000,0.0349000000,2.19000000,0.11000000,-0.11000000,5.43000000,,,"M-R relationship",2.840000,301.8661,0.870000,5050.00,"Transit"
"TOI-2977","TOI-2977 b",1,2.35056140000,0.0338600000,13.15934334,0.34747840,-0.30264248,533.95172376,82.63538582,-79.45710175,"Mass",1.280000,947.8000,0.936000,5691.00,"Transit"
"TOI-6628","TOI-6628 b",1,18.18424000000,0.1340000000,10.98480109,0.67253884,-0.67253884,235.19302118,19.06970442,-19.06970442,"Mass",0.980000,20.0861,0.970000,5463.00,"Transit"
"WASP-138","WASP-138 b",1,3.63443300000,0.0494000000,12.21781000,0.56045000,-0.56045000,387.75260000,25.42640000,-25.42640000,"Mass",1.200000,1133.7300,1.220000,6272.00,"Transit"
"TIC 206466666","TIC 206466666 b",1,9.10486865159,,2.14817673,0.29725335,-0.22779036,5.26000000,,,"M-R relationship",2.920000,,0.760000,4620.30,"Transit"
"TOI-2128","TOI-2128 b",1,16.34136000000,0.1270000000,2.08874836,0.08866263,-0.07642236,4.50000000,2.00000000,-2.00000000,"Mass",2.680000,86.2315,1.025100,5968.00,"Transit"
"Kepler-17","Kepler-17 b",1,1.48571080000,0.0259100000,14.68000000,0.22000000,-0.22000000,778.65000000,34.96000000,-34.96000000,"Mass",1.350000,1481.7660,1.040000,5781.00,"Transit"
"Kepler-327","Kepler-327 b",3,2.54957500000,0.0290000000,1.11000000,0.05000000,-0.05000000,1.41000000,,,"M-R relationship",5.670000,73.0560,0.591913,3799.00,"Transit"
"HD 202696","HD 202696 c",2,946.60000000000,2.3420000000,,,,592.43512000,56.25591000,-72.14741000,"Mass",,4.2662,1.910000,5040.00,"Radial Velocity"
"TOI-715","TOI-715 b",1,19.28800400000,0.0830000000,1.55000000,0.06400000,-0.06400000,3.02000000,,,"M-R relationship",4.460000,0.6700,0.225000,3075.00,"Transit"
"Kepler-816","Kepler-816 b",1,10.50682564600,0.0895000000,10.24000000,0.68000000,-0.54000000,74.50000000,,,"M-R relationship",0.381000,50.5630,0.900000,5286.00,"Transit"
"Kepler-411","Kepler-411 c",4,7.83443500000,0.0739000000,4.42100000,0.06200000,-0.06200000,26.40000000,5.90000000,-5.90000000,"Mass",1.700000,56.0000,0.870000,4974.00,"Transit"
"TOI-663","TOI-663 d",3,7.10272680000,0.0576000000,1.92000000,0.13000000,-0.13000000,5.20000000,,,"Mass",4.000000,12.9000,0.514000,3681.00,"Transit"
"HD 168009","HD 168009 b",1,15.14790000000,0.1192000000,3.05000000,,,9.53485221,1.20774795,-1.17596511,"Msini",1.850000,99.3735,0.986073,5778.33,"Radial Velocity"
"Kepler-280","Kepler-280 b",2,2.13954200000,0.0320000000,1.45000000,0.70000000,-0.70000000,2.70000000,,,"M-R relationship",4.870000,821.8940,0.962000,5744.00,"Transit"
"HD 72659","HD 72659 c",2,35500.00000000000,21.5000000000,12.10000000,,,6165.87109580,254.26272560,-158.91420350,"Mass",19.100000,0.0051,1.033000,5929.00,"Radial Velocity"
"HD 125136","HD 125136 b",1,849.77000000000,,13.30000000,,,718.29219982,25.42627256,-25.42627256,"Msini",1.680000,,1.550000,4959.00,"Radial Velocity"
"Kepler-1196","Kepler-1196 b",1,66.18490310000,0.3179000000,2.23000000,0.37000000,-0.21000000,5.60000000,,,"M-R relationship",2.770000,8.3020,0.980000,5756.00,"Transit"
"Kepler-878","Kepler-878 b",1,25.94220330000,0.1650000000,1.93000000,0.12000000,-0.10000000,4.38000000,,,"M-R relationship",3.350000,27.0090,0.810000,5044.00,"Transit"
"HD 25171","HD 25171 b",1,1802.29000000000,2.9710000000,13.90000000,,,290.81445000,3.49613000,-3.81396000,"Msini",0.595000,0.2141,1.076000,6125.00,"Radial Velocity"
"Kepler-1153","Kepler-1153 b",1,1.75583532700,0.0277000000,1.73000000,0.21000000,-0.11000000,3.64000000,,,"M-R relationship",3.860000,761.8080,0.910000,5470.00,"Transit"
"Kepler-406","Kepler-406 b",2,2.42629000000,0.0359900000,1.43000000,0.03000000,-0.03000000,6.35000000,1.40000000,-1.40000000,"Mass",11.820000,826.9330,1.070000,5538.00,"Transit"
"Kepler-1671","Kepler-1671 b",1,4.16787000000,0.0494600000,1.32557381,,,2.32000000,,,"M-R relationship",5.470000,205.0000,0.866000,5135.55,"Transit"
"HD 62364","HD 62364 c",2,74839.94555000000,36.9840000000,12.00000000,,,7923.46218651,852.09795917,-928.69460525,"Mass",25.200000,0.0020,1.190000,6255.00,"Radial Velocity"
"GJ 9714","GJ 9714 b",1,19240.75467000000,12.3190000000,12.50000000,,,2988.54051102,970.96578339,-538.71914986,"Mass",8.410000,0.0009,0.670000,4263.00,"Radial Velocity"
"K2-216","K2-216 b",1,2.17480000000,0.0280000000,1.75000000,0.17000000,-0.10000000,8.00000000,1.60000000,-1.60000000,"Mass",8.200000,248.0000,0.700000,4503.00,"Transit"
"TOI-4898","TOI-4898 b",1,2.76520470167,,3.71979540,0.31107066,-0.28689141,13.40000000,,,"M-R relationship",1.430000,33.0144,0.619077,4201.57,"Transit"
"HD 68988","HD 68988 c",2,16000.00000000000,13.2000000000,12.20000000,,,4776.96095721,286.04556630,-238.37130525,"Mass",14.500000,0.0096,1.171665,5883.41,"Radial Velocity"
"WASP-106","WASP-106 b",1,9.28969000000,0.0901000000,12.10569916,0.17934369,-0.19055267,613.40882551,47.67426105,-47.67426105,"Mass",1.860000,327.8307,1.175000,6002.00,"Transit"
"Kepler-220","Kepler-220 c",4,9.03419900000,0.0760000000,1.57000000,0.09000000,-0.09000000,3.09000000,,,"M-R relationship",4.390000,37.3210,0.729000,4632.00,"Transit"
"Kepler-1468","Kepler-1468 d",3,19.59059906000,0.1456000000,3.33187146,,,11.10000000,,,"M-R relationship",1.650000,52.7700,1.072000,5794.00,"Transit"
"Kepler-32","Kepler-32 d",5,22.78020000000,0.1300000000,2.70000000,0.20000000,-0.20000000,67.48150000,,,"Mass",0.520000,3.6310,0.580000,3900.00,"Transit"
"K2-283","K2-283 b",1,1.92103600000,0.0291000000,3.52000000,0.16000000,-0.16000000,12.20000000,,,"M-R relationship",1.540000,353.6521,0.890000,5060.00,"Transit"
"HIP 105854","HIP 105854 b",1,184.20000000000,0.8100000000,12.60000000,,,2606.10000000,63.60000000,-63.60000000,"Msini",7.160000,71.2902,2.100000,4780.00,"Radial Velocity"
"Kepler-1117","Kepler-1117 b",1,4.79028459000,0.0548500000,1.11000000,0.17000000,-0.08000000,1.41000000,,,"M-R relationship",5.670000,194.9760,0.950000,5612.00,"Transit"
"K2-324","K2-324 b",1,3.26200000000,0.0331000000,2.43000000,0.15000000,-0.13000000,6.48000000,,,"M-R relationship",2.480000,42.3931,0.517000,3752.00,"Transit"
"HD 42618","HD 42618 b",1,149.61000000000,0.5540000000,3.89000000,,,14.40000000,2.50000000,-2.40000000,"Msini",1.340000,3.1600,1.015000,5727.00,"Radial Velocity"
"TOI-1052","TOI-1052 c",2,35.80600000000,0.2263000000,6.48000000,,,34.30000000,4.10000000,-3.70000000,"Msini",0.693000,39.7000,1.204000,6146.00,"Radial Velocity"
"Kepler-332","Kepler-332 c",3,15.99562200000,0.1140000000,1.09000000,0.08000000,-0.08000000,1.32000000,,,"M-R relationship",5.600000,19.9860,0.743000,4955.00,"Transit"
"EPIC 249893012","EPIC 249893012 c",3,15.62400000000,0.1300000000,3.67000000,0.17000000,-0.14000000,14.67000000,1.84000000,-1.89000000,"Mass",1.620000,160.0000,1.050000,5430.00,"Transit"
"K2-317","K2-317 b",1,6.22000000000,0.0542000000,2.93000000,0.19000000,-0.17000000,8.91000000,,,"M-R relationship",1.950000,4.5848,0.403000,3387.00,"Transit"
"TOI-1184","TOI-1184 b",1,5.74843380300,0.0560270000,2.39000000,0.25000000,-0.23400000,6.80000000,2.30000000,-2.30000000,"Mass",2.630000,57.5400,0.710000,4534.00,"Transit"
"TOI-1288","TOI-1288 c",2,416.00000000000,1.0700000000,11.10000000,,,85.70000000,12.10000000,-11.70000000,"Msini",0.344000,0.6114,0.955200,5388.00,"Radial Velocity"
"TOI-2876","TOI-2876 b",1,6.29964310000,0.0654000000,9.63972340,0.33626942,-0.31385146,54.03082919,16.52707716,-16.52707716,"Mass",0.330000,124.2000,0.939000,5271.00,"Transit"
"Kepler-1884","Kepler-1884 b",1,8.98832035100,0.0845000000,1.81406781,,,3.95000000,,,"M-R relationship",3.640000,131.9200,0.993000,5984.00,"Transit"
"Kepler-1063","Kepler-1063 b",1,14.07971466000,0.1176000000,1.49000000,0.40000000,-0.19000000,2.83000000,,,"M-R relationship",4.700000,54.9300,1.090000,5945.00,"Transit"
"TOI-808","TOI-808 b",1,9.73944854026,,2.20344362,0.22429531,-0.18805529,5.49000000,,,"M-R relationship",2.820000,60.3881,0.870000,5078.20,"Transit"
"Kepler-763","Kepler-763 b",3,1.19655156000,0.0205000000,1.22000000,0.09000000,-0.08000000,1.98000000,,,"M-R relationship",5.990000,974.0890,0.840000,5166.00,"Transit"
"TOI-1695","TOI-1695 b",1,3.13427910000,0.0335480000,1.90000000,0.16000000,-0.14000000,6.36000000,1.00000000,-1.00000000,"Mass",5.000000,39.0000,0.513000,3690.00,"Transit"
"K2-36","K2-36 c",2,5.34088800000,0.0552800000,3.20000000,0.30000000,-0.30000000,7.90000000,2.80000000,-2.80000000,"Mass",1.300000,89.0000,0.790000,4916.00,"Transit"
"HD 25723","HD 25723 b",1,457.01000000000,1.4900000000,13.30000000,,,794.57101750,44.49597698,-54.03082919,"Msini",1.860000,39.6333,2.120000,4766.00,"Radial Velocity"
"K2-321","K2-321 b",1,2.29797490000,0.0283900000,2.05124347,0.16813471,-0.13450777,4.86000000,,,"M-R relationship",3.090000,68.5516,0.578000,3750.00,"Transit"
"HD 23472","HD 23472 d",5,3.97664000000,0.0429800000,0.75000000,0.06700000,-0.05700000,0.55000000,0.21000000,-0.20000000,"Mass",7.500000,117.0000,0.670000,4684.00,"Transit"
"TOI-2088","TOI-2088 b",1,124.72997000000,0.4720000000,3.68311790,0.19277867,-0.14072298,37.00000000,,,"Mass",2.000000,1.7338,0.902700,5081.00,"Transit"
"Kepler-181","Kepler-181 b",2,3.13787300000,0.0400000000,1.27000000,0.62000000,-0.62000000,2.15000000,,,"M-R relationship",5.770000,255.5840,0.810000,5333.00,"Transit"
"GJ 411","GJ 411 b",2,12.93940000000,0.0787900000,1.45000000,,,2.69000000,0.19000000,-0.18000000,"Msini",4.850000,3.1300,0.389900,3719.00,"Radial Velocity"
"K2-3","K2-3 b",3,10.05465350000,0.0747000000,2.07800000,0.07600000,-0.06700000,5.11000000,0.65000000,-0.64000000,"Mass",3.110000,10.5000,0.549000,3844.00,"Transit"
"Kepler-1355","Kepler-1355 b",1,1.28958811200,0.0224000000,1.46000000,0.12000000,-0.10000000,2.73000000,,,"M-R relationship",4.820000,944.8730,0.880000,5352.00,"Transit"
"HD 219134","HD 219134 f",6,22.71700000000,0.1463000000,1.31000000,0.02000000,-0.02000000,7.30000000,0.40000000,-0.40000000,"Mass",,12.3800,0.810000,4699.00,"Radial Velocity"
"TOI-1080","TOI-1080 b",1,3.96524820000,0.0272000000,1.20000000,0.05800000,-0.05800000,10.70000000,,,"Mass",,4.3500,0.166700,3065.00,"Transit"
"TOI-198","TOI-198 b",1,10.21521300000,0.0675000000,1.36000000,0.13000000,-0.13000000,3.17000000,0.64000000,-0.65000000,"Mass",6.890000,7.2000,0.417000,3801.00,"Transit"
"Kepler-354","Kepler-354 b",3,5.47666000000,0.0540000000,1.84000000,0.58000000,-0.58000000,4.04000000,,,"M-R relationship",3.560000,64.8450,0.652000,4648.00,"Transit"
"47 UMa","47 UMa d",3,14002.00000000000,11.6000000000,13.50000000,,,521.22000000,92.17000000,-152.55000000,"Msini",1.160000,0.0117,1.060000,5872.00,"Radial Velocity"
"Ross 176","Ross 176 b",1,5.00663380000,0.0464000000,1.84000000,0.08000000,-0.08000000,4.57000000,0.89000000,-0.93000000,"Mass",4.030000,36.2000,0.577000,4041.00,"Transit"
"Kepler-217","Kepler-217 c",3,8.58600400000,0.0890000000,1.85000000,0.27000000,-0.27000000,4.08000000,,,"M-R relationship",3.540000,730.8080,1.342000,6171.00,"Transit"
"Kepler-804","Kepler-804 c",2,9.65185017000,0.0865400000,1.14000000,0.20000000,-0.14000000,1.55000000,,,"M-R relationship",5.750000,141.8390,1.010000,5817.00,"Transit"
"K2-37","K2-37 d",3,14.09229000000,0.1102000000,2.31000000,0.21000000,-0.07000000,12.50000000,6.20000000,-6.10000000,"Mass",4.700000,41.3000,0.840000,5352.00,"Transit"
"Kepler-245","Kepler-245 b",4,7.49019000000,0.0710000000,2.57000000,0.18000000,-0.18000000,146.78000000,,,"Mass",0.120000,77.7490,0.856000,5100.00,"Transit"
"Kepler-624","Kepler-624 b",1,14.58649607000,0.1163800000,2.31000000,0.33000000,-0.24000000,5.95000000,,,"M-R relationship",2.650000,130.7570,1.100000,6117.00,"Transit"
"Kepler-1284","Kepler-1284 b",1,0.66407380600,0.0143000000,1.21000000,0.10000000,-0.07000000,1.92000000,,,"M-R relationship",5.960000,2190.0820,0.840000,5123.00,"Transit"
"TOI-1054","TOI-1054.01",1,15.50778550000,,2.43432000,0.14295700,-0.14295700,6.50000000,,,"M-R relationship",2.480000,88.0718,1.140000,6122.00,"Transit"
"HD 222155","HD 222155 b",1,3999.00000000000,5.1400000000,13.40000000,,,581.62598481,111.23994245,-82.63538582,"Mass",1.330000,0.1222,1.210000,5701.00,"Radial Velocity"
"Kepler-18","Kepler-18 c",3,7.64159000000,0.0752000000,5.49000000,0.26000000,-0.26000000,17.30000000,1.90000000,-1.90000000,"Mass",0.590000,126.0810,0.972000,5345.00,"Transit"
"TOI-941","TOI-941 b",1,8.51460888787,,6.51165317,0.45298660,-0.44352176,34.60000000,,,"M-R relationship",0.689000,166.5750,1.078000,5745.88,"Transit"
"Kepler-436","Kepler-436 b",2,64.00205000000,0.3390000000,2.73000000,0.23000000,-0.24000000,7.90000000,,,"M-R relationship",2.130000,1.6900,0.729000,4651.00,"Transit"
"Kepler-1999","Kepler-1999 b",1,8.73967580000,0.0713000000,3.29000000,0.26000000,-0.30000000,10.80000000,,,"M-R relationship",1.670000,26.1700,0.632000,4406.00,"Transit"
"TOI-6478","TOI-6478 b",1,34.00501900000,0.1136000000,4.60000000,0.24000000,-0.24000000,19.20000000,,,"M-R relationship",1.080000,0.0003,0.230000,3230.00,"Transit"
"TOI-1634","TOI-1634 b",2,0.98934551000,0.0154400000,1.75900000,0.05800000,-0.05700000,4.90000000,1.00000000,-1.00000000,"Mass",5.282044,121.0000,0.502000,3550.00,"Transit"
"Kepler-11","Kepler-11 e",6,31.99960000000,0.1950000000,4.19000000,0.07000000,-0.09000000,8.00000000,1.50000000,-2.10000000,"Mass",0.580000,32.3400,0.961000,5663.00,"Transit"
"Kepler-102","Kepler-102 c",5,7.07139200000,0.0670200000,0.56700000,0.02800000,-0.02800000,1.70000000,,,"Mass",52.000000,61.0000,0.803000,4909.00,"Transit"
"HIP 99770","HIP 99770 b",1,18600.00000000000,15.8000000000,12.20000000,,,5403.08291900,1906.97044200,-1589.14203500,"Mass",16.400000,0.0555,1.900000,8000.00,"Imaging"
"Kepler-128","Kepler-128 c",2,22.80000000000,0.1651700000,1.52100000,0.04700000,-0.04700000,3.38000000,0.67000000,-0.59000000,"Mass",5.237935,130.9790,1.184000,6072.00,"Transit"
"TOI-169","TOI-169 b",1,2.25544770000,0.0352400000,12.17297400,0.90792900,-0.53803200,251.40353000,20.34112000,-19.06980000,"Mass",0.760000,1443.0000,1.147000,5880.00,"Transit"
"HD 43197","HD 43197 b",2,308.92072000000,0.8820000000,14.20000000,,,175.75910907,16.52707716,-15.25576354,"Msini",0.337000,0.9377,0.960000,5508.00,"Radial Velocity"
"Kepler-582","Kepler-582 b",1,18.49235668000,0.1254000000,3.68000000,0.55000000,-0.34000000,13.10000000,,,"M-R relationship",1.440000,25.0560,0.930000,5564.00,"Transit"
"Kepler-1357","Kepler-1357 b",1,3.00913240000,0.0410000000,1.28000000,0.20000000,-0.11000000,2.18000000,,,"M-R relationship",5.710000,449.9750,0.930000,5597.00,"Transit"
"HD 158259","HD 158259 f",5,12.02800000000,,2.35000000,,,6.14000000,1.31000000,-1.37000000,"Msini",2.600000,,1.080000,5801.89,"Radial Velocity"
"HD 23472","HD 23472 e",5,7.90754000000,0.0680000000,0.81800000,0.08000000,-0.06500000,0.72000000,0.28000000,-0.27000000,"Mass",7.500000,46.7000,0.670000,4684.00,"Transit"
"HD 25463","HD 25463 c",2,3.04405000000,0.0443000000,1.36354953,0.13045621,-0.09615242,4.30000000,1.90000000,-1.90000000,"Mass",9.090000,1413.5000,1.251000,6353.00,"Transit"
"Kepler-1510","Kepler-1510 b",1,84.70392100000,0.4089000000,3.36000000,1.23000000,-0.56000000,11.20000000,,,"M-R relationship",1.620000,14.0360,1.190000,6200.00,"Transit"
"HD 200964","HD 200964 b",2,606.30000000000,1.5650000000,13.50000000,,,508.21017000,21.29461000,-21.29461000,"Msini",1.140000,4.7312,1.390000,4982.00,"Radial Velocity"
"K2-292","K2-292 b",1,16.98410000000,0.1300000000,2.63000000,0.11000000,-0.10000000,24.50000000,4.40000000,-4.40000000,"Mass",7.400000,67.0000,1.000000,5725.00,"Transit"
"TOI-1246","TOI-1246 b",4,4.30744000000,0.0490000000,3.01000000,0.06000000,-0.06000000,8.10000000,1.10000000,-1.10000000,"Mass",1.630000,196.0000,0.870000,5151.00,"Transit"
"TOI-1174","TOI-1174 b",1,8.95348768300,0.0799400000,2.56200000,0.25200000,-0.20000000,32.00000000,,,"Mass",11.000000,52.0200,0.850000,5030.00,"Transit"
"TOI-4438","TOI-4438 b",1,7.44628000000,0.0534000000,2.52000000,0.13000000,-0.13000000,5.40000000,1.10000000,-1.10000000,"Mass",1.850000,6.0000,0.368000,3422.00,"Transit"
"Kepler-1073","Kepler-1073 c",3,4.02582254000,0.0483000000,1.64000000,0.34000000,-0.18000000,3.33000000,,,"M-R relationship",4.150000,357.0820,1.000000,5792.00,"Transit"
"HAT-P-54","HAT-P-54 b",1,3.79984700000,0.0411700000,10.58129600,0.31385200,-0.31385200,241.55080000,10.17056000,-10.17056000,"Mass",1.118000,88.6713,0.645000,4390.00,"Transit"
"TOI-4504","TOI-4504 c",3,82.97213000000,0.3569000000,11.09689089,0.56044903,-0.56044903,1197.32317485,57.52694167,-57.90833576,"Mass",4.810000,0.2639,0.890000,5315.00,"Transit"
"Kepler-386","Kepler-386 c",2,25.19345800000,0.1550000000,1.58000000,0.89000000,-0.89000000,3.12000000,,,"M-R relationship",4.350000,16.6570,0.825000,5178.00,"Transit"
"Kepler-197","Kepler-197 c",4,10.34969500000,0.0900000000,1.23000000,0.04000000,-0.04000000,5.30000000,3.30000000,-2.90000000,"Mass",15.700000,189.9650,0.857000,6004.00,"Transit"
"GJ 1002","GJ 1002 b",2,10.34650000000,0.0457000000,1.03000000,,,1.08000000,0.13000000,-0.13000000,"Msini",5.430000,0.6700,0.120000,3024.00,"Radial Velocity"
"Kepler-549","Kepler-549 d",3,24.61480613000,0.1575000000,4.20000000,0.45000000,-0.50000000,16.40000000,,,"M-R relationship",1.220000,27.9300,0.859000,5312.00,"Transit"
"TOI-1451","TOI-1451 b",1,16.53794400000,0.1270000000,2.61143902,0.13407193,-0.10283772,15.20000000,2.80000000,-2.80000000,"Mass",4.670000,53.0216,1.002200,5801.00,"Transit"
"K2-355","K2-355 b",1,5.73856470000,0.0632000000,2.25000000,0.22000000,-0.16000000,5.69000000,,,"M-R relationship",2.740000,192.2722,0.960000,5790.00,"Transit"
"Kepler-1040","Kepler-1040 b",1,201.12140000000,0.6724900000,2.08000000,0.18000000,-0.10000000,4.98000000,,,"M-R relationship",3.040000,2.1210,0.980000,5694.00,"Transit"
"Kepler-127","Kepler-127 b",3,14.43588900000,0.1250000000,1.40000000,0.05000000,-0.05000000,2.54000000,,,"M-R relationship",5.090000,159.1630,1.248000,6106.00,"Transit"
"TOI-6692","TOI-6692 b",1,131.12500000000,0.5120000000,11.67975789,0.56044903,-0.54924005,197.05361234,25.42627256,-20.65884645,"Mass",0.680000,182.3533,1.047000,5890.00,"Transit"
"Kepler-235","Kepler-235 b",4,3.34022200000,0.0370000000,2.23000000,0.10000000,-0.10000000,5.60000000,,,"M-R relationship",2.770000,44.0000,0.581000,4255.00,"Transit"
"K2-50","K2-50 b",2,8.75290000000,0.0705000000,1.59000000,0.24000000,-0.24000000,3.15000000,,,"M-R relationship",4.310000,18.8000,0.611000,4326.00,"Transit"
"TOI-5688 A","TOI-5688 A b",1,2.94815527000,0.0337900000,10.30000000,0.60000000,-0.70000000,124.00000000,23.40000000,-24.40000000,"Mass",0.610000,50.3000,0.600000,3713.00,"Transit"
"HD 7924","HD 7924 c",3,15.29900000000,0.1134000000,,,,1762.67634522,,,"Mass",,28.3500,0.832000,5075.00,"Radial Velocity"
"GJ 667 C","GJ 667 C e",5,62.24000000000,0.2130000000,1.45000000,,,2.70000000,1.60000000,-1.40000000,"Msini",4.870000,0.3022,0.330000,3350.00,"Radial Velocity"
"HD 143361","HD 143361 b",1,1039.15000000000,1.9880000000,12.90000000,,,1382.55357045,381.39408840,-209.76674862,"Mass",3.540000,0.2050,0.968000,5507.00,"Radial Velocity"
"TOI-1742","TOI-1742 b",1,21.26908400000,0.1540000000,2.36507598,0.05691119,-0.05107400,9.70000000,1.90000000,-1.90000000,"Mass",4.000000,58.6180,1.086100,5815.00,"Transit"
"TOI-4463 A","TOI-4463 A b",1,2.88071980000,0.0403600000,13.26022417,0.71737476,-0.50440413,252.35575516,12.39530787,-12.71313628,"Mass",0.595000,633.0000,1.056000,5640.00,"Transit"
"Kepler-1285","Kepler-1285 b",1,14.79674580000,0.1275800000,0.97000000,0.10000000,-0.08000000,0.87100000,,,"M-R relationship",5.240000,181.5910,1.200000,6170.00,"Transit"
"HAT-P-8","HAT-P-8 b",1,3.07634000000,0.0449600000,15.69260000,1.45717000,-1.45717000,406.82240000,85.81410000,-85.81410000,"Mass",0.685644,1519.9645,1.270000,6200.00,"Transit"
"Kepler-121","Kepler-121 b",2,3.17742200000,0.0390000000,2.34000000,1.27000000,-1.27000000,6.08000000,,,"M-R relationship",2.610000,220.4890,0.859000,5311.00,"Transit"
"TOI-2295","TOI-2295 c",2,966.50000000000,2.0180000000,12.80000000,,,1783.01736327,73.10053361,-76.27881768,"Msini",4.670000,0.5059,1.168000,5730.00,"Radial Velocity"
"TOI-1244","TOI-1244 b",1,6.40031648300,0.0606940000,2.46700000,0.24000000,-0.21100000,6.60000000,3.80000000,-3.70000000,"Mass",2.660000,56.6300,0.730000,4599.00,"Transit"
"WASP-147","WASP-147 b",1,4.60273000000,0.0549000000,12.49803500,1.56926000,-1.04243700,87.40325000,8.89924000,-8.58141000,"Mass",0.263000,639.4923,1.044000,5702.00,"Transit"
"HD 28109","HD 28109 c",3,55.99712000000,0.3080000000,4.13000000,0.16000000,-0.14000000,9.20000000,2.00000000,-2.00000000,"Mass",0.700000,29.9535,1.227000,6189.00,"Transit"
"Kepler-992","Kepler-992 b",1,20.16034462000,0.1337200000,1.62000000,0.04000000,-0.27000000,3.26000000,,,"M-R relationship",4.210000,15.2910,0.800000,4944.00,"Transit"
"TOI-4311","TOI-4311 c",2,15.07042500000,0.1116000000,2.47000000,0.12000000,-0.11000000,13.58000000,,,"Mass",5.290000,33.8000,0.816000,5063.00,"Transit"
"Kepler-97","Kepler-97 b",2,2.58664000000,0.0356300000,1.48000000,0.13000000,-0.13000000,3.51000000,1.90000000,-1.90000000,"Mass",5.440000,767.9640,0.940000,5779.00,"Transit"
"Kepler-133","Kepler-133 c",2,31.51758600000,0.2040000000,2.84000000,0.48000000,-0.48000000,8.45000000,,,"M-R relationship",2.030000,67.1610,1.020000,5736.00,"Transit"
"TOI-2407","TOI-2407 b",1,2.70296900000,0.0330000000,4.26000000,0.26000000,-0.26000000,16.80000000,,,"M-R relationship",1.190000,41.0000,0.548000,3530.00,"Transit"
"Kepler-1159","Kepler-1159 b",1,22.70816791000,0.1603000000,2.37000000,1.03000000,-0.37000000,6.21000000,,,"M-R relationship",2.560000,80.9840,1.190000,6217.00,"Transit"
"Kepler-887","Kepler-887 b",2,20.42228798000,0.1543100000,1.84000000,0.27000000,-0.17000000,4.04000000,,,"M-R relationship",3.560000,109.8420,1.190000,6194.00,"Transit"
"HD 213885","HD 213885 c",2,4.78503000000,0.0567980000,4.71000000,,,19.95000000,1.38000000,-1.36000000,"Msini",1.050000,426.5327,1.068000,5978.00,"Radial Velocity"
"Kepler-205","Kepler-205 c",2,20.30654600000,0.1220000000,1.64000000,0.12000000,-0.12000000,3.33000000,,,"M-R relationship",4.150000,7.1400,0.592000,4321.00,"Transit"
"K2-139","K2-139 b",1,28.38061900000,0.1796000000,9.11000000,0.17000000,-0.17000000,123.00021000,26.37989000,-23.83725000,"Mass",0.910000,15.5562,0.960000,5370.00,"Transit"
"Kepler-139","Kepler-139 d",5,7.30569992200,0.0755533961,1.69500000,0.06100000,-0.06100000,2.00000000,2.00000000,-1.00000000,"Mass",5.270467,172.3000,1.078000,5622.00,"Transit"
"HIP 113103","HIP 113103 b",2,7.61030300000,0.0689900000,1.82900000,0.09600000,-0.06700000,4.00000000,,,"M-R relationship",3.590000,55.7356,0.761000,4930.00,"Transit"
"TOI-1467","TOI-1467 b",1,5.97114713000,0.0507480000,1.92000000,0.17100000,-0.11300000,9.00000000,,,"Mass",11.000000,18.1300,0.489000,3834.00,"Transit"
"Kepler-319","Kepler-319 d",3,31.78192500000,0.1910000000,2.29000000,0.35000000,-0.35000000,5.86000000,,,"M-R relationship",2.680000,17.9620,0.933000,5526.00,"Transit"
"Kepler-559","Kepler-559 b",1,17.58752333000,0.1277000000,3.61000000,0.64000000,-0.36000000,12.70000000,,,"M-R relationship",1.480000,42.5430,0.960000,5630.00,"Transit"
"Kepler-1865","Kepler-1865 b",1,2.52400994300,0.0344000000,1.57686072,,,3.11000000,,,"M-R relationship",4.360000,495.1400,0.849000,5420.00,"Transit"
"2MASS J19383260+4603591","Kepler-451 d",3,43.00000000000,,13.50000000,,,559.37799632,57.20911326,-57.20911326,"Msini",1.250000,,0.480000,29564.00,"Eclipse Timing Variations"
"YZ Cet","YZ Cet d",3,4.65626000000,0.0285100000,1.03000000,,,1.09000000,0.12000000,-0.12000000,"Msini",5.480000,2.7000,0.142000,3151.00,"Radial Velocity"
"CoRoT-30","CoRoT-30 b",1,9.06005000000,0.0844000000,11.30988100,0.85188400,-0.85188400,921.70700000,69.92260000,-69.92260000,"Mass",3.450000,89.2872,0.980000,5650.00,"Transit"
"TIC 117642575","TIC 117642575 b",1,4.94459060181,,2.82716337,0.28514319,-0.25773518,8.38000000,,,"M-R relationship",2.040000,,1.060000,5719.98,"Transit"
"gam Cep","gam Cep b",1,913.00000000000,2.1300000000,12.70000000,,,2097.66748620,731.00533610,-889.91953960,"Mass",5.630000,2.6076,1.270000,4775.00,"Radial Velocity"
"GJ 536","GJ 536 b",2,8.70874000000,0.0668000000,2.41000000,,,6.37000000,0.38000000,-0.38000000,"Msini",2.500000,9.9000,0.528000,3641.00,"Radial Velocity"
"K2-343","K2-343 b",2,2.78717400000,,1.65000000,0.16000000,-0.08000000,3.36000000,,,"M-R relationship",4.110000,,0.490000,3804.00,"Transit"
"HD 224018","HD 224018 b",3,10.64130000000,0.0952000000,0.91000000,0.64000000,-0.57000000,4.10000000,0.80000000,-0.80000000,"Mass",17.100000,146.7499,1.013000,5784.00,"Radial Velocity"
"Kepler-404","Kepler-404 b",2,11.82985100000,0.1020000000,1.27000000,0.55000000,-0.55000000,2.15000000,,,"M-R relationship",5.770000,44.5340,0.860000,5654.00,"Transit"
"TOI-1669","TOI-1669 c",2,2.68005350000,0.0376000000,2.29639770,0.10169388,-0.09022874,13.00000000,,,"Mass",6.000000,342.9970,0.986700,5497.00,"Transit"
"TOI-1846","TOI-1846 b",1,3.93067370000,0.0364600000,1.79200000,0.06500000,-0.06800000,3.87000000,,,"M-R relationship",3.700000,17.3500,0.418000,3568.00,"Transit"
"HD 160691","HD 160691 b",4,645.00000000000,1.5000000000,,,,1366.66215010,,,"Mass",,0.8439,1.130000,5773.00,"Radial Velocity"
"Kepler-529","Kepler-529 b",3,1.98035766300,0.0309000000,1.86000000,0.25000000,-0.17000000,4.12000000,,,"M-R relationship",3.520000,1808.4100,1.070000,6087.00,"Transit"
"Kepler-334","Kepler-334 d",3,25.09849000000,0.1680000000,1.41000000,0.26000000,-0.26000000,2.57000000,,,"M-R relationship",5.040000,39.4750,1.022000,5828.00,"Transit"
"Kepler-908","Kepler-908 b",1,1.34059746800,0.0252600000,1.22000000,0.10000000,-0.08000000,1.98000000,,,"M-R relationship",5.990000,3304.1010,1.110000,5973.00,"Transit"
"TOI-2202","TOI-2202 b",2,11.91260750000,0.0956400000,10.95117414,0.17934369,-0.17934369,287.31687993,27.65107141,-31.78284070,"Mass",1.200000,42.7254,0.841000,5169.00,"Transit"
"Kepler-856","Kepler-856 b",1,8.02768059500,0.0787000000,9.30000000,1.25000000,-0.60000000,63.30000000,,,"M-R relationship",0.432000,153.4970,0.960000,5535.00,"Transit"
"Kepler-1940","Kepler-1940 b",1,4.95061016100,0.0525000000,1.54732469,,,3.01000000,,,"M-R relationship",4.460000,145.2300,0.802000,5431.00,"Transit"
"Kepler-65","Kepler-65 b",4,2.15491000000,0.0350000000,1.42000000,0.03000000,-0.03000000,2.40000000,2.40000000,-1.60000000,"Mass",4.400000,2316.0950,1.250000,6211.00,"Transit"
"Kepler-651","Kepler-651 b",1,21.38521506000,0.1407800000,2.37000000,0.22000000,-0.14000000,6.21000000,,,"M-R relationship",2.560000,27.2230,0.920000,5522.00,"Transit"
"K2-277","K2-277 b",1,6.32676800000,0.0664000000,2.18575124,0.20176165,-0.12329879,7.40000000,3.30000000,-3.30000000,"Mass",4.000000,195.0000,0.974000,5680.00,"Transit"
"K2-266","K2-266 c",4,7.81400000000,0.0679000000,0.70500000,0.09600000,-0.08500000,0.29013072,0.17007663,-0.17007663,"Msin(i)/sin(i)",4.550000,32.4000,0.686000,4285.00,"Transit"
"Kepler-1065","Kepler-1065 c",2,2.37030743000,0.0344000000,1.60000000,0.24000000,-0.17000000,3.19000000,,,"M-R relationship",4.280000,734.6190,0.940000,5635.00,"Transit"
"Kepler-1897","Kepler-1897 b",1,24.22030067000,0.1546000000,2.81407954,,,8.32000000,,,"M-R relationship",2.050000,15.4300,0.859000,5165.00,"Transit"
"HD 35759","HD 35759 b",1,82.46700000000,0.3890000000,13.00000000,,,1195.04080000,54.03110000,-54.03110000,"Msini",2.990000,22.7689,1.150000,6060.00,"Radial Velocity"
"BD-14 3065 A","BD-14 3065 b",1,4.28897310000,0.0656000000,21.59000000,1.05000000,-1.05000000,3932.00000000,290.00000000,-280.00000000,"Mass",2.150000,646.7610,1.410000,6935.00,"Transit"
"Kepler-942","Kepler-942 b",1,44.96417488000,0.2273700000,2.13000000,0.23000000,-0.08000000,5.18000000,,,"M-R relationship",2.950000,4.9570,0.810000,4861.00,"Transit"
"Kepler-1235","Kepler-1235 b",1,4.16055856000,0.0483600000,0.79000000,0.12000000,-0.06000000,0.41800000,,,"M-R relationship",4.660000,265.3250,0.930000,5541.00,"Transit"
"Kepler-402","Kepler-402 e",4,11.24286100000,0.1020000000,1.46000000,0.29000000,-0.29000000,2.73000000,,,"M-R relationship",4.820000,157.4810,1.072000,6090.00,"Transit"
"KELT-17","KELT-17 b",1,3.08017160000,0.0488100000,17.09372500,0.72858500,-0.67254000,416.35730000,88.99240000,-92.17070000,"Mass",0.460000,3331.8707,1.635000,7454.00,"Transit"
"Kepler-391","Kepler-391 c",2,20.50100000000,0.1640000000,2.88000000,0.33000000,-0.33000000,450.00000000,,,"Mass",400.000000,179.0000,1.270000,5038.00,"Transit"
"Kepler-1096","Kepler-1096 b",1,2.89221750600,0.0340000000,1.24000000,0.37000000,-0.08000000,2.07000000,,,"M-R relationship",5.970000,124.8660,0.660000,4306.00,"Transit"
"KIC 10525077","KIC 10525077 b",1,854.08300000000,,5.50000000,0.90000000,-0.80000000,25.90000000,,,"M-R relationship",0.855000,,1.010000,6091.00,"Transit"
"Kepler-544","Kepler-544 b",1,21.41616926000,0.1548200000,2.12000000,0.19000000,-0.14000000,5.14000000,,,"M-R relationship",2.960000,126.0310,1.160000,6206.00,"Transit"
"Kepler-390","Kepler-390 b",2,6.73808800000,0.0650000000,0.82000000,0.07000000,-0.07000000,0.47700000,,,"M-R relationship",4.750000,99.9720,0.787000,5166.00,"Transit"
"Kepler-534","Kepler-534 b",2,15.95994513000,0.1272000000,2.24000000,0.08000000,-0.07000000,5.65000000,,,"M-R relationship",2.760000,63.9500,1.050000,5884.00,"Transit"
"Kepler-1953","Kepler-1953 b",1,6.24565982800,0.0607000000,1.28574667,,,2.20000000,,,"M-R relationship",5.690000,67.6200,0.786000,4858.00,"Transit"
"TOI-880","TOI-880 c",2,6.38727030000,0.0635000000,4.95000000,0.20000000,-0.20000000,21.70000000,,,"M-R relationship",0.983000,73.9967,0.870000,5050.00,"Transit"
"Kapteyn","Kapteyn c",1,121.54000000000,0.3110000000,2.54000000,,,7.00000000,1.20000000,-1.00000000,"Msini",2.350000,0.1666,0.281000,3550.00,"Radial Velocity"
"TOI-1269","TOI-1269 c",2,9.23786144195,,2.22999162,0.24295040,-0.19119088,5.60000000,,,"M-R relationship",2.770000,54.6767,0.902700,5554.02,"Transit"
"HIP 14810","HIP 14810 c",3,147.74700000000,0.5490000000,13.60000000,,,416.35730000,57.20940000,-57.20940000,"Msini",0.910000,3.2423,1.010000,5544.00,"Radial Velocity"
"Kepler-703","Kepler-703 b",1,4.58352175600,0.0535000000,8.20000000,3.71000000,-1.39000000,51.10000000,,,"M-R relationship",0.509000,373.1080,1.180000,6185.00,"Transit"
"Kepler-1956","Kepler-1956 b",1,5.94371986400,0.0563000000,1.08940238,,,1.32000000,,,"M-R relationship",5.610000,48.8200,0.671000,4391.00,"Transit"
"Kepler-46","Kepler-46 b",3,33.60134000000,0.1968000000,9.05700000,0.47100000,-0.48200000,1907.00000000,,,"Mass",14.000000,10.9000,0.902000,5155.00,"Transit"
"Kepler-1032","Kepler-1032 b",1,3.29011795300,0.0361000000,1.87000000,0.10000000,-0.08000000,4.16000000,,,"M-R relationship",3.500000,176.1440,0.770000,4647.00,"Transit"
"HD 165155","HD 165155 b",1,434.50000000000,1.1300000000,13.20000000,,,918.52870000,73.10090000,-73.10090000,"Msini",2.190000,0.5482,1.020000,5426.00,"Radial Velocity"
"TOI-628","TOI-628 b",1,3.40956750000,0.0486000000,11.88154000,0.45956900,-0.38110600,2011.86390000,92.17070000,-98.52730000,"Mass",6.580000,1052.9000,1.311000,6250.00,"Transit"
"HD 36384","HD 36384 b",1,490.00000000000,1.3000000000,12.70000000,,,2097.66748620,158.91420350,-158.91420350,"Msini",5.630000,229.7515,1.140000,3940.00,"Radial Velocity"
"Kepler-1307","Kepler-1307 b",1,18.01621096000,0.1369000000,2.47000000,0.66000000,-0.27000000,6.66000000,,,"M-R relationship",2.430000,41.1850,1.060000,5884.00,"Transit"
"Kepler-538","Kepler-538 b",1,81.73778000000,0.3554000000,2.21500000,0.04000000,-0.03400000,12.90000000,2.90000000,-2.90000000,"Mass",6.500000,5.0700,0.892000,5534.00,"Transit"
"Kepler-642","Kepler-642 b",1,4.41745855000,0.0563100000,2.90000000,1.30000000,-0.56000000,8.75000000,,,"M-R relationship",1.970000,719.3730,1.400000,6570.00,"Transit"
"K2-334","K2-334 b",1,5.11398100000,,5.65000000,0.36000000,-0.28000000,27.20000000,,,"M-R relationship",0.829000,832.2294,1.360000,6502.00,"Transit"
"K2-358","K2-358 b",1,11.25102850000,0.0863000000,2.68000000,0.17000000,-0.14000000,7.65000000,,,"M-R relationship",2.180000,92.6053,0.930000,5650.00,"Transit"
"TOI-5350","TOI-5350 b",1,7.58136700000,0.0796000000,12.41955062,0.42594127,-0.32506044,2094.48920213,79.45710175,-82.63538582,"Mass",6.030000,321.8790,1.167000,6220.00,"Transit"
"K2-138","K2-138 c",6,3.56004000000,0.0446100000,2.29900000,0.12000000,-0.08700000,6.31000000,1.13000000,-1.23000000,"Mass",2.800000,279.0000,0.935000,5356.30,"Transit"
"Kepler-1742","Kepler-1742 b",1,49.47819901000,0.2587000000,2.17824130,,,5.38000000,,,"M-R relationship",2.860000,10.7300,0.939000,5776.00,"Transit"
"Kepler-1396","Kepler-1396 b",1,18.22064210000,0.1406000000,2.07000000,0.79000000,-0.37000000,4.94000000,,,"M-R relationship",3.060000,71.8160,1.180000,6195.00,"Transit"
"HD 206893","HD 206893 c",2,2290.00000000000,3.7400000000,16.36511182,2.01761653,-0.67253884,3527.89531770,127.13136280,-158.91420350,"Mass",4.420000,0.2043,1.310000,6500.00,"Imaging"
"TOI-654","TOI-654.01",1,1.52756100000,0.0194400000,2.37800000,0.08900000,-0.08900000,8.71000000,1.25000000,-1.25000000,"Mass",3.590000,65.0000,0.419000,3521.00,"Transit"
"Kepler-379","Kepler-379 c",2,62.78469700000,0.3260000000,2.29000000,0.43000000,-0.43000000,5.86000000,,,"M-R relationship",2.680000,19.7930,1.125000,6054.00,"Transit"
"GJ 143","GJ 143 b",2,35.61253000000,0.1915000000,2.61000000,0.17000000,-0.16000000,22.70000000,2.20000000,-1.90000000,"Mass",7.000000,7.0423,0.730000,4640.00,"Transit"
"TOI-237","TOI-237 c",2,1.74486147000,0.0160000000,1.20600000,0.03500000,-0.03500000,1.90000000,,,"M-R relationship",5.950000,16.0000,0.169800,3226.00,"Transit"
"TOI-3682","TOI-3682 b",1,3.34624060000,0.0480000000,12.80065596,0.40352331,-0.39231432,69.28659273,23.83713052,-25.42627256,"Mass",0.181000,1258.0000,1.320000,5703.00,"Transit"
"Kepler-296","Kepler-296 e",5,34.14211000000,0.1690000000,1.53000000,0.27000000,-0.25000000,2.96000000,,,"M-R relationship",4.100000,1.4100,0.498000,3740.00,"Transit"
"Kepler-227","Kepler-227 b",2,9.48801500000,0.0900000000,3.11000000,1.57000000,-1.57000000,9.85000000,,,"M-R relationship",1.800000,104.6410,0.954000,5854.00,"Transit"
"TOI-1839","TOI-1839 b",2,1.42378440907,,2.21895097,0.25768041,-0.21407250,5.56000000,,,"M-R relationship",2.800000,921.8467,0.934000,5315.91,"Transit"
"TOI-1105","TOI-1105 b",1,10.86818410933,,3.05823658,0.96295513,-0.43072819,9.58000000,,,"M-R relationship",1.840000,20.7383,0.740000,4678.46,"Transit"
"BD-06 1339","BD-06 1339 c",2,125.94000000000,0.4350000000,8.38000000,,,53.00000000,8.00000000,-8.00000000,"Msini",0.495000,0.5024,0.700000,4324.00,"Radial Velocity"
"K2-37","K2-37 c",3,6.42966000000,0.0653400000,2.41000000,0.15000000,-0.06000000,6.39000000,,,"M-R relationship",2.510000,118.0000,0.840000,5352.00,"Transit"
"TOI-7149","TOI-7149 b",1,2.65206166000,0.0260300000,13.20000000,0.51000000,-0.51000000,224.00000000,24.00000000,-24.00000000,"Mass",0.530000,20.6000,0.344000,3363.00,"Transit"
"TOI-1411","TOI-1411 b",1,1.45205270000,0.0212200000,1.19880592,0.04935874,-0.04474058,2.00000000,1.20000000,-1.10000000,"Mass",6.360000,266.8500,0.604500,4115.00,"Transit"
"HD 76700","HD 76700 b",1,3.97097000000,0.0500000000,9.60000000,,,66.74430000,9.53490000,-9.53490000,"Msini",0.415000,723.1837,0.990000,5644.00,"Radial Velocity"
"HAT-P-39","HAT-P-39 b",1,3.54387000000,0.0509000000,17.60900000,1.21100000,-0.90800000,190.37200000,31.46400000,-31.46400000,"Mass",0.190000,1915.6934,1.404000,6430.00,"Transit"
"TOI-1794","TOI-1794 b",1,8.76552800000,0.0820000000,3.29701268,0.16656615,-0.13651409,8.70000000,4.10000000,-4.00000000,"Mass",1.310000,228.9130,0.969800,5631.00,"Transit"
"TOI-2842","TOI-2842 b",1,3.55140580000,0.0475000000,12.84549188,0.57165802,-0.53803107,117.59651059,16.52707716,-14.93793513,"Mass",0.304000,781.8000,1.135000,5910.00,"Transit"
"Kepler-9","Kepler-9 b",3,19.23891000000,0.1430000000,8.29000000,0.54000000,-0.43000000,43.40000000,1.60000000,-2.00000000,"Mass",0.420000,48.2290,1.022000,5774.00,"Transit"
"TOI-757","TOI-757 b",1,17.46819000000,0.1220000000,2.50000000,0.10000000,-0.10000000,10.50000000,2.20000000,-2.10000000,"Mass",3.600000,24.3644,0.800000,5278.00,"Transit"
"Kepler-1147","Kepler-1147 b",1,10.62784997000,0.0961000000,2.61000000,0.80000000,-0.51000000,7.32000000,,,"M-R relationship",2.260000,206.5630,1.090000,5941.00,"Transit"
"GJ 667 C","GJ 667 C g",5,256.20000000000,0.5490000000,1.99000000,,,4.60000000,2.60000000,-2.30000000,"Msini",3.210000,0.0455,0.330000,3350.00,"Radial Velocity"
"K2-147","K2-147 b",1,0.96193900000,0.0157500000,1.47286006,0.11096891,-0.09863903,2.77000000,,,"M-R relationship",4.760000,200.1000,0.563000,3690.00,"Transit"
"Kepler-1684","Kepler-1684 b",1,47.70550000000,0.2253000000,2.87084792,,,8.60000000,,,"M-R relationship",2.000000,3.4200,0.750000,4706.54,"Transit"
"Kepler-570","Kepler-570 b",1,4.30166200300,0.0497000000,2.45000000,0.34000000,-0.15000000,6.57000000,,,"M-R relationship",2.450000,214.0400,0.930000,5496.00,"Transit"
"Kepler-1719","Kepler-1719 b",1,6.14955997500,0.0686800000,3.95000623,,,14.80000000,,,"M-R relationship",1.320000,686.9000,1.080000,5687.00,"Transit"
"K2-155","K2-155 d",3,40.71800000000,0.1937000000,1.90000000,0.70000000,-0.20000000,4.27000000,,,"M-R relationship",3.420000,1.6700,0.650000,4258.00,"Transit"
"HD 219134","HD 219134 d",6,46.85900000000,0.2370000000,1.61000000,0.02000000,-0.02000000,16.17000000,0.64000000,-0.64000000,"Mass",,4.7200,0.810000,4699.00,"Radial Velocity"
"HD 23472","HD 23472 f",5,12.16218390000,0.0906000000,1.13700000,0.08400000,-0.07700000,0.77000000,0.44000000,-0.40000000,"Mass",3.000000,26.3000,0.670000,4684.00,"Transit"
"Kepler-1517","Kepler-1517 b",1,5.54608366500,0.0780000000,9.76000000,2.79000000,-1.93000000,68.70000000,,,"M-R relationship",0.406000,1526.9830,1.580000,7010.00,"Transit"
"Kepler-347","Kepler-347 c",3,27.32087100000,0.1830000000,1.75000000,0.84000000,-0.84000000,3.71000000,,,"M-R relationship",3.800000,65.7070,0.922000,6088.00,"Transit"
"GJ 96","GJ 96 b",1,73.94000000000,0.2910000000,4.67000000,,,19.66000000,2.42000000,-2.30000000,"Msini",1.060000,1.0486,0.600000,3785.00,"Radial Velocity"
"HD 135694","HD 135694 b",1,15.92347556800,0.1246950000,2.85700000,0.22700000,-0.20600000,6.10000000,1.80000000,-1.80000000,"Mass",2.050000,71.8000,1.020000,5712.00,"Transit"
"Kepler-103","Kepler-103 b",2,15.96532870000,0.1330000000,3.48570000,0.05670000,-0.05360000,11.67000000,4.31000000,-4.73000000,"Mass",1.520000,150.5360,1.212000,6047.00,"Transit"
"TOI-2338","TOI-2338 b",1,22.65398000000,0.1580000000,11.20898070,0.22417961,-0.22417961,1900.61387386,66.74396547,-63.56568140,"Mass",7.420000,13.8485,0.990000,5581.00,"Transit"
"K2-356","K2-356 b",1,21.02673660000,0.1599000000,2.29000000,0.15000000,-0.12000000,5.86000000,,,"M-R relationship",2.680000,22.3128,0.900000,5568.00,"Transit"
"TOI-1450 A","TOI-1450 A b",2,2.04392740000,,1.13000000,0.04300000,-0.04300000,1.25800000,0.12800000,-0.12800000,"Mass",4.790000,44.9493,0.480000,3437.00,"Transit"
"Kepler-1902","Kepler-1902 b",1,3.82222008700,0.0385000000,1.17563613,,,1.74000000,,,"M-R relationship",5.880000,30.8400,0.520000,3729.00,"Transit"
"Kepler-188","Kepler-188 b",2,2.06189700000,0.0320000000,1.68000000,0.76000000,-0.76000000,3.46000000,,,"M-R relationship",4.010000,1069.2350,1.021000,6021.00,"Transit"
"Kepler-1305","Kepler-1305 b",1,13.56309720000,0.1109000000,1.88000000,0.35000000,-0.19000000,4.19000000,,,"M-R relationship",3.470000,103.5100,0.970000,5701.00,"Transit"
"Kepler-1687","Kepler-1687 b",1,5.77954000000,0.0532000000,1.65623882,,,3.38000000,,,"M-R relationship",4.090000,30.2200,0.650000,4132.00,"Transit"
"HD 87816","HD 87816 b",2,484.17000000000,1.6180000000,12.70000000,,,2142.16346318,41.31769291,-41.31769291,"Msini",5.750000,17.2656,2.410000,4989.00,"Radial Velocity"
"Kepler-1627","Kepler-1627 b",1,7.20283653000,0.0643000000,3.69000000,0.49000000,-0.41000000,13.20000000,,,"M-R relationship",1.440000,143.1200,0.870000,5445.00,"Transit"
"K2-95","K2-95 b",1,10.13464540000,0.0525000000,3.31000000,0.20000000,-0.14000000,11.00000000,,,"M-R relationship",1.670000,8.4172,0.410000,3566.00,"Transit"
"TOI-132","TOI-132 b",1,2.10970190000,0.0260000000,3.42000000,0.13000000,-0.14000000,22.40000000,1.90000000,-1.92000000,"Mass",3.080000,860.0000,0.970000,5397.00,"Transit"
"Kepler-1961","Kepler-1961 b",1,5.60471010200,0.0588000000,1.61878080,,,3.25000000,,,"M-R relationship",4.210000,132.9800,0.871000,5401.00,"Transit"
"Kepler-1654","Kepler-1654 b",1,1047.83560000000,2.0260000000,9.18017100,0.21297100,-0.19055300,158.91500000,,,"Mass",1.200000,0.3000,1.011000,5597.00,"Transit"
"TOI-4029","TOI-4029 b",1,5.88498234631,,6.73756618,0.48174093,-0.46193929,36.60000000,,,"M-R relationship",0.658000,282.5090,1.018000,5662.53,"Transit"
"Kepler-1904","Kepler-1904 b",1,4.57702016800,0.0436000000,1.39049940,,,2.51000000,,,"M-R relationship",5.130000,24.3800,0.526000,3805.00,"Transit"
"Kepler-610","Kepler-610 c",2,151.86392000000,0.5594000000,3.30000000,0.84000000,-0.37000000,10.90000000,,,"M-R relationship",1.670000,2.2970,1.100000,5943.00,"Transit"
"Kepler-903","Kepler-903 b",2,10.35077210000,0.0908100000,2.01000000,0.35000000,-0.36000000,4.70000000,,,"M-R relationship",3.180000,274.8450,0.980000,5682.00,"Transit"
"HAT-P-41","HAT-P-41 b",1,2.69405000000,0.0425800000,22.97845000,5.60450000,-5.60450000,378.21770000,190.69800000,-190.69800000,"Mass",0.204000,2485.0721,2.560000,6390.00,"Transit"
"K2-331","K2-331 b",2,9.39897700000,,1.79000000,0.14000000,-0.10000000,3.86000000,,,"M-R relationship",3.700000,,1.100000,5994.00,"Transit"
"Kepler-192","Kepler-192 c",3,21.22340000000,0.1500000000,2.79000000,0.52000000,-0.52000000,8.20000000,,,"M-R relationship",2.070000,38.2160,1.028000,5479.00,"Transit"
"Kepler-270","Kepler-270 b",2,11.47609400000,0.1070000000,2.01000000,0.40000000,-0.40000000,4.70000000,,,"M-R relationship",3.180000,178.3620,1.170000,6067.00,"Transit"
"Kepler-393","Kepler-393 c",2,14.61361200000,0.1240000000,1.33000000,0.31000000,-0.31000000,2.33000000,,,"M-R relationship",5.440000,231.2130,1.256000,6189.00,"Transit"
"Kepler-255","Kepler-255 c",3,9.94604700000,0.0920000000,2.99000000,1.18000000,-1.18000000,9.22000000,,,"M-R relationship",1.900000,83.2640,0.867000,5573.00,"Transit"
"Kepler-283","Kepler-283 c",2,92.74371100000,0.3410000000,1.82000000,0.12000000,-0.12000000,3.97000000,,,"M-R relationship",3.620000,0.9490,0.596000,4351.00,"Transit"
"Kepler-207","Kepler-207 c",3,3.07157100000,0.0440000000,1.50000000,0.29000000,-0.29000000,2.86000000,,,"M-R relationship",4.660000,1742.7150,1.313000,5920.00,"Transit"
"K2-243","K2-243 b",2,11.54182000000,0.1087000000,2.17000000,0.14000000,-0.12000000,5.35000000,,,"M-R relationship",2.880000,226.0950,1.290000,6570.00,"Transit"
"WASP-98","WASP-98 b",1,2.96264036000,0.0376200000,12.82309600,0.38110600,-0.38110600,293.03926000,25.42640000,-25.42640000,"Mass",0.764000,269.8828,0.809000,5473.00,"Transit"
"Kepler-1996","Kepler-1996 b",2,32.37618300000,0.1789000000,2.26000000,0.16000000,-0.07000000,5.73000000,,,"M-R relationship",2.730000,5.6100,0.748000,4580.00,"Transit"
"K2-138","K2-138 e",6,8.26146000000,0.0782000000,3.39000000,0.15600000,-0.11000000,12.97000000,1.98000000,-1.99000000,"Mass",1.800000,91.1000,0.935000,5356.30,"Transit"
"HD 5388","HD 5388 b",1,772.50000000000,1.7570000000,13.10000000,,,1017.05090240,95.34852210,-63.56568140,"Mass",2.490000,1.4901,1.210000,6297.00,"Radial Velocity"
"K2-193","K2-193 b",1,14.78688900000,0.1184000000,3.95000000,0.12000000,-0.12000000,14.80000000,,,"M-R relationship",1.320000,59.9210,1.010000,5817.00,"Transit"
"K2-133","K2-133 d",4,11.02454000000,0.0748700000,2.00300000,0.10700000,-0.10700000,4.67000000,,,"M-R relationship",3.190000,48.3251,0.461000,3655.00,"Transit"
"HD 38529","HD 38529 c",2,2127.60566000000,3.2260000000,12.50000000,,,3299.05886466,325.77411718,-280.96031179,"Mass",9.280000,0.6560,0.980000,5697.00,"Radial Velocity"
"Kepler-111","Kepler-111 c",2,224.77833000000,0.7510000000,7.08407580,0.25780656,-0.23538859,222.47988490,44.49597698,-41.31769291,"Mass",3.420000,2.4800,1.118000,5914.00,"Transit"
"Kepler-1690","Kepler-1690 b",1,234.63600000000,0.7097000000,2.81109223,,,8.30000000,,,"M-R relationship",2.050000,1.2000,0.940000,5404.00,"Transit"
"Kepler-128","Kepler-128 b",2,15.00000000000,0.1254500000,1.42100000,0.04000000,-0.04000000,3.79000000,0.76000000,-0.66000000,"Mass",7.222837,227.3980,1.184000,6072.00,"Transit"
"TOI-1249","TOI-1249 b",1,13.07915100000,0.1090000000,3.27103010,0.30687428,-0.18737301,11.90000000,5.20000000,-5.10000000,"Mass",1.840000,48.6058,1.006200,5497.00,"Transit"
"K2-407","K2-407 b",2,4.94190700000,,1.28300000,0.09700000,-0.08900000,2.19000000,,,"M-R relationship",5.700000,,0.881000,5563.00,"Transit"
"K2-219","K2-219 d",3,11.13727800000,,2.57634456,0.35702762,-0.32309240,7.16000000,,,"M-R relationship",2.300000,,1.021545,5753.00,"Transit"
"TOI-1777","TOI-1777.01",1,14.65011197400,0.1194660000,2.24600000,0.27900000,-0.17700000,5.67000000,,,"M-R relationship",2.750000,71.3400,1.060000,5859.00,"Transit"
"HIP 79431","HIP 79431 b",1,111.70000000000,0.3600000000,13.40000000,,,667.41500000,,,"Msini",1.520000,0.2179,0.490000,3191.00,"Radial Velocity"
"Kepler-1332","Kepler-1332 b",1,11.87456832000,0.0991500000,1.37000000,0.09000000,-0.05000000,2.45000000,,,"M-R relationship",5.240000,77.5590,0.950000,5581.00,"Transit"
"Kepler-1450","Kepler-1450 b",1,54.50941660000,0.2401000000,1.71000000,0.13000000,-0.11000000,3.57000000,,,"M-R relationship",3.920000,3.0780,0.710000,4524.00,"Transit"
"GJ 1061","GJ 1061 d",3,13.06600000000,0.0540000000,1.16000000,,,1.67000000,0.17000000,-0.21000000,"Mass",5.880000,0.6000,0.120000,2953.00,"Radial Velocity"
"Kepler-1337","Kepler-1337 b",1,24.40025490000,0.1441000000,2.41000000,0.10000000,-0.44000000,6.39000000,,,"M-R relationship",2.510000,9.1830,0.700000,4523.00,"Transit"
"HIP 71135","HIP 71135 b",1,87.19000000000,0.3350000000,4.55000000,,,18.80000000,4.10000000,-4.10000000,"Msini",1.100000,1.1013,0.660000,4146.00,"Radial Velocity"
"gam Lib","gam Lib c",2,966.49000000000,2.3180000000,12.80000000,,,1662.56039702,38.13940884,-46.72077583,"Msini",4.360000,14.6916,1.780000,4879.00,"Radial Velocity"
"CoRoT-32","CoRoT-32 b",1,6.71837000000,0.0710000000,6.38913000,0.67254000,-0.56045000,47.67450000,31.78300000,-31.78300000,"Mass",1.100000,132.2600,1.080000,5970.00,"Transit"
"TOI-2096","TOI-2096 b",2,3.11906330000,0.0250000000,1.24300000,0.07700000,-0.07200000,2.08000000,,,"M-R relationship",5.950000,9.4000,0.231000,3300.00,"Transit"
"Kepler-325","Kepler-325 c",3,12.76217200000,0.1050000000,2.54000000,1.26000000,-1.26000000,6.99000000,,,"M-R relationship",2.340000,53.0440,0.914000,5752.00,"Transit"
"Kepler-287","Kepler-287 b",2,20.34219900000,0.1450000000,2.33000000,1.06000000,-1.06000000,83.00000000,50.00000000,-26.00000000,"Mass",27.300000,35.7500,0.963000,5806.00,"Transit"
"K2-129","K2-129 b",1,8.23949300000,0.0570000000,1.04000000,0.10000000,-0.09000000,1.12000000,,,"M-R relationship",5.470000,4.5000,0.360031,3459.09,"Transit"
"HATS-29","HATS-29 b",1,4.60587490000,0.0547500000,14.02245900,0.68374900,-0.68374900,207.54299000,20.02329000,-20.02329000,"Mass",0.411000,356.0000,1.032000,5670.00,"Transit"
"HD 181234","HD 181234 b",1,7593.40512000000,7.4270000000,12.50000000,,,2980.91262925,321.00669107,-315.60360815,"Mass",8.390000,0.0144,0.940000,5386.00,"Radial Velocity"
"Kepler-292","Kepler-292 c",5,3.71533500000,0.0450000000,1.47000000,0.15000000,-0.15000000,2.76000000,,,"M-R relationship",4.770000,242.4160,0.865000,5299.00,"Transit"
"TOI-2986","TOI-2986 b",1,3.27836620000,0.0448900000,9.29224500,0.25780656,-0.23538859,96.61983573,21.29450327,-27.33324300,"Mass",0.660000,1156.0000,1.122000,5906.00,"Transit"
"Kepler-20","Kepler-20 b",6,3.69610490000,0.0456500000,1.77300000,0.05300000,-0.03000000,9.70000000,1.30000000,-1.30000000,"Mass",9.400000,331.0000,0.929000,5495.00,"Transit"
"TIC 147027702","TIC 147027702 b",1,44.40523000000,0.2740000000,10.92875618,0.72858375,-0.71737476,346.43296363,22.24798849,-41.31769291,"Mass",1.566600,90.5749,1.406000,6410.00,"Transit"
"TOI-2459","TOI-2459 b",1,19.10471800000,,2.95310000,0.09160000,-0.06580000,9.03000000,,,"M-R relationship",1.930000,8.5187,0.660000,4195.00,"Transit"
"HD 104985","HD 104985 b",1,199.68000000000,0.7150000000,12.80000000,,,1766.80811451,34.96112477,-38.77506565,"Msini",4.630000,115.1548,1.220000,4738.00,"Radial Velocity"
"TIC 237913194","TIC 237913194 b",1,15.16886500000,0.1207000000,12.52045300,0.60528600,-0.52682300,617.22586000,29.24036000,-28.92253000,"Mass",1.847000,83.3856,1.026000,5788.00,"Transit"
"TIC 231949697","TIC 231949697 b",1,0.90720448719,,1.52831855,0.34944237,-0.18252922,2.95000000,,,"M-R relationship",4.540000,154.9700,0.490679,3451.32,"Transit"
"Kepler-68","Kepler-68 e",4,3455.00000000000,4.6000000000,11.20000000,,,86.44932670,10.17050902,-10.17050902,"Msini",0.338000,0.0805,1.057000,5847.00,"Radial Velocity"
"K2-101","K2-101 b",1,14.67624290000,0.1124000000,2.00000000,0.14000000,-0.07000000,4.66000000,,,"M-R relationship",3.200000,20.1207,0.820000,4927.00,"Transit"
"TOI-5210","TOI-5210 b",1,4.56610610000,0.0557000000,10.72699453,0.35868738,-0.26901554,81.99972901,13.03096469,-13.03096469,"Mass",0.364000,456.0000,1.105000,5723.00,"Transit"
"TOI-6130","TOI-6130 b",1,2.39267900000,0.0360000000,14.34749530,0.33626942,-0.33626942,333.71982735,19.06970442,-19.06970442,"Mass",0.640000,1150.0000,1.310000,6110.00,"Transit"
"K2-3","K2-3 d",3,44.55603000000,0.2014000000,1.45800000,0.05600000,-0.05100000,2.20000000,,,"Mass",17.500000,1.4400,0.549000,3844.00,"Transit"
"Kepler-1755","Kepler-1755 b",1,24.81209946000,0.1668000000,5.91688317,,,29.40000000,,,"M-R relationship",0.780000,37.4300,1.003000,6086.00,"Transit"
"TIC 294329732","TIC 294329732 b",1,9.75658761810,,2.07692266,0.22293792,-0.18647061,4.97000000,,,"M-R relationship",3.050000,,0.890000,5201.93,"Transit"
"K2-265","K2-265 b",1,2.36902000000,0.0335900000,1.70824866,0.11208981,-0.08070466,7.34183620,1.43022783,-1.39844499,"Mass",7.900000,592.0000,0.901000,5420.00,"Transit"
"HD 52265","HD 52265 b",1,119.27000000000,0.5200000000,13.70000000,,,384.57430000,15.89150000,-15.89150000,"Msini",0.822000,7.3281,1.204000,6136.00,"Radial Velocity"
"HD 96127","HD 96127 b",1,638.90000000000,1.4100000000,13.00000000,,,1207.74794660,413.17692910,-381.39408840,"Mass",3.020000,364.3861,0.910000,3943.00,"Radial Velocity"
"TOI-1789","TOI-1789 b",1,3.20866400000,0.0488200000,16.14093221,2.69015537,-1.56925730,222.47988490,50.85254512,-50.85254512,"Mass",0.280000,2300.0000,1.507000,5991.00,"Transit"
"K2-61","K2-61 b",1,2.57336000000,0.0392000000,1.92000000,0.11000000,-0.05000000,4.35000000,,,"M-R relationship",3.380000,730.0000,0.970000,5748.00,"Transit"
"Kepler-135","Kepler-135 b",2,6.00253000000,0.0670000000,1.81000000,0.35000000,-0.35000000,3.93000000,,,"M-R relationship",3.640000,496.6780,1.047000,6090.00,"Transit"
"TOI-1937 A","TOI-1937 A b",1,0.94667944000,0.0193200000,13.97759893,0.66132986,-0.69495680,638.83509807,54.03082919,-50.85254512,"Mass",1.280000,3230.0000,1.072000,5814.00,"Transit"
"Kepler-1173","Kepler-1173 b",1,0.76985360000,0.0156000000,0.89000000,0.23000000,-0.07000000,0.64000000,,,"M-R relationship",4.990000,1462.0980,0.860000,5252.00,"Transit"
"HD 144899","HD 144899 b",1,40.43914000000,0.2420000000,4.77000000,,,20.34101805,6.67439655,-5.08525451,"Msini",1.030000,58.8430,1.160000,6126.00,"Radial Velocity"
"HD 23472","HD 23472 b",5,17.66708700000,0.1162000000,2.00000000,0.11000000,-0.10000000,8.32000000,0.78000000,-0.79000000,"Mass",6.150000,16.0000,0.670000,4684.00,"Transit"
"Kepler-105","Kepler-105 b",2,5.41220340000,0.0601600000,2.53000000,0.07000000,-0.07000000,10.80000000,2.30000000,-2.30000000,"Mass",3.680000,341.8090,0.991000,5933.00,"Transit"
"Kepler-1336","Kepler-1336 b",2,23.19868100000,0.1584500000,1.98000000,0.30000000,-0.40000000,4.58000000,,,"M-R relationship",3.240000,103.7200,0.940000,5512.00,"Transit"
"Kepler-1539","Kepler-1539 b",1,133.30367410000,0.4765000000,2.70000000,0.19000000,-0.15000000,7.75000000,,,"M-R relationship",2.160000,1.5720,0.840000,5176.00,"Transit"
"K2-7","K2-7 b",1,28.67810000000,0.1867000000,4.03523305,0.30264248,-0.25780656,15.30000000,,,"M-R relationship",1.280000,125.0000,1.056000,5700.00,"Transit"
"Kepler-1870","Kepler-1870 b",1,3.60694003100,0.0452000000,2.10143764,,,5.07000000,,,"M-R relationship",3.000000,287.6000,0.955000,5508.00,"Transit"
"HD 16905","HD 16905 b",1,10256.00000000000,8.8000000000,12.40000000,,,3591.46099910,190.69704420,-222.47988490,"Mass",10.400000,0.0039,0.850000,4866.12,"Radial Velocity"
"K2-131","K2-131 b",1,0.36930380000,0.0093600000,1.69000000,0.08500000,-0.05800000,7.90000000,1.30000000,-1.30000000,"Mass",8.800000,4070.0000,0.803000,5120.00,"Transit"
"Kepler-1562","Kepler-1562 b",1,64.27377520000,0.3308000000,3.55000000,1.00000000,-0.42000000,12.30000000,,,"M-R relationship",1.510000,31.7680,1.020000,5760.00,"Transit"
"HAT-P-34","HAT-P-34 b",1,5.45265400000,0.0677400000,13.41717300,1.45717000,-1.03122800,1058.37390000,66.74430000,-63.56600000,"Mass",2.500000,433.7800,1.392000,6442.00,"Transit"
"K2-254","K2-254 b",2,4.09639000000,0.0448000000,1.63000000,0.28000000,-0.24000000,3.29000000,,,"M-R relationship",4.170000,74.9905,0.710000,4629.00,"Transit"
"TOI-5592","TOI-5592 b",1,2.60858460000,0.0393500000,17.14974047,3.58687382,-1.79343691,285.72773789,22.24798849,-21.93016008,"Mass",0.220000,1712.0000,1.194000,6237.00,"Transit"
"Kepler-20","Kepler-20 f",6,19.57832800000,0.1387000000,0.95200000,0.04700000,-0.08700000,1.40000000,,,"Mass",8.400000,35.9000,0.929000,5495.00,"Transit"
"Kepler-1365","Kepler-1365 c",2,4.77468005000,0.0570100000,0.80000000,0.12000000,-0.08000000,0.43700000,,,"M-R relationship",4.690000,864.0370,1.000000,5770.00,"Transit"
"Kepler-68","Kepler-68 b",4,5.39875259000,0.0613500000,2.35700000,0.02300000,-0.02300000,8.03000000,0.67000000,-0.67000000,"Mass",3.370000,441.0000,1.057000,5847.00,"Transit"
"Kepler-928","Kepler-928 b",1,3.93246130200,0.0444000000,1.59000000,0.31000000,-0.12000000,3.15000000,,,"M-R relationship",4.310000,111.1100,0.730000,4700.00,"Transit"
"6 Lyn","6 Lyn b",1,919.86000000000,2.0280000000,13.40000000,,,597.83523357,12.07747947,-28.28672822,"Msini",1.370000,3.1949,1.320000,4941.00,"Radial Velocity"
"Kepler-1293","Kepler-1293 b",1,5.57654784000,0.0676300000,0.97000000,0.42000000,-0.15000000,0.87100000,,,"M-R relationship",5.240000,929.1220,1.180000,6241.00,"Transit"
"Kepler-676","Kepler-676 b",1,11.59822172000,0.0798000000,3.04000000,0.14000000,-0.34000000,9.48000000,,,"M-R relationship",1.850000,8.2410,0.510000,3701.00,"Transit"
"Kepler-264","Kepler-264 b",2,40.80623100000,0.2490000000,3.33000000,0.74000000,-0.74000000,11.10000000,,,"M-R relationship",1.650000,79.4780,1.426000,6158.00,"Transit"
"Kepler-730","Kepler-730 b",2,6.49168280800,0.0694000000,12.32990000,0.52682300,-0.56045000,,,,"Msini",,418.7970,1.047000,5620.00,"Transit"
"Kepler-795","Kepler-795 b",1,29.61934210000,0.1803000000,1.68000000,0.18000000,-0.13000000,3.46000000,,,"M-R relationship",4.010000,28.9000,0.940000,5631.00,"Transit"
"CI Tau","CI Tau c",1,25.20000000000,0.1700000000,13.00000000,,,1144.18226520,95.34852210,-95.34852210,"Msini",2.860000,19.2542,0.900000,3807.00,"Radial Velocity"
"HD 7449","HD 7449 b",1,1270.55195000000,2.4380000000,12.60000000,,,2597.92939882,970.96578339,-857.81887049,"Mass",7.140000,0.2125,1.196000,6024.00,"Radial Velocity"
"HD 7199","HD 7199 b",1,615.00000000000,1.3600000000,,,,3639.13526015,,,"Mass",,0.3785,0.770000,5371.00,"Radial Velocity"
"TOI-2421","TOI-2421 b",1,4.34740320000,0.0543000000,10.36830715,0.39231432,-0.38110534,105.83685953,25.10844415,-25.10844415,"Mass",0.520000,923.6000,1.131000,5607.00,"Transit"
"Kepler-52","Kepler-52 b",3,7.87735650000,0.0637000000,2.10000000,,,135.00000000,,,"Mass",3.350000,22.7200,0.540000,4075.00,"Transit"
"TOI-6699","TOI-6699 b",1,5.32005926761,,2.32645266,0.41117107,-0.37089896,6.02000000,,,"M-R relationship",2.630000,150.9100,0.750000,4705.10,"Transit"
"Kepler-633","Kepler-633 c",2,23.78319931000,0.1624600000,2.29600000,,,5.89000000,,,"M-R relationship",2.670000,115.4000,0.997000,5877.00,"Transit"
"Kepler-165","Kepler-165 c",2,15.31299000000,0.1100000000,2.23000000,1.35000000,-1.35000000,5.60000000,,,"M-R relationship",2.770000,25.9310,0.746000,5211.00,"Transit"
"Kepler-896","Kepler-896 c",2,29.54225660000,0.1792000000,3.15000000,0.73000000,-0.25000000,10.10000000,,,"M-R relationship",1.780000,16.5600,0.877000,5510.00,"Transit"
"Kepler-240","Kepler-240 b",2,4.14449500000,0.0480000000,1.37000000,0.56000000,-0.56000000,2.45000000,,,"M-R relationship",5.240000,142.7360,0.868000,4985.00,"Transit"
"Kepler-124","Kepler-124 d",3,30.95085100000,0.1700000000,1.11000000,0.07000000,-0.07000000,1.41000000,,,"M-R relationship",5.670000,10.4990,0.706000,4984.00,"Transit"
"Kepler-1118","Kepler-1118 b",1,38.67150750000,0.2079000000,2.74000000,0.60000000,-0.43000000,7.95000000,,,"M-R relationship",2.120000,20.0110,0.960000,5688.00,"Transit"
"TOI-1716","TOI-1716.01",1,8.08237655400,0.0804960000,3.14300000,0.40900000,-0.29800000,10.00000000,,,"M-R relationship",1.770000,254.8300,1.070000,5879.00,"Transit"
"Kepler-206","Kepler-206 b",3,7.78198700000,0.0780000000,1.20000000,0.24000000,-0.24000000,1.87000000,,,"M-R relationship",5.950000,192.2730,0.957000,5764.00,"Transit"
"Kepler-1765","Kepler-1765 b",1,10.41889954000,0.0917000000,2.49508857,,,6.78000000,,,"M-R relationship",2.400000,126.4800,0.946000,5692.00,"Transit"
"Kepler-764","Kepler-764 b",1,7.33683936000,0.0724000000,1.64000000,0.20000000,-0.13000000,3.33000000,,,"M-R relationship",4.150000,160.4570,0.920000,5557.00,"Transit"
"K2-72","K2-72 d",4,7.76017800000,0.0500000000,1.01000000,0.12000000,-0.12000000,1.01000000,,,"M-R relationship",5.390000,5.4000,0.271365,3360.47,"Transit"
"Kepler-1080","Kepler-1080 b",1,77.25483960000,0.3781000000,3.28000000,1.13000000,-0.50000000,10.80000000,,,"M-R relationship",1.680000,55.4500,1.100000,5956.00,"Transit"
"MOA-2009-BLG-387L","MOA-2009-BLG-387L b",1,1980.00000000000,1.8000000000,13.20000000,,,830.00000000,1300.00000000,-510.00000000,"Mass",1.980000,,0.190000,,"Microlensing"
"Kepler-1981","Kepler-1981 b",1,453.54212000000,1.3292000000,9.23000000,1.76000000,-4.10000000,62.50000000,,,"M-R relationship",0.437000,5.4500,1.519000,5874.00,"Transit"
"Kepler-11","Kepler-11 f",6,46.68880000000,0.2500000000,2.49000000,0.04000000,-0.07000000,2.00000000,0.80000000,-0.90000000,"Mass",0.690000,19.5300,0.961000,5663.00,"Transit"
"TOI-406","TOI-406 c",2,3.30744100000,0.0322000000,1.32000000,0.12000000,-0.12000000,2.08000000,0.23000000,-0.22000000,"Mass",4.900000,19.0000,0.408000,3392.00,"Transit"
"WASP-85 A","WASP-85 A b",1,2.65567770000,0.0390000000,13.89916000,0.33627000,-0.33627000,402.05495000,20.65895000,-20.65895000,"Mass",0.880000,640.3258,1.090000,6112.00,"Transit"
"Kepler-760","Kepler-760 c",2,2.46697439000,0.0348900000,1.48000000,0.12000000,-0.09000000,2.79000000,,,"M-R relationship",4.730000,453.6480,0.890000,5322.00,"Transit"
"TOI-5261","TOI-5261 b",1,4.15097680000,0.0513400000,11.60129502,0.47077719,-0.45956821,3651.84839643,136.66621501,-146.20106722,"Mass",12.900000,159.5920,1.037000,5790.00,"Transit"
"Kepler-1266","Kepler-1266 b",2,28.47474800000,0.1643100000,2.58000000,0.13000000,-0.46000000,7.18000000,,,"M-R relationship",2.300000,10.3130,0.800000,5044.00,"Transit"
"Kepler-962","Kepler-962 b",1,12.05707239000,0.0987400000,1.97000000,0.08000000,-0.08000000,4.54000000,,,"M-R relationship",3.260000,53.8230,0.930000,5478.00,"Transit"
"K2-32","K2-32 c",4,20.66093000000,0.1384300000,3.13400000,0.12300000,-0.10200000,8.10000000,2.40000000,-2.40000000,"Mass",1.430000,26.2000,0.830000,5271.00,"Transit"
"Kepler-694","Kepler-694 b",1,6.36584161200,0.0659000000,2.80000000,0.52000000,-0.22000000,8.25000000,,,"M-R relationship",2.070000,206.4380,0.970000,5700.00,"Transit"
"HD 143811 A","HD 143811 AB b",1,117000.00000000000,63.0000000000,15.69257298,1.12089807,-1.12089807,1938.75328270,222.47988490,-286.04556630,"Mass",2.760000,0.0011,1.320000,6791.00,"Imaging"
"Kepler-1820","Kepler-1820 b",1,31.03249931000,0.1964000000,3.11883067,,,9.90000000,,,"M-R relationship",1.790000,23.4100,1.047000,5841.00,"Transit"
"TOI-1296","TOI-1296 b",1,3.94437360000,0.0510000000,14.11645916,0.28454324,-0.26287755,95.30000000,4.70000000,-4.60000000,"Mass",0.190000,1078.5987,1.157600,5567.00,"Transit"
"K2-32","K2-32 e",4,4.34934000000,0.0489900000,1.21200000,0.05200000,-0.04600000,2.10000000,1.30000000,-1.10000000,"Mass",6.300000,210.7222,0.830000,5271.00,"Transit"
"Kepler-352","Kepler-352 b",3,10.05537000000,0.0850000000,0.86000000,0.08000000,-0.08000000,0.56600000,,,"M-R relationship",4.890000,50.3890,0.798000,5212.00,"Transit"
"HIP 67522","HIP 67522 b",2,6.95947310000,0.0748000000,9.98720180,0.23538859,-0.22417961,71.40000000,,,"M-R relationship",0.394000,341.0878,1.220000,5675.00,"Transit"
